ISO-10303-21;
HEADER;
/* Generated by software containing ST-Developer
 * from STEP Tools, Inc. (www.steptools.com) 
 */

FILE_DESCRIPTION(
/* description */ (''),
/* implementation_level */ '2;1');

FILE_NAME(
/* name */ '2.25u keycap.step',
/* time_stamp */ '2026-08-16T11:31:45-07:00',
/* author */ (''),
/* organization */ (''),
/* preprocessor_version */ 'ST-DEVELOPER v20.1',
/* originating_system */ 'Autodesk Translation Framework v15.8.0.0',
/* authorisation */ '');

FILE_SCHEMA (('AUTOMOTIVE_DESIGN { 1 0 10303 214 3 1 1 }'));
ENDSEC;

DATA;
#10=MECHANICAL_DESIGN_GEOMETRIC_PRESENTATION_REPRESENTATION('',(#13),#4098);
#11=SHAPE_REPRESENTATION_RELATIONSHIP('SRR','None',#4105,#12);
#12=ADVANCED_BREP_SHAPE_REPRESENTATION('',(#14),#4097);
#13=STYLED_ITEM('',(#4115),#14);
#14=MANIFOLD_SOLID_BREP('Body1',#1985);
#15=FACE_BOUND('',#226,.T.);
#16=FACE_BOUND('',#242,.T.);
#17=FACE_BOUND('',#269,.T.);
#18=FACE_BOUND('',#287,.T.);
#19=ELLIPSE('',#2023,191.230279681608,135.810404337903);
#20=ELLIPSE('',#2025,351.241861058125,306.411357986387);
#21=ELLIPSE('',#2032,409.458137057693,319.258229444044);
#22=ELLIPSE('',#2037,191.214626284293,145.988278576835);
#23=ELLIPSE('',#2114,215.752048530152,186.754789618565);
#24=ELLIPSE('',#2116,215.550911744446,186.604693154778);
#25=ELLIPSE('',#2119,231.776819310573,200.639368422927);
#26=ELLIPSE('',#2122,231.993096962192,200.826120408992);
#27=CYLINDRICAL_SURFACE('',#2007,2.7);
#28=CYLINDRICAL_SURFACE('',#2017,2.7);
#29=CYLINDRICAL_SURFACE('',#2050,2.7);
#30=CYLINDRICAL_SURFACE('',#2118,267.915807624938);
#31=B_SPLINE_CURVE_WITH_KNOTS('',3,(#2653,#2654,#2655,#2656,#2657,#2658,
#2659,#2660,#2661,#2662,#2663,#2664,#2665,#2666,#2667,#2668,#2669,#2670,
#2671,#2672,#2673,#2674),.UNSPECIFIED.,.F.,.F.,(4,3,3,3,3,3,3,4),(0.0536787133174321,
0.751571735467885,0.820141900863429,1.67818148006517,1.8193227438251,2.74695260975692,
3.4513387702448,3.65323064266082),.UNSPECIFIED.);
#32=B_SPLINE_CURVE_WITH_KNOTS('',3,(#2684,#2685,#2686,#2687,#2688,#2689,
#2690,#2691,#2692,#2693,#2694,#2695,#2696,#2697,#2698,#2699),
 .UNSPECIFIED.,.F.,.F.,(4,3,3,3,3,4),(0.0276315518869151,0.740206184347304,
1.06455676737646,2.13373083501123,2.94378472208572,3.63217013827338),
 .UNSPECIFIED.);
#33=B_SPLINE_CURVE_WITH_KNOTS('',3,(#2722,#2723,#2724,#2725,#2726,#2727,
#2728,#2729,#2730,#2731,#2732,#2733,#2734,#2735,#2736,#2737,#2738,#2739,
#2740),.UNSPECIFIED.,.F.,.F.,(4,3,3,3,3,3,4),(0.131217912015554,0.698499561688038,
1.48603434812362,1.61120915719033,2.58838227641798,3.20207762265761,3.73181967892463),
 .UNSPECIFIED.);
#34=B_SPLINE_CURVE_WITH_KNOTS('',3,(#2748,#2749,#2750,#2751,#2752,#2753,
#2754,#2755,#2756,#2757,#2758,#2759,#2760,#2761,#2762,#2763,#2764,#2765,
#2766,#2767,#2768,#2769),.UNSPECIFIED.,.F.,.F.,(4,3,3,3,3,3,3,4),(0.0140297503448221,
0.726317171167905,1.07050812005165,2.09954451055219,2.89690183799276,2.98299724656394,
3.39187946897232,3.61327011077126),.UNSPECIFIED.);
#35=B_SPLINE_CURVE_WITH_KNOTS('',3,(#2804,#2805,#2806,#2807,#2808,#2809,
#2810,#2811,#2812,#2813,#2814,#2815,#2816,#2817,#2818,#2819,#2820,#2821,
#2822,#2823,#2824,#2825),.UNSPECIFIED.,.F.,.F.,(4,3,3,3,3,3,3,4),(0.113377926767074,
0.540517216622272,1.34827308597148,1.79993491488992,2.27722874862486,2.42830133722698,
3.10125904240444,3.71133879603349),.UNSPECIFIED.);
#36=B_SPLINE_CURVE_WITH_KNOTS('',3,(#2832,#2833,#2834,#2835,#2836,#2837,
#2838,#2839,#2840,#2841,#2842,#2843,#2844,#2845,#2846,#2847,#2848,#2849,
#2850,#2851,#2852,#2853),.UNSPECIFIED.,.F.,.F.,(4,3,3,3,3,3,3,4),(0.0539816104046255,
0.764035719645299,1.07288372880327,2.14012677498248,2.93391765375872,3.05700457241506,
3.42519978493115,3.65370570739234),.UNSPECIFIED.);
#37=B_SPLINE_CURVE_WITH_KNOTS('',3,(#2855,#2856,#2857,#2858,#2859,#2860,
#2861,#2862,#2863,#2864,#2865,#2866,#2867,#2868,#2869,#2870,#2871,#2872,
#2873),.UNSPECIFIED.,.F.,.F.,(4,3,3,3,3,3,4),(0.11336230032144,0.699044481258479,
1.49096837577282,1.61611286805952,2.59116808336524,3.18959927481337,3.71056553149839),
 .UNSPECIFIED.);
#38=B_SPLINE_CURVE_WITH_KNOTS('',3,(#2881,#2882,#2883,#2884,#2885,#2886,
#2887,#2888,#2889,#2890,#2891,#2892,#2893,#2894,#2895,#2896,#2897,#2898,
#2899,#2900,#2901,#2902),.UNSPECIFIED.,.F.,.F.,(4,3,3,3,3,3,3,4),(0.0191628319061959,
0.732028491500169,1.07244271876905,2.10315551874559,2.90416228846601,2.97653760613732,
3.3824626479227,3.61890186411876),.UNSPECIFIED.);
#39=B_SPLINE_CURVE_WITH_KNOTS('',3,(#2917,#2918,#2919,#2920,#2921,#2922,
#2923,#2924,#2925,#2926,#2927,#2928,#2929,#2930,#2931,#2932,#2933,#2934,
#2935,#2936,#2937,#2938,#2939,#2940,#2941,#2942,#2943,#2944),
 .UNSPECIFIED.,.F.,.F.,(4,3,3,3,3,3,3,3,3,4),(0.0591160611032104,0.537226332117375,
0.770083740163843,1.07381451707416,1.53206125510857,2.0068227708581,2.14351999348528,
2.98073409252056,3.40520247685195,3.66166596256217),.UNSPECIFIED.);
#40=B_SPLINE_CURVE_WITH_KNOTS('',3,(#2970,#2971,#2972,#2973,#2974,#2975),
 .UNSPECIFIED.,.F.,.F.,(4,2,4),(9.99931496927855E-7,0.329552225457156,0.659077229894898),
 .UNSPECIFIED.);
#41=B_SPLINE_CURVE_WITH_KNOTS('',3,(#2992,#2993,#2994,#2995,#2996,#2997,
#2998,#2999,#3000,#3001),.UNSPECIFIED.,.F.,.F.,(4,3,3,4),(1.00000115882404E-6,
0.0269118648794752,0.329580444445524,0.659185114832735),.UNSPECIFIED.);
#42=B_SPLINE_CURVE_WITH_KNOTS('',3,(#3065,#3066,#3067,#3068,#3069,#3070,
#3071,#3072,#3073,#3074,#3075,#3076,#3077,#3078,#3079,#3080,#3081,#3082,
#3083,#3084,#3085,#3086),.UNSPECIFIED.,.F.,.F.,(4,3,3,3,3,3,3,4),(0.131156880447014,
0.535094513512194,1.32281681760571,1.78142572317396,2.25178760872432,2.40040231141751,
3.09546437161472,3.72862595324704),.UNSPECIFIED.);
#43=B_SPLINE_CURVE_WITH_KNOTS('',3,(#3102,#3103,#3104,#3105,#3106,#3107),
 .UNSPECIFIED.,.F.,.F.,(4,2,4),(-0.674311864787614,-0.337156432393815,-9.99999963830281E-7),
 .UNSPECIFIED.);
#44=B_SPLINE_CURVE_WITH_KNOTS('',3,(#3134,#3135,#3136,#3137,#3138,#3139,
#3140,#3141,#3142,#3143,#3144,#3145,#3146,#3147,#3148,#3149,#3150,#3151,
#3152,#3153,#3154,#3155,#3156,#3157,#3158),.UNSPECIFIED.,.F.,.F.,(4,3,3,
3,3,3,3,3,4),(0.0317199664542653,0.503626160566746,0.743398196236272,1.08176748130379,
1.50130323405792,1.97838445428297,2.15185034938698,2.97804586402176,3.63201063591636),
 .UNSPECIFIED.);
#45=B_SPLINE_CURVE_WITH_KNOTS('',3,(#3171,#3172,#3173,#3174,#3175,#3176,
#3177,#3178,#3179,#3180,#3181,#3182,#3183,#3184,#3185,#3186),
 .UNSPECIFIED.,.F.,.F.,(4,3,3,3,3,4),(0.0650837821379737,0.775366568384305,
1.06303461354146,2.13125411248817,2.94421426581054,3.66957375457262),
 .UNSPECIFIED.);
#46=B_SPLINE_CURVE_WITH_KNOTS('',3,(#3474,#3475,#3476,#3477,#3478,#3479),
 .UNSPECIFIED.,.F.,.F.,(4,1,1,4),(-10.6757754352472,-7.62555388231946,-4.5753323293917,
-5.29693047043796E-14),.UNSPECIFIED.);
#47=B_SPLINE_CURVE_WITH_KNOTS('',3,(#3517,#3518,#3519,#3520,#3521),
 .UNSPECIFIED.,.F.,.F.,(4,1,4),(0.,0.571428571428571,1.),.UNSPECIFIED.);
#48=B_SPLINE_CURVE_WITH_KNOTS('',3,(#3523,#3524,#3525,#3526,#3527,#3528,
#3529,#3530,#3531,#3532,#3533,#3534,#3535,#3536,#3537,#3538,#3539,#3540,
#3541,#3542,#3543,#3544,#3545,#3546,#3547,#3548,#3549,#3550,#3551,#3552,
#3553,#3554,#3555,#3556,#3557,#3558,#3559,#3560,#3561,#3562,#3563,#3564,
#3565,#3566,#3567,#3568,#3569,#3570,#3571,#3572,#3573,#3574,#3575,#3576,
#3577,#3578,#3579,#3580),.UNSPECIFIED.,.F.,.F.,(4,3,3,3,3,3,3,3,3,3,3,3,
3,3,3,3,3,3,3,4),(-2.30175231960167,-2.16095429517254,-2.01295900689462,
-1.86105459236618,-1.70487121369278,-1.64768603407669,-1.64410879971548,
-1.47505267621494,-1.30348475707193,-1.13245700616793,-0.986465279829288,
-0.973257507303181,-0.807257188342932,-0.657643519886192,-0.639986472851566,
-0.477836614258252,-0.320490061528664,-0.160245030764332,-0.013979925282716,
0.),.UNSPECIFIED.);
#49=B_SPLINE_CURVE_WITH_KNOTS('',3,(#3583,#3584,#3585,#3586,#3587,#3588,
#3589),.UNSPECIFIED.,.F.,.F.,(4,1,1,1,4),(0.,0.657643519886192,0.986465279829288,
1.64410879971548,2.30175231960167),.UNSPECIFIED.);
#50=B_SPLINE_CURVE_WITH_KNOTS('',3,(#3651,#3652,#3653,#3654,#3655),
 .UNSPECIFIED.,.F.,.F.,(4,1,4),(0.,0.571428571428571,1.),.UNSPECIFIED.);
#51=B_SPLINE_CURVE_WITH_KNOTS('',3,(#3656,#3657,#3658,#3659,#3660,#3661,
#3662),.UNSPECIFIED.,.F.,.F.,(4,1,1,1,4),(-4.81321962868441E-14,0.657643520249065,
1.31528704049818,1.97293056074729,2.30175232087185),.UNSPECIFIED.);
#52=B_SPLINE_CURVE_WITH_KNOTS('',3,(#3663,#3664,#3665,#3666,#3667,#3668,
#3669),.UNSPECIFIED.,.F.,.F.,(4,1,1,1,4),(-2.30175232087185,-1.97293056074729,
-1.31528704049818,-0.657643520249065,4.81321962868441E-14),
 .UNSPECIFIED.);
#53=B_SPLINE_CURVE_WITH_KNOTS('',3,(#3696,#3697,#3698,#3699,#3700),
 .UNSPECIFIED.,.F.,.F.,(4,1,4),(-1.31789069479988E-12,4.5753323330253,10.6757754437275),
 .UNSPECIFIED.);
#54=B_SPLINE_CURVE_WITH_KNOTS('',3,(#3703,#3704,#3705,#3706,#3707),
 .UNSPECIFIED.,.F.,.F.,(4,1,4),(-10.6757754437275,-4.5753323330253,1.31789069479988E-12),
 .UNSPECIFIED.);
#55=B_SPLINE_CURVE_WITH_KNOTS('',3,(#3710,#3711,#3712,#3713,#3714,#3715),
 .UNSPECIFIED.,.F.,.F.,(4,1,1,4),(5.29693047043796E-14,4.5753323293917,
7.62555388231946,10.6757754352472),.UNSPECIFIED.);
#56=B_SPLINE_CURVE_WITH_KNOTS('',3,(#3717,#3718,#3719,#3720,#3721,#3722,
#3723),.UNSPECIFIED.,.F.,.F.,(4,1,1,1,4),(0.,0.322220224273866,0.966660672821597,
1.61110112136933,2.25554156991706),.UNSPECIFIED.);
#57=B_SPLINE_CURVE_WITH_KNOTS('',3,(#3726,#3727,#3728,#3729,#3730,#3731,
#3732),.UNSPECIFIED.,.F.,.F.,(4,1,1,1,4),(0.,0.644447925353011,1.28889585070602,
1.93334377605903,2.25556773873554),.UNSPECIFIED.);
#58=B_SPLINE_CURVE_WITH_KNOTS('',3,(#3770,#3771,#3772,#3773,#3774,#3775,
#3776),.UNSPECIFIED.,.F.,.F.,(4,1,1,1,4),(-2.25554156991706,-1.61110112136933,
-0.966660672821597,-0.322220224273866,0.),.UNSPECIFIED.);
#59=B_SPLINE_CURVE_WITH_KNOTS('',3,(#3866,#3867,#3868,#3869,#3870,#3871,
#3872),.UNSPECIFIED.,.F.,.F.,(4,1,1,1,4),(-2.25556773873554,-1.93334377605903,
-1.28889585070602,-0.644447925353011,0.),.UNSPECIFIED.);
#60=B_SPLINE_CURVE_WITH_KNOTS('',3,(#3905,#3906,#3907,#3908,#3909,#3910,
#3911,#3912,#3913,#3914),.UNSPECIFIED.,.F.,.F.,(4,2,2,2,4),(0.,0.00984531306259124,
0.0196770214022534,0.0278780323614129,0.0350270426235363),.UNSPECIFIED.);
#61=B_SPLINE_CURVE_WITH_KNOTS('',3,(#3964,#3965,#3966,#3967,#3968,#3969,
#3970,#3971,#3972,#3973),.UNSPECIFIED.,.F.,.F.,(4,2,2,2,4),(0.,0.00984531306205965,
0.0196770213859097,0.0278780323385066,0.0350270426152693),.UNSPECIFIED.);
#62=B_SPLINE_CURVE_WITH_KNOTS('',3,(#4006,#4007,#4008,#4009,#4010,#4011,
#4012,#4013,#4014,#4015),.UNSPECIFIED.,.F.,.F.,(4,2,2,2,4),(0.,0.00984540506411322,
0.0211395942605362,0.0346795315075324,0.0482382047981941),.UNSPECIFIED.);
#63=B_SPLINE_CURVE_WITH_KNOTS('',3,(#4018,#4019,#4020,#4021,#4022,#4023,
#4024,#4025,#4026,#4027),.UNSPECIFIED.,.F.,.F.,(4,2,2,2,4),(0.,0.0098454050722992,
0.0211395942935637,0.0346795315865185,0.0482382049232356),.UNSPECIFIED.);
#64=B_SPLINE_SURFACE_WITH_KNOTS('',3,1,((#2639,#2640),(#2641,#2642),(#2643,
#2644),(#2645,#2646)),.UNSPECIFIED.,.F.,.F.,.F.,(4,4),(2,2),(0.029233375848083,
0.0466643298634244),(0.,0.811338574967108),.UNSPECIFIED.);
#65=B_SPLINE_SURFACE_WITH_KNOTS('',3,1,((#2675,#2676),(#2677,#2678),(#2679,
#2680),(#2681,#2682)),.UNSPECIFIED.,.F.,.F.,.F.,(4,4),(2,2),(0.0292341000022191,
0.0466643291873388),(0.,0.566513822688671),.UNSPECIFIED.);
#66=B_SPLINE_SURFACE_WITH_KNOTS('',3,1,((#2904,#2905),(#2906,#2907),(#2908,
#2909),(#2910,#2911)),.UNSPECIFIED.,.F.,.F.,.F.,(4,4),(2,2),(0.0934657060589062,
0.135435009903945),(0.,0.814628135937699),.UNSPECIFIED.);
#67=B_SPLINE_SURFACE_WITH_KNOTS('',3,3,((#2946,#2947,#2948,#2949,#2950,
#2951),(#2952,#2953,#2954,#2955,#2956,#2957),(#2958,#2959,#2960,#2961,#2962,
#2963),(#2964,#2965,#2966,#2967,#2968,#2969)),.UNSPECIFIED.,.F.,.F.,.F.,
(4,4),(4,2,4),(0.0528117394965882,0.0781502010486489),(0.0490811058678115,
0.0813091688309271,0.0910526367950348),.UNSPECIFIED.);
#68=B_SPLINE_SURFACE_WITH_KNOTS('',3,1,((#3004,#3005),(#3006,#3007),(#3008,
#3009),(#3010,#3011),(#3012,#3013),(#3014,#3015)),.UNSPECIFIED.,.F.,.F.,
 .F.,(4,2,4),(2,2),(0.0490811053331059,0.0813091688309271,0.0910526361183987),
(0.,0.578372647470032),.UNSPECIFIED.);
#69=B_SPLINE_SURFACE_WITH_KNOTS('',3,1,((#3054,#3055),(#3056,#3057),(#3058,
#3059),(#3060,#3061)),.UNSPECIFIED.,.F.,.F.,.F.,(4,4),(2,2),(0.0934657055186101,
0.135435009227871),(0.,0.578372944623858),.UNSPECIFIED.);
#70=B_SPLINE_SURFACE_WITH_KNOTS('',3,1,((#3123,#3124),(#3125,#3126),(#3127,
#3128),(#3129,#3130)),.UNSPECIFIED.,.F.,.F.,.F.,(4,4),(2,2),(0.137851514191558,
0.15606451856604),(0.,0.811335731127141),.UNSPECIFIED.);
#71=B_SPLINE_SURFACE_WITH_KNOTS('',3,1,((#3160,#3161),(#3162,#3163),(#3164,
#3165),(#3166,#3167)),.UNSPECIFIED.,.F.,.F.,.F.,(4,4),(2,2),(0.137851513657582,
0.156280860059076),(0.,0.566558172902692),.UNSPECIFIED.);
#72=B_SPLINE_SURFACE_WITH_KNOTS('',3,1,((#3287,#3288),(#3289,#3290),(#3291,
#3292),(#3293,#3294)),.UNSPECIFIED.,.F.,.F.,.F.,(4,4),(2,2),(0.129209516012049,
0.144080514090043),(0.,0.480476221997561),.UNSPECIFIED.);
#73=B_SPLINE_SURFACE_WITH_KNOTS('',3,1,((#3368,#3369),(#3370,#3371),(#3372,
#3373),(#3374,#3375)),.UNSPECIFIED.,.F.,.F.,.F.,(4,4),(2,2),(0.0848342159474357,
0.0996840726060493),(0.,0.480292671127524),.UNSPECIFIED.);
#74=B_SPLINE_SURFACE_WITH_KNOTS('',3,3,((#3451,#3452,#3453,#3454),(#3455,
#3456,#3457,#3458),(#3459,#3460,#3461,#3462),(#3463,#3464,#3465,#3466)),
 .UNSPECIFIED.,.F.,.F.,.F.,(4,4),(4,4),(-7.09164016568968E-14,1.),(0.024407946030828,
1.),.UNSPECIFIED.);
#75=B_SPLINE_SURFACE_WITH_KNOTS('',3,3,((#3480,#3481,#3482,#3483,#3484,
#3485,#3486),(#3487,#3488,#3489,#3490,#3491,#3492,#3493),(#3494,#3495,#3496,
#3497,#3498,#3499,#3500),(#3501,#3502,#3503,#3504,#3505,#3506,#3507),(#3508,
#3509,#3510,#3511,#3512,#3513,#3514)),.UNSPECIFIED.,.F.,.F.,.F.,(4,1,4),
(4,1,1,1,4),(0.,0.571428571428571,1.00031867911994),(-0.000318679119085295,
0.657643519886192,0.986465279829288,1.64410879971548,2.30207099872161),
 .UNSPECIFIED.);
#76=B_SPLINE_SURFACE_WITH_KNOTS('',3,3,((#3590,#3591,#3592,#3593),(#3594,
#3595,#3596,#3597),(#3598,#3599,#3600,#3601),(#3602,#3603,#3604,#3605),
(#3606,#3607,#3608,#3609)),.UNSPECIFIED.,.F.,.F.,.F.,(4,1,4),(4,4),(0.,
0.571428571428571,1.),(0.,32.6458242999341),.UNSPECIFIED.);
#77=B_SPLINE_SURFACE_WITH_KNOTS('',3,3,((#3615,#3616,#3617,#3618,#3619,
#3620,#3621),(#3622,#3623,#3624,#3625,#3626,#3627,#3628),(#3629,#3630,#3631,
#3632,#3633,#3634,#3635),(#3636,#3637,#3638,#3639,#3640,#3641,#3642),(#3643,
#3644,#3645,#3646,#3647,#3648,#3649)),.UNSPECIFIED.,.F.,.F.,.F.,(4,1,4),
(4,1,1,1,4),(0.,0.571428571428571,1.),(-4.81321962868441E-14,0.657643520249065,
1.31528704049818,1.97293056074729,2.30175232087185),.UNSPECIFIED.);
#78=B_SPLINE_SURFACE_WITH_KNOTS('',3,3,((#3670,#3671,#3672,#3673,#3674),
(#3675,#3676,#3677,#3678,#3679),(#3680,#3681,#3682,#3683,#3684),(#3685,
#3686,#3687,#3688,#3689),(#3690,#3691,#3692,#3693,#3694)),.UNSPECIFIED.,
 .F.,.F.,.F.,(4,1,4),(4,1,4),(0.,0.571428571428571,1.),(-1.31789069479988E-12,
4.5753323330253,10.6757754437275),.UNSPECIFIED.);
#79=B_SPLINE_SURFACE_WITH_KNOTS('',3,3,((#3733,#3734,#3735,#3736,#3737,
#3738,#3739),(#3740,#3741,#3742,#3743,#3744,#3745,#3746),(#3747,#3748,#3749,
#3750,#3751,#3752,#3753),(#3754,#3755,#3756,#3757,#3758,#3759,#3760),(#3761,
#3762,#3763,#3764,#3765,#3766,#3767)),.UNSPECIFIED.,.F.,.F.,.F.,(4,1,4),
(4,1,1,1,4),(0.,0.571428571428571,1.),(0.,0.322220224273866,0.966660672821597,
1.61110112136933,2.25554156991706),.UNSPECIFIED.);
#80=B_SPLINE_SURFACE_WITH_KNOTS('',3,3,((#3778,#3779,#3780,#3781),(#3782,
#3783,#3784,#3785),(#3786,#3787,#3788,#3789),(#3790,#3791,#3792,#3793),
(#3794,#3795,#3796,#3797)),.UNSPECIFIED.,.F.,.F.,.F.,(4,1,4),(4,4),(0.,
0.571428571428571,1.),(0.,32.6982678024774),.UNSPECIFIED.);
#81=B_SPLINE_SURFACE_WITH_KNOTS('',3,3,((#3801,#3802,#3803,#3804,#3805,
#3806),(#3807,#3808,#3809,#3810,#3811,#3812),(#3813,#3814,#3815,#3816,#3817,
#3818),(#3819,#3820,#3821,#3822,#3823,#3824),(#3825,#3826,#3827,#3828,#3829,
#3830)),.UNSPECIFIED.,.F.,.F.,.F.,(4,1,4),(4,1,1,4),(0.,0.571428571428571,
1.),(5.29693047043796E-14,4.5753323293917,7.62555388231946,10.6757754352472),
 .UNSPECIFIED.);
#82=B_SPLINE_SURFACE_WITH_KNOTS('',3,3,((#3831,#3832,#3833,#3834,#3835,
#3836,#3837),(#3838,#3839,#3840,#3841,#3842,#3843,#3844),(#3845,#3846,#3847,
#3848,#3849,#3850,#3851),(#3852,#3853,#3854,#3855,#3856,#3857,#3858),(#3859,
#3860,#3861,#3862,#3863,#3864,#3865)),.UNSPECIFIED.,.F.,.F.,.F.,(4,1,4),
(4,1,1,1,4),(0.,0.571428571428571,1.),(0.,0.644447925353011,1.28889585070602,
1.93334377605903,2.25556773873554),.UNSPECIFIED.);
#83=B_SPLINE_SURFACE_WITH_KNOTS('',3,3,((#3873,#3874,#3875,#3876),(#3877,
#3878,#3879,#3880),(#3881,#3882,#3883,#3884),(#3885,#3886,#3887,#3888),
(#3889,#3890,#3891,#3892),(#3893,#3894,#3895,#3896),(#3897,#3898,#3899,
#3900)),.UNSPECIFIED.,.F.,.F.,.F.,(4,1,1,1,4),(4,4),(-4.19108093211908E-15,
0.285714285714288,0.428571428571434,0.714285714285727,1.00000000000002),
(0.021997349588969,1.),.UNSPECIFIED.);
#84=B_SPLINE_SURFACE_WITH_KNOTS('',3,3,((#3915,#3916,#3917,#3918),(#3919,
#3920,#3921,#3922),(#3923,#3924,#3925,#3926),(#3927,#3928,#3929,#3930)),
 .UNSPECIFIED.,.F.,.F.,.F.,(4,4),(4,4),(-1.63344449784163E-15,1.00000000000014),
(0.0244079491160959,1.),.UNSPECIFIED.);
#85=B_SPLINE_SURFACE_WITH_KNOTS('',3,3,((#3934,#3935,#3936,#3937),(#3938,
#3939,#3940,#3941),(#3942,#3943,#3944,#3945),(#3946,#3947,#3948,#3949),
(#3950,#3951,#3952,#3953),(#3954,#3955,#3956,#3957),(#3958,#3959,#3960,
#3961)),.UNSPECIFIED.,.F.,.F.,.F.,(4,1,1,1,4),(4,4),(-8.87690393967092E-5,
0.285714285714285,0.428571428571428,0.714285714285714,1.00008876903848),
(0.0237782704195137,1.),.UNSPECIFIED.);
#86=B_SPLINE_SURFACE_WITH_KNOTS('',3,3,((#3978,#3979,#3980,#3981),(#3982,
#3983,#3984,#3985),(#3986,#3987,#3988,#3989),(#3990,#3991,#3992,#3993),
(#3994,#3995,#3996,#3997),(#3998,#3999,#4000,#4001),(#4002,#4003,#4004,
#4005)),.UNSPECIFIED.,.F.,.F.,.F.,(4,1,1,1,4),(4,4),(-4.54768298517084E-6,
0.285714285714286,0.571428571428571,0.714285714285714,1.00000454768397),
(0.0237178201131566,1.),.UNSPECIFIED.);
#87=B_SPLINE_SURFACE_WITH_KNOTS('',3,3,((#4029,#4030,#4031,#4032),(#4033,
#4034,#4035,#4036),(#4037,#4038,#4039,#4040),(#4041,#4042,#4043,#4044)),
 .UNSPECIFIED.,.F.,.F.,.F.,(4,4),(4,4),(0.0718587551936997,0.0868036330157198),
(0.0404345553834115,0.055307225835191),.UNSPECIFIED.);
#88=B_SPLINE_SURFACE_WITH_KNOTS('',3,3,((#4045,#4046,#4047,#4048),(#4049,
#4050,#4051,#4052),(#4053,#4054,#4055,#4056),(#4057,#4058,#4059,#4060),
(#4061,#4062,#4063,#4064),(#4065,#4066,#4067,#4068),(#4069,#4070,#4071,
#4072)),.UNSPECIFIED.,.F.,.F.,.F.,(4,1,1,1,4),(4,4),(-1.87079852146179E-14,
0.285714285714273,0.571428571428565,0.714285714285711,1.),(0.0219973493510715,
1.),.UNSPECIFIED.);
#89=FACE_OUTER_BOUND('',#194,.T.);
#90=FACE_OUTER_BOUND('',#195,.T.);
#91=FACE_OUTER_BOUND('',#196,.T.);
#92=FACE_OUTER_BOUND('',#197,.T.);
#93=FACE_OUTER_BOUND('',#198,.T.);
#94=FACE_OUTER_BOUND('',#199,.T.);
#95=FACE_OUTER_BOUND('',#200,.T.);
#96=FACE_OUTER_BOUND('',#201,.T.);
#97=FACE_OUTER_BOUND('',#202,.T.);
#98=FACE_OUTER_BOUND('',#203,.T.);
#99=FACE_OUTER_BOUND('',#204,.T.);
#100=FACE_OUTER_BOUND('',#205,.T.);
#101=FACE_OUTER_BOUND('',#206,.T.);
#102=FACE_OUTER_BOUND('',#207,.T.);
#103=FACE_OUTER_BOUND('',#208,.T.);
#104=FACE_OUTER_BOUND('',#209,.T.);
#105=FACE_OUTER_BOUND('',#210,.T.);
#106=FACE_OUTER_BOUND('',#211,.T.);
#107=FACE_OUTER_BOUND('',#212,.T.);
#108=FACE_OUTER_BOUND('',#213,.T.);
#109=FACE_OUTER_BOUND('',#214,.T.);
#110=FACE_OUTER_BOUND('',#215,.T.);
#111=FACE_OUTER_BOUND('',#216,.T.);
#112=FACE_OUTER_BOUND('',#217,.T.);
#113=FACE_OUTER_BOUND('',#218,.T.);
#114=FACE_OUTER_BOUND('',#219,.T.);
#115=FACE_OUTER_BOUND('',#220,.T.);
#116=FACE_OUTER_BOUND('',#221,.T.);
#117=FACE_OUTER_BOUND('',#222,.T.);
#118=FACE_OUTER_BOUND('',#223,.T.);
#119=FACE_OUTER_BOUND('',#224,.T.);
#120=FACE_OUTER_BOUND('',#225,.T.);
#121=FACE_OUTER_BOUND('',#227,.T.);
#122=FACE_OUTER_BOUND('',#228,.T.);
#123=FACE_OUTER_BOUND('',#229,.T.);
#124=FACE_OUTER_BOUND('',#230,.T.);
#125=FACE_OUTER_BOUND('',#231,.T.);
#126=FACE_OUTER_BOUND('',#232,.T.);
#127=FACE_OUTER_BOUND('',#233,.T.);
#128=FACE_OUTER_BOUND('',#234,.T.);
#129=FACE_OUTER_BOUND('',#235,.T.);
#130=FACE_OUTER_BOUND('',#236,.T.);
#131=FACE_OUTER_BOUND('',#237,.T.);
#132=FACE_OUTER_BOUND('',#238,.T.);
#133=FACE_OUTER_BOUND('',#239,.T.);
#134=FACE_OUTER_BOUND('',#240,.T.);
#135=FACE_OUTER_BOUND('',#241,.T.);
#136=FACE_OUTER_BOUND('',#243,.T.);
#137=FACE_OUTER_BOUND('',#244,.T.);
#138=FACE_OUTER_BOUND('',#245,.T.);
#139=FACE_OUTER_BOUND('',#246,.T.);
#140=FACE_OUTER_BOUND('',#247,.T.);
#141=FACE_OUTER_BOUND('',#248,.T.);
#142=FACE_OUTER_BOUND('',#249,.T.);
#143=FACE_OUTER_BOUND('',#250,.T.);
#144=FACE_OUTER_BOUND('',#251,.T.);
#145=FACE_OUTER_BOUND('',#252,.T.);
#146=FACE_OUTER_BOUND('',#253,.T.);
#147=FACE_OUTER_BOUND('',#254,.T.);
#148=FACE_OUTER_BOUND('',#255,.T.);
#149=FACE_OUTER_BOUND('',#256,.T.);
#150=FACE_OUTER_BOUND('',#257,.T.);
#151=FACE_OUTER_BOUND('',#258,.T.);
#152=FACE_OUTER_BOUND('',#259,.T.);
#153=FACE_OUTER_BOUND('',#260,.T.);
#154=FACE_OUTER_BOUND('',#261,.T.);
#155=FACE_OUTER_BOUND('',#262,.T.);
#156=FACE_OUTER_BOUND('',#263,.T.);
#157=FACE_OUTER_BOUND('',#264,.T.);
#158=FACE_OUTER_BOUND('',#265,.T.);
#159=FACE_OUTER_BOUND('',#266,.T.);
#160=FACE_OUTER_BOUND('',#267,.T.);
#161=FACE_OUTER_BOUND('',#268,.T.);
#162=FACE_OUTER_BOUND('',#270,.T.);
#163=FACE_OUTER_BOUND('',#271,.T.);
#164=FACE_OUTER_BOUND('',#272,.T.);
#165=FACE_OUTER_BOUND('',#273,.T.);
#166=FACE_OUTER_BOUND('',#274,.T.);
#167=FACE_OUTER_BOUND('',#275,.T.);
#168=FACE_OUTER_BOUND('',#276,.T.);
#169=FACE_OUTER_BOUND('',#277,.T.);
#170=FACE_OUTER_BOUND('',#278,.T.);
#171=FACE_OUTER_BOUND('',#279,.T.);
#172=FACE_OUTER_BOUND('',#280,.T.);
#173=FACE_OUTER_BOUND('',#281,.T.);
#174=FACE_OUTER_BOUND('',#282,.T.);
#175=FACE_OUTER_BOUND('',#283,.T.);
#176=FACE_OUTER_BOUND('',#284,.T.);
#177=FACE_OUTER_BOUND('',#285,.T.);
#178=FACE_OUTER_BOUND('',#286,.T.);
#179=FACE_OUTER_BOUND('',#288,.T.);
#180=FACE_OUTER_BOUND('',#289,.T.);
#181=FACE_OUTER_BOUND('',#290,.T.);
#182=FACE_OUTER_BOUND('',#291,.T.);
#183=FACE_OUTER_BOUND('',#292,.T.);
#184=FACE_OUTER_BOUND('',#293,.T.);
#185=FACE_OUTER_BOUND('',#294,.T.);
#186=FACE_OUTER_BOUND('',#295,.T.);
#187=FACE_OUTER_BOUND('',#296,.T.);
#188=FACE_OUTER_BOUND('',#297,.T.);
#189=FACE_OUTER_BOUND('',#298,.T.);
#190=FACE_OUTER_BOUND('',#299,.T.);
#191=FACE_OUTER_BOUND('',#300,.T.);
#192=FACE_OUTER_BOUND('',#301,.T.);
#193=FACE_OUTER_BOUND('',#302,.T.);
#194=EDGE_LOOP('',(#1226,#1227,#1228,#1229));
#195=EDGE_LOOP('',(#1230,#1231,#1232,#1233));
#196=EDGE_LOOP('',(#1234,#1235,#1236,#1237));
#197=EDGE_LOOP('',(#1238,#1239,#1240,#1241,#1242));
#198=EDGE_LOOP('',(#1243,#1244,#1245,#1246,#1247));
#199=EDGE_LOOP('',(#1248,#1249,#1250,#1251,#1252,#1253,#1254,#1255,#1256,
#1257,#1258,#1259,#1260,#1261,#1262,#1263,#1264,#1265,#1266,#1267));
#200=EDGE_LOOP('',(#1268,#1269,#1270,#1271));
#201=EDGE_LOOP('',(#1272,#1273,#1274,#1275));
#202=EDGE_LOOP('',(#1276,#1277,#1278,#1279));
#203=EDGE_LOOP('',(#1280,#1281,#1282,#1283,#1284,#1285,#1286,#1287,#1288,
#1289,#1290,#1291,#1292,#1293,#1294,#1295,#1296,#1297,#1298,#1299));
#204=EDGE_LOOP('',(#1300,#1301,#1302,#1303,#1304,#1305));
#205=EDGE_LOOP('',(#1306,#1307,#1308,#1309,#1310,#1311));
#206=EDGE_LOOP('',(#1312,#1313,#1314,#1315));
#207=EDGE_LOOP('',(#1316,#1317,#1318,#1319));
#208=EDGE_LOOP('',(#1320,#1321,#1322,#1323));
#209=EDGE_LOOP('',(#1324,#1325,#1326,#1327));
#210=EDGE_LOOP('',(#1328,#1329,#1330,#1331));
#211=EDGE_LOOP('',(#1332,#1333,#1334,#1335));
#212=EDGE_LOOP('',(#1336,#1337,#1338,#1339,#1340,#1341));
#213=EDGE_LOOP('',(#1342,#1343,#1344,#1345,#1346));
#214=EDGE_LOOP('',(#1347,#1348,#1349,#1350));
#215=EDGE_LOOP('',(#1351,#1352,#1353,#1354));
#216=EDGE_LOOP('',(#1355,#1356,#1357,#1358,#1359,#1360,#1361,#1362,#1363,
#1364,#1365,#1366,#1367,#1368,#1369,#1370));
#217=EDGE_LOOP('',(#1371,#1372,#1373,#1374,#1375,#1376));
#218=EDGE_LOOP('',(#1377,#1378,#1379,#1380,#1381));
#219=EDGE_LOOP('',(#1382,#1383,#1384,#1385));
#220=EDGE_LOOP('',(#1386,#1387,#1388,#1389));
#221=EDGE_LOOP('',(#1390,#1391,#1392,#1393,#1394,#1395,#1396,#1397));
#222=EDGE_LOOP('',(#1398,#1399,#1400,#1401,#1402,#1403,#1404,#1405,#1406,
#1407,#1408,#1409,#1410,#1411,#1412,#1413));
#223=EDGE_LOOP('',(#1414,#1415,#1416,#1417,#1418));
#224=EDGE_LOOP('',(#1419,#1420,#1421,#1422,#1423));
#225=EDGE_LOOP('',(#1424));
#226=EDGE_LOOP('',(#1425,#1426,#1427,#1428,#1429,#1430,#1431,#1432,#1433,
#1434,#1435,#1436));
#227=EDGE_LOOP('',(#1437,#1438,#1439,#1440,#1441,#1442,#1443,#1444,#1445,
#1446,#1447,#1448,#1449,#1450,#1451,#1452,#1453,#1454,#1455,#1456));
#228=EDGE_LOOP('',(#1457,#1458,#1459,#1460));
#229=EDGE_LOOP('',(#1461,#1462,#1463,#1464));
#230=EDGE_LOOP('',(#1465,#1466,#1467,#1468));
#231=EDGE_LOOP('',(#1469,#1470,#1471,#1472));
#232=EDGE_LOOP('',(#1473,#1474,#1475,#1476));
#233=EDGE_LOOP('',(#1477,#1478,#1479,#1480));
#234=EDGE_LOOP('',(#1481,#1482,#1483,#1484));
#235=EDGE_LOOP('',(#1485,#1486,#1487,#1488));
#236=EDGE_LOOP('',(#1489,#1490,#1491,#1492));
#237=EDGE_LOOP('',(#1493,#1494,#1495,#1496));
#238=EDGE_LOOP('',(#1497,#1498,#1499,#1500));
#239=EDGE_LOOP('',(#1501,#1502,#1503,#1504));
#240=EDGE_LOOP('',(#1505,#1506,#1507,#1508,#1509,#1510,#1511,#1512,#1513,
#1514,#1515,#1516));
#241=EDGE_LOOP('',(#1517));
#242=EDGE_LOOP('',(#1518,#1519,#1520,#1521,#1522,#1523,#1524,#1525,#1526,
#1527,#1528,#1529));
#243=EDGE_LOOP('',(#1530,#1531,#1532,#1533));
#244=EDGE_LOOP('',(#1534,#1535,#1536,#1537));
#245=EDGE_LOOP('',(#1538,#1539,#1540,#1541));
#246=EDGE_LOOP('',(#1542,#1543,#1544,#1545));
#247=EDGE_LOOP('',(#1546,#1547,#1548,#1549));
#248=EDGE_LOOP('',(#1550,#1551,#1552,#1553));
#249=EDGE_LOOP('',(#1554,#1555,#1556,#1557));
#250=EDGE_LOOP('',(#1558,#1559,#1560,#1561));
#251=EDGE_LOOP('',(#1562,#1563,#1564,#1565));
#252=EDGE_LOOP('',(#1566,#1567,#1568,#1569));
#253=EDGE_LOOP('',(#1570,#1571,#1572,#1573));
#254=EDGE_LOOP('',(#1574,#1575,#1576,#1577));
#255=EDGE_LOOP('',(#1578,#1579,#1580,#1581,#1582,#1583,#1584,#1585,#1586,
#1587,#1588,#1589));
#256=EDGE_LOOP('',(#1590,#1591,#1592,#1593));
#257=EDGE_LOOP('',(#1594,#1595,#1596,#1597));
#258=EDGE_LOOP('',(#1598,#1599,#1600,#1601));
#259=EDGE_LOOP('',(#1602,#1603,#1604,#1605));
#260=EDGE_LOOP('',(#1606,#1607,#1608,#1609));
#261=EDGE_LOOP('',(#1610,#1611,#1612,#1613));
#262=EDGE_LOOP('',(#1614,#1615,#1616,#1617));
#263=EDGE_LOOP('',(#1618,#1619,#1620,#1621));
#264=EDGE_LOOP('',(#1622,#1623,#1624,#1625));
#265=EDGE_LOOP('',(#1626,#1627,#1628,#1629));
#266=EDGE_LOOP('',(#1630,#1631,#1632,#1633));
#267=EDGE_LOOP('',(#1634,#1635,#1636,#1637));
#268=EDGE_LOOP('',(#1638));
#269=EDGE_LOOP('',(#1639,#1640,#1641,#1642,#1643,#1644,#1645,#1646,#1647,
#1648,#1649,#1650));
#270=EDGE_LOOP('',(#1651,#1652,#1653,#1654,#1655,#1656,#1657,#1658));
#271=EDGE_LOOP('',(#1659,#1660,#1661,#1662));
#272=EDGE_LOOP('',(#1663,#1664,#1665,#1666));
#273=EDGE_LOOP('',(#1667,#1668,#1669,#1670));
#274=EDGE_LOOP('',(#1671,#1672,#1673,#1674));
#275=EDGE_LOOP('',(#1675,#1676,#1677,#1678));
#276=EDGE_LOOP('',(#1679,#1680,#1681,#1682,#1683,#1684,#1685,#1686));
#277=EDGE_LOOP('',(#1687,#1688,#1689,#1690));
#278=EDGE_LOOP('',(#1691,#1692,#1693,#1694));
#279=EDGE_LOOP('',(#1695,#1696,#1697,#1698));
#280=EDGE_LOOP('',(#1699,#1700,#1701,#1702));
#281=EDGE_LOOP('',(#1703,#1704,#1705,#1706));
#282=EDGE_LOOP('',(#1707,#1708,#1709,#1710));
#283=EDGE_LOOP('',(#1711,#1712,#1713,#1714));
#284=EDGE_LOOP('',(#1715,#1716,#1717,#1718));
#285=EDGE_LOOP('',(#1719,#1720,#1721,#1722));
#286=EDGE_LOOP('',(#1723,#1724,#1725,#1726,#1727,#1728,#1729,#1730));
#287=EDGE_LOOP('',(#1731,#1732,#1733,#1734));
#288=EDGE_LOOP('',(#1735,#1736,#1737,#1738,#1739,#1740,#1741,#1742,#1743,
#1744,#1745,#1746));
#289=EDGE_LOOP('',(#1747,#1748,#1749,#1750));
#290=EDGE_LOOP('',(#1751,#1752,#1753,#1754));
#291=EDGE_LOOP('',(#1755,#1756,#1757,#1758));
#292=EDGE_LOOP('',(#1759,#1760,#1761,#1762));
#293=EDGE_LOOP('',(#1763,#1764,#1765,#1766));
#294=EDGE_LOOP('',(#1767,#1768,#1769,#1770));
#295=EDGE_LOOP('',(#1771,#1772,#1773,#1774));
#296=EDGE_LOOP('',(#1775,#1776,#1777,#1778));
#297=EDGE_LOOP('',(#1779,#1780,#1781,#1782));
#298=EDGE_LOOP('',(#1783,#1784,#1785,#1786,#1787));
#299=EDGE_LOOP('',(#1788,#1789,#1790,#1791));
#300=EDGE_LOOP('',(#1792,#1793,#1794,#1795));
#301=EDGE_LOOP('',(#1796,#1797,#1798,#1799));
#302=EDGE_LOOP('',(#1800,#1801,#1802,#1803));
#303=CIRCLE('',#2000,269.180006348593);
#304=CIRCLE('',#2002,269.180006412638);
#305=CIRCLE('',#2004,2.7);
#306=CIRCLE('',#2005,269.004869932919);
#307=CIRCLE('',#2006,250.267353796438);
#308=CIRCLE('',#2008,2.7);
#309=CIRCLE('',#2009,2.7);
#310=CIRCLE('',#2010,2.7);
#311=CIRCLE('',#2011,2.7);
#312=CIRCLE('',#2012,2.7);
#313=CIRCLE('',#2014,2.7);
#314=CIRCLE('',#2018,2.7);
#315=CIRCLE('',#2019,2.7);
#316=CIRCLE('',#2020,2.7);
#317=CIRCLE('',#2021,2.7);
#318=CIRCLE('',#2022,2.7);
#319=CIRCLE('',#2024,269.291744487659);
#320=CIRCLE('',#2038,250.43187123359);
#321=CIRCLE('',#2039,269.291744809194);
#322=CIRCLE('',#2045,269.181391969052);
#323=CIRCLE('',#2046,269.299851860929);
#324=CIRCLE('',#2047,269.299644083948);
#325=CIRCLE('',#2049,2.7);
#326=CIRCLE('',#2051,2.7);
#327=CIRCLE('',#2052,2.7);
#328=CIRCLE('',#2053,2.7);
#329=CIRCLE('',#2054,2.7);
#330=CIRCLE('',#2055,2.7);
#331=CIRCLE('',#2057,269.43294120304);
#332=CIRCLE('',#2061,269.409811162808);
#333=CIRCLE('',#2063,269.438053264874);
#334=CIRCLE('',#2067,269.409811189575);
#335=CIRCLE('',#2069,269.438053341737);
#336=CIRCLE('',#2072,269.432940965728);
#337=CIRCLE('',#2076,268.776834451153);
#338=CIRCLE('',#2080,268.918693990561);
#339=CIRCLE('',#2082,268.617427885713);
#340=CIRCLE('',#2086,268.918693989175);
#341=CIRCLE('',#2088,268.617427883923);
#342=CIRCLE('',#2091,268.776834446447);
#343=CIRCLE('',#2095,269.131078534964);
#344=CIRCLE('',#2098,269.165158027258);
#345=CIRCLE('',#2100,269.079035113732);
#346=CIRCLE('',#2104,269.165158024254);
#347=CIRCLE('',#2106,269.079035123541);
#348=CIRCLE('',#2110,269.131078601194);
#349=CIRCLE('',#2113,0.249999999999995);
#350=CIRCLE('',#2115,0.250000000000001);
#351=CIRCLE('',#2117,0.250000000000021);
#352=CIRCLE('',#2120,0.25);
#353=CIRCLE('',#2121,0.250000000000026);
#354=CIRCLE('',#2123,0.25);
#355=LINE('',#2621,#551);
#356=LINE('',#2625,#552);
#357=LINE('',#2626,#553);
#358=LINE('',#2630,#554);
#359=LINE('',#2632,#555);
#360=LINE('',#2634,#556);
#361=LINE('',#2637,#557);
#362=LINE('',#2648,#558);
#363=LINE('',#2652,#559);
#364=LINE('',#2701,#560);
#365=LINE('',#2704,#561);
#366=LINE('',#2710,#562);
#367=LINE('',#2714,#563);
#368=LINE('',#2716,#564);
#369=LINE('',#2720,#565);
#370=LINE('',#2742,#566);
#371=LINE('',#2746,#567);
#372=LINE('',#2770,#568);
#373=LINE('',#2776,#569);
#374=LINE('',#2778,#570);
#375=LINE('',#2779,#571);
#376=LINE('',#2782,#572);
#377=LINE('',#2784,#573);
#378=LINE('',#2785,#574);
#379=LINE('',#2788,#575);
#380=LINE('',#2790,#576);
#381=LINE('',#2791,#577);
#382=LINE('',#2797,#578);
#383=LINE('',#2802,#579);
#384=LINE('',#2827,#580);
#385=LINE('',#2831,#581);
#386=LINE('',#2875,#582);
#387=LINE('',#2879,#583);
#388=LINE('',#2903,#584);
#389=LINE('',#2915,#585);
#390=LINE('',#2977,#586);
#391=LINE('',#2981,#587);
#392=LINE('',#2982,#588);
#393=LINE('',#2985,#589);
#394=LINE('',#2986,#590);
#395=LINE('',#2988,#591);
#396=LINE('',#2990,#592);
#397=LINE('',#3002,#593);
#398=LINE('',#3017,#594);
#399=LINE('',#3020,#595);
#400=LINE('',#3023,#596);
#401=LINE('',#3025,#597);
#402=LINE('',#3026,#598);
#403=LINE('',#3028,#599);
#404=LINE('',#3031,#600);
#405=LINE('',#3032,#601);
#406=LINE('',#3037,#602);
#407=LINE('',#3039,#603);
#408=LINE('',#3041,#604);
#409=LINE('',#3045,#605);
#410=LINE('',#3047,#606);
#411=LINE('',#3048,#607);
#412=LINE('',#3050,#608);
#413=LINE('',#3052,#609);
#414=LINE('',#3053,#610);
#415=LINE('',#3087,#611);
#416=LINE('',#3089,#612);
#417=LINE('',#3090,#613);
#418=LINE('',#3096,#614);
#419=LINE('',#3098,#615);
#420=LINE('',#3100,#616);
#421=LINE('',#3109,#617);
#422=LINE('',#3110,#618);
#423=LINE('',#3111,#619);
#424=LINE('',#3114,#620);
#425=LINE('',#3115,#621);
#426=LINE('',#3119,#622);
#427=LINE('',#3121,#623);
#428=LINE('',#3122,#624);
#429=LINE('',#3159,#625);
#430=LINE('',#3169,#626);
#431=LINE('',#3193,#627);
#432=LINE('',#3195,#628);
#433=LINE('',#3197,#629);
#434=LINE('',#3199,#630);
#435=LINE('',#3201,#631);
#436=LINE('',#3203,#632);
#437=LINE('',#3205,#633);
#438=LINE('',#3207,#634);
#439=LINE('',#3209,#635);
#440=LINE('',#3211,#636);
#441=LINE('',#3213,#637);
#442=LINE('',#3214,#638);
#443=LINE('',#3219,#639);
#444=LINE('',#3221,#640);
#445=LINE('',#3224,#641);
#446=LINE('',#3226,#642);
#447=LINE('',#3229,#643);
#448=LINE('',#3231,#644);
#449=LINE('',#3234,#645);
#450=LINE('',#3236,#646);
#451=LINE('',#3238,#647);
#452=LINE('',#3243,#648);
#453=LINE('',#3244,#649);
#454=LINE('',#3247,#650);
#455=LINE('',#3248,#651);
#456=LINE('',#3251,#652);
#457=LINE('',#3252,#653);
#458=LINE('',#3256,#654);
#459=LINE('',#3260,#655);
#460=LINE('',#3263,#656);
#461=LINE('',#3264,#657);
#462=LINE('',#3267,#658);
#463=LINE('',#3268,#659);
#464=LINE('',#3272,#660);
#465=LINE('',#3276,#661);
#466=LINE('',#3279,#662);
#467=LINE('',#3280,#663);
#468=LINE('',#3284,#664);
#469=LINE('',#3286,#665);
#470=LINE('',#3298,#666);
#471=LINE('',#3300,#667);
#472=LINE('',#3302,#668);
#473=LINE('',#3304,#669);
#474=LINE('',#3306,#670);
#475=LINE('',#3308,#671);
#476=LINE('',#3310,#672);
#477=LINE('',#3312,#673);
#478=LINE('',#3314,#674);
#479=LINE('',#3316,#675);
#480=LINE('',#3318,#676);
#481=LINE('',#3319,#677);
#482=LINE('',#3324,#678);
#483=LINE('',#3325,#679);
#484=LINE('',#3328,#680);
#485=LINE('',#3329,#681);
#486=LINE('',#3332,#682);
#487=LINE('',#3333,#683);
#488=LINE('',#3337,#684);
#489=LINE('',#3341,#685);
#490=LINE('',#3344,#686);
#491=LINE('',#3345,#687);
#492=LINE('',#3348,#688);
#493=LINE('',#3349,#689);
#494=LINE('',#3353,#690);
#495=LINE('',#3357,#691);
#496=LINE('',#3360,#692);
#497=LINE('',#3361,#693);
#498=LINE('',#3365,#694);
#499=LINE('',#3367,#695);
#500=LINE('',#3379,#696);
#501=LINE('',#3381,#697);
#502=LINE('',#3383,#698);
#503=LINE('',#3384,#699);
#504=LINE('',#3389,#700);
#505=LINE('',#3390,#701);
#506=LINE('',#3393,#702);
#507=LINE('',#3395,#703);
#508=LINE('',#3396,#704);
#509=LINE('',#3401,#705);
#510=LINE('',#3402,#706);
#511=LINE('',#3407,#707);
#512=LINE('',#3408,#708);
#513=LINE('',#3411,#709);
#514=LINE('',#3413,#710);
#515=LINE('',#3414,#711);
#516=LINE('',#3417,#712);
#517=LINE('',#3419,#713);
#518=LINE('',#3420,#714);
#519=LINE('',#3425,#715);
#520=LINE('',#3426,#716);
#521=LINE('',#3431,#717);
#522=LINE('',#3432,#718);
#523=LINE('',#3435,#719);
#524=LINE('',#3437,#720);
#525=LINE('',#3438,#721);
#526=LINE('',#3441,#722);
#527=LINE('',#3443,#723);
#528=LINE('',#3444,#724);
#529=LINE('',#3447,#725);
#530=LINE('',#3450,#726);
#531=LINE('',#3469,#727);
#532=LINE('',#3471,#728);
#533=LINE('',#3473,#729);
#534=LINE('',#3902,#730);
#535=LINE('',#3904,#731);
#536=LINE('',#3932,#732);
#537=LINE('',#3933,#733);
#538=LINE('',#3963,#734);
#539=LINE('',#3976,#735);
#540=LINE('',#3977,#736);
#541=LINE('',#4028,#737);
#542=LINE('',#4073,#738);
#543=LINE('',#4076,#739);
#544=LINE('',#4078,#740);
#545=LINE('',#4081,#741);
#546=LINE('',#4083,#742);
#547=LINE('',#4086,#743);
#548=LINE('',#4088,#744);
#549=LINE('',#4091,#745);
#550=LINE('',#4093,#746);
#551=VECTOR('',#2143,10.);
#552=VECTOR('',#2146,10.);
#553=VECTOR('',#2147,10.);
#554=VECTOR('',#2150,1.);
#555=VECTOR('',#2151,1.);
#556=VECTOR('',#2152,1.);
#557=VECTOR('',#2157,1.);
#558=VECTOR('',#2160,10.);
#559=VECTOR('',#2163,10.);
#560=VECTOR('',#2164,10.);
#561=VECTOR('',#2167,10.);
#562=VECTOR('',#2172,2.7);
#563=VECTOR('',#2177,1.);
#564=VECTOR('',#2178,1.);
#565=VECTOR('',#2181,1.);
#566=VECTOR('',#2182,10.);
#567=VECTOR('',#2185,1.);
#568=VECTOR('',#2186,1.);
#569=VECTOR('',#2191,10.);
#570=VECTOR('',#2192,1.);
#571=VECTOR('',#2193,1.);
#572=VECTOR('',#2196,10.);
#573=VECTOR('',#2197,10.);
#574=VECTOR('',#2198,1.);
#575=VECTOR('',#2201,1.);
#576=VECTOR('',#2202,1.);
#577=VECTOR('',#2203,10.);
#578=VECTOR('',#2208,2.7);
#579=VECTOR('',#2213,10.);
#580=VECTOR('',#2214,1.);
#581=VECTOR('',#2217,10.);
#582=VECTOR('',#2218,10.);
#583=VECTOR('',#2221,1.);
#584=VECTOR('',#2222,1.);
#585=VECTOR('',#2225,10.);
#586=VECTOR('',#2228,10.);
#587=VECTOR('',#2233,1.);
#588=VECTOR('',#2234,1.);
#589=VECTOR('',#2237,1.);
#590=VECTOR('',#2238,1.);
#591=VECTOR('',#2241,1.);
#592=VECTOR('',#2244,10.);
#593=VECTOR('',#2247,1.);
#594=VECTOR('',#2250,10.);
#595=VECTOR('',#2253,10.);
#596=VECTOR('',#2256,1.);
#597=VECTOR('',#2257,1.);
#598=VECTOR('',#2258,10.);
#599=VECTOR('',#2261,1.);
#600=VECTOR('',#2264,10.);
#601=VECTOR('',#2265,1.);
#602=VECTOR('',#2270,1.);
#603=VECTOR('',#2271,1.);
#604=VECTOR('',#2272,1.);
#605=VECTOR('',#2275,1.);
#606=VECTOR('',#2276,1.);
#607=VECTOR('',#2277,1.);
#608=VECTOR('',#2278,1.);
#609=VECTOR('',#2279,1.);
#610=VECTOR('',#2280,1.);
#611=VECTOR('',#2283,10.);
#612=VECTOR('',#2286,1.);
#613=VECTOR('',#2287,1.);
#614=VECTOR('',#2294,1.);
#615=VECTOR('',#2295,1.);
#616=VECTOR('',#2296,1.);
#617=VECTOR('',#2297,1.);
#618=VECTOR('',#2298,1.);
#619=VECTOR('',#2299,10.);
#620=VECTOR('',#2302,1.);
#621=VECTOR('',#2303,1.);
#622=VECTOR('',#2306,1.);
#623=VECTOR('',#2307,1.);
#624=VECTOR('',#2308,1.);
#625=VECTOR('',#2311,10.);
#626=VECTOR('',#2312,10.);
#627=VECTOR('',#2319,1.);
#628=VECTOR('',#2320,1.);
#629=VECTOR('',#2321,1.);
#630=VECTOR('',#2322,1.);
#631=VECTOR('',#2323,1.);
#632=VECTOR('',#2324,1.);
#633=VECTOR('',#2325,1.);
#634=VECTOR('',#2326,1.);
#635=VECTOR('',#2327,1.);
#636=VECTOR('',#2328,1.);
#637=VECTOR('',#2329,1.);
#638=VECTOR('',#2330,1.);
#639=VECTOR('',#2335,1.);
#640=VECTOR('',#2336,1.);
#641=VECTOR('',#2339,10.);
#642=VECTOR('',#2340,1.);
#643=VECTOR('',#2343,1.);
#644=VECTOR('',#2344,10.);
#645=VECTOR('',#2347,1.);
#646=VECTOR('',#2348,1.);
#647=VECTOR('',#2351,2.7);
#648=VECTOR('',#2356,1.);
#649=VECTOR('',#2357,1.);
#650=VECTOR('',#2360,10.);
#651=VECTOR('',#2361,1.);
#652=VECTOR('',#2364,10.);
#653=VECTOR('',#2365,1.);
#654=VECTOR('',#2370,1.);
#655=VECTOR('',#2375,1.);
#656=VECTOR('',#2378,10.);
#657=VECTOR('',#2379,1.);
#658=VECTOR('',#2382,10.);
#659=VECTOR('',#2383,1.);
#660=VECTOR('',#2388,1.);
#661=VECTOR('',#2393,1.);
#662=VECTOR('',#2396,10.);
#663=VECTOR('',#2397,1.);
#664=VECTOR('',#2402,1.);
#665=VECTOR('',#2405,10.);
#666=VECTOR('',#2408,1.);
#667=VECTOR('',#2409,1.);
#668=VECTOR('',#2410,1.);
#669=VECTOR('',#2411,1.);
#670=VECTOR('',#2412,1.);
#671=VECTOR('',#2413,1.);
#672=VECTOR('',#2414,1.);
#673=VECTOR('',#2415,1.);
#674=VECTOR('',#2416,1.);
#675=VECTOR('',#2417,1.);
#676=VECTOR('',#2418,1.);
#677=VECTOR('',#2419,1.);
#678=VECTOR('',#2424,1.);
#679=VECTOR('',#2425,1.);
#680=VECTOR('',#2428,10.);
#681=VECTOR('',#2429,1.);
#682=VECTOR('',#2432,10.);
#683=VECTOR('',#2433,1.);
#684=VECTOR('',#2438,1.);
#685=VECTOR('',#2443,1.);
#686=VECTOR('',#2446,10.);
#687=VECTOR('',#2447,1.);
#688=VECTOR('',#2450,10.);
#689=VECTOR('',#2451,1.);
#690=VECTOR('',#2456,1.);
#691=VECTOR('',#2461,1.);
#692=VECTOR('',#2464,10.);
#693=VECTOR('',#2465,1.);
#694=VECTOR('',#2470,1.);
#695=VECTOR('',#2473,10.);
#696=VECTOR('',#2476,10.);
#697=VECTOR('',#2477,1.);
#698=VECTOR('',#2478,1.);
#699=VECTOR('',#2479,1.);
#700=VECTOR('',#2484,1.);
#701=VECTOR('',#2485,1.);
#702=VECTOR('',#2488,10.);
#703=VECTOR('',#2489,1.);
#704=VECTOR('',#2490,1.);
#705=VECTOR('',#2495,1.);
#706=VECTOR('',#2496,1.);
#707=VECTOR('',#2501,1.);
#708=VECTOR('',#2502,1.);
#709=VECTOR('',#2505,10.);
#710=VECTOR('',#2506,1.);
#711=VECTOR('',#2507,1.);
#712=VECTOR('',#2510,10.);
#713=VECTOR('',#2511,1.);
#714=VECTOR('',#2512,1.);
#715=VECTOR('',#2517,1.);
#716=VECTOR('',#2518,1.);
#717=VECTOR('',#2523,1.);
#718=VECTOR('',#2524,1.);
#719=VECTOR('',#2527,10.);
#720=VECTOR('',#2528,1.);
#721=VECTOR('',#2529,1.);
#722=VECTOR('',#2532,10.);
#723=VECTOR('',#2533,1.);
#724=VECTOR('',#2534,1.);
#725=VECTOR('',#2539,1.);
#726=VECTOR('',#2544,1.);
#727=VECTOR('',#2545,10.5675730862134);
#728=VECTOR('',#2546,1.);
#729=VECTOR('',#2547,10.0748128051564);
#730=VECTOR('',#2570,10.4865123828692);
#731=VECTOR('',#2571,10.5675730862226);
#732=VECTOR('',#2572,1.);
#733=VECTOR('',#2573,10.074812805169);
#734=VECTOR('',#2574,1.);
#735=VECTOR('',#2577,1.);
#736=VECTOR('',#2578,10.45227248018);
#737=VECTOR('',#2581,1.);
#738=VECTOR('',#2582,1.);
#739=VECTOR('',#2587,1.);
#740=VECTOR('',#2590,1.);
#741=VECTOR('',#2595,1.);
#742=VECTOR('',#2598,10.);
#743=VECTOR('',#2603,1.);
#744=VECTOR('',#2606,1.);
#745=VECTOR('',#2611,10.);
#746=VECTOR('',#2614,1.);
#747=VERTEX_POINT('',#2619);
#748=VERTEX_POINT('',#2620);
#749=VERTEX_POINT('',#2622);
#750=VERTEX_POINT('',#2624);
#751=VERTEX_POINT('',#2628);
#752=VERTEX_POINT('',#2629);
#753=VERTEX_POINT('',#2631);
#754=VERTEX_POINT('',#2633);
#755=VERTEX_POINT('',#2647);
#756=VERTEX_POINT('',#2649);
#757=VERTEX_POINT('',#2651);
#758=VERTEX_POINT('',#2683);
#759=VERTEX_POINT('',#2700);
#760=VERTEX_POINT('',#2702);
#761=VERTEX_POINT('',#2706);
#762=VERTEX_POINT('',#2707);
#763=VERTEX_POINT('',#2709);
#764=VERTEX_POINT('',#2712);
#765=VERTEX_POINT('',#2715);
#766=VERTEX_POINT('',#2717);
#767=VERTEX_POINT('',#2719);
#768=VERTEX_POINT('',#2721);
#769=VERTEX_POINT('',#2741);
#770=VERTEX_POINT('',#2743);
#771=VERTEX_POINT('',#2745);
#772=VERTEX_POINT('',#2747);
#773=VERTEX_POINT('',#2772);
#774=VERTEX_POINT('',#2773);
#775=VERTEX_POINT('',#2775);
#776=VERTEX_POINT('',#2777);
#777=VERTEX_POINT('',#2781);
#778=VERTEX_POINT('',#2783);
#779=VERTEX_POINT('',#2787);
#780=VERTEX_POINT('',#2789);
#781=VERTEX_POINT('',#2793);
#782=VERTEX_POINT('',#2794);
#783=VERTEX_POINT('',#2796);
#784=VERTEX_POINT('',#2799);
#785=VERTEX_POINT('',#2801);
#786=VERTEX_POINT('',#2803);
#787=VERTEX_POINT('',#2826);
#788=VERTEX_POINT('',#2828);
#789=VERTEX_POINT('',#2830);
#790=VERTEX_POINT('',#2854);
#791=VERTEX_POINT('',#2874);
#792=VERTEX_POINT('',#2876);
#793=VERTEX_POINT('',#2878);
#794=VERTEX_POINT('',#2880);
#795=VERTEX_POINT('',#2912);
#796=VERTEX_POINT('',#2914);
#797=VERTEX_POINT('',#2916);
#798=VERTEX_POINT('',#2976);
#799=VERTEX_POINT('',#2980);
#800=VERTEX_POINT('',#2984);
#801=VERTEX_POINT('',#3016);
#802=VERTEX_POINT('',#3018);
#803=VERTEX_POINT('',#3022);
#804=VERTEX_POINT('',#3024);
#805=VERTEX_POINT('',#3030);
#806=VERTEX_POINT('',#3034);
#807=VERTEX_POINT('',#3036);
#808=VERTEX_POINT('',#3038);
#809=VERTEX_POINT('',#3040);
#810=VERTEX_POINT('',#3042);
#811=VERTEX_POINT('',#3044);
#812=VERTEX_POINT('',#3046);
#813=VERTEX_POINT('',#3049);
#814=VERTEX_POINT('',#3051);
#815=VERTEX_POINT('',#3062);
#816=VERTEX_POINT('',#3064);
#817=VERTEX_POINT('',#3094);
#818=VERTEX_POINT('',#3095);
#819=VERTEX_POINT('',#3097);
#820=VERTEX_POINT('',#3099);
#821=VERTEX_POINT('',#3101);
#822=VERTEX_POINT('',#3108);
#823=VERTEX_POINT('',#3113);
#824=VERTEX_POINT('',#3116);
#825=VERTEX_POINT('',#3118);
#826=VERTEX_POINT('',#3120);
#827=VERTEX_POINT('',#3131);
#828=VERTEX_POINT('',#3133);
#829=VERTEX_POINT('',#3168);
#830=VERTEX_POINT('',#3170);
#831=VERTEX_POINT('',#3189);
#832=VERTEX_POINT('',#3191);
#833=VERTEX_POINT('',#3192);
#834=VERTEX_POINT('',#3194);
#835=VERTEX_POINT('',#3196);
#836=VERTEX_POINT('',#3198);
#837=VERTEX_POINT('',#3200);
#838=VERTEX_POINT('',#3202);
#839=VERTEX_POINT('',#3204);
#840=VERTEX_POINT('',#3206);
#841=VERTEX_POINT('',#3208);
#842=VERTEX_POINT('',#3210);
#843=VERTEX_POINT('',#3212);
#844=VERTEX_POINT('',#3216);
#845=VERTEX_POINT('',#3217);
#846=VERTEX_POINT('',#3220);
#847=VERTEX_POINT('',#3222);
#848=VERTEX_POINT('',#3225);
#849=VERTEX_POINT('',#3227);
#850=VERTEX_POINT('',#3230);
#851=VERTEX_POINT('',#3232);
#852=VERTEX_POINT('',#3235);
#853=VERTEX_POINT('',#3240);
#854=VERTEX_POINT('',#3241);
#855=VERTEX_POINT('',#3246);
#856=VERTEX_POINT('',#3250);
#857=VERTEX_POINT('',#3254);
#858=VERTEX_POINT('',#3258);
#859=VERTEX_POINT('',#3262);
#860=VERTEX_POINT('',#3266);
#861=VERTEX_POINT('',#3270);
#862=VERTEX_POINT('',#3274);
#863=VERTEX_POINT('',#3278);
#864=VERTEX_POINT('',#3282);
#865=VERTEX_POINT('',#3296);
#866=VERTEX_POINT('',#3297);
#867=VERTEX_POINT('',#3299);
#868=VERTEX_POINT('',#3301);
#869=VERTEX_POINT('',#3303);
#870=VERTEX_POINT('',#3305);
#871=VERTEX_POINT('',#3307);
#872=VERTEX_POINT('',#3309);
#873=VERTEX_POINT('',#3311);
#874=VERTEX_POINT('',#3313);
#875=VERTEX_POINT('',#3315);
#876=VERTEX_POINT('',#3317);
#877=VERTEX_POINT('',#3321);
#878=VERTEX_POINT('',#3322);
#879=VERTEX_POINT('',#3327);
#880=VERTEX_POINT('',#3331);
#881=VERTEX_POINT('',#3335);
#882=VERTEX_POINT('',#3339);
#883=VERTEX_POINT('',#3343);
#884=VERTEX_POINT('',#3347);
#885=VERTEX_POINT('',#3351);
#886=VERTEX_POINT('',#3355);
#887=VERTEX_POINT('',#3359);
#888=VERTEX_POINT('',#3363);
#889=VERTEX_POINT('',#3377);
#890=VERTEX_POINT('',#3378);
#891=VERTEX_POINT('',#3380);
#892=VERTEX_POINT('',#3382);
#893=VERTEX_POINT('',#3386);
#894=VERTEX_POINT('',#3388);
#895=VERTEX_POINT('',#3392);
#896=VERTEX_POINT('',#3394);
#897=VERTEX_POINT('',#3398);
#898=VERTEX_POINT('',#3400);
#899=VERTEX_POINT('',#3404);
#900=VERTEX_POINT('',#3406);
#901=VERTEX_POINT('',#3410);
#902=VERTEX_POINT('',#3412);
#903=VERTEX_POINT('',#3416);
#904=VERTEX_POINT('',#3418);
#905=VERTEX_POINT('',#3422);
#906=VERTEX_POINT('',#3424);
#907=VERTEX_POINT('',#3428);
#908=VERTEX_POINT('',#3430);
#909=VERTEX_POINT('',#3434);
#910=VERTEX_POINT('',#3436);
#911=VERTEX_POINT('',#3440);
#912=VERTEX_POINT('',#3442);
#913=VERTEX_POINT('',#3467);
#914=VERTEX_POINT('',#3468);
#915=VERTEX_POINT('',#3470);
#916=VERTEX_POINT('',#3472);
#917=VERTEX_POINT('',#3515);
#918=VERTEX_POINT('',#3516);
#919=VERTEX_POINT('',#3522);
#920=VERTEX_POINT('',#3581);
#921=VERTEX_POINT('',#3610);
#922=VERTEX_POINT('',#3612);
#923=VERTEX_POINT('',#3650);
#924=VERTEX_POINT('',#3695);
#925=VERTEX_POINT('',#3701);
#926=VERTEX_POINT('',#3709);
#927=VERTEX_POINT('',#3716);
#928=VERTEX_POINT('',#3724);
#929=VERTEX_POINT('',#3769);
#930=VERTEX_POINT('',#3798);
#931=VERTEX_POINT('',#3901);
#932=VERTEX_POINT('',#3903);
#933=VERTEX_POINT('',#3931);
#934=VERTEX_POINT('',#3962);
#935=VERTEX_POINT('',#3975);
#936=VERTEX_POINT('',#4017);
#937=EDGE_CURVE('',#747,#748,#355,.T.);
#938=EDGE_CURVE('',#749,#747,#303,.F.);
#939=EDGE_CURVE('',#750,#749,#356,.T.);
#940=EDGE_CURVE('',#748,#750,#357,.T.);
#941=EDGE_CURVE('',#751,#752,#358,.T.);
#942=EDGE_CURVE('',#751,#753,#359,.F.);
#943=EDGE_CURVE('',#754,#753,#360,.T.);
#944=EDGE_CURVE('',#754,#752,#304,.T.);
#945=EDGE_CURVE('',#748,#751,#361,.T.);
#946=EDGE_CURVE('',#753,#750,#305,.T.);
#947=EDGE_CURVE('',#747,#755,#362,.F.);
#948=EDGE_CURVE('',#755,#756,#306,.F.);
#949=EDGE_CURVE('',#756,#757,#363,.F.);
#950=EDGE_CURVE('',#757,#749,#31,.F.);
#951=EDGE_CURVE('',#754,#758,#32,.F.);
#952=EDGE_CURVE('',#758,#759,#364,.F.);
#953=EDGE_CURVE('',#759,#760,#307,.F.);
#954=EDGE_CURVE('',#760,#752,#365,.F.);
#955=EDGE_CURVE('',#761,#762,#308,.T.);
#956=EDGE_CURVE('',#762,#763,#366,.T.);
#957=EDGE_CURVE('',#763,#763,#309,.F.);
#958=EDGE_CURVE('',#762,#764,#310,.T.);
#959=EDGE_CURVE('',#764,#758,#367,.T.);
#960=EDGE_CURVE('',#757,#765,#368,.T.);
#961=EDGE_CURVE('',#765,#766,#311,.T.);
#962=EDGE_CURVE('',#766,#767,#369,.T.);
#963=EDGE_CURVE('',#768,#767,#33,.F.);
#964=EDGE_CURVE('',#768,#769,#370,.T.);
#965=EDGE_CURVE('',#769,#770,#312,.T.);
#966=EDGE_CURVE('',#770,#771,#371,.T.);
#967=EDGE_CURVE('',#772,#771,#34,.F.);
#968=EDGE_CURVE('',#772,#761,#372,.T.);
#969=EDGE_CURVE('',#773,#774,#313,.T.);
#970=EDGE_CURVE('',#773,#775,#373,.T.);
#971=EDGE_CURVE('',#776,#775,#374,.T.);
#972=EDGE_CURVE('',#774,#776,#375,.F.);
#973=EDGE_CURVE('',#773,#777,#376,.T.);
#974=EDGE_CURVE('',#778,#777,#377,.F.);
#975=EDGE_CURVE('',#775,#778,#378,.T.);
#976=EDGE_CURVE('',#774,#779,#379,.T.);
#977=EDGE_CURVE('',#780,#776,#380,.T.);
#978=EDGE_CURVE('',#780,#779,#381,.T.);
#979=EDGE_CURVE('',#781,#782,#314,.T.);
#980=EDGE_CURVE('',#782,#783,#382,.T.);
#981=EDGE_CURVE('',#783,#783,#315,.F.);
#982=EDGE_CURVE('',#782,#784,#316,.T.);
#983=EDGE_CURVE('',#784,#785,#383,.T.);
#984=EDGE_CURVE('',#786,#785,#35,.F.);
#985=EDGE_CURVE('',#786,#787,#384,.T.);
#986=EDGE_CURVE('',#787,#788,#317,.T.);
#987=EDGE_CURVE('',#788,#789,#385,.T.);
#988=EDGE_CURVE('',#777,#789,#36,.F.);
#989=EDGE_CURVE('',#790,#779,#37,.F.);
#990=EDGE_CURVE('',#791,#790,#386,.T.);
#991=EDGE_CURVE('',#792,#791,#318,.T.);
#992=EDGE_CURVE('',#793,#792,#387,.T.);
#993=EDGE_CURVE('',#794,#793,#38,.F.);
#994=EDGE_CURVE('',#794,#781,#388,.T.);
#995=EDGE_CURVE('',#780,#795,#19,.F.);
#996=EDGE_CURVE('',#796,#795,#389,.T.);
#997=EDGE_CURVE('',#796,#797,#39,.F.);
#998=EDGE_CURVE('',#790,#797,#319,.T.);
#999=EDGE_CURVE('',#789,#768,#40,.F.);
#1000=EDGE_CURVE('',#767,#798,#390,.F.);
#1001=EDGE_CURVE('',#798,#778,#20,.F.);
#1002=EDGE_CURVE('',#798,#799,#391,.T.);
#1003=EDGE_CURVE('',#799,#766,#392,.T.);
#1004=EDGE_CURVE('',#800,#756,#393,.T.);
#1005=EDGE_CURVE('',#765,#800,#394,.T.);
#1006=EDGE_CURVE('',#799,#800,#395,.T.);
#1007=EDGE_CURVE('',#769,#788,#396,.T.);
#1008=EDGE_CURVE('',#771,#786,#41,.F.);
#1009=EDGE_CURVE('',#770,#787,#397,.F.);
#1010=EDGE_CURVE('',#801,#785,#398,.T.);
#1011=EDGE_CURVE('',#801,#802,#21,.F.);
#1012=EDGE_CURVE('',#802,#772,#399,.F.);
#1013=EDGE_CURVE('',#803,#781,#400,.F.);
#1014=EDGE_CURVE('',#804,#803,#401,.T.);
#1015=EDGE_CURVE('',#804,#784,#402,.T.);
#1016=EDGE_CURVE('',#801,#804,#403,.T.);
#1017=EDGE_CURVE('',#794,#805,#404,.T.);
#1018=EDGE_CURVE('',#803,#805,#405,.T.);
#1019=EDGE_CURVE('',#806,#805,#22,.F.);
#1020=EDGE_CURVE('',#807,#806,#406,.T.);
#1021=EDGE_CURVE('',#808,#807,#407,.T.);
#1022=EDGE_CURVE('',#809,#808,#408,.T.);
#1023=EDGE_CURVE('',#810,#809,#320,.F.);
#1024=EDGE_CURVE('',#810,#811,#409,.T.);
#1025=EDGE_CURVE('',#812,#811,#410,.F.);
#1026=EDGE_CURVE('',#812,#760,#411,.T.);
#1027=EDGE_CURVE('',#759,#813,#412,.T.);
#1028=EDGE_CURVE('',#813,#814,#413,.T.);
#1029=EDGE_CURVE('',#814,#802,#414,.T.);
#1030=EDGE_CURVE('',#815,#793,#321,.T.);
#1031=EDGE_CURVE('',#815,#816,#42,.F.);
#1032=EDGE_CURVE('',#806,#816,#415,.T.);
#1033=EDGE_CURVE('',#813,#764,#416,.T.);
#1034=EDGE_CURVE('',#761,#814,#417,.T.);
#1035=EDGE_CURVE('',#817,#818,#418,.T.);
#1036=EDGE_CURVE('',#819,#817,#419,.T.);
#1037=EDGE_CURVE('',#820,#819,#420,.T.);
#1038=EDGE_CURVE('',#821,#820,#43,.F.);
#1039=EDGE_CURVE('',#822,#821,#421,.F.);
#1040=EDGE_CURVE('',#811,#822,#422,.F.);
#1041=EDGE_CURVE('',#818,#810,#423,.F.);
#1042=EDGE_CURVE('',#755,#823,#424,.T.);
#1043=EDGE_CURVE('',#822,#823,#425,.F.);
#1044=EDGE_CURVE('',#824,#821,#322,.F.);
#1045=EDGE_CURVE('',#825,#824,#426,.T.);
#1046=EDGE_CURVE('',#826,#825,#427,.T.);
#1047=EDGE_CURVE('',#795,#826,#428,.T.);
#1048=EDGE_CURVE('',#827,#820,#323,.T.);
#1049=EDGE_CURVE('',#827,#828,#44,.F.);
#1050=EDGE_CURVE('',#824,#828,#429,.T.);
#1051=EDGE_CURVE('',#829,#809,#430,.T.);
#1052=EDGE_CURVE('',#829,#830,#45,.F.);
#1053=EDGE_CURVE('',#818,#830,#324,.T.);
#1054=EDGE_CURVE('',#831,#831,#325,.F.);
#1055=EDGE_CURVE('',#832,#833,#431,.F.);
#1056=EDGE_CURVE('',#832,#834,#432,.T.);
#1057=EDGE_CURVE('',#834,#835,#433,.T.);
#1058=EDGE_CURVE('',#835,#836,#434,.T.);
#1059=EDGE_CURVE('',#837,#836,#435,.F.);
#1060=EDGE_CURVE('',#837,#838,#436,.T.);
#1061=EDGE_CURVE('',#838,#839,#437,.T.);
#1062=EDGE_CURVE('',#839,#840,#438,.T.);
#1063=EDGE_CURVE('',#840,#841,#439,.T.);
#1064=EDGE_CURVE('',#841,#842,#440,.T.);
#1065=EDGE_CURVE('',#842,#843,#441,.T.);
#1066=EDGE_CURVE('',#843,#833,#442,.T.);
#1067=EDGE_CURVE('',#844,#845,#326,.T.);
#1068=EDGE_CURVE('',#816,#844,#443,.T.);
#1069=EDGE_CURVE('',#846,#815,#444,.T.);
#1070=EDGE_CURVE('',#847,#846,#327,.T.);
#1071=EDGE_CURVE('',#797,#847,#445,.T.);
#1072=EDGE_CURVE('',#848,#796,#446,.T.);
#1073=EDGE_CURVE('',#849,#848,#328,.T.);
#1074=EDGE_CURVE('',#828,#849,#447,.T.);
#1075=EDGE_CURVE('',#850,#827,#448,.T.);
#1076=EDGE_CURVE('',#851,#850,#329,.T.);
#1077=EDGE_CURVE('',#830,#851,#449,.T.);
#1078=EDGE_CURVE('',#852,#829,#450,.T.);
#1079=EDGE_CURVE('',#845,#852,#330,.T.);
#1080=EDGE_CURVE('',#845,#831,#451,.T.);
#1081=EDGE_CURVE('',#853,#854,#331,.F.);
#1082=EDGE_CURVE('',#833,#853,#452,.T.);
#1083=EDGE_CURVE('',#843,#854,#453,.T.);
#1084=EDGE_CURVE('',#854,#855,#454,.F.);
#1085=EDGE_CURVE('',#842,#855,#455,.T.);
#1086=EDGE_CURVE('',#856,#853,#456,.F.);
#1087=EDGE_CURVE('',#832,#856,#457,.T.);
#1088=EDGE_CURVE('',#855,#857,#332,.F.);
#1089=EDGE_CURVE('',#841,#857,#458,.T.);
#1090=EDGE_CURVE('',#858,#856,#333,.F.);
#1091=EDGE_CURVE('',#834,#858,#459,.T.);
#1092=EDGE_CURVE('',#857,#859,#460,.F.);
#1093=EDGE_CURVE('',#840,#859,#461,.T.);
#1094=EDGE_CURVE('',#860,#858,#462,.F.);
#1095=EDGE_CURVE('',#835,#860,#463,.T.);
#1096=EDGE_CURVE('',#859,#861,#334,.F.);
#1097=EDGE_CURVE('',#839,#861,#464,.T.);
#1098=EDGE_CURVE('',#862,#860,#335,.F.);
#1099=EDGE_CURVE('',#836,#862,#465,.T.);
#1100=EDGE_CURVE('',#861,#863,#466,.F.);
#1101=EDGE_CURVE('',#838,#863,#467,.T.);
#1102=EDGE_CURVE('',#863,#864,#336,.F.);
#1103=EDGE_CURVE('',#837,#864,#468,.T.);
#1104=EDGE_CURVE('',#864,#862,#469,.F.);
#1105=EDGE_CURVE('',#865,#866,#470,.F.);
#1106=EDGE_CURVE('',#865,#867,#471,.T.);
#1107=EDGE_CURVE('',#867,#868,#472,.T.);
#1108=EDGE_CURVE('',#868,#869,#473,.T.);
#1109=EDGE_CURVE('',#870,#869,#474,.F.);
#1110=EDGE_CURVE('',#870,#871,#475,.T.);
#1111=EDGE_CURVE('',#871,#872,#476,.T.);
#1112=EDGE_CURVE('',#872,#873,#477,.T.);
#1113=EDGE_CURVE('',#873,#874,#478,.T.);
#1114=EDGE_CURVE('',#874,#875,#479,.T.);
#1115=EDGE_CURVE('',#875,#876,#480,.T.);
#1116=EDGE_CURVE('',#876,#866,#481,.T.);
#1117=EDGE_CURVE('',#877,#878,#337,.F.);
#1118=EDGE_CURVE('',#866,#877,#482,.T.);
#1119=EDGE_CURVE('',#876,#878,#483,.T.);
#1120=EDGE_CURVE('',#878,#879,#484,.F.);
#1121=EDGE_CURVE('',#875,#879,#485,.T.);
#1122=EDGE_CURVE('',#880,#877,#486,.F.);
#1123=EDGE_CURVE('',#865,#880,#487,.T.);
#1124=EDGE_CURVE('',#879,#881,#338,.F.);
#1125=EDGE_CURVE('',#874,#881,#488,.T.);
#1126=EDGE_CURVE('',#882,#880,#339,.F.);
#1127=EDGE_CURVE('',#867,#882,#489,.T.);
#1128=EDGE_CURVE('',#881,#883,#490,.F.);
#1129=EDGE_CURVE('',#873,#883,#491,.T.);
#1130=EDGE_CURVE('',#884,#882,#492,.F.);
#1131=EDGE_CURVE('',#868,#884,#493,.T.);
#1132=EDGE_CURVE('',#883,#885,#340,.F.);
#1133=EDGE_CURVE('',#872,#885,#494,.T.);
#1134=EDGE_CURVE('',#886,#884,#341,.F.);
#1135=EDGE_CURVE('',#869,#886,#495,.T.);
#1136=EDGE_CURVE('',#885,#887,#496,.F.);
#1137=EDGE_CURVE('',#871,#887,#497,.T.);
#1138=EDGE_CURVE('',#887,#888,#342,.F.);
#1139=EDGE_CURVE('',#870,#888,#498,.T.);
#1140=EDGE_CURVE('',#888,#886,#499,.F.);
#1141=EDGE_CURVE('',#889,#890,#500,.F.);
#1142=EDGE_CURVE('',#891,#889,#501,.T.);
#1143=EDGE_CURVE('',#891,#892,#502,.F.);
#1144=EDGE_CURVE('',#892,#890,#503,.T.);
#1145=EDGE_CURVE('',#893,#889,#343,.F.);
#1146=EDGE_CURVE('',#894,#893,#504,.T.);
#1147=EDGE_CURVE('',#891,#894,#505,.T.);
#1148=EDGE_CURVE('',#895,#893,#506,.F.);
#1149=EDGE_CURVE('',#896,#895,#507,.T.);
#1150=EDGE_CURVE('',#894,#896,#508,.T.);
#1151=EDGE_CURVE('',#890,#897,#344,.F.);
#1152=EDGE_CURVE('',#898,#892,#509,.T.);
#1153=EDGE_CURVE('',#898,#897,#510,.T.);
#1154=EDGE_CURVE('',#899,#895,#345,.F.);
#1155=EDGE_CURVE('',#900,#899,#511,.T.);
#1156=EDGE_CURVE('',#896,#900,#512,.T.);
#1157=EDGE_CURVE('',#897,#901,#513,.F.);
#1158=EDGE_CURVE('',#902,#898,#514,.T.);
#1159=EDGE_CURVE('',#902,#901,#515,.T.);
#1160=EDGE_CURVE('',#903,#899,#516,.F.);
#1161=EDGE_CURVE('',#904,#903,#517,.T.);
#1162=EDGE_CURVE('',#900,#904,#518,.T.);
#1163=EDGE_CURVE('',#901,#905,#346,.F.);
#1164=EDGE_CURVE('',#906,#902,#519,.T.);
#1165=EDGE_CURVE('',#906,#905,#520,.T.);
#1166=EDGE_CURVE('',#907,#903,#347,.F.);
#1167=EDGE_CURVE('',#908,#907,#521,.T.);
#1168=EDGE_CURVE('',#904,#908,#522,.T.);
#1169=EDGE_CURVE('',#905,#909,#523,.F.);
#1170=EDGE_CURVE('',#906,#910,#524,.F.);
#1171=EDGE_CURVE('',#910,#909,#525,.T.);
#1172=EDGE_CURVE('',#911,#907,#526,.F.);
#1173=EDGE_CURVE('',#912,#911,#527,.T.);
#1174=EDGE_CURVE('',#908,#912,#528,.T.);
#1175=EDGE_CURVE('',#909,#911,#348,.F.);
#1176=EDGE_CURVE('',#912,#910,#529,.T.);
#1177=EDGE_CURVE('',#823,#812,#530,.T.);
#1178=EDGE_CURVE('',#913,#914,#531,.T.);
#1179=EDGE_CURVE('',#915,#914,#532,.T.);
#1180=EDGE_CURVE('',#916,#915,#533,.T.);
#1181=EDGE_CURVE('',#913,#916,#46,.T.);
#1182=EDGE_CURVE('',#917,#918,#47,.T.);
#1183=EDGE_CURVE('',#918,#919,#48,.T.);
#1184=EDGE_CURVE('',#919,#920,#349,.T.);
#1185=EDGE_CURVE('',#920,#917,#49,.T.);
#1186=EDGE_CURVE('',#919,#921,#23,.T.);
#1187=EDGE_CURVE('',#921,#922,#350,.T.);
#1188=EDGE_CURVE('',#922,#920,#24,.T.);
#1189=EDGE_CURVE('',#923,#913,#50,.T.);
#1190=EDGE_CURVE('',#923,#922,#51,.T.);
#1191=EDGE_CURVE('',#921,#913,#52,.T.);
#1192=EDGE_CURVE('',#917,#924,#53,.T.);
#1193=EDGE_CURVE('',#925,#924,#351,.T.);
#1194=EDGE_CURVE('',#925,#918,#54,.T.);
#1195=EDGE_CURVE('',#926,#923,#55,.T.);
#1196=EDGE_CURVE('',#927,#926,#56,.T.);
#1197=EDGE_CURVE('',#928,#927,#25,.T.);
#1198=EDGE_CURVE('',#924,#928,#57,.T.);
#1199=EDGE_CURVE('',#926,#916,#352,.T.);
#1200=EDGE_CURVE('',#916,#929,#58,.T.);
#1201=EDGE_CURVE('',#929,#927,#353,.T.);
#1202=EDGE_CURVE('',#929,#930,#26,.T.);
#1203=EDGE_CURVE('',#930,#928,#354,.T.);
#1204=EDGE_CURVE('',#930,#925,#59,.T.);
#1205=EDGE_CURVE('',#919,#931,#534,.T.);
#1206=EDGE_CURVE('',#918,#932,#535,.T.);
#1207=EDGE_CURVE('',#931,#932,#60,.T.);
#1208=EDGE_CURVE('',#932,#933,#536,.T.);
#1209=EDGE_CURVE('',#925,#933,#537,.T.);
#1210=EDGE_CURVE('',#930,#934,#538,.T.);
#1211=EDGE_CURVE('',#933,#934,#61,.T.);
#1212=EDGE_CURVE('',#934,#935,#539,.T.);
#1213=EDGE_CURVE('',#929,#935,#540,.T.);
#1214=EDGE_CURVE('',#935,#915,#62,.T.);
#1215=EDGE_CURVE('',#914,#936,#63,.T.);
#1216=EDGE_CURVE('',#936,#931,#541,.T.);
#1217=EDGE_CURVE('',#921,#936,#542,.T.);
#1218=EDGE_CURVE('',#826,#848,#543,.T.);
#1219=EDGE_CURVE('',#849,#825,#544,.T.);
#1220=EDGE_CURVE('',#851,#817,#545,.T.);
#1221=EDGE_CURVE('',#850,#819,#546,.F.);
#1222=EDGE_CURVE('',#808,#852,#547,.T.);
#1223=EDGE_CURVE('',#844,#807,#548,.T.);
#1224=EDGE_CURVE('',#791,#847,#549,.F.);
#1225=EDGE_CURVE('',#792,#846,#550,.T.);
#1226=ORIENTED_EDGE('',*,*,#937,.F.);
#1227=ORIENTED_EDGE('',*,*,#938,.F.);
#1228=ORIENTED_EDGE('',*,*,#939,.F.);
#1229=ORIENTED_EDGE('',*,*,#940,.F.);
#1230=ORIENTED_EDGE('',*,*,#941,.F.);
#1231=ORIENTED_EDGE('',*,*,#942,.T.);
#1232=ORIENTED_EDGE('',*,*,#943,.F.);
#1233=ORIENTED_EDGE('',*,*,#944,.T.);
#1234=ORIENTED_EDGE('',*,*,#945,.F.);
#1235=ORIENTED_EDGE('',*,*,#940,.T.);
#1236=ORIENTED_EDGE('',*,*,#946,.F.);
#1237=ORIENTED_EDGE('',*,*,#942,.F.);
#1238=ORIENTED_EDGE('',*,*,#938,.T.);
#1239=ORIENTED_EDGE('',*,*,#947,.T.);
#1240=ORIENTED_EDGE('',*,*,#948,.T.);
#1241=ORIENTED_EDGE('',*,*,#949,.T.);
#1242=ORIENTED_EDGE('',*,*,#950,.T.);
#1243=ORIENTED_EDGE('',*,*,#944,.F.);
#1244=ORIENTED_EDGE('',*,*,#951,.T.);
#1245=ORIENTED_EDGE('',*,*,#952,.T.);
#1246=ORIENTED_EDGE('',*,*,#953,.T.);
#1247=ORIENTED_EDGE('',*,*,#954,.T.);
#1248=ORIENTED_EDGE('',*,*,#955,.T.);
#1249=ORIENTED_EDGE('',*,*,#956,.T.);
#1250=ORIENTED_EDGE('',*,*,#957,.T.);
#1251=ORIENTED_EDGE('',*,*,#956,.F.);
#1252=ORIENTED_EDGE('',*,*,#958,.T.);
#1253=ORIENTED_EDGE('',*,*,#959,.T.);
#1254=ORIENTED_EDGE('',*,*,#951,.F.);
#1255=ORIENTED_EDGE('',*,*,#943,.T.);
#1256=ORIENTED_EDGE('',*,*,#946,.T.);
#1257=ORIENTED_EDGE('',*,*,#939,.T.);
#1258=ORIENTED_EDGE('',*,*,#950,.F.);
#1259=ORIENTED_EDGE('',*,*,#960,.T.);
#1260=ORIENTED_EDGE('',*,*,#961,.T.);
#1261=ORIENTED_EDGE('',*,*,#962,.T.);
#1262=ORIENTED_EDGE('',*,*,#963,.F.);
#1263=ORIENTED_EDGE('',*,*,#964,.T.);
#1264=ORIENTED_EDGE('',*,*,#965,.T.);
#1265=ORIENTED_EDGE('',*,*,#966,.T.);
#1266=ORIENTED_EDGE('',*,*,#967,.F.);
#1267=ORIENTED_EDGE('',*,*,#968,.T.);
#1268=ORIENTED_EDGE('',*,*,#969,.F.);
#1269=ORIENTED_EDGE('',*,*,#970,.T.);
#1270=ORIENTED_EDGE('',*,*,#971,.F.);
#1271=ORIENTED_EDGE('',*,*,#972,.F.);
#1272=ORIENTED_EDGE('',*,*,#973,.T.);
#1273=ORIENTED_EDGE('',*,*,#974,.F.);
#1274=ORIENTED_EDGE('',*,*,#975,.F.);
#1275=ORIENTED_EDGE('',*,*,#970,.F.);
#1276=ORIENTED_EDGE('',*,*,#976,.F.);
#1277=ORIENTED_EDGE('',*,*,#972,.T.);
#1278=ORIENTED_EDGE('',*,*,#977,.F.);
#1279=ORIENTED_EDGE('',*,*,#978,.T.);
#1280=ORIENTED_EDGE('',*,*,#979,.T.);
#1281=ORIENTED_EDGE('',*,*,#980,.T.);
#1282=ORIENTED_EDGE('',*,*,#981,.T.);
#1283=ORIENTED_EDGE('',*,*,#980,.F.);
#1284=ORIENTED_EDGE('',*,*,#982,.T.);
#1285=ORIENTED_EDGE('',*,*,#983,.T.);
#1286=ORIENTED_EDGE('',*,*,#984,.F.);
#1287=ORIENTED_EDGE('',*,*,#985,.T.);
#1288=ORIENTED_EDGE('',*,*,#986,.T.);
#1289=ORIENTED_EDGE('',*,*,#987,.T.);
#1290=ORIENTED_EDGE('',*,*,#988,.F.);
#1291=ORIENTED_EDGE('',*,*,#973,.F.);
#1292=ORIENTED_EDGE('',*,*,#969,.T.);
#1293=ORIENTED_EDGE('',*,*,#976,.T.);
#1294=ORIENTED_EDGE('',*,*,#989,.F.);
#1295=ORIENTED_EDGE('',*,*,#990,.F.);
#1296=ORIENTED_EDGE('',*,*,#991,.F.);
#1297=ORIENTED_EDGE('',*,*,#992,.F.);
#1298=ORIENTED_EDGE('',*,*,#993,.F.);
#1299=ORIENTED_EDGE('',*,*,#994,.T.);
#1300=ORIENTED_EDGE('',*,*,#978,.F.);
#1301=ORIENTED_EDGE('',*,*,#995,.T.);
#1302=ORIENTED_EDGE('',*,*,#996,.F.);
#1303=ORIENTED_EDGE('',*,*,#997,.T.);
#1304=ORIENTED_EDGE('',*,*,#998,.F.);
#1305=ORIENTED_EDGE('',*,*,#989,.T.);
#1306=ORIENTED_EDGE('',*,*,#974,.T.);
#1307=ORIENTED_EDGE('',*,*,#988,.T.);
#1308=ORIENTED_EDGE('',*,*,#999,.T.);
#1309=ORIENTED_EDGE('',*,*,#963,.T.);
#1310=ORIENTED_EDGE('',*,*,#1000,.T.);
#1311=ORIENTED_EDGE('',*,*,#1001,.T.);
#1312=ORIENTED_EDGE('',*,*,#1002,.F.);
#1313=ORIENTED_EDGE('',*,*,#1000,.F.);
#1314=ORIENTED_EDGE('',*,*,#962,.F.);
#1315=ORIENTED_EDGE('',*,*,#1003,.F.);
#1316=ORIENTED_EDGE('',*,*,#1004,.F.);
#1317=ORIENTED_EDGE('',*,*,#1005,.F.);
#1318=ORIENTED_EDGE('',*,*,#960,.F.);
#1319=ORIENTED_EDGE('',*,*,#949,.F.);
#1320=ORIENTED_EDGE('',*,*,#1006,.F.);
#1321=ORIENTED_EDGE('',*,*,#1003,.T.);
#1322=ORIENTED_EDGE('',*,*,#961,.F.);
#1323=ORIENTED_EDGE('',*,*,#1005,.T.);
#1324=ORIENTED_EDGE('',*,*,#987,.F.);
#1325=ORIENTED_EDGE('',*,*,#1007,.F.);
#1326=ORIENTED_EDGE('',*,*,#964,.F.);
#1327=ORIENTED_EDGE('',*,*,#999,.F.);
#1328=ORIENTED_EDGE('',*,*,#985,.F.);
#1329=ORIENTED_EDGE('',*,*,#1008,.F.);
#1330=ORIENTED_EDGE('',*,*,#966,.F.);
#1331=ORIENTED_EDGE('',*,*,#1009,.T.);
#1332=ORIENTED_EDGE('',*,*,#986,.F.);
#1333=ORIENTED_EDGE('',*,*,#1009,.F.);
#1334=ORIENTED_EDGE('',*,*,#965,.F.);
#1335=ORIENTED_EDGE('',*,*,#1007,.T.);
#1336=ORIENTED_EDGE('',*,*,#1008,.T.);
#1337=ORIENTED_EDGE('',*,*,#984,.T.);
#1338=ORIENTED_EDGE('',*,*,#1010,.F.);
#1339=ORIENTED_EDGE('',*,*,#1011,.T.);
#1340=ORIENTED_EDGE('',*,*,#1012,.T.);
#1341=ORIENTED_EDGE('',*,*,#967,.T.);
#1342=ORIENTED_EDGE('',*,*,#979,.F.);
#1343=ORIENTED_EDGE('',*,*,#1013,.F.);
#1344=ORIENTED_EDGE('',*,*,#1014,.F.);
#1345=ORIENTED_EDGE('',*,*,#1015,.T.);
#1346=ORIENTED_EDGE('',*,*,#982,.F.);
#1347=ORIENTED_EDGE('',*,*,#983,.F.);
#1348=ORIENTED_EDGE('',*,*,#1015,.F.);
#1349=ORIENTED_EDGE('',*,*,#1016,.F.);
#1350=ORIENTED_EDGE('',*,*,#1010,.T.);
#1351=ORIENTED_EDGE('',*,*,#994,.F.);
#1352=ORIENTED_EDGE('',*,*,#1017,.T.);
#1353=ORIENTED_EDGE('',*,*,#1018,.F.);
#1354=ORIENTED_EDGE('',*,*,#1013,.T.);
#1355=ORIENTED_EDGE('',*,*,#1016,.T.);
#1356=ORIENTED_EDGE('',*,*,#1014,.T.);
#1357=ORIENTED_EDGE('',*,*,#1018,.T.);
#1358=ORIENTED_EDGE('',*,*,#1019,.F.);
#1359=ORIENTED_EDGE('',*,*,#1020,.F.);
#1360=ORIENTED_EDGE('',*,*,#1021,.F.);
#1361=ORIENTED_EDGE('',*,*,#1022,.F.);
#1362=ORIENTED_EDGE('',*,*,#1023,.F.);
#1363=ORIENTED_EDGE('',*,*,#1024,.T.);
#1364=ORIENTED_EDGE('',*,*,#1025,.F.);
#1365=ORIENTED_EDGE('',*,*,#1026,.T.);
#1366=ORIENTED_EDGE('',*,*,#953,.F.);
#1367=ORIENTED_EDGE('',*,*,#1027,.T.);
#1368=ORIENTED_EDGE('',*,*,#1028,.T.);
#1369=ORIENTED_EDGE('',*,*,#1029,.T.);
#1370=ORIENTED_EDGE('',*,*,#1011,.F.);
#1371=ORIENTED_EDGE('',*,*,#1017,.F.);
#1372=ORIENTED_EDGE('',*,*,#993,.T.);
#1373=ORIENTED_EDGE('',*,*,#1030,.F.);
#1374=ORIENTED_EDGE('',*,*,#1031,.T.);
#1375=ORIENTED_EDGE('',*,*,#1032,.F.);
#1376=ORIENTED_EDGE('',*,*,#1019,.T.);
#1377=ORIENTED_EDGE('',*,*,#1028,.F.);
#1378=ORIENTED_EDGE('',*,*,#1033,.T.);
#1379=ORIENTED_EDGE('',*,*,#958,.F.);
#1380=ORIENTED_EDGE('',*,*,#955,.F.);
#1381=ORIENTED_EDGE('',*,*,#1034,.T.);
#1382=ORIENTED_EDGE('',*,*,#1029,.F.);
#1383=ORIENTED_EDGE('',*,*,#1034,.F.);
#1384=ORIENTED_EDGE('',*,*,#968,.F.);
#1385=ORIENTED_EDGE('',*,*,#1012,.F.);
#1386=ORIENTED_EDGE('',*,*,#1027,.F.);
#1387=ORIENTED_EDGE('',*,*,#952,.F.);
#1388=ORIENTED_EDGE('',*,*,#959,.F.);
#1389=ORIENTED_EDGE('',*,*,#1033,.F.);
#1390=ORIENTED_EDGE('',*,*,#1035,.F.);
#1391=ORIENTED_EDGE('',*,*,#1036,.F.);
#1392=ORIENTED_EDGE('',*,*,#1037,.F.);
#1393=ORIENTED_EDGE('',*,*,#1038,.F.);
#1394=ORIENTED_EDGE('',*,*,#1039,.F.);
#1395=ORIENTED_EDGE('',*,*,#1040,.F.);
#1396=ORIENTED_EDGE('',*,*,#1024,.F.);
#1397=ORIENTED_EDGE('',*,*,#1041,.F.);
#1398=ORIENTED_EDGE('',*,*,#975,.T.);
#1399=ORIENTED_EDGE('',*,*,#1001,.F.);
#1400=ORIENTED_EDGE('',*,*,#1002,.T.);
#1401=ORIENTED_EDGE('',*,*,#1006,.T.);
#1402=ORIENTED_EDGE('',*,*,#1004,.T.);
#1403=ORIENTED_EDGE('',*,*,#948,.F.);
#1404=ORIENTED_EDGE('',*,*,#1042,.T.);
#1405=ORIENTED_EDGE('',*,*,#1043,.F.);
#1406=ORIENTED_EDGE('',*,*,#1039,.T.);
#1407=ORIENTED_EDGE('',*,*,#1044,.F.);
#1408=ORIENTED_EDGE('',*,*,#1045,.F.);
#1409=ORIENTED_EDGE('',*,*,#1046,.F.);
#1410=ORIENTED_EDGE('',*,*,#1047,.F.);
#1411=ORIENTED_EDGE('',*,*,#995,.F.);
#1412=ORIENTED_EDGE('',*,*,#977,.T.);
#1413=ORIENTED_EDGE('',*,*,#971,.T.);
#1414=ORIENTED_EDGE('',*,*,#1048,.F.);
#1415=ORIENTED_EDGE('',*,*,#1049,.T.);
#1416=ORIENTED_EDGE('',*,*,#1050,.F.);
#1417=ORIENTED_EDGE('',*,*,#1044,.T.);
#1418=ORIENTED_EDGE('',*,*,#1038,.T.);
#1419=ORIENTED_EDGE('',*,*,#1051,.F.);
#1420=ORIENTED_EDGE('',*,*,#1052,.T.);
#1421=ORIENTED_EDGE('',*,*,#1053,.F.);
#1422=ORIENTED_EDGE('',*,*,#1041,.T.);
#1423=ORIENTED_EDGE('',*,*,#1023,.T.);
#1424=ORIENTED_EDGE('',*,*,#1054,.F.);
#1425=ORIENTED_EDGE('',*,*,#1055,.F.);
#1426=ORIENTED_EDGE('',*,*,#1056,.T.);
#1427=ORIENTED_EDGE('',*,*,#1057,.T.);
#1428=ORIENTED_EDGE('',*,*,#1058,.T.);
#1429=ORIENTED_EDGE('',*,*,#1059,.F.);
#1430=ORIENTED_EDGE('',*,*,#1060,.T.);
#1431=ORIENTED_EDGE('',*,*,#1061,.T.);
#1432=ORIENTED_EDGE('',*,*,#1062,.T.);
#1433=ORIENTED_EDGE('',*,*,#1063,.T.);
#1434=ORIENTED_EDGE('',*,*,#1064,.T.);
#1435=ORIENTED_EDGE('',*,*,#1065,.T.);
#1436=ORIENTED_EDGE('',*,*,#1066,.T.);
#1437=ORIENTED_EDGE('',*,*,#1067,.F.);
#1438=ORIENTED_EDGE('',*,*,#1068,.F.);
#1439=ORIENTED_EDGE('',*,*,#1031,.F.);
#1440=ORIENTED_EDGE('',*,*,#1069,.F.);
#1441=ORIENTED_EDGE('',*,*,#1070,.F.);
#1442=ORIENTED_EDGE('',*,*,#1071,.F.);
#1443=ORIENTED_EDGE('',*,*,#997,.F.);
#1444=ORIENTED_EDGE('',*,*,#1072,.F.);
#1445=ORIENTED_EDGE('',*,*,#1073,.F.);
#1446=ORIENTED_EDGE('',*,*,#1074,.F.);
#1447=ORIENTED_EDGE('',*,*,#1049,.F.);
#1448=ORIENTED_EDGE('',*,*,#1075,.F.);
#1449=ORIENTED_EDGE('',*,*,#1076,.F.);
#1450=ORIENTED_EDGE('',*,*,#1077,.F.);
#1451=ORIENTED_EDGE('',*,*,#1052,.F.);
#1452=ORIENTED_EDGE('',*,*,#1078,.F.);
#1453=ORIENTED_EDGE('',*,*,#1079,.F.);
#1454=ORIENTED_EDGE('',*,*,#1080,.T.);
#1455=ORIENTED_EDGE('',*,*,#1054,.T.);
#1456=ORIENTED_EDGE('',*,*,#1080,.F.);
#1457=ORIENTED_EDGE('',*,*,#1081,.F.);
#1458=ORIENTED_EDGE('',*,*,#1082,.F.);
#1459=ORIENTED_EDGE('',*,*,#1066,.F.);
#1460=ORIENTED_EDGE('',*,*,#1083,.T.);
#1461=ORIENTED_EDGE('',*,*,#1084,.F.);
#1462=ORIENTED_EDGE('',*,*,#1083,.F.);
#1463=ORIENTED_EDGE('',*,*,#1065,.F.);
#1464=ORIENTED_EDGE('',*,*,#1085,.T.);
#1465=ORIENTED_EDGE('',*,*,#1086,.F.);
#1466=ORIENTED_EDGE('',*,*,#1087,.F.);
#1467=ORIENTED_EDGE('',*,*,#1055,.T.);
#1468=ORIENTED_EDGE('',*,*,#1082,.T.);
#1469=ORIENTED_EDGE('',*,*,#1088,.F.);
#1470=ORIENTED_EDGE('',*,*,#1085,.F.);
#1471=ORIENTED_EDGE('',*,*,#1064,.F.);
#1472=ORIENTED_EDGE('',*,*,#1089,.T.);
#1473=ORIENTED_EDGE('',*,*,#1090,.F.);
#1474=ORIENTED_EDGE('',*,*,#1091,.F.);
#1475=ORIENTED_EDGE('',*,*,#1056,.F.);
#1476=ORIENTED_EDGE('',*,*,#1087,.T.);
#1477=ORIENTED_EDGE('',*,*,#1092,.F.);
#1478=ORIENTED_EDGE('',*,*,#1089,.F.);
#1479=ORIENTED_EDGE('',*,*,#1063,.F.);
#1480=ORIENTED_EDGE('',*,*,#1093,.T.);
#1481=ORIENTED_EDGE('',*,*,#1094,.F.);
#1482=ORIENTED_EDGE('',*,*,#1095,.F.);
#1483=ORIENTED_EDGE('',*,*,#1057,.F.);
#1484=ORIENTED_EDGE('',*,*,#1091,.T.);
#1485=ORIENTED_EDGE('',*,*,#1096,.F.);
#1486=ORIENTED_EDGE('',*,*,#1093,.F.);
#1487=ORIENTED_EDGE('',*,*,#1062,.F.);
#1488=ORIENTED_EDGE('',*,*,#1097,.T.);
#1489=ORIENTED_EDGE('',*,*,#1098,.F.);
#1490=ORIENTED_EDGE('',*,*,#1099,.F.);
#1491=ORIENTED_EDGE('',*,*,#1058,.F.);
#1492=ORIENTED_EDGE('',*,*,#1095,.T.);
#1493=ORIENTED_EDGE('',*,*,#1100,.F.);
#1494=ORIENTED_EDGE('',*,*,#1097,.F.);
#1495=ORIENTED_EDGE('',*,*,#1061,.F.);
#1496=ORIENTED_EDGE('',*,*,#1101,.T.);
#1497=ORIENTED_EDGE('',*,*,#1102,.F.);
#1498=ORIENTED_EDGE('',*,*,#1101,.F.);
#1499=ORIENTED_EDGE('',*,*,#1060,.F.);
#1500=ORIENTED_EDGE('',*,*,#1103,.T.);
#1501=ORIENTED_EDGE('',*,*,#1104,.F.);
#1502=ORIENTED_EDGE('',*,*,#1103,.F.);
#1503=ORIENTED_EDGE('',*,*,#1059,.T.);
#1504=ORIENTED_EDGE('',*,*,#1099,.T.);
#1505=ORIENTED_EDGE('',*,*,#1081,.T.);
#1506=ORIENTED_EDGE('',*,*,#1084,.T.);
#1507=ORIENTED_EDGE('',*,*,#1088,.T.);
#1508=ORIENTED_EDGE('',*,*,#1092,.T.);
#1509=ORIENTED_EDGE('',*,*,#1096,.T.);
#1510=ORIENTED_EDGE('',*,*,#1100,.T.);
#1511=ORIENTED_EDGE('',*,*,#1102,.T.);
#1512=ORIENTED_EDGE('',*,*,#1104,.T.);
#1513=ORIENTED_EDGE('',*,*,#1098,.T.);
#1514=ORIENTED_EDGE('',*,*,#1094,.T.);
#1515=ORIENTED_EDGE('',*,*,#1090,.T.);
#1516=ORIENTED_EDGE('',*,*,#1086,.T.);
#1517=ORIENTED_EDGE('',*,*,#981,.F.);
#1518=ORIENTED_EDGE('',*,*,#1105,.F.);
#1519=ORIENTED_EDGE('',*,*,#1106,.T.);
#1520=ORIENTED_EDGE('',*,*,#1107,.T.);
#1521=ORIENTED_EDGE('',*,*,#1108,.T.);
#1522=ORIENTED_EDGE('',*,*,#1109,.F.);
#1523=ORIENTED_EDGE('',*,*,#1110,.T.);
#1524=ORIENTED_EDGE('',*,*,#1111,.T.);
#1525=ORIENTED_EDGE('',*,*,#1112,.T.);
#1526=ORIENTED_EDGE('',*,*,#1113,.T.);
#1527=ORIENTED_EDGE('',*,*,#1114,.T.);
#1528=ORIENTED_EDGE('',*,*,#1115,.T.);
#1529=ORIENTED_EDGE('',*,*,#1116,.T.);
#1530=ORIENTED_EDGE('',*,*,#1117,.F.);
#1531=ORIENTED_EDGE('',*,*,#1118,.F.);
#1532=ORIENTED_EDGE('',*,*,#1116,.F.);
#1533=ORIENTED_EDGE('',*,*,#1119,.T.);
#1534=ORIENTED_EDGE('',*,*,#1120,.F.);
#1535=ORIENTED_EDGE('',*,*,#1119,.F.);
#1536=ORIENTED_EDGE('',*,*,#1115,.F.);
#1537=ORIENTED_EDGE('',*,*,#1121,.T.);
#1538=ORIENTED_EDGE('',*,*,#1122,.F.);
#1539=ORIENTED_EDGE('',*,*,#1123,.F.);
#1540=ORIENTED_EDGE('',*,*,#1105,.T.);
#1541=ORIENTED_EDGE('',*,*,#1118,.T.);
#1542=ORIENTED_EDGE('',*,*,#1124,.F.);
#1543=ORIENTED_EDGE('',*,*,#1121,.F.);
#1544=ORIENTED_EDGE('',*,*,#1114,.F.);
#1545=ORIENTED_EDGE('',*,*,#1125,.T.);
#1546=ORIENTED_EDGE('',*,*,#1126,.F.);
#1547=ORIENTED_EDGE('',*,*,#1127,.F.);
#1548=ORIENTED_EDGE('',*,*,#1106,.F.);
#1549=ORIENTED_EDGE('',*,*,#1123,.T.);
#1550=ORIENTED_EDGE('',*,*,#1128,.F.);
#1551=ORIENTED_EDGE('',*,*,#1125,.F.);
#1552=ORIENTED_EDGE('',*,*,#1113,.F.);
#1553=ORIENTED_EDGE('',*,*,#1129,.T.);
#1554=ORIENTED_EDGE('',*,*,#1130,.F.);
#1555=ORIENTED_EDGE('',*,*,#1131,.F.);
#1556=ORIENTED_EDGE('',*,*,#1107,.F.);
#1557=ORIENTED_EDGE('',*,*,#1127,.T.);
#1558=ORIENTED_EDGE('',*,*,#1132,.F.);
#1559=ORIENTED_EDGE('',*,*,#1129,.F.);
#1560=ORIENTED_EDGE('',*,*,#1112,.F.);
#1561=ORIENTED_EDGE('',*,*,#1133,.T.);
#1562=ORIENTED_EDGE('',*,*,#1134,.F.);
#1563=ORIENTED_EDGE('',*,*,#1135,.F.);
#1564=ORIENTED_EDGE('',*,*,#1108,.F.);
#1565=ORIENTED_EDGE('',*,*,#1131,.T.);
#1566=ORIENTED_EDGE('',*,*,#1136,.F.);
#1567=ORIENTED_EDGE('',*,*,#1133,.F.);
#1568=ORIENTED_EDGE('',*,*,#1111,.F.);
#1569=ORIENTED_EDGE('',*,*,#1137,.T.);
#1570=ORIENTED_EDGE('',*,*,#1138,.F.);
#1571=ORIENTED_EDGE('',*,*,#1137,.F.);
#1572=ORIENTED_EDGE('',*,*,#1110,.F.);
#1573=ORIENTED_EDGE('',*,*,#1139,.T.);
#1574=ORIENTED_EDGE('',*,*,#1140,.F.);
#1575=ORIENTED_EDGE('',*,*,#1139,.F.);
#1576=ORIENTED_EDGE('',*,*,#1109,.T.);
#1577=ORIENTED_EDGE('',*,*,#1135,.T.);
#1578=ORIENTED_EDGE('',*,*,#1117,.T.);
#1579=ORIENTED_EDGE('',*,*,#1120,.T.);
#1580=ORIENTED_EDGE('',*,*,#1124,.T.);
#1581=ORIENTED_EDGE('',*,*,#1128,.T.);
#1582=ORIENTED_EDGE('',*,*,#1132,.T.);
#1583=ORIENTED_EDGE('',*,*,#1136,.T.);
#1584=ORIENTED_EDGE('',*,*,#1138,.T.);
#1585=ORIENTED_EDGE('',*,*,#1140,.T.);
#1586=ORIENTED_EDGE('',*,*,#1134,.T.);
#1587=ORIENTED_EDGE('',*,*,#1130,.T.);
#1588=ORIENTED_EDGE('',*,*,#1126,.T.);
#1589=ORIENTED_EDGE('',*,*,#1122,.T.);
#1590=ORIENTED_EDGE('',*,*,#1141,.F.);
#1591=ORIENTED_EDGE('',*,*,#1142,.F.);
#1592=ORIENTED_EDGE('',*,*,#1143,.T.);
#1593=ORIENTED_EDGE('',*,*,#1144,.T.);
#1594=ORIENTED_EDGE('',*,*,#1145,.F.);
#1595=ORIENTED_EDGE('',*,*,#1146,.F.);
#1596=ORIENTED_EDGE('',*,*,#1147,.F.);
#1597=ORIENTED_EDGE('',*,*,#1142,.T.);
#1598=ORIENTED_EDGE('',*,*,#1148,.F.);
#1599=ORIENTED_EDGE('',*,*,#1149,.F.);
#1600=ORIENTED_EDGE('',*,*,#1150,.F.);
#1601=ORIENTED_EDGE('',*,*,#1146,.T.);
#1602=ORIENTED_EDGE('',*,*,#1151,.F.);
#1603=ORIENTED_EDGE('',*,*,#1144,.F.);
#1604=ORIENTED_EDGE('',*,*,#1152,.F.);
#1605=ORIENTED_EDGE('',*,*,#1153,.T.);
#1606=ORIENTED_EDGE('',*,*,#1154,.F.);
#1607=ORIENTED_EDGE('',*,*,#1155,.F.);
#1608=ORIENTED_EDGE('',*,*,#1156,.F.);
#1609=ORIENTED_EDGE('',*,*,#1149,.T.);
#1610=ORIENTED_EDGE('',*,*,#1157,.F.);
#1611=ORIENTED_EDGE('',*,*,#1153,.F.);
#1612=ORIENTED_EDGE('',*,*,#1158,.F.);
#1613=ORIENTED_EDGE('',*,*,#1159,.T.);
#1614=ORIENTED_EDGE('',*,*,#1160,.F.);
#1615=ORIENTED_EDGE('',*,*,#1161,.F.);
#1616=ORIENTED_EDGE('',*,*,#1162,.F.);
#1617=ORIENTED_EDGE('',*,*,#1155,.T.);
#1618=ORIENTED_EDGE('',*,*,#1163,.F.);
#1619=ORIENTED_EDGE('',*,*,#1159,.F.);
#1620=ORIENTED_EDGE('',*,*,#1164,.F.);
#1621=ORIENTED_EDGE('',*,*,#1165,.T.);
#1622=ORIENTED_EDGE('',*,*,#1166,.F.);
#1623=ORIENTED_EDGE('',*,*,#1167,.F.);
#1624=ORIENTED_EDGE('',*,*,#1168,.F.);
#1625=ORIENTED_EDGE('',*,*,#1161,.T.);
#1626=ORIENTED_EDGE('',*,*,#1169,.F.);
#1627=ORIENTED_EDGE('',*,*,#1165,.F.);
#1628=ORIENTED_EDGE('',*,*,#1170,.T.);
#1629=ORIENTED_EDGE('',*,*,#1171,.T.);
#1630=ORIENTED_EDGE('',*,*,#1172,.F.);
#1631=ORIENTED_EDGE('',*,*,#1173,.F.);
#1632=ORIENTED_EDGE('',*,*,#1174,.F.);
#1633=ORIENTED_EDGE('',*,*,#1167,.T.);
#1634=ORIENTED_EDGE('',*,*,#1175,.F.);
#1635=ORIENTED_EDGE('',*,*,#1171,.F.);
#1636=ORIENTED_EDGE('',*,*,#1176,.F.);
#1637=ORIENTED_EDGE('',*,*,#1173,.T.);
#1638=ORIENTED_EDGE('',*,*,#957,.F.);
#1639=ORIENTED_EDGE('',*,*,#1170,.F.);
#1640=ORIENTED_EDGE('',*,*,#1164,.T.);
#1641=ORIENTED_EDGE('',*,*,#1158,.T.);
#1642=ORIENTED_EDGE('',*,*,#1152,.T.);
#1643=ORIENTED_EDGE('',*,*,#1143,.F.);
#1644=ORIENTED_EDGE('',*,*,#1147,.T.);
#1645=ORIENTED_EDGE('',*,*,#1150,.T.);
#1646=ORIENTED_EDGE('',*,*,#1156,.T.);
#1647=ORIENTED_EDGE('',*,*,#1162,.T.);
#1648=ORIENTED_EDGE('',*,*,#1168,.T.);
#1649=ORIENTED_EDGE('',*,*,#1174,.T.);
#1650=ORIENTED_EDGE('',*,*,#1176,.T.);
#1651=ORIENTED_EDGE('',*,*,#941,.T.);
#1652=ORIENTED_EDGE('',*,*,#954,.F.);
#1653=ORIENTED_EDGE('',*,*,#1026,.F.);
#1654=ORIENTED_EDGE('',*,*,#1177,.F.);
#1655=ORIENTED_EDGE('',*,*,#1042,.F.);
#1656=ORIENTED_EDGE('',*,*,#947,.F.);
#1657=ORIENTED_EDGE('',*,*,#937,.T.);
#1658=ORIENTED_EDGE('',*,*,#945,.T.);
#1659=ORIENTED_EDGE('',*,*,#1178,.T.);
#1660=ORIENTED_EDGE('',*,*,#1179,.F.);
#1661=ORIENTED_EDGE('',*,*,#1180,.F.);
#1662=ORIENTED_EDGE('',*,*,#1181,.F.);
#1663=ORIENTED_EDGE('',*,*,#1182,.T.);
#1664=ORIENTED_EDGE('',*,*,#1183,.T.);
#1665=ORIENTED_EDGE('',*,*,#1184,.T.);
#1666=ORIENTED_EDGE('',*,*,#1185,.T.);
#1667=ORIENTED_EDGE('',*,*,#1184,.F.);
#1668=ORIENTED_EDGE('',*,*,#1186,.T.);
#1669=ORIENTED_EDGE('',*,*,#1187,.T.);
#1670=ORIENTED_EDGE('',*,*,#1188,.T.);
#1671=ORIENTED_EDGE('',*,*,#1189,.F.);
#1672=ORIENTED_EDGE('',*,*,#1190,.T.);
#1673=ORIENTED_EDGE('',*,*,#1187,.F.);
#1674=ORIENTED_EDGE('',*,*,#1191,.T.);
#1675=ORIENTED_EDGE('',*,*,#1182,.F.);
#1676=ORIENTED_EDGE('',*,*,#1192,.T.);
#1677=ORIENTED_EDGE('',*,*,#1193,.F.);
#1678=ORIENTED_EDGE('',*,*,#1194,.T.);
#1679=ORIENTED_EDGE('',*,*,#1185,.F.);
#1680=ORIENTED_EDGE('',*,*,#1188,.F.);
#1681=ORIENTED_EDGE('',*,*,#1190,.F.);
#1682=ORIENTED_EDGE('',*,*,#1195,.F.);
#1683=ORIENTED_EDGE('',*,*,#1196,.F.);
#1684=ORIENTED_EDGE('',*,*,#1197,.F.);
#1685=ORIENTED_EDGE('',*,*,#1198,.F.);
#1686=ORIENTED_EDGE('',*,*,#1192,.F.);
#1687=ORIENTED_EDGE('',*,*,#1199,.T.);
#1688=ORIENTED_EDGE('',*,*,#1200,.T.);
#1689=ORIENTED_EDGE('',*,*,#1201,.T.);
#1690=ORIENTED_EDGE('',*,*,#1196,.T.);
#1691=ORIENTED_EDGE('',*,*,#1201,.F.);
#1692=ORIENTED_EDGE('',*,*,#1202,.T.);
#1693=ORIENTED_EDGE('',*,*,#1203,.T.);
#1694=ORIENTED_EDGE('',*,*,#1197,.T.);
#1695=ORIENTED_EDGE('',*,*,#1189,.T.);
#1696=ORIENTED_EDGE('',*,*,#1181,.T.);
#1697=ORIENTED_EDGE('',*,*,#1199,.F.);
#1698=ORIENTED_EDGE('',*,*,#1195,.T.);
#1699=ORIENTED_EDGE('',*,*,#1203,.F.);
#1700=ORIENTED_EDGE('',*,*,#1204,.T.);
#1701=ORIENTED_EDGE('',*,*,#1193,.T.);
#1702=ORIENTED_EDGE('',*,*,#1198,.T.);
#1703=ORIENTED_EDGE('',*,*,#1205,.F.);
#1704=ORIENTED_EDGE('',*,*,#1183,.F.);
#1705=ORIENTED_EDGE('',*,*,#1206,.T.);
#1706=ORIENTED_EDGE('',*,*,#1207,.F.);
#1707=ORIENTED_EDGE('',*,*,#1208,.F.);
#1708=ORIENTED_EDGE('',*,*,#1206,.F.);
#1709=ORIENTED_EDGE('',*,*,#1194,.F.);
#1710=ORIENTED_EDGE('',*,*,#1209,.T.);
#1711=ORIENTED_EDGE('',*,*,#1204,.F.);
#1712=ORIENTED_EDGE('',*,*,#1210,.T.);
#1713=ORIENTED_EDGE('',*,*,#1211,.F.);
#1714=ORIENTED_EDGE('',*,*,#1209,.F.);
#1715=ORIENTED_EDGE('',*,*,#1212,.F.);
#1716=ORIENTED_EDGE('',*,*,#1210,.F.);
#1717=ORIENTED_EDGE('',*,*,#1202,.F.);
#1718=ORIENTED_EDGE('',*,*,#1213,.T.);
#1719=ORIENTED_EDGE('',*,*,#1200,.F.);
#1720=ORIENTED_EDGE('',*,*,#1180,.T.);
#1721=ORIENTED_EDGE('',*,*,#1214,.F.);
#1722=ORIENTED_EDGE('',*,*,#1213,.F.);
#1723=ORIENTED_EDGE('',*,*,#1212,.T.);
#1724=ORIENTED_EDGE('',*,*,#1214,.T.);
#1725=ORIENTED_EDGE('',*,*,#1179,.T.);
#1726=ORIENTED_EDGE('',*,*,#1215,.T.);
#1727=ORIENTED_EDGE('',*,*,#1216,.T.);
#1728=ORIENTED_EDGE('',*,*,#1207,.T.);
#1729=ORIENTED_EDGE('',*,*,#1208,.T.);
#1730=ORIENTED_EDGE('',*,*,#1211,.T.);
#1731=ORIENTED_EDGE('',*,*,#1040,.T.);
#1732=ORIENTED_EDGE('',*,*,#1043,.T.);
#1733=ORIENTED_EDGE('',*,*,#1177,.T.);
#1734=ORIENTED_EDGE('',*,*,#1025,.T.);
#1735=ORIENTED_EDGE('',*,*,#1141,.T.);
#1736=ORIENTED_EDGE('',*,*,#1151,.T.);
#1737=ORIENTED_EDGE('',*,*,#1157,.T.);
#1738=ORIENTED_EDGE('',*,*,#1163,.T.);
#1739=ORIENTED_EDGE('',*,*,#1169,.T.);
#1740=ORIENTED_EDGE('',*,*,#1175,.T.);
#1741=ORIENTED_EDGE('',*,*,#1172,.T.);
#1742=ORIENTED_EDGE('',*,*,#1166,.T.);
#1743=ORIENTED_EDGE('',*,*,#1160,.T.);
#1744=ORIENTED_EDGE('',*,*,#1154,.T.);
#1745=ORIENTED_EDGE('',*,*,#1148,.T.);
#1746=ORIENTED_EDGE('',*,*,#1145,.T.);
#1747=ORIENTED_EDGE('',*,*,#1191,.F.);
#1748=ORIENTED_EDGE('',*,*,#1217,.T.);
#1749=ORIENTED_EDGE('',*,*,#1215,.F.);
#1750=ORIENTED_EDGE('',*,*,#1178,.F.);
#1751=ORIENTED_EDGE('',*,*,#1216,.F.);
#1752=ORIENTED_EDGE('',*,*,#1217,.F.);
#1753=ORIENTED_EDGE('',*,*,#1186,.F.);
#1754=ORIENTED_EDGE('',*,*,#1205,.T.);
#1755=ORIENTED_EDGE('',*,*,#1047,.T.);
#1756=ORIENTED_EDGE('',*,*,#1218,.T.);
#1757=ORIENTED_EDGE('',*,*,#1072,.T.);
#1758=ORIENTED_EDGE('',*,*,#996,.T.);
#1759=ORIENTED_EDGE('',*,*,#1046,.T.);
#1760=ORIENTED_EDGE('',*,*,#1219,.F.);
#1761=ORIENTED_EDGE('',*,*,#1073,.T.);
#1762=ORIENTED_EDGE('',*,*,#1218,.F.);
#1763=ORIENTED_EDGE('',*,*,#1045,.T.);
#1764=ORIENTED_EDGE('',*,*,#1050,.T.);
#1765=ORIENTED_EDGE('',*,*,#1074,.T.);
#1766=ORIENTED_EDGE('',*,*,#1219,.T.);
#1767=ORIENTED_EDGE('',*,*,#1035,.T.);
#1768=ORIENTED_EDGE('',*,*,#1053,.T.);
#1769=ORIENTED_EDGE('',*,*,#1077,.T.);
#1770=ORIENTED_EDGE('',*,*,#1220,.T.);
#1771=ORIENTED_EDGE('',*,*,#1036,.T.);
#1772=ORIENTED_EDGE('',*,*,#1220,.F.);
#1773=ORIENTED_EDGE('',*,*,#1076,.T.);
#1774=ORIENTED_EDGE('',*,*,#1221,.T.);
#1775=ORIENTED_EDGE('',*,*,#1037,.T.);
#1776=ORIENTED_EDGE('',*,*,#1221,.F.);
#1777=ORIENTED_EDGE('',*,*,#1075,.T.);
#1778=ORIENTED_EDGE('',*,*,#1048,.T.);
#1779=ORIENTED_EDGE('',*,*,#1022,.T.);
#1780=ORIENTED_EDGE('',*,*,#1222,.T.);
#1781=ORIENTED_EDGE('',*,*,#1078,.T.);
#1782=ORIENTED_EDGE('',*,*,#1051,.T.);
#1783=ORIENTED_EDGE('',*,*,#1021,.T.);
#1784=ORIENTED_EDGE('',*,*,#1223,.F.);
#1785=ORIENTED_EDGE('',*,*,#1067,.T.);
#1786=ORIENTED_EDGE('',*,*,#1079,.T.);
#1787=ORIENTED_EDGE('',*,*,#1222,.F.);
#1788=ORIENTED_EDGE('',*,*,#1020,.T.);
#1789=ORIENTED_EDGE('',*,*,#1032,.T.);
#1790=ORIENTED_EDGE('',*,*,#1068,.T.);
#1791=ORIENTED_EDGE('',*,*,#1223,.T.);
#1792=ORIENTED_EDGE('',*,*,#1071,.T.);
#1793=ORIENTED_EDGE('',*,*,#1224,.F.);
#1794=ORIENTED_EDGE('',*,*,#990,.T.);
#1795=ORIENTED_EDGE('',*,*,#998,.T.);
#1796=ORIENTED_EDGE('',*,*,#1069,.T.);
#1797=ORIENTED_EDGE('',*,*,#1030,.T.);
#1798=ORIENTED_EDGE('',*,*,#992,.T.);
#1799=ORIENTED_EDGE('',*,*,#1225,.T.);
#1800=ORIENTED_EDGE('',*,*,#1070,.T.);
#1801=ORIENTED_EDGE('',*,*,#1225,.F.);
#1802=ORIENTED_EDGE('',*,*,#991,.T.);
#1803=ORIENTED_EDGE('',*,*,#1224,.T.);
#1804=PLANE('',#1999);
#1805=PLANE('',#2001);
#1806=PLANE('',#2003);
#1807=PLANE('',#2013);
#1808=PLANE('',#2015);
#1809=PLANE('',#2016);
#1810=PLANE('',#2026);
#1811=PLANE('',#2027);
#1812=PLANE('',#2028);
#1813=PLANE('',#2029);
#1814=PLANE('',#2030);
#1815=PLANE('',#2031);
#1816=PLANE('',#2033);
#1817=PLANE('',#2034);
#1818=PLANE('',#2035);
#1819=PLANE('',#2036);
#1820=PLANE('',#2040);
#1821=PLANE('',#2041);
#1822=PLANE('',#2042);
#1823=PLANE('',#2043);
#1824=PLANE('',#2044);
#1825=PLANE('',#2048);
#1826=PLANE('',#2056);
#1827=PLANE('',#2058);
#1828=PLANE('',#2059);
#1829=PLANE('',#2060);
#1830=PLANE('',#2062);
#1831=PLANE('',#2064);
#1832=PLANE('',#2065);
#1833=PLANE('',#2066);
#1834=PLANE('',#2068);
#1835=PLANE('',#2070);
#1836=PLANE('',#2071);
#1837=PLANE('',#2073);
#1838=PLANE('',#2074);
#1839=PLANE('',#2075);
#1840=PLANE('',#2077);
#1841=PLANE('',#2078);
#1842=PLANE('',#2079);
#1843=PLANE('',#2081);
#1844=PLANE('',#2083);
#1845=PLANE('',#2084);
#1846=PLANE('',#2085);
#1847=PLANE('',#2087);
#1848=PLANE('',#2089);
#1849=PLANE('',#2090);
#1850=PLANE('',#2092);
#1851=PLANE('',#2093);
#1852=PLANE('',#2094);
#1853=PLANE('',#2096);
#1854=PLANE('',#2097);
#1855=PLANE('',#2099);
#1856=PLANE('',#2101);
#1857=PLANE('',#2102);
#1858=PLANE('',#2103);
#1859=PLANE('',#2105);
#1860=PLANE('',#2107);
#1861=PLANE('',#2108);
#1862=PLANE('',#2109);
#1863=PLANE('',#2111);
#1864=PLANE('',#2112);
#1865=PLANE('',#2124);
#1866=PLANE('',#2125);
#1867=PLANE('',#2126);
#1868=PLANE('',#2127);
#1869=PLANE('',#2128);
#1870=PLANE('',#2129);
#1871=PLANE('',#2130);
#1872=PLANE('',#2131);
#1873=PLANE('',#2132);
#1874=PLANE('',#2133);
#1875=PLANE('',#2134);
#1876=PLANE('',#2135);
#1877=PLANE('',#2136);
#1878=PLANE('',#2137);
#1879=PLANE('',#2138);
#1880=ADVANCED_FACE('',(#89),#1804,.F.);
#1881=ADVANCED_FACE('',(#90),#1805,.T.);
#1882=ADVANCED_FACE('',(#91),#1806,.F.);
#1883=ADVANCED_FACE('',(#92),#64,.T.);
#1884=ADVANCED_FACE('',(#93),#65,.T.);
#1885=ADVANCED_FACE('',(#94),#27,.T.);
#1886=ADVANCED_FACE('',(#95),#1807,.F.);
#1887=ADVANCED_FACE('',(#96),#1808,.F.);
#1888=ADVANCED_FACE('',(#97),#1809,.T.);
#1889=ADVANCED_FACE('',(#98),#28,.T.);
#1890=ADVANCED_FACE('',(#99),#66,.T.);
#1891=ADVANCED_FACE('',(#100),#67,.F.);
#1892=ADVANCED_FACE('',(#101),#1810,.T.);
#1893=ADVANCED_FACE('',(#102),#1811,.F.);
#1894=ADVANCED_FACE('',(#103),#1812,.F.);
#1895=ADVANCED_FACE('',(#104),#1813,.F.);
#1896=ADVANCED_FACE('',(#105),#1814,.T.);
#1897=ADVANCED_FACE('',(#106),#1815,.F.);
#1898=ADVANCED_FACE('',(#107),#68,.T.);
#1899=ADVANCED_FACE('',(#108),#1816,.F.);
#1900=ADVANCED_FACE('',(#109),#1817,.F.);
#1901=ADVANCED_FACE('',(#110),#1818,.T.);
#1902=ADVANCED_FACE('',(#111),#1819,.F.);
#1903=ADVANCED_FACE('',(#112),#69,.T.);
#1904=ADVANCED_FACE('',(#113),#1820,.F.);
#1905=ADVANCED_FACE('',(#114),#1821,.T.);
#1906=ADVANCED_FACE('',(#115),#1822,.F.);
#1907=ADVANCED_FACE('',(#116),#1823,.F.);
#1908=ADVANCED_FACE('',(#117),#1824,.F.);
#1909=ADVANCED_FACE('',(#118),#70,.T.);
#1910=ADVANCED_FACE('',(#119),#71,.T.);
#1911=ADVANCED_FACE('',(#120,#15),#1825,.T.);
#1912=ADVANCED_FACE('',(#121),#29,.T.);
#1913=ADVANCED_FACE('',(#122),#1826,.T.);
#1914=ADVANCED_FACE('',(#123),#1827,.T.);
#1915=ADVANCED_FACE('',(#124),#1828,.T.);
#1916=ADVANCED_FACE('',(#125),#1829,.T.);
#1917=ADVANCED_FACE('',(#126),#1830,.T.);
#1918=ADVANCED_FACE('',(#127),#1831,.T.);
#1919=ADVANCED_FACE('',(#128),#1832,.T.);
#1920=ADVANCED_FACE('',(#129),#1833,.T.);
#1921=ADVANCED_FACE('',(#130),#1834,.T.);
#1922=ADVANCED_FACE('',(#131),#1835,.T.);
#1923=ADVANCED_FACE('',(#132),#1836,.T.);
#1924=ADVANCED_FACE('',(#133),#1837,.T.);
#1925=ADVANCED_FACE('',(#134),#72,.T.);
#1926=ADVANCED_FACE('',(#135,#16),#1838,.T.);
#1927=ADVANCED_FACE('',(#136),#1839,.T.);
#1928=ADVANCED_FACE('',(#137),#1840,.T.);
#1929=ADVANCED_FACE('',(#138),#1841,.T.);
#1930=ADVANCED_FACE('',(#139),#1842,.T.);
#1931=ADVANCED_FACE('',(#140),#1843,.T.);
#1932=ADVANCED_FACE('',(#141),#1844,.T.);
#1933=ADVANCED_FACE('',(#142),#1845,.T.);
#1934=ADVANCED_FACE('',(#143),#1846,.T.);
#1935=ADVANCED_FACE('',(#144),#1847,.T.);
#1936=ADVANCED_FACE('',(#145),#1848,.T.);
#1937=ADVANCED_FACE('',(#146),#1849,.T.);
#1938=ADVANCED_FACE('',(#147),#1850,.T.);
#1939=ADVANCED_FACE('',(#148),#73,.T.);
#1940=ADVANCED_FACE('',(#149),#1851,.T.);
#1941=ADVANCED_FACE('',(#150),#1852,.T.);
#1942=ADVANCED_FACE('',(#151),#1853,.T.);
#1943=ADVANCED_FACE('',(#152),#1854,.T.);
#1944=ADVANCED_FACE('',(#153),#1855,.T.);
#1945=ADVANCED_FACE('',(#154),#1856,.T.);
#1946=ADVANCED_FACE('',(#155),#1857,.T.);
#1947=ADVANCED_FACE('',(#156),#1858,.T.);
#1948=ADVANCED_FACE('',(#157),#1859,.T.);
#1949=ADVANCED_FACE('',(#158),#1860,.T.);
#1950=ADVANCED_FACE('',(#159),#1861,.T.);
#1951=ADVANCED_FACE('',(#160),#1862,.T.);
#1952=ADVANCED_FACE('',(#161,#17),#1863,.T.);
#1953=ADVANCED_FACE('',(#162),#1864,.T.);
#1954=ADVANCED_FACE('',(#163),#74,.T.);
#1955=ADVANCED_FACE('',(#164),#75,.F.);
#1956=ADVANCED_FACE('',(#165),#76,.F.);
#1957=ADVANCED_FACE('',(#166),#77,.F.);
#1958=ADVANCED_FACE('',(#167),#78,.F.);
#1959=ADVANCED_FACE('',(#168),#30,.F.);
#1960=ADVANCED_FACE('',(#169),#79,.F.);
#1961=ADVANCED_FACE('',(#170),#80,.F.);
#1962=ADVANCED_FACE('',(#171),#81,.F.);
#1963=ADVANCED_FACE('',(#172),#82,.F.);
#1964=ADVANCED_FACE('',(#173),#83,.T.);
#1965=ADVANCED_FACE('',(#174),#84,.T.);
#1966=ADVANCED_FACE('',(#175),#85,.T.);
#1967=ADVANCED_FACE('',(#176),#1865,.T.);
#1968=ADVANCED_FACE('',(#177),#86,.T.);
#1969=ADVANCED_FACE('',(#178,#18),#1866,.F.);
#1970=ADVANCED_FACE('',(#179),#87,.F.);
#1971=ADVANCED_FACE('',(#180),#88,.T.);
#1972=ADVANCED_FACE('',(#181),#1867,.T.);
#1973=ADVANCED_FACE('',(#182),#1868,.F.);
#1974=ADVANCED_FACE('',(#183),#1869,.F.);
#1975=ADVANCED_FACE('',(#184),#1870,.T.);
#1976=ADVANCED_FACE('',(#185),#1871,.T.);
#1977=ADVANCED_FACE('',(#186),#1872,.F.);
#1978=ADVANCED_FACE('',(#187),#1873,.F.);
#1979=ADVANCED_FACE('',(#188),#1874,.T.);
#1980=ADVANCED_FACE('',(#189),#1875,.F.);
#1981=ADVANCED_FACE('',(#190),#1876,.F.);
#1982=ADVANCED_FACE('',(#191),#1877,.F.);
#1983=ADVANCED_FACE('',(#192),#1878,.T.);
#1984=ADVANCED_FACE('',(#193),#1879,.F.);
#1985=CLOSED_SHELL('',(#1880,#1881,#1882,#1883,#1884,#1885,#1886,#1887,
#1888,#1889,#1890,#1891,#1892,#1893,#1894,#1895,#1896,#1897,#1898,#1899,
#1900,#1901,#1902,#1903,#1904,#1905,#1906,#1907,#1908,#1909,#1910,#1911,
#1912,#1913,#1914,#1915,#1916,#1917,#1918,#1919,#1920,#1921,#1922,#1923,
#1924,#1925,#1926,#1927,#1928,#1929,#1930,#1931,#1932,#1933,#1934,#1935,
#1936,#1937,#1938,#1939,#1940,#1941,#1942,#1943,#1944,#1945,#1946,#1947,
#1948,#1949,#1950,#1951,#1952,#1953,#1954,#1955,#1956,#1957,#1958,#1959,
#1960,#1961,#1962,#1963,#1964,#1965,#1966,#1967,#1968,#1969,#1970,#1971,
#1972,#1973,#1974,#1975,#1976,#1977,#1978,#1979,#1980,#1981,#1982,#1983,
#1984));
#1986=DERIVED_UNIT_ELEMENT(#1988,1.);
#1987=DERIVED_UNIT_ELEMENT(#4100,-3.);
#1988=(
MASS_UNIT()
NAMED_UNIT(*)
SI_UNIT(.KILO.,.GRAM.)
);
#1989=DERIVED_UNIT((#1986,#1987));
#1990=MEASURE_REPRESENTATION_ITEM('density measure',
POSITIVE_RATIO_MEASURE(7850.),#1989);
#1991=PROPERTY_DEFINITION_REPRESENTATION(#1996,#1993);
#1992=PROPERTY_DEFINITION_REPRESENTATION(#1997,#1994);
#1993=REPRESENTATION('material name',(#1995),#4097);
#1994=REPRESENTATION('density',(#1990),#4097);
#1995=DESCRIPTIVE_REPRESENTATION_ITEM('Steel','Steel');
#1996=PROPERTY_DEFINITION('material property','material name',#4107);
#1997=PROPERTY_DEFINITION('material property','density of part',#4107);
#1998=AXIS2_PLACEMENT_3D('',#2617,#2139,#2140);
#1999=AXIS2_PLACEMENT_3D('',#2618,#2141,#2142);
#2000=AXIS2_PLACEMENT_3D('',#2623,#2144,#2145);
#2001=AXIS2_PLACEMENT_3D('',#2627,#2148,#2149);
#2002=AXIS2_PLACEMENT_3D('',#2635,#2153,#2154);
#2003=AXIS2_PLACEMENT_3D('',#2636,#2155,#2156);
#2004=AXIS2_PLACEMENT_3D('',#2638,#2158,#2159);
#2005=AXIS2_PLACEMENT_3D('',#2650,#2161,#2162);
#2006=AXIS2_PLACEMENT_3D('',#2703,#2165,#2166);
#2007=AXIS2_PLACEMENT_3D('',#2705,#2168,#2169);
#2008=AXIS2_PLACEMENT_3D('',#2708,#2170,#2171);
#2009=AXIS2_PLACEMENT_3D('',#2711,#2173,#2174);
#2010=AXIS2_PLACEMENT_3D('',#2713,#2175,#2176);
#2011=AXIS2_PLACEMENT_3D('',#2718,#2179,#2180);
#2012=AXIS2_PLACEMENT_3D('',#2744,#2183,#2184);
#2013=AXIS2_PLACEMENT_3D('',#2771,#2187,#2188);
#2014=AXIS2_PLACEMENT_3D('',#2774,#2189,#2190);
#2015=AXIS2_PLACEMENT_3D('',#2780,#2194,#2195);
#2016=AXIS2_PLACEMENT_3D('',#2786,#2199,#2200);
#2017=AXIS2_PLACEMENT_3D('',#2792,#2204,#2205);
#2018=AXIS2_PLACEMENT_3D('',#2795,#2206,#2207);
#2019=AXIS2_PLACEMENT_3D('',#2798,#2209,#2210);
#2020=AXIS2_PLACEMENT_3D('',#2800,#2211,#2212);
#2021=AXIS2_PLACEMENT_3D('',#2829,#2215,#2216);
#2022=AXIS2_PLACEMENT_3D('',#2877,#2219,#2220);
#2023=AXIS2_PLACEMENT_3D('',#2913,#2223,#2224);
#2024=AXIS2_PLACEMENT_3D('',#2945,#2226,#2227);
#2025=AXIS2_PLACEMENT_3D('',#2978,#2229,#2230);
#2026=AXIS2_PLACEMENT_3D('',#2979,#2231,#2232);
#2027=AXIS2_PLACEMENT_3D('',#2983,#2235,#2236);
#2028=AXIS2_PLACEMENT_3D('',#2987,#2239,#2240);
#2029=AXIS2_PLACEMENT_3D('',#2989,#2242,#2243);
#2030=AXIS2_PLACEMENT_3D('',#2991,#2245,#2246);
#2031=AXIS2_PLACEMENT_3D('',#3003,#2248,#2249);
#2032=AXIS2_PLACEMENT_3D('',#3019,#2251,#2252);
#2033=AXIS2_PLACEMENT_3D('',#3021,#2254,#2255);
#2034=AXIS2_PLACEMENT_3D('',#3027,#2259,#2260);
#2035=AXIS2_PLACEMENT_3D('',#3029,#2262,#2263);
#2036=AXIS2_PLACEMENT_3D('',#3033,#2266,#2267);
#2037=AXIS2_PLACEMENT_3D('',#3035,#2268,#2269);
#2038=AXIS2_PLACEMENT_3D('',#3043,#2273,#2274);
#2039=AXIS2_PLACEMENT_3D('',#3063,#2281,#2282);
#2040=AXIS2_PLACEMENT_3D('',#3088,#2284,#2285);
#2041=AXIS2_PLACEMENT_3D('',#3091,#2288,#2289);
#2042=AXIS2_PLACEMENT_3D('',#3092,#2290,#2291);
#2043=AXIS2_PLACEMENT_3D('',#3093,#2292,#2293);
#2044=AXIS2_PLACEMENT_3D('',#3112,#2300,#2301);
#2045=AXIS2_PLACEMENT_3D('',#3117,#2304,#2305);
#2046=AXIS2_PLACEMENT_3D('',#3132,#2309,#2310);
#2047=AXIS2_PLACEMENT_3D('',#3187,#2313,#2314);
#2048=AXIS2_PLACEMENT_3D('',#3188,#2315,#2316);
#2049=AXIS2_PLACEMENT_3D('',#3190,#2317,#2318);
#2050=AXIS2_PLACEMENT_3D('',#3215,#2331,#2332);
#2051=AXIS2_PLACEMENT_3D('',#3218,#2333,#2334);
#2052=AXIS2_PLACEMENT_3D('',#3223,#2337,#2338);
#2053=AXIS2_PLACEMENT_3D('',#3228,#2341,#2342);
#2054=AXIS2_PLACEMENT_3D('',#3233,#2345,#2346);
#2055=AXIS2_PLACEMENT_3D('',#3237,#2349,#2350);
#2056=AXIS2_PLACEMENT_3D('',#3239,#2352,#2353);
#2057=AXIS2_PLACEMENT_3D('',#3242,#2354,#2355);
#2058=AXIS2_PLACEMENT_3D('',#3245,#2358,#2359);
#2059=AXIS2_PLACEMENT_3D('',#3249,#2362,#2363);
#2060=AXIS2_PLACEMENT_3D('',#3253,#2366,#2367);
#2061=AXIS2_PLACEMENT_3D('',#3255,#2368,#2369);
#2062=AXIS2_PLACEMENT_3D('',#3257,#2371,#2372);
#2063=AXIS2_PLACEMENT_3D('',#3259,#2373,#2374);
#2064=AXIS2_PLACEMENT_3D('',#3261,#2376,#2377);
#2065=AXIS2_PLACEMENT_3D('',#3265,#2380,#2381);
#2066=AXIS2_PLACEMENT_3D('',#3269,#2384,#2385);
#2067=AXIS2_PLACEMENT_3D('',#3271,#2386,#2387);
#2068=AXIS2_PLACEMENT_3D('',#3273,#2389,#2390);
#2069=AXIS2_PLACEMENT_3D('',#3275,#2391,#2392);
#2070=AXIS2_PLACEMENT_3D('',#3277,#2394,#2395);
#2071=AXIS2_PLACEMENT_3D('',#3281,#2398,#2399);
#2072=AXIS2_PLACEMENT_3D('',#3283,#2400,#2401);
#2073=AXIS2_PLACEMENT_3D('',#3285,#2403,#2404);
#2074=AXIS2_PLACEMENT_3D('',#3295,#2406,#2407);
#2075=AXIS2_PLACEMENT_3D('',#3320,#2420,#2421);
#2076=AXIS2_PLACEMENT_3D('',#3323,#2422,#2423);
#2077=AXIS2_PLACEMENT_3D('',#3326,#2426,#2427);
#2078=AXIS2_PLACEMENT_3D('',#3330,#2430,#2431);
#2079=AXIS2_PLACEMENT_3D('',#3334,#2434,#2435);
#2080=AXIS2_PLACEMENT_3D('',#3336,#2436,#2437);
#2081=AXIS2_PLACEMENT_3D('',#3338,#2439,#2440);
#2082=AXIS2_PLACEMENT_3D('',#3340,#2441,#2442);
#2083=AXIS2_PLACEMENT_3D('',#3342,#2444,#2445);
#2084=AXIS2_PLACEMENT_3D('',#3346,#2448,#2449);
#2085=AXIS2_PLACEMENT_3D('',#3350,#2452,#2453);
#2086=AXIS2_PLACEMENT_3D('',#3352,#2454,#2455);
#2087=AXIS2_PLACEMENT_3D('',#3354,#2457,#2458);
#2088=AXIS2_PLACEMENT_3D('',#3356,#2459,#2460);
#2089=AXIS2_PLACEMENT_3D('',#3358,#2462,#2463);
#2090=AXIS2_PLACEMENT_3D('',#3362,#2466,#2467);
#2091=AXIS2_PLACEMENT_3D('',#3364,#2468,#2469);
#2092=AXIS2_PLACEMENT_3D('',#3366,#2471,#2472);
#2093=AXIS2_PLACEMENT_3D('',#3376,#2474,#2475);
#2094=AXIS2_PLACEMENT_3D('',#3385,#2480,#2481);
#2095=AXIS2_PLACEMENT_3D('',#3387,#2482,#2483);
#2096=AXIS2_PLACEMENT_3D('',#3391,#2486,#2487);
#2097=AXIS2_PLACEMENT_3D('',#3397,#2491,#2492);
#2098=AXIS2_PLACEMENT_3D('',#3399,#2493,#2494);
#2099=AXIS2_PLACEMENT_3D('',#3403,#2497,#2498);
#2100=AXIS2_PLACEMENT_3D('',#3405,#2499,#2500);
#2101=AXIS2_PLACEMENT_3D('',#3409,#2503,#2504);
#2102=AXIS2_PLACEMENT_3D('',#3415,#2508,#2509);
#2103=AXIS2_PLACEMENT_3D('',#3421,#2513,#2514);
#2104=AXIS2_PLACEMENT_3D('',#3423,#2515,#2516);
#2105=AXIS2_PLACEMENT_3D('',#3427,#2519,#2520);
#2106=AXIS2_PLACEMENT_3D('',#3429,#2521,#2522);
#2107=AXIS2_PLACEMENT_3D('',#3433,#2525,#2526);
#2108=AXIS2_PLACEMENT_3D('',#3439,#2530,#2531);
#2109=AXIS2_PLACEMENT_3D('',#3445,#2535,#2536);
#2110=AXIS2_PLACEMENT_3D('',#3446,#2537,#2538);
#2111=AXIS2_PLACEMENT_3D('',#3448,#2540,#2541);
#2112=AXIS2_PLACEMENT_3D('',#3449,#2542,#2543);
#2113=AXIS2_PLACEMENT_3D('',#3582,#2548,#2549);
#2114=AXIS2_PLACEMENT_3D('',#3611,#2550,#2551);
#2115=AXIS2_PLACEMENT_3D('',#3613,#2552,#2553);
#2116=AXIS2_PLACEMENT_3D('',#3614,#2554,#2555);
#2117=AXIS2_PLACEMENT_3D('',#3702,#2556,#2557);
#2118=AXIS2_PLACEMENT_3D('',#3708,#2558,#2559);
#2119=AXIS2_PLACEMENT_3D('',#3725,#2560,#2561);
#2120=AXIS2_PLACEMENT_3D('',#3768,#2562,#2563);
#2121=AXIS2_PLACEMENT_3D('',#3777,#2564,#2565);
#2122=AXIS2_PLACEMENT_3D('',#3799,#2566,#2567);
#2123=AXIS2_PLACEMENT_3D('',#3800,#2568,#2569);
#2124=AXIS2_PLACEMENT_3D('',#3974,#2575,#2576);
#2125=AXIS2_PLACEMENT_3D('',#4016,#2579,#2580);
#2126=AXIS2_PLACEMENT_3D('',#4074,#2583,#2584);
#2127=AXIS2_PLACEMENT_3D('',#4075,#2585,#2586);
#2128=AXIS2_PLACEMENT_3D('',#4077,#2588,#2589);
#2129=AXIS2_PLACEMENT_3D('',#4079,#2591,#2592);
#2130=AXIS2_PLACEMENT_3D('',#4080,#2593,#2594);
#2131=AXIS2_PLACEMENT_3D('',#4082,#2596,#2597);
#2132=AXIS2_PLACEMENT_3D('',#4084,#2599,#2600);
#2133=AXIS2_PLACEMENT_3D('',#4085,#2601,#2602);
#2134=AXIS2_PLACEMENT_3D('',#4087,#2604,#2605);
#2135=AXIS2_PLACEMENT_3D('',#4089,#2607,#2608);
#2136=AXIS2_PLACEMENT_3D('',#4090,#2609,#2610);
#2137=AXIS2_PLACEMENT_3D('',#4092,#2612,#2613);
#2138=AXIS2_PLACEMENT_3D('',#4094,#2615,#2616);
#2139=DIRECTION('axis',(0.,0.,1.));
#2140=DIRECTION('refdir',(1.,0.,0.));
#2141=DIRECTION('center_axis',(-4.28500772279815E-13,-1.,0.));
#2142=DIRECTION('ref_axis',(0.,0.,-1.));
#2143=DIRECTION('',(-0.322673927791296,2.11226517281526E-12,-0.946510188177464));
#2144=DIRECTION('center_axis',(0.,-1.,0.));
#2145=DIRECTION('ref_axis',(-0.054388239982839,0.,-0.998519864274902));
#2146=DIRECTION('',(0.,0.,1.));
#2147=DIRECTION('',(1.,0.,0.));
#2148=DIRECTION('center_axis',(-4.04219867454635E-13,-1.,0.));
#2149=DIRECTION('ref_axis',(0.,0.,-1.));
#2150=DIRECTION('',(0.322673927789771,-1.30431212322248E-13,0.946510188177983));
#2151=DIRECTION('',(-1.,4.04219867454635E-13,0.));
#2152=DIRECTION('',(0.,0.,-1.));
#2153=DIRECTION('center_axis',(0.,1.,0.));
#2154=DIRECTION('ref_axis',(-0.0630403002432022,0.,-0.998010982176673));
#2155=DIRECTION('center_axis',(0.,0.,1.));
#2156=DIRECTION('ref_axis',(1.,0.,0.));
#2157=DIRECTION('',(0.0118913367601302,-0.999929295555469,0.));
#2158=DIRECTION('center_axis',(0.,0.,-1.));
#2159=DIRECTION('ref_axis',(0.,1.,0.));
#2160=DIRECTION('',(2.63192266053482E-5,-0.999394804273972,-0.0347854063867073));
#2161=DIRECTION('center_axis',(-2.18722981126169E-11,0.99639800723762,0.0847998300287203));
#2162=DIRECTION('ref_axis',(-0.0630819288408757,0.084630938598133,-0.994413532935727));
#2163=DIRECTION('',(0.,0.999394862402857,0.0347837462441051));
#2164=DIRECTION('',(-1.26705587143593E-12,0.999394862402853,0.0347837462442234));
#2165=DIRECTION('center_axis',(-2.75390677241209E-9,-0.940880111789966,
0.338739745583687));
#2166=DIRECTION('ref_axis',(-0.0491137366196001,-0.338330951704582,-0.939744650420492));
#2167=DIRECTION('',(2.63192319291948E-5,-0.999394804274525,-0.0347854063708171));
#2168=DIRECTION('center_axis',(0.,0.,1.));
#2169=DIRECTION('ref_axis',(0.,1.,0.));
#2170=DIRECTION('center_axis',(0.,0.,-1.));
#2171=DIRECTION('ref_axis',(0.,1.,0.));
#2172=DIRECTION('',(0.,0.,-1.));
#2173=DIRECTION('center_axis',(0.,-3.06161699786838E-16,-1.));
#2174=DIRECTION('ref_axis',(0.,1.,-3.06161699786838E-16));
#2175=DIRECTION('center_axis',(0.,0.,-1.));
#2176=DIRECTION('ref_axis',(0.,1.,0.));
#2177=DIRECTION('',(0.,0.,1.));
#2178=DIRECTION('',(0.,0.,-1.));
#2179=DIRECTION('center_axis',(0.,0.,-1.));
#2180=DIRECTION('ref_axis',(0.,1.,0.));
#2181=DIRECTION('',(0.,0.,1.));
#2182=DIRECTION('',(0.,0.,-1.));
#2183=DIRECTION('center_axis',(0.,0.,-1.));
#2184=DIRECTION('ref_axis',(0.,1.,0.));
#2185=DIRECTION('',(0.,0.,1.));
#2186=DIRECTION('',(0.,0.,-1.));
#2187=DIRECTION('center_axis',(0.,0.,1.));
#2188=DIRECTION('ref_axis',(1.,0.,0.));
#2189=DIRECTION('center_axis',(0.,0.,-1.));
#2190=DIRECTION('ref_axis',(0.,1.,0.));
#2191=DIRECTION('',(0.,1.,0.));
#2192=DIRECTION('',(-1.,3.05980976775076E-13,0.));
#2193=DIRECTION('',(-2.02109933727317E-13,-1.,0.));
#2194=DIRECTION('center_axis',(1.,-2.25935416733396E-13,0.));
#2195=DIRECTION('ref_axis',(0.,0.,-1.));
#2196=DIRECTION('',(0.,0.,1.));
#2197=DIRECTION('',(-6.81328119672681E-13,0.999394862374065,0.0347837470713444));
#2198=DIRECTION('',(-2.59471349367411E-14,-0.0847998304019228,0.996398007205858));
#2199=DIRECTION('center_axis',(1.,-2.02109933727317E-13,0.));
#2200=DIRECTION('ref_axis',(0.,0.,-1.));
#2201=DIRECTION('',(0.,0.,1.));
#2202=DIRECTION('',(1.71388881026204E-14,0.0847998304019228,-0.996398007205858));
#2203=DIRECTION('',(0.,-0.9993948623725,-0.0347837471163263));
#2204=DIRECTION('center_axis',(0.,0.,1.));
#2205=DIRECTION('ref_axis',(0.,1.,0.));
#2206=DIRECTION('center_axis',(0.,0.,-1.));
#2207=DIRECTION('ref_axis',(0.,1.,0.));
#2208=DIRECTION('',(0.,0.,-1.));
#2209=DIRECTION('center_axis',(0.,-3.06161699786838E-16,-1.));
#2210=DIRECTION('ref_axis',(0.,1.,-3.06161699786838E-16));
#2211=DIRECTION('center_axis',(0.,0.,-1.));
#2212=DIRECTION('ref_axis',(0.,1.,0.));
#2213=DIRECTION('',(0.,0.,1.));
#2214=DIRECTION('',(0.,0.,-1.));
#2215=DIRECTION('center_axis',(0.,0.,-1.));
#2216=DIRECTION('ref_axis',(0.,1.,0.));
#2217=DIRECTION('',(0.,0.,1.));
#2218=DIRECTION('',(0.,0.,1.));
#2219=DIRECTION('center_axis',(0.,0.,1.));
#2220=DIRECTION('ref_axis',(0.,1.,0.));
#2221=DIRECTION('',(0.,0.,-1.));
#2222=DIRECTION('',(0.,0.,-1.));
#2223=DIRECTION('center_axis',(8.83991659712521E-10,0.996398010573924,0.0847997908271385));
#2224=DIRECTION('ref_axis',(0.999162059324213,-0.00347076754704423,0.0407815274313358));
#2225=DIRECTION('',(0.,0.999394862345331,0.0347837478969381));
#2226=DIRECTION('center_axis',(1.02055228395422E-9,-0.999999999999999,-4.58936044224999E-8));
#2227=DIRECTION('ref_axis',(0.0344711978550904,4.59015091696583E-8,-0.999405691658014));
#2228=DIRECTION('',(9.10143201913707E-13,-0.999394862401284,-0.0347837462893124));
#2229=DIRECTION('center_axis',(-1.8754574084244E-10,0.996398007922199,0.0847998219849117));
#2230=DIRECTION('ref_axis',(-0.0914944623393239,-0.0844441363670696,0.992218701292441));
#2231=DIRECTION('center_axis',(1.,0.,0.));
#2232=DIRECTION('ref_axis',(0.,-1.,0.));
#2233=DIRECTION('',(0.,0.0847998304019228,-0.996398007205858));
#2234=DIRECTION('',(0.,-1.,0.));
#2235=DIRECTION('center_axis',(1.,0.,0.));
#2236=DIRECTION('ref_axis',(0.,-1.,0.));
#2237=DIRECTION('',(0.,-0.0847998304019228,0.996398007205858));
#2238=DIRECTION('',(0.,1.,0.));
#2239=DIRECTION('center_axis',(0.,0.,1.));
#2240=DIRECTION('ref_axis',(1.,0.,0.));
#2241=DIRECTION('',(-1.,3.05980976775076E-13,0.));
#2242=DIRECTION('center_axis',(-4.28500772279815E-13,-1.,0.));
#2243=DIRECTION('ref_axis',(0.,0.,-1.));
#2244=DIRECTION('',(1.,-1.06215912614511E-12,0.));
#2245=DIRECTION('center_axis',(-4.04219867454635E-13,-1.,0.));
#2246=DIRECTION('ref_axis',(0.,0.,-1.));
#2247=DIRECTION('',(-1.,4.04219867454635E-13,0.));
#2248=DIRECTION('center_axis',(0.,0.,1.));
#2249=DIRECTION('ref_axis',(1.,0.,0.));
#2250=DIRECTION('',(2.86249303974348E-12,0.999394862374061,0.0347837470714557));
#2251=DIRECTION('center_axis',(-1.3946767558996E-9,-0.940880115601697,0.338739734996262));
#2252=DIRECTION('ref_axis',(0.0482427036982946,-0.338345321046179,-0.939784595141906));
#2253=DIRECTION('',(-1.69689376933842E-12,-0.99939486240129,-0.0347837462891183));
#2254=DIRECTION('center_axis',(0.,0.,1.));
#2255=DIRECTION('ref_axis',(1.,0.,0.));
#2256=DIRECTION('',(-2.02109933727317E-13,-1.,0.));
#2257=DIRECTION('',(1.,-2.29004016330074E-17,0.));
#2258=DIRECTION('',(0.,1.,0.));
#2259=DIRECTION('center_axis',(1.,-2.25935416733396E-13,0.));
#2260=DIRECTION('ref_axis',(0.,0.,-1.));
#2261=DIRECTION('',(0.,-0.33873978986746,-0.940880095846728));
#2262=DIRECTION('center_axis',(1.,-2.02109933727317E-13,0.));
#2263=DIRECTION('ref_axis',(0.,0.,-1.));
#2264=DIRECTION('',(0.,-0.999394862372509,-0.0347837471160644));
#2265=DIRECTION('',(6.84626764809178E-14,0.33873978986746,0.940880095846728));
#2266=DIRECTION('center_axis',(-2.15465320833926E-17,-0.940880095846728,
0.33873978986746));
#2267=DIRECTION('ref_axis',(-7.72638666601436E-33,-0.33873978986746,-0.940880095846728));
#2268=DIRECTION('center_axis',(6.5638646480291E-9,-0.94088018871394,0.338739531920354));
#2269=DIRECTION('ref_axis',(0.998630041231803,0.0177249895510978,0.0492327685061519));
#2270=DIRECTION('',(0.,0.33873978986746,0.940880095846728));
#2271=DIRECTION('',(-1.,2.29004016330074E-17,0.));
#2272=DIRECTION('',(0.,-0.33873978986746,-0.940880095846728));
#2273=DIRECTION('center_axis',(3.10927785733809E-9,-0.94088011367639,0.338739740343976));
#2274=DIRECTION('ref_axis',(0.0688759785702475,-0.33793531117668,-0.938645739901861));
#2275=DIRECTION('',(0.291559846987972,-0.324022423013051,-0.900001291670797));
#2276=DIRECTION('',(-1.,3.42076412572844E-17,3.14068704642415E-17));
#2277=DIRECTION('',(0.301943307514208,0.322929409255919,0.896965348096014));
#2278=DIRECTION('',(0.,-0.33873978986746,-0.940880095846728));
#2279=DIRECTION('',(1.,-2.29004016330074E-17,0.));
#2280=DIRECTION('',(0.,0.33873978986746,0.940880095846728));
#2281=DIRECTION('center_axis',(-1.01833899281562E-9,0.999999999999999,4.58760308937201E-8));
#2282=DIRECTION('ref_axis',(0.0100023336820429,4.58839217855091E-8,-0.999949975409226));
#2283=DIRECTION('',(0.,0.999394862345325,0.034783747897091));
#2284=DIRECTION('center_axis',(0.,0.,1.));
#2285=DIRECTION('ref_axis',(1.,0.,0.));
#2286=DIRECTION('',(0.,1.,0.));
#2287=DIRECTION('',(0.,-1.,0.));
#2288=DIRECTION('center_axis',(1.,0.,0.));
#2289=DIRECTION('ref_axis',(0.,-1.,0.));
#2290=DIRECTION('center_axis',(1.,0.,0.));
#2291=DIRECTION('ref_axis',(0.,-1.,0.));
#2292=DIRECTION('center_axis',(0.951325893333488,-1.05283837203984E-13,
0.308186704244751));
#2293=DIRECTION('ref_axis',(1.10670458125224E-13,1.,5.34618710809825E-19));
#2294=DIRECTION('',(-0.308186704244751,1.24575188741094E-13,0.951325893333488));
#2295=DIRECTION('',(-1.10670631317587E-13,-1.,0.));
#2296=DIRECTION('',(0.308186704244751,-3.41066551502471E-14,-0.951325893333488));
#2297=DIRECTION('',(0.307181537659929,0.0806998379269186,-0.948223095626473));
#2298=DIRECTION('',(-1.10665802222857E-13,-1.,-1.49066873908435E-17));
#2299=DIRECTION('',(-0.0110389051226478,0.99935829773107,0.034075435870304));
#2300=DIRECTION('center_axis',(3.04878835501587E-13,0.996398007205858,0.0847998304019228));
#2301=DIRECTION('ref_axis',(-1.,3.05980976775075E-13,-5.2635597573922E-29));
#2302=DIRECTION('',(-0.322487783801301,0.0802692829415662,-0.943164074546403));
#2303=DIRECTION('',(1.,-3.0597830384993E-13,-3.1406870464246E-17));
#2304=DIRECTION('center_axis',(2.20820674463151E-12,0.996398007211541,0.0847998303351529));
#2305=DIRECTION('ref_axis',(0.0456519506484844,0.0847114185577106,-0.995359168826976));
#2306=DIRECTION('',(0.,-0.0847998304019228,0.996398007205858));
#2307=DIRECTION('',(1.,-3.05980976775076E-13,0.));
#2308=DIRECTION('',(0.,0.0847998304019228,-0.996398007205858));
#2309=DIRECTION('center_axis',(0.,-1.,0.));
#2310=DIRECTION('ref_axis',(0.063797155560681,0.,-0.997962886555591));
#2311=DIRECTION('',(0.,-0.999394862343769,-0.0347837479418166));
#2312=DIRECTION('',(0.,-0.999394862343767,-0.0347837479418512));
#2313=DIRECTION('center_axis',(-4.55693705005129E-12,1.,1.23393763290879E-10));
#2314=DIRECTION('ref_axis',(0.0543658412839703,1.23459008328154E-10,-0.998521084054556));
#2315=DIRECTION('center_axis',(0.,-3.06161699786838E-16,-1.));
#2316=DIRECTION('ref_axis',(0.,1.,-3.06161699786838E-16));
#2317=DIRECTION('center_axis',(0.,-3.06161699786838E-16,-1.));
#2318=DIRECTION('ref_axis',(0.,1.,-3.06161699786838E-16));
#2319=DIRECTION('',(0.,-1.,3.06161699786838E-16));
#2320=DIRECTION('',(-1.,0.,0.));
#2321=DIRECTION('',(0.,-1.,3.06161699786838E-16));
#2322=DIRECTION('',(1.,0.,0.));
#2323=DIRECTION('',(0.,-1.,3.06161699786838E-16));
#2324=DIRECTION('',(1.,0.,0.));
#2325=DIRECTION('',(0.,1.,-3.06161699786838E-16));
#2326=DIRECTION('',(1.,0.,0.));
#2327=DIRECTION('',(0.,1.,-3.06161699786838E-16));
#2328=DIRECTION('',(-1.,0.,0.));
#2329=DIRECTION('',(0.,1.,-3.06161699786838E-16));
#2330=DIRECTION('',(-1.,0.,0.));
#2331=DIRECTION('center_axis',(0.,0.,1.));
#2332=DIRECTION('ref_axis',(0.,1.,0.));
#2333=DIRECTION('center_axis',(0.,0.,1.));
#2334=DIRECTION('ref_axis',(0.,1.,0.));
#2335=DIRECTION('',(0.,0.,-1.));
#2336=DIRECTION('',(0.,0.,1.));
#2337=DIRECTION('center_axis',(0.,0.,1.));
#2338=DIRECTION('ref_axis',(0.,1.,0.));
#2339=DIRECTION('',(0.,-2.89506648468911E-12,-1.));
#2340=DIRECTION('',(0.,0.,1.));
#2341=DIRECTION('center_axis',(0.,0.,1.));
#2342=DIRECTION('ref_axis',(0.,1.,0.));
#2343=DIRECTION('',(0.,0.,-1.));
#2344=DIRECTION('',(0.,0.,1.));
#2345=DIRECTION('center_axis',(0.,0.,1.));
#2346=DIRECTION('ref_axis',(0.,1.,0.));
#2347=DIRECTION('',(0.,0.,-1.));
#2348=DIRECTION('',(0.,0.,1.));
#2349=DIRECTION('center_axis',(0.,0.,1.));
#2350=DIRECTION('ref_axis',(0.,1.,0.));
#2351=DIRECTION('',(0.,0.,-1.));
#2352=DIRECTION('center_axis',(0.,-1.,0.));
#2353=DIRECTION('ref_axis',(1.,0.,0.));
#2354=DIRECTION('center_axis',(3.36299918217671E-10,1.,-7.40572220088162E-9));
#2355=DIRECTION('ref_axis',(0.0425612579606724,-7.41332489388484E-9,-0.99909385911475));
#2356=DIRECTION('',(0.,0.,1.));
#2357=DIRECTION('',(0.,0.,1.));
#2358=DIRECTION('center_axis',(-1.,0.,0.));
#2359=DIRECTION('ref_axis',(0.,-1.,3.06161699786838E-16));
#2360=DIRECTION('',(0.,0.999394862343346,0.0347837479539463));
#2361=DIRECTION('',(0.,0.,1.));
#2362=DIRECTION('center_axis',(1.,0.,0.));
#2363=DIRECTION('ref_axis',(0.,1.,-3.06161699786838E-16));
#2364=DIRECTION('',(2.36704253203157E-14,-0.999394862345754,-0.0347837478847609));
#2365=DIRECTION('',(0.,0.,1.));
#2366=DIRECTION('center_axis',(0.,-1.,0.));
#2367=DIRECTION('ref_axis',(1.,0.,0.));
#2368=DIRECTION('center_axis',(0.,1.,0.));
#2369=DIRECTION('ref_axis',(0.0462727112503924,0.,-0.99892884440962));
#2370=DIRECTION('',(0.,0.,1.));
#2371=DIRECTION('center_axis',(0.,-1.,0.));
#2372=DIRECTION('ref_axis',(1.,0.,0.));
#2373=DIRECTION('center_axis',(1.18187446367447E-10,1.,-2.83497079515577E-9));
#2374=DIRECTION('ref_axis',(0.036994128284964,-2.83740245307188E-9,-0.999315482954425));
#2375=DIRECTION('',(0.,0.,1.));
#2376=DIRECTION('center_axis',(-1.,0.,0.));
#2377=DIRECTION('ref_axis',(0.,-1.,3.06161699786838E-16));
#2378=DIRECTION('',(4.0121370916597E-12,0.999394862339749,0.034783748057308));
#2379=DIRECTION('',(0.,0.,1.));
#2380=DIRECTION('center_axis',(1.,0.,0.));
#2381=DIRECTION('ref_axis',(0.,1.,-3.06161699786838E-16));
#2382=DIRECTION('',(0.,-0.999394862349346,-0.0347837477815798));
#2383=DIRECTION('',(0.,0.,1.));
#2384=DIRECTION('center_axis',(0.,1.,0.));
#2385=DIRECTION('ref_axis',(-1.,0.,0.));
#2386=DIRECTION('center_axis',(0.,-1.,0.));
#2387=DIRECTION('ref_axis',(0.0518404371431532,0.,-0.998655380537654));
#2388=DIRECTION('',(0.,0.,1.));
#2389=DIRECTION('center_axis',(0.,1.,0.));
#2390=DIRECTION('ref_axis',(-1.,0.,0.));
#2391=DIRECTION('center_axis',(4.6822469115029E-12,-1.,1.84256776525924E-13));
#2392=DIRECTION('ref_axis',(0.0425612705757841,1.51634881559905E-14,-0.999093858577348));
#2393=DIRECTION('',(0.,0.,1.));
#2394=DIRECTION('center_axis',(-1.,0.,0.));
#2395=DIRECTION('ref_axis',(0.,-1.,3.06161699786838E-16));
#2396=DIRECTION('',(2.36704253198012E-14,0.999394862343346,0.0347837479539546));
#2397=DIRECTION('',(0.,0.,1.));
#2398=DIRECTION('center_axis',(0.,1.,0.));
#2399=DIRECTION('ref_axis',(-1.,0.,0.));
#2400=DIRECTION('center_axis',(-6.78926705317435E-12,-1.,1.52701753341773E-10));
#2401=DIRECTION('ref_axis',(0.0462727563456615,-1.52852311285867E-10,-0.998928842320701));
#2402=DIRECTION('',(0.,0.,1.));
#2403=DIRECTION('center_axis',(1.,0.,0.));
#2404=DIRECTION('ref_axis',(0.,1.,-3.06161699786838E-16));
#2405=DIRECTION('',(-2.36704253194002E-14,-0.999394862345754,-0.0347837478847788));
#2406=DIRECTION('center_axis',(0.,-3.06161699786838E-16,-1.));
#2407=DIRECTION('ref_axis',(0.,1.,-3.06161699786838E-16));
#2408=DIRECTION('',(0.,-1.,3.06161699786838E-16));
#2409=DIRECTION('',(-1.,0.,0.));
#2410=DIRECTION('',(0.,-1.,3.06161699786838E-16));
#2411=DIRECTION('',(1.,0.,0.));
#2412=DIRECTION('',(0.,-1.,3.06161699786838E-16));
#2413=DIRECTION('',(1.,0.,0.));
#2414=DIRECTION('',(0.,1.,-3.06161699786838E-16));
#2415=DIRECTION('',(1.,0.,0.));
#2416=DIRECTION('',(0.,1.,-3.06161699786838E-16));
#2417=DIRECTION('',(-1.,0.,0.));
#2418=DIRECTION('',(0.,1.,-3.06161699786838E-16));
#2419=DIRECTION('',(-1.,0.,0.));
#2420=DIRECTION('center_axis',(0.,-1.,0.));
#2421=DIRECTION('ref_axis',(1.,0.,0.));
#2422=DIRECTION('center_axis',(0.,1.,0.));
#2423=DIRECTION('ref_axis',(-0.00182815486459871,0.,-0.999998328923499));
#2424=DIRECTION('',(0.,0.,1.));
#2425=DIRECTION('',(0.,0.,1.));
#2426=DIRECTION('center_axis',(-1.,0.,0.));
#2427=DIRECTION('ref_axis',(0.,-1.,3.06161699786838E-16));
#2428=DIRECTION('',(0.,0.999394862372083,0.0347837471283109));
#2429=DIRECTION('',(0.,0.,1.));
#2430=DIRECTION('center_axis',(1.,0.,0.));
#2431=DIRECTION('ref_axis',(0.,1.,-3.06161699786838E-16));
#2432=DIRECTION('',(-2.36704253211067E-14,-0.999394862374488,-0.0347837470591952));
#2433=DIRECTION('',(0.,0.,1.));
#2434=DIRECTION('center_axis',(0.,-1.,0.));
#2435=DIRECTION('ref_axis',(1.,0.,0.));
#2436=DIRECTION('center_axis',(0.,1.,0.));
#2437=DIRECTION('ref_axis',(0.00189254886477027,0.,-0.999998209127794));
#2438=DIRECTION('',(0.,0.,1.));
#2439=DIRECTION('center_axis',(0.,-1.,0.));
#2440=DIRECTION('ref_axis',(1.,0.,0.));
#2441=DIRECTION('center_axis',(0.,1.,0.));
#2442=DIRECTION('ref_axis',(-0.00741210248045472,0.,-0.999972529991109));
#2443=DIRECTION('',(0.,0.,1.));
#2444=DIRECTION('center_axis',(-1.,0.,0.));
#2445=DIRECTION('ref_axis',(0.,-1.,3.06161699786838E-16));
#2446=DIRECTION('',(0.,0.999394862368489,0.0347837472315757));
#2447=DIRECTION('',(0.,0.,1.));
#2448=DIRECTION('center_axis',(1.,0.,0.));
#2449=DIRECTION('ref_axis',(0.,1.,-3.06161699786838E-16));
#2450=DIRECTION('',(0.,-0.999394862378114,-0.0347837469550273));
#2451=DIRECTION('',(0.,0.,1.));
#2452=DIRECTION('center_axis',(0.,1.,0.));
#2453=DIRECTION('ref_axis',(-1.,0.,0.));
#2454=DIRECTION('center_axis',(0.,-1.,0.));
#2455=DIRECTION('ref_axis',(0.00747044290802045,0.,-0.999972095852058));
#2456=DIRECTION('',(0.,0.,1.));
#2457=DIRECTION('center_axis',(0.,1.,0.));
#2458=DIRECTION('ref_axis',(-1.,0.,0.));
#2459=DIRECTION('center_axis',(0.,-1.,0.));
#2460=DIRECTION('ref_axis',(-0.00182795258651156,0.,-0.999998329293275));
#2461=DIRECTION('',(0.,0.,1.));
#2462=DIRECTION('center_axis',(-1.,0.,0.));
#2463=DIRECTION('ref_axis',(0.,-1.,3.06161699786838E-16));
#2464=DIRECTION('',(0.,0.999394862372083,0.0347837471283123));
#2465=DIRECTION('',(0.,0.,1.));
#2466=DIRECTION('center_axis',(0.,1.,0.));
#2467=DIRECTION('ref_axis',(-1.,0.,0.));
#2468=DIRECTION('center_axis',(-2.79756346059879E-13,-1.,8.70856313510445E-9));
#2469=DIRECTION('ref_axis',(0.00189240359657842,-8.7085480928856E-9,-0.999998209402711));
#2470=DIRECTION('',(0.,0.,1.));
#2471=DIRECTION('center_axis',(1.,0.,0.));
#2472=DIRECTION('ref_axis',(0.,1.,-3.06161699786838E-16));
#2473=DIRECTION('',(-2.36704253199703E-14,-0.999394862374488,-0.034783747059194));
#2474=DIRECTION('center_axis',(1.,0.,0.));
#2475=DIRECTION('ref_axis',(0.,1.,-3.06161699786838E-16));
#2476=DIRECTION('',(0.,-0.999394862403276,-0.0347837462320735));
#2477=DIRECTION('',(0.,0.,1.));
#2478=DIRECTION('',(0.,-1.,3.06161699786838E-16));
#2479=DIRECTION('',(0.,0.,1.));
#2480=DIRECTION('center_axis',(0.,1.,0.));
#2481=DIRECTION('ref_axis',(-1.,0.,0.));
#2482=DIRECTION('center_axis',(-6.78365704891749E-12,-1.,-1.52530404416861E-10));
#2483=DIRECTION('ref_axis',(-0.0425723038665126,1.52680931583988E-10,-0.999093388499542));
#2484=DIRECTION('',(0.,0.,1.));
#2485=DIRECTION('',(1.,0.,0.));
#2486=DIRECTION('center_axis',(-1.,0.,0.));
#2487=DIRECTION('ref_axis',(0.,-1.,3.06161699786838E-16));
#2488=DIRECTION('',(-2.36704253211635E-14,0.999394862400865,0.0347837463013362));
#2489=DIRECTION('',(0.,0.,1.));
#2490=DIRECTION('',(0.,1.,-3.06161699786838E-16));
#2491=DIRECTION('center_axis',(0.,1.,0.));
#2492=DIRECTION('ref_axis',(-1.,0.,0.));
#2493=DIRECTION('center_axis',(0.,-1.,0.));
#2494=DIRECTION('ref_axis',(-0.0462879858125964,0.,-0.998928136739282));
#2495=DIRECTION('',(1.,0.,0.));
#2496=DIRECTION('',(0.,0.,1.));
#2497=DIRECTION('center_axis',(0.,1.,0.));
#2498=DIRECTION('ref_axis',(-1.,0.,0.));
#2499=DIRECTION('center_axis',(0.,-1.,0.));
#2500=DIRECTION('ref_axis',(-0.0369978119844045,0.,-0.99931534657903));
#2501=DIRECTION('',(0.,0.,1.));
#2502=DIRECTION('',(1.,0.,0.));
#2503=DIRECTION('center_axis',(1.,0.,0.));
#2504=DIRECTION('ref_axis',(0.,1.,-3.06161699786838E-16));
#2505=DIRECTION('',(0.,-0.999394862406901,-0.0347837461279301));
#2506=DIRECTION('',(0.,-1.,3.06161699786838E-16));
#2507=DIRECTION('',(0.,0.,1.));
#2508=DIRECTION('center_axis',(-1.,0.,0.));
#2509=DIRECTION('ref_axis',(0.,-1.,3.06161699786838E-16));
#2510=DIRECTION('',(0.,0.999394862397259,0.0347837464049582));
#2511=DIRECTION('',(0.,0.,1.));
#2512=DIRECTION('',(0.,1.,-3.06161699786838E-16));
#2513=DIRECTION('center_axis',(0.,-1.,0.));
#2514=DIRECTION('ref_axis',(1.,0.,0.));
#2515=DIRECTION('center_axis',(0.,1.,0.));
#2516=DIRECTION('ref_axis',(-0.0518607723959939,0.,-0.998654324722269));
#2517=DIRECTION('',(-1.,0.,0.));
#2518=DIRECTION('',(0.,0.,1.));
#2519=DIRECTION('center_axis',(0.,-1.,0.));
#2520=DIRECTION('ref_axis',(1.,0.,0.));
#2521=DIRECTION('center_axis',(0.,1.,0.));
#2522=DIRECTION('ref_axis',(-0.0425723822237852,0.,-0.999093385160663));
#2523=DIRECTION('',(0.,0.,1.));
#2524=DIRECTION('',(-1.,0.,0.));
#2525=DIRECTION('center_axis',(1.,0.,0.));
#2526=DIRECTION('ref_axis',(0.,1.,-3.06161699786838E-16));
#2527=DIRECTION('',(-7.29049099906331E-12,-0.999394862403289,-0.0347837462317095));
#2528=DIRECTION('',(0.,-1.,3.06161699786838E-16));
#2529=DIRECTION('',(0.,0.,1.));
#2530=DIRECTION('center_axis',(-1.,0.,0.));
#2531=DIRECTION('ref_axis',(0.,-1.,3.06161699786838E-16));
#2532=DIRECTION('',(-2.65108763588027E-12,0.999394862400862,0.0347837463014151));
#2533=DIRECTION('',(0.,0.,1.));
#2534=DIRECTION('',(0.,1.,-3.06161699786838E-16));
#2535=DIRECTION('center_axis',(0.,-1.,0.));
#2536=DIRECTION('ref_axis',(1.,0.,0.));
#2537=DIRECTION('center_axis',(0.,1.,0.));
#2538=DIRECTION('ref_axis',(-0.0462879651371923,0.,-0.998928137697331));
#2539=DIRECTION('',(-1.,0.,0.));
#2540=DIRECTION('center_axis',(0.,-3.06161699786838E-16,-1.));
#2541=DIRECTION('ref_axis',(0.,1.,-3.06161699786838E-16));
#2542=DIRECTION('center_axis',(0.946450232904348,0.0112553542497395,-0.322653488491939));
#2543=DIRECTION('ref_axis',(-0.0118913367601302,0.999929295555469,-3.74414452072094E-18));
#2544=DIRECTION('',(0.0118913367601302,-0.999929295555469,-1.52791030950672E-17));
#2545=DIRECTION('',(0.283887319776317,-0.445461462087631,-0.849100745179846));
#2546=DIRECTION('',(0.,-1.,0.));
#2547=DIRECTION('',(0.29777228202692,0.228186493438144,-0.926964180682773));
#2548=DIRECTION('center_axis',(-0.997853372530351,0.0221833106309656,0.0616161314856244));
#2549=DIRECTION('ref_axis',(-7.53188722875743E-13,-0.94088009584661,0.338739789867789));
#2550=DIRECTION('center_axis',(5.96077786193553E-14,-0.940880095846779,
0.33873978986732));
#2551=DIRECTION('ref_axis',(1.,-7.00205262773419E-9,-1.94490040802878E-8));
#2552=DIRECTION('center_axis',(-0.997853372525229,-0.022183310656466,-0.061616131559399));
#2553=DIRECTION('ref_axis',(-2.16675920414818E-13,-0.940880095846764,0.338739789867361));
#2554=DIRECTION('center_axis',(1.61013523234167E-11,0.940771097060172,-0.339042391060764));
#2555=DIRECTION('ref_axis',(1.,-7.04596477588688E-9,-1.95035748746531E-8));
#2556=DIRECTION('center_axis',(1.41590522109597E-5,0.999394894970236,0.0347828076346959));
#2557=DIRECTION('ref_axis',(-0.952782782953226,-0.0105484114647778,0.303469437544336));
#2558=DIRECTION('center_axis',(1.86053034821775E-8,-0.999394862373306,-0.0347837470931617));
#2559=DIRECTION('ref_axis',(-0.0921264772224123,0.0346358210058925,-0.995144749319332));
#2560=DIRECTION('center_axis',(-1.73412264572916E-11,-0.996394047519499,
-0.0848463438676708));
#2561=DIRECTION('ref_axis',(1.,-3.32388357415864E-10,3.69902272779305E-9));
#2562=DIRECTION('center_axis',(-1.41598179336037E-5,0.999394894886176,0.0347828100496201));
#2563=DIRECTION('ref_axis',(-0.0661579244012848,-0.0347075428602075,0.99720535272707));
#2564=DIRECTION('center_axis',(0.998137461666993,-0.0051732119790555,0.0607852407644544));
#2565=DIRECTION('ref_axis',(-9.34365395695469E-13,0.996398007205926,0.0847998304011261));
#2566=DIRECTION('center_axis',(-4.52122398256294E-14,0.996398007205652,
0.0847998304043416));
#2567=DIRECTION('ref_axis',(1.,-3.14532838729624E-10,3.69629401917662E-9));
#2568=DIRECTION('center_axis',(0.998137461780356,0.00517321182424337,-0.0607852389161248));
#2569=DIRECTION('ref_axis',(-1.3926613251109E-12,0.996398007205702,0.0847998304037532));
#2570=DIRECTION('',(-0.429122651623377,-0.305965437746469,-0.849846398338155));
#2571=DIRECTION('',(-0.283887319779165,-0.445461462087239,-0.849100745179099));
#2572=DIRECTION('',(0.,1.,0.));
#2573=DIRECTION('',(-0.297772282029797,0.228186493439303,-0.926964180681563));
#2574=DIRECTION('',(-0.430528385912501,0.0765383797198968,-0.899325961680986));
#2575=DIRECTION('center_axis',(0.,0.996398007205757,0.0847998304031115));
#2576=DIRECTION('ref_axis',(0.,-0.0847998304031115,0.996398007205757));
#2577=DIRECTION('',(1.,0.,0.));
#2578=DIRECTION('',(0.430528385910544,0.0765383797185897,-0.899325961682034));
#2579=DIRECTION('center_axis',(3.14068704642415E-17,-1.49066873908469E-17,
1.));
#2580=DIRECTION('ref_axis',(1.,1.74606887910242E-50,-3.14068704642415E-17));
#2581=DIRECTION('',(-1.,0.,0.));
#2582=DIRECTION('',(0.42912265162083,-0.305965437746879,-0.849846398339293));
#2583=DIRECTION('center_axis',(-2.15465320833926E-17,-0.940880095846728,
0.33873978986746));
#2584=DIRECTION('ref_axis',(-7.72638666601436E-33,-0.33873978986746,-0.940880095846728));
#2585=DIRECTION('center_axis',(1.,0.,0.));
#2586=DIRECTION('ref_axis',(0.,-1.,0.));
#2587=DIRECTION('',(0.,-1.,0.));
#2588=DIRECTION('center_axis',(0.,0.,1.));
#2589=DIRECTION('ref_axis',(1.,0.,0.));
#2590=DIRECTION('',(0.,1.,0.));
#2591=DIRECTION('center_axis',(1.,0.,0.));
#2592=DIRECTION('ref_axis',(0.,-1.,0.));
#2593=DIRECTION('center_axis',(-4.04219867454635E-13,-1.,0.));
#2594=DIRECTION('ref_axis',(0.,0.,-1.));
#2595=DIRECTION('',(1.,-4.04219867454635E-13,0.));
#2596=DIRECTION('center_axis',(0.,0.,1.));
#2597=DIRECTION('ref_axis',(1.,0.,0.));
#2598=DIRECTION('',(-1.,0.,0.));
#2599=DIRECTION('center_axis',(-4.28500772279815E-13,-1.,0.));
#2600=DIRECTION('ref_axis',(0.,0.,-1.));
#2601=DIRECTION('center_axis',(1.,0.,0.));
#2602=DIRECTION('ref_axis',(0.,-1.,0.));
#2603=DIRECTION('',(0.,1.,0.));
#2604=DIRECTION('center_axis',(0.,0.,1.));
#2605=DIRECTION('ref_axis',(1.,0.,0.));
#2606=DIRECTION('',(0.,-1.,0.));
#2607=DIRECTION('center_axis',(1.,0.,0.));
#2608=DIRECTION('ref_axis',(0.,-1.,0.));
#2609=DIRECTION('center_axis',(-4.28500772279815E-13,-1.,0.));
#2610=DIRECTION('ref_axis',(0.,0.,-1.));
#2611=DIRECTION('',(-1.,0.,0.));
#2612=DIRECTION('center_axis',(-4.04219867454635E-13,-1.,0.));
#2613=DIRECTION('ref_axis',(0.,0.,-1.));
#2614=DIRECTION('',(1.,-4.04219867454635E-13,0.));
#2615=DIRECTION('center_axis',(0.,0.,1.));
#2616=DIRECTION('ref_axis',(1.,0.,0.));
#2617=CARTESIAN_POINT('',(0.,0.,0.));
#2618=CARTESIAN_POINT('Origin',(228.951357532413,204.833041201353,-109.369605451666));
#2619=CARTESIAN_POINT('',(236.492010345642,204.833041201346,7.76659121519685));
#2620=CARTESIAN_POINT('',(235.422852391017,204.833041201346,4.6303945483197));
#2621=CARTESIAN_POINT('',(236.492010345642,204.833041201346,7.76659121519713));
#2622=CARTESIAN_POINT('',(238.820989087574,204.833041201364,7.62960924776802));
#2623=CARTESIAN_POINT('Origin',(253.461215871464,204.833041201346,276.411192652953));
#2624=CARTESIAN_POINT('',(238.820989087588,204.833041201346,4.63039454831976));
#2625=CARTESIAN_POINT('',(238.820989087599,204.833041201348,4.63039454831975));
#2626=CARTESIAN_POINT('',(235.422852391017,204.833041201346,4.63039454831976));
#2627=CARTESIAN_POINT('Origin',(253.451357532413,204.183041201337,6.13039454831976));
#2628=CARTESIAN_POINT('',(235.43058230645,204.183041201351,4.63039454831976));
#2629=CARTESIAN_POINT('',(236.492027463497,204.183041201337,7.74396700897858));
#2630=CARTESIAN_POINT('',(236.904961855595,204.183041201337,8.95524122578351));
#2631=CARTESIAN_POINT('',(238.820989087591,204.183041201344,4.63039454831976));
#2632=CARTESIAN_POINT('',(253.451357532413,204.183041201344,4.63039454831976));
#2633=CARTESIAN_POINT('',(238.820989087565,204.183041201355,7.60698612271212));
#2634=CARTESIAN_POINT('',(238.820989087591,204.183041201337,9.52704581891339E-11));
#2635=CARTESIAN_POINT('Origin',(253.461215887217,204.183041201344,276.388569591178));
#2636=CARTESIAN_POINT('Origin',(253.451357532413,204.833041201338,4.63039454831976));
#2637=CARTESIAN_POINT('',(235.425463525175,204.613473831239,4.63039454831976));
#2638=CARTESIAN_POINT('Origin',(241.501357532412,204.508041201349,4.63039454831976));
#2639=CARTESIAN_POINT('Ctrl Pts',(236.491832858756,211.585342268037,8.00161496600152));
#2640=CARTESIAN_POINT('Ctrl Pts',(236.491833009709,203.476866233363,7.71940100801596));
#2641=CARTESIAN_POINT('Ctrl Pts',(238.052156336682,211.588768527574,7.90317366994748));
#2642=CARTESIAN_POINT('Ctrl Pts',(238.052156487635,203.4802924929,7.62095971196192));
#2643=CARTESIAN_POINT('Ctrl Pts',(239.613782527667,211.591723174824,7.81828257908557));
#2644=CARTESIAN_POINT('Ctrl Pts',(239.61378267862,203.48324714015,7.53606862110001));
#2645=CARTESIAN_POINT('Ctrl Pts',(241.176357532422,211.594204799549,7.74698221232812));
#2646=CARTESIAN_POINT('Ctrl Pts',(241.176357683375,203.485728764875,7.46476825434256));
#2647=CARTESIAN_POINT('',(236.491832858992,211.572571754579,8.00117049072239));
#2648=CARTESIAN_POINT('',(236.491832858996,211.572571754587,8.00117049072241));
#2649=CARTESIAN_POINT('',(241.176357532418,211.594204799541,7.74698221232797));
#2650=CARTESIAN_POINT('Origin',(253.461178921949,188.80643712468,275.503253577631));
#2651=CARTESIAN_POINT('',(241.176357532418,207.188409646173,7.5936393581829));
#2652=CARTESIAN_POINT('',(241.176357532418,207.188409646136,7.59363935818215));
#2653=CARTESIAN_POINT('Ctrl Pts',(238.820989087644,204.833041201409,7.62960924682243));
#2654=CARTESIAN_POINT('Ctrl Pts',(238.848960061533,205.063725341482,7.63611461595412));
#2655=CARTESIAN_POINT('Ctrl Pts',(238.906596985384,205.289852149445,7.64084540962746));
#2656=CARTESIAN_POINT('Ctrl Pts',(238.992479352404,205.505803829145,7.64373860323217));
#2657=CARTESIAN_POINT('Ctrl Pts',(239.000917562737,205.527021754994,7.64402286852456));
#2658=CARTESIAN_POINT('Ctrl Pts',(239.009628448687,205.548141452031,7.64428943525316));
#2659=CARTESIAN_POINT('Ctrl Pts',(239.018610664949,205.569157590797,7.64453826983088));
#2660=CARTESIAN_POINT('Ctrl Pts',(239.131007900936,205.832139002011,7.64765201347036));
#2661=CARTESIAN_POINT('Ctrl Pts',(239.284360313856,206.075323678851,7.64794173783084));
#2662=CARTESIAN_POINT('Ctrl Pts',(239.472695760824,206.289762526961,7.64560473182714));
#2663=CARTESIAN_POINT('Ctrl Pts',(239.50367557066,206.325036156238,7.64522031135427));
#2664=CARTESIAN_POINT('Ctrl Pts',(239.535601953164,206.359531981114,7.64476493046357));
#2665=CARTESIAN_POINT('Ctrl Pts',(239.568448333412,206.393210166836,7.64423958056293));
#2666=CARTESIAN_POINT('Ctrl Pts',(239.784326259498,206.614555010109,7.64078679684173));
#2667=CARTESIAN_POINT('Ctrl Pts',(240.036591091533,206.797144066386,7.63436965084556));
#2668=CARTESIAN_POINT('Ctrl Pts',(240.314194366913,206.933045040208,7.62552504906596));
#2669=CARTESIAN_POINT('Ctrl Pts',(240.524989547691,207.03624004144,7.61880899202923));
#2670=CARTESIAN_POINT('Ctrl Pts',(240.748008542324,207.111347464356,7.61077025282733));
#2671=CARTESIAN_POINT('Ctrl Pts',(240.977531321536,207.156739960246,7.60169421249645));
#2672=CARTESIAN_POINT('Ctrl Pts',(241.043317372223,207.169750403243,7.5990928286543));
#2673=CARTESIAN_POINT('Ctrl Pts',(241.109637692753,207.180319728537,7.59640590740432));
#2674=CARTESIAN_POINT('Ctrl Pts',(241.176357532419,207.188409646167,7.59363935818298));
#2675=CARTESIAN_POINT('Ctrl Pts',(236.492027463497,204.183041201351,7.74396700897896));
#2676=CARTESIAN_POINT('Ctrl Pts',(236.492027568899,198.521331162766,7.54691227364729));
#2677=CARTESIAN_POINT('Ctrl Pts',(238.052286166829,204.186467279229,7.64553093222023));
#2678=CARTESIAN_POINT('Ctrl Pts',(238.052286272231,198.524757240644,7.44847619688856));
#2679=CARTESIAN_POINT('Ctrl Pts',(239.613847460179,204.189421783987,7.56064393544441));
#2680=CARTESIAN_POINT('Ctrl Pts',(239.613847565581,198.527711745402,7.36358920011274));
#2681=CARTESIAN_POINT('Ctrl Pts',(241.176357488406,204.191903305553,7.48934653251122));
#2682=CARTESIAN_POINT('Ctrl Pts',(241.176357593808,198.530193266968,7.29229179717955));
#2683=CARTESIAN_POINT('',(241.176357532418,201.827672756524,7.40705994031092));
#2684=CARTESIAN_POINT('Ctrl Pts',(241.176357532418,201.827672756524,7.40705994031091));
#2685=CARTESIAN_POINT('Ctrl Pts',(240.94096315326,201.856214792741,7.41880740811431));
#2686=CARTESIAN_POINT('Ctrl Pts',(240.710823880309,201.915584513474,7.43170220479953));
#2687=CARTESIAN_POINT('Ctrl Pts',(240.491772734897,202.003897593097,7.44534234547868));
#2688=CARTESIAN_POINT('Ctrl Pts',(240.392064769596,202.04409604749,7.45155108121014));
#2689=CARTESIAN_POINT('Ctrl Pts',(240.294654091633,202.090291301033,7.45791348195858));
#2690=CARTESIAN_POINT('Ctrl Pts',(240.200090515465,202.14230576589,7.46438816145145));
#2691=CARTESIAN_POINT('Ctrl Pts',(239.888375572833,202.313763811219,7.48573099162419));
#2692=CARTESIAN_POINT('Ctrl Pts',(239.613599072793,202.545152096,7.50788713018924));
#2693=CARTESIAN_POINT('Ctrl Pts',(239.391591309191,202.823141654327,7.52918240119166));
#2694=CARTESIAN_POINT('Ctrl Pts',(239.223388340835,203.0337589234,7.54531664684352));
#2695=CARTESIAN_POINT('Ctrl Pts',(239.087632772104,203.268425822204,7.56074377876545));
#2696=CARTESIAN_POINT('Ctrl Pts',(238.988890293735,203.519350969357,7.57479371278147));
#2697=CARTESIAN_POINT('Ctrl Pts',(238.904978737785,203.732587662138,7.58673337485748));
#2698=CARTESIAN_POINT('Ctrl Pts',(238.848565147902,203.955613502641,7.59756850691357));
#2699=CARTESIAN_POINT('Ctrl Pts',(238.820989087514,204.183041201379,7.60698612177226));
#2700=CARTESIAN_POINT('',(241.176357532418,199.473811606666,7.32513425506785));
#2701=CARTESIAN_POINT('',(241.176357532418,199.473811606666,7.32513425506786));
#2702=CARTESIAN_POINT('',(236.492149034206,199.566754097592,7.58329034532045));
#2703=CARTESIAN_POINT('Origin',(253.467922431261,284.147003597216,242.512541160163));
#2704=CARTESIAN_POINT('',(236.492027463501,204.183041201337,7.74396700897855));
#2705=CARTESIAN_POINT('Origin',(241.501357532412,204.508041201349,9.52704581891339E-11));
#2706=CARTESIAN_POINT('',(241.82635753242,201.827672756524,4.63039454831976));
#2707=CARTESIAN_POINT('',(241.501357532412,201.808041201349,4.63039454831976));
#2708=CARTESIAN_POINT('Origin',(241.501357532412,204.508041201349,4.63039454831976));
#2709=CARTESIAN_POINT('',(241.501357532412,201.808041201351,0.200000000095271));
#2710=CARTESIAN_POINT('',(241.501357532412,201.808041201349,9.52704581891339E-11));
#2711=CARTESIAN_POINT('Origin',(241.501357532412,204.508041201349,0.200000000095271));
#2712=CARTESIAN_POINT('',(241.176357532418,201.827672756524,4.63039454831976));
#2713=CARTESIAN_POINT('Origin',(241.501357532412,204.508041201349,4.63039454831976));
#2714=CARTESIAN_POINT('',(241.176357532418,201.827672756524,9.52704581891339E-11));
#2715=CARTESIAN_POINT('',(241.176357532418,207.188409646173,4.63039454831976));
#2716=CARTESIAN_POINT('',(241.176357532418,207.188409646173,9.52704581891339E-11));
#2717=CARTESIAN_POINT('',(241.82635753242,207.188409646173,4.63039454831976));
#2718=CARTESIAN_POINT('Origin',(241.501357532412,204.508041201349,4.63039454831976));
#2719=CARTESIAN_POINT('',(241.82635753242,207.188409646173,7.56473119529743));
#2720=CARTESIAN_POINT('',(241.82635753242,207.188409646173,9.52704581891339E-11));
#2721=CARTESIAN_POINT('',(244.181725977445,204.8330412015,7.39118662737258));
#2722=CARTESIAN_POINT('Ctrl Pts',(241.826357532422,207.188409646169,7.56473119529733));
#2723=CARTESIAN_POINT('Ctrl Pts',(242.013632169208,207.165702174046,7.55583880914567));
#2724=CARTESIAN_POINT('Ctrl Pts',(242.198119105382,207.123416896961,7.54658365466146));
#2725=CARTESIAN_POINT('Ctrl Pts',(242.376773232712,207.062184375082,7.53708974501421));
#2726=CARTESIAN_POINT('Ctrl Pts',(242.624791725985,206.977177675025,7.5239097239245));
#2727=CARTESIAN_POINT('Ctrl Pts',(242.858893869212,206.856571566021,7.51041274460735));
#2728=CARTESIAN_POINT('Ctrl Pts',(243.071794852838,206.70433953391,7.49689145472336));
#2729=CARTESIAN_POINT('Ctrl Pts',(243.10563442467,206.680142995698,7.49474231171569));
#2730=CARTESIAN_POINT('Ctrl Pts',(243.138938375634,206.655147478099,7.4925924478428));
#2731=CARTESIAN_POINT('Ctrl Pts',(243.171677449343,206.629368940525,7.49044292879314));
#2732=CARTESIAN_POINT('Ctrl Pts',(243.427253974805,206.428129616433,7.47366277749705));
#2733=CARTESIAN_POINT('Ctrl Pts',(243.644391633595,206.182333412909,7.45716563745145));
#2734=CARTESIAN_POINT('Ctrl Pts',(243.812582338823,205.903834845904,7.44144057480981));
#2735=CARTESIAN_POINT('Ctrl Pts',(243.918211373277,205.728929016894,7.431564742603));
#2736=CARTESIAN_POINT('Ctrl Pts',(244.00365600257,205.54257902276,7.42207494193689));
#2737=CARTESIAN_POINT('Ctrl Pts',(244.067261279832,205.348361356854,7.41309442952158));
#2738=CARTESIAN_POINT('Ctrl Pts',(244.122165379353,205.180712593781,7.40534244778932));
#2739=CARTESIAN_POINT('Ctrl Pts',(244.160498246748,205.008112449742,7.39801207368358));
#2740=CARTESIAN_POINT('Ctrl Pts',(244.181725978106,204.833041201807,7.39118662675818));
#2741=CARTESIAN_POINT('',(244.181725977232,204.833041201353,4.63039454831976));
#2742=CARTESIAN_POINT('',(244.181725977225,204.833041201346,7.39118663583165));
#2743=CARTESIAN_POINT('',(244.181725977232,204.183041201344,4.63039454831976));
#2744=CARTESIAN_POINT('Origin',(241.501357532412,204.508041201349,4.63039454831976));
#2745=CARTESIAN_POINT('',(244.181725977055,204.183041201402,7.36856350208437));
#2746=CARTESIAN_POINT('',(244.181725977232,204.183041201337,9.52704581891339E-11));
#2747=CARTESIAN_POINT('',(241.82635753242,201.827672756517,7.37815177718341));
#2748=CARTESIAN_POINT('Ctrl Pts',(244.181725976899,204.183041201439,7.3685635014892));
#2749=CARTESIAN_POINT('Ctrl Pts',(244.15316703275,203.947507377837,7.36135076473744));
#2750=CARTESIAN_POINT('Ctrl Pts',(244.093739878083,203.717206811801,7.35538464347));
#2751=CARTESIAN_POINT('Ctrl Pts',(244.005315005638,203.497994829123,7.35086280210271));
#2752=CARTESIAN_POINT('Ctrl Pts',(243.962586410604,203.392067392924,7.34867776159039));
#2753=CARTESIAN_POINT('Ctrl Pts',(243.91308687158,203.288729120585,7.34683079591425));
#2754=CARTESIAN_POINT('Ctrl Pts',(243.857027686313,203.188640532823,7.3453484530295));
#2755=CARTESIAN_POINT('Ctrl Pts',(243.689426121402,202.889403148996,7.34091665499254));
#2756=CARTESIAN_POINT('Ctrl Pts',(243.466326636847,202.624814711491,7.33982383992142));
#2757=CARTESIAN_POINT('Ctrl Pts',(243.199683106446,202.409067584693,7.342486366649));
#2758=CARTESIAN_POINT('Ctrl Pts',(242.993072169513,202.241894145528,7.34454944742567));
#2759=CARTESIAN_POINT('Ctrl Pts',(242.763059649849,202.106263288677,7.34884549520013));
#2760=CARTESIAN_POINT('Ctrl Pts',(242.51717161697,202.006417395463,7.35537534283523));
#2761=CARTESIAN_POINT('Ctrl Pts',(242.490621624984,201.995636441084,7.35608040928499));
#2762=CARTESIAN_POINT('Ctrl Pts',(242.463886541464,201.985272698374,7.35681146779018));
#2763=CARTESIAN_POINT('Ctrl Pts',(242.436975839066,201.975331509338,7.35756847917455));
#2764=CARTESIAN_POINT('Ctrl Pts',(242.309172185123,201.928119055927,7.36116365924704));
#2765=CARTESIAN_POINT('Ctrl Pts',(242.177994373052,201.890653921637,7.36532816849279));
#2766=CARTESIAN_POINT('Ctrl Pts',(242.044568019127,201.863249646792,7.37003830235096));
#2767=CARTESIAN_POINT('Ctrl Pts',(241.972323875192,201.848411510861,7.37258862002356));
#2768=CARTESIAN_POINT('Ctrl Pts',(241.899525765657,201.836544550191,7.37529508317102));
#2769=CARTESIAN_POINT('Ctrl Pts',(241.826357532431,201.827672756524,7.37815177718321));
#2770=CARTESIAN_POINT('',(241.82635753242,201.827672756524,9.52704581891339E-11));
#2771=CARTESIAN_POINT('Origin',(253.451357532413,204.833041201338,4.63039454831976));
#2772=CARTESIAN_POINT('',(253.126357532416,207.188409646165,4.63039454831976));
#2773=CARTESIAN_POINT('',(253.776357532417,207.188409646173,4.63039454831976));
#2774=CARTESIAN_POINT('Origin',(253.451357532413,204.508041201349,4.63039454831976));
#2775=CARTESIAN_POINT('',(253.126357532416,211.859446302864,4.63039454831988));
#2776=CARTESIAN_POINT('',(253.126357532416,207.188409646165,4.63039454831976));
#2777=CARTESIAN_POINT('',(253.776357532417,211.859446302864,4.63039454831976));
#2778=CARTESIAN_POINT('',(259.590818023837,211.859446302864,4.63039454831976));
#2779=CARTESIAN_POINT('',(253.776357532417,204.508041201334,4.63039454831976));
#2780=CARTESIAN_POINT('Origin',(253.126357532407,172.758041201335,4.63039454831976));
#2781=CARTESIAN_POINT('',(253.126357532416,207.188409646173,7.31365410520966));
#2782=CARTESIAN_POINT('',(253.126357532416,207.188409646173,4.63039454831976));
#2783=CARTESIAN_POINT('',(253.126357532412,211.617962957091,7.46782386113573));
#2784=CARTESIAN_POINT('',(253.126357532419,207.188409646151,7.31365410520882));
#2785=CARTESIAN_POINT('',(253.126357532412,211.825360904761,5.030897976101));
#2786=CARTESIAN_POINT('Origin',(253.776357532417,204.508041201334,6.13039454831976));
#2787=CARTESIAN_POINT('',(253.776357532417,207.188409646173,7.31367501227599));
#2788=CARTESIAN_POINT('',(253.776357532417,207.188409646173,9.52704581891339E-11));
#2789=CARTESIAN_POINT('',(253.776357532417,211.617961183008,7.46784470665439));
#2790=CARTESIAN_POINT('',(253.776357532417,211.752600798951,5.88582921931395));
#2791=CARTESIAN_POINT('',(253.776357532417,211.617961183001,7.46784470665451));
#2792=CARTESIAN_POINT('Origin',(253.451357532413,204.508041201349,9.52704581891339E-11));
#2793=CARTESIAN_POINT('',(253.776357532417,201.827672756524,4.63039454831976));
#2794=CARTESIAN_POINT('',(253.451357532413,201.808041201349,4.63039454831976));
#2795=CARTESIAN_POINT('Origin',(253.451357532413,204.508041201349,4.63039454831976));
#2796=CARTESIAN_POINT('',(253.451357532413,201.808041201351,0.200000000095271));
#2797=CARTESIAN_POINT('',(253.451357532413,201.808041201349,9.52704581891339E-11));
#2798=CARTESIAN_POINT('Origin',(253.451357532413,204.508041201349,0.200000000095271));
#2799=CARTESIAN_POINT('',(253.126357532416,201.827672756524,4.63039454831976));
#2800=CARTESIAN_POINT('Origin',(253.451357532413,204.508041201349,4.63039454831976));
#2801=CARTESIAN_POINT('',(253.126357532412,201.827672756532,7.12707468289623));
#2802=CARTESIAN_POINT('',(253.126357532412,201.827672756532,4.63039454831976));
#2803=CARTESIAN_POINT('',(250.770989087589,204.183041201337,7.22215144380224));
#2804=CARTESIAN_POINT('Ctrl Pts',(253.126357532408,201.827672756527,7.12707468289581));
#2805=CARTESIAN_POINT('Ctrl Pts',(252.985133089842,201.844796500811,7.12783690353617));
#2806=CARTESIAN_POINT('Ctrl Pts',(252.845427404877,201.873061565542,7.12909708929151));
#2807=CARTESIAN_POINT('Ctrl Pts',(252.708551930972,201.912229220779,7.1308342471616));
#2808=CARTESIAN_POINT('Ctrl Pts',(252.44970904285,201.986298509553,7.13411935695806));
#2809=CARTESIAN_POINT('Ctrl Pts',(252.203422599533,202.098660490909,7.13908309139743));
#2810=CARTESIAN_POINT('Ctrl Pts',(251.977863108455,202.245561547835,7.14542570429508));
#2811=CARTESIAN_POINT('Ctrl Pts',(251.85174008523,202.327702207604,7.14897221661418));
#2812=CARTESIAN_POINT('Ctrl Pts',(251.733017650032,202.420042134984,7.15292242640002));
#2813=CARTESIAN_POINT('Ctrl Pts',(251.622819580264,202.521474072468,7.15719926167869));
#2814=CARTESIAN_POINT('Ctrl Pts',(251.50636772221,202.628662316426,7.16171880921561));
#2815=CARTESIAN_POINT('Ctrl Pts',(251.399430043147,202.746008225879,7.16660310645623));
#2816=CARTESIAN_POINT('Ctrl Pts',(251.303316355724,202.872217524039,7.17176120107952));
#2817=CARTESIAN_POINT('Ctrl Pts',(251.272894543137,202.912165170606,7.17339383626547));
#2818=CARTESIAN_POINT('Ctrl Pts',(251.243557321316,202.953000574579,7.17505390165221));
#2819=CARTESIAN_POINT('Ctrl Pts',(251.215347098333,202.9946815816,7.17673851311972));
#2820=CARTESIAN_POINT('Ctrl Pts',(251.089683752675,203.180350968048,7.18424266908727));
#2821=CARTESIAN_POINT('Ctrl Pts',(250.987639473862,203.380943443729,7.19215617445752));
#2822=CARTESIAN_POINT('Ctrl Pts',(250.911566455352,203.591820002685,7.20021256329182));
#2823=CARTESIAN_POINT('Ctrl Pts',(250.842601336098,203.782993263864,7.20751620165921));
#2824=CARTESIAN_POINT('Ctrl Pts',(250.795447562458,203.981325126762,7.21488746016333));
#2825=CARTESIAN_POINT('Ctrl Pts',(250.770989087592,204.183041201337,7.22215144380214));
#2826=CARTESIAN_POINT('',(250.770989087592,204.183041201344,4.63039454831976));
#2827=CARTESIAN_POINT('',(250.770989087592,204.183041201337,9.52704581891339E-11));
#2828=CARTESIAN_POINT('',(250.770989087589,204.833041201346,4.63039454831976));
#2829=CARTESIAN_POINT('Origin',(253.451357532413,204.508041201349,4.63039454831976));
#2830=CARTESIAN_POINT('',(250.770989087596,204.833041201346,7.24477456939743));
#2831=CARTESIAN_POINT('',(250.770989087596,204.833041201346,4.63039454831976));
#2832=CARTESIAN_POINT('Ctrl Pts',(250.770989087589,204.833041201352,7.24477456923979));
#2833=CARTESIAN_POINT('Ctrl Pts',(250.799436313417,205.067653651971,7.25265723930568));
#2834=CARTESIAN_POINT('Ctrl Pts',(250.85852395431,205.297175456197,7.26005780821117));
#2835=CARTESIAN_POINT('Ctrl Pts',(250.946474041003,205.515788857601,7.2668492506206));
#2836=CARTESIAN_POINT('Ctrl Pts',(250.984729166671,205.61087782747,7.26980328389802));
#2837=CARTESIAN_POINT('Ctrl Pts',(251.02844489546,205.703902971531,7.27264277736545));
#2838=CARTESIAN_POINT('Ctrl Pts',(251.077474946949,205.794385427931,7.27536027520208));
#2839=CARTESIAN_POINT('Ctrl Pts',(251.24690126654,206.10705304932,7.2847507539591));
#2840=CARTESIAN_POINT('Ctrl Pts',(251.476459331412,206.383219241326,7.29249545900693));
#2841=CARTESIAN_POINT('Ctrl Pts',(251.752964986854,206.60696062842,7.29854367388305));
#2842=CARTESIAN_POINT('Ctrl Pts',(251.958623546079,206.773374336072,7.30304219726882));
#2843=CARTESIAN_POINT('Ctrl Pts',(252.1874653506,206.908529398826,7.30654709127949));
#2844=CARTESIAN_POINT('Ctrl Pts',(252.432056755032,207.008246339865,7.3090977899551));
#2845=CARTESIAN_POINT('Ctrl Pts',(252.469983623564,207.023708662926,7.30949330677042));
#2846=CARTESIAN_POINT('Ctrl Pts',(252.508289176739,207.038318905811,7.30986577776877));
#2847=CARTESIAN_POINT('Ctrl Pts',(252.54694569603,207.052061490235,7.31021522663335));
#2848=CARTESIAN_POINT('Ctrl Pts',(252.662580610697,207.093170276187,7.31126054810505));
#2849=CARTESIAN_POINT('Ctrl Pts',(252.780885336702,207.126347733133,7.3120959078599));
#2850=CARTESIAN_POINT('Ctrl Pts',(252.901036603006,207.151362384009,7.31272436518538));
#2851=CARTESIAN_POINT('Ctrl Pts',(252.975603775551,207.166886746302,7.31311439258391));
#2852=CARTESIAN_POINT('Ctrl Pts',(253.050778216616,207.179245503961,7.31342411161297));
#2853=CARTESIAN_POINT('Ctrl Pts',(253.126357532415,207.18840964618,7.31365410520992));
#2854=CARTESIAN_POINT('',(256.131725977341,204.833041201818,7.2449364319462));
#2855=CARTESIAN_POINT('Ctrl Pts',(253.776357532417,207.188409646172,7.31367501227575));
#2856=CARTESIAN_POINT('Ctrl Pts',(253.96994431457,207.164936864166,7.31309834360199));
#2857=CARTESIAN_POINT('Ctrl Pts',(254.160529794011,207.120546863095,7.31200131767935));
#2858=CARTESIAN_POINT('Ctrl Pts',(254.344753770939,207.055950768289,7.31037122463133));
#2859=CARTESIAN_POINT('Ctrl Pts',(254.593850250258,206.968607849835,7.30816711175745));
#2860=CARTESIAN_POINT('Ctrl Pts',(254.82857318354,206.84528436355,7.30501343198181));
#2861=CARTESIAN_POINT('Ctrl Pts',(255.041522727955,206.690098581496,7.30087854188045));
#2862=CARTESIAN_POINT('Ctrl Pts',(255.075174273013,206.665575207419,7.30022512211881));
#2863=CARTESIAN_POINT('Ctrl Pts',(255.10828209178,206.64025616579,7.29954709390012));
#2864=CARTESIAN_POINT('Ctrl Pts',(255.140816985822,206.614157712072,7.29884422538323));
#2865=CARTESIAN_POINT('Ctrl Pts',(255.394310507871,206.410813298395,7.29336787080672));
#2866=CARTESIAN_POINT('Ctrl Pts',(255.608998176549,206.163383292613,7.28646856836925));
#2867=CARTESIAN_POINT('Ctrl Pts',(255.774557423651,205.883810901378,7.27817382080233));
#2868=CARTESIAN_POINT('Ctrl Pts',(255.876167892416,205.712225911568,7.27308299559437));
#2869=CARTESIAN_POINT('Ctrl Pts',(255.958450478836,205.529922284023,7.26750733646873));
#2870=CARTESIAN_POINT('Ctrl Pts',(256.019906566603,205.340240613141,7.26149449586216));
#2871=CARTESIAN_POINT('Ctrl Pts',(256.07340736745,205.175112606024,7.25625999754787));
#2872=CARTESIAN_POINT('Ctrl Pts',(256.110844360294,205.005257902572,7.25072159214843));
#2873=CARTESIAN_POINT('Ctrl Pts',(256.131725977442,204.833041202054,7.24493643134833));
#2874=CARTESIAN_POINT('',(256.131725977237,204.833041201338,4.63039454831976));
#2875=CARTESIAN_POINT('',(256.131725977237,204.833041201338,4.63039454831976));
#2876=CARTESIAN_POINT('',(256.131725977233,204.183041201337,4.63039454831976));
#2877=CARTESIAN_POINT('Origin',(253.451357532413,204.508041201349,4.63039454831976));
#2878=CARTESIAN_POINT('',(256.131725977331,204.183041201664,7.22231330610454));
#2879=CARTESIAN_POINT('',(256.131725977233,204.183041201337,9.52704581891339E-11));
#2880=CARTESIAN_POINT('',(253.776357532417,201.827672756524,7.12709558972054));
#2881=CARTESIAN_POINT('Ctrl Pts',(256.131725977397,204.183041201677,7.22231330549851));
#2882=CARTESIAN_POINT('Ctrl Pts',(256.10315144192,203.947378792096,7.21382538540569));
#2883=CARTESIAN_POINT('Ctrl Pts',(256.043676709645,203.716970256961,7.20521118939237));
#2884=CARTESIAN_POINT('Ctrl Pts',(255.955185809302,203.497675049022,7.19675185663854));
#2885=CARTESIAN_POINT('Ctrl Pts',(255.912928813113,203.39295516562,7.19271227753433));
#2886=CARTESIAN_POINT('Ctrl Pts',(255.864055128037,203.290769472517,7.18870883301247));
#2887=CARTESIAN_POINT('Ctrl Pts',(255.808769875328,203.191755880977,7.1847762233186));
#2888=CARTESIAN_POINT('Ctrl Pts',(255.641376114868,202.891960608049,7.17286899141088));
#2889=CARTESIAN_POINT('Ctrl Pts',(255.418301016956,202.626795445372,7.16182817806553));
#2890=CARTESIAN_POINT('Ctrl Pts',(255.151497032897,202.410536570169,7.15260565966851));
#2891=CARTESIAN_POINT('Ctrl Pts',(254.94415334082,202.242473436527,7.14543848403039));
#2892=CARTESIAN_POINT('Ctrl Pts',(254.713112406477,202.106146091748,7.139468976234));
#2893=CARTESIAN_POINT('Ctrl Pts',(254.465964542844,202.00592757561,7.13504017495265));
#2894=CARTESIAN_POINT('Ctrl Pts',(254.443633389328,201.996872287669,7.13464000867222));
#2895=CARTESIAN_POINT('Ctrl Pts',(254.421170738141,201.98811179727,7.1342523845193));
#2896=CARTESIAN_POINT('Ctrl Pts',(254.398582189024,201.979649331091,7.13387753223435));
#2897=CARTESIAN_POINT('Ctrl Pts',(254.27189179181,201.932186645631,7.13177513138383));
#2898=CARTESIAN_POINT('Ctrl Pts',(254.141808323244,201.894311355443,7.1300843718143));
#2899=CARTESIAN_POINT('Ctrl Pts',(254.009430348157,201.866345773732,7.12883194507532));
#2900=CARTESIAN_POINT('Ctrl Pts',(253.932324130384,201.850056657419,7.12810244389646));
#2901=CARTESIAN_POINT('Ctrl Pts',(253.854558534618,201.837154783432,7.12752267981767));
#2902=CARTESIAN_POINT('Ctrl Pts',(253.776357532417,201.827672756524,7.12709558972043));
#2903=CARTESIAN_POINT('',(253.776357532417,201.827672756524,9.52704581891339E-11));
#2904=CARTESIAN_POINT('Ctrl Pts',(253.776357449948,211.617961183016,7.46784470655227));
#2905=CARTESIAN_POINT('Ctrl Pts',(253.776357601512,203.476609445007,7.18448651599809));
#2906=CARTESIAN_POINT('Ctrl Pts',(257.544733494007,211.617798645653,7.47251669073158));
#2907=CARTESIAN_POINT('Ctrl Pts',(257.544733645571,203.476446907644,7.1891585001774));
#2908=CARTESIAN_POINT('Ctrl Pts',(261.313046529052,211.61488151276,7.55633278258173));
#2909=CARTESIAN_POINT('Ctrl Pts',(261.313046680616,203.473529774751,7.27297459202755));
#2910=CARTESIAN_POINT('Ctrl Pts',(265.076357532183,211.609223341649,7.71890345496414));
#2911=CARTESIAN_POINT('Ctrl Pts',(265.076357683747,203.46787160364,7.43554526440996));
#2912=CARTESIAN_POINT('',(265.076357532416,211.59663177863,7.71846520802082));
#2913=CARTESIAN_POINT('Origin',(258.895807621546,200.091809815862,142.900186876894));
#2914=CARTESIAN_POINT('',(265.076357532416,207.188409646173,7.56503787603614));
#2915=CARTESIAN_POINT('',(265.076357532416,207.18840964618,7.56503787603617));
#2916=CARTESIAN_POINT('',(262.720989087767,204.833041201849,7.39150755275142));
#2917=CARTESIAN_POINT('Ctrl Pts',(262.720989087687,204.833041202143,7.39150755211991));
#2918=CARTESIAN_POINT('Ctrl Pts',(262.740138571538,204.990972500981,7.39766477492869));
#2919=CARTESIAN_POINT('Ctrl Pts',(262.77317036823,205.146585396949,7.40421992962146));
#2920=CARTESIAN_POINT('Ctrl Pts',(262.819535185109,205.298100292153,7.41110999338962));
#2921=CARTESIAN_POINT('Ctrl Pts',(262.842116567978,205.371893657234,7.4144657096074));
#2922=CARTESIAN_POINT('Ctrl Pts',(262.867860802856,205.444715978453,7.41790086795649));
#2923=CARTESIAN_POINT('Ctrl Pts',(262.896704592325,205.516363396735,7.42140818755964));
#2924=CARTESIAN_POINT('Ctrl Pts',(262.93432738757,205.609817696519,7.42598300833461));
#2925=CARTESIAN_POINT('Ctrl Pts',(262.977222989965,205.701271816133,7.43068128356523));
#2926=CARTESIAN_POINT('Ctrl Pts',(263.025250351532,205.790271549206,7.43548967416429));
#2927=CARTESIAN_POINT('Ctrl Pts',(263.097710515096,205.924547824338,7.44274422152899));
#2928=CARTESIAN_POINT('Ctrl Pts',(263.181246862306,206.052115576792,7.45018773852109));
#2929=CARTESIAN_POINT('Ctrl Pts',(263.27481010941,206.171710657016,7.45776988497899));
#2930=CARTESIAN_POINT('Ctrl Pts',(263.371745287179,206.295615830475,7.46562528480229));
#2931=CARTESIAN_POINT('Ctrl Pts',(263.479447163455,206.410968863238,7.47362948629404));
#2932=CARTESIAN_POINT('Ctrl Pts',(263.596758078156,206.516379023951,7.48172650815389));
#2933=CARTESIAN_POINT('Ctrl Pts',(263.630535197175,206.546729580448,7.48405786898049));
#2934=CARTESIAN_POINT('Ctrl Pts',(263.665108747144,206.576255653252,7.48639692486074));
#2935=CARTESIAN_POINT('Ctrl Pts',(263.700450328839,206.604923335573,7.48874233952061));
#2936=CARTESIAN_POINT('Ctrl Pts',(263.916902937812,206.780501063967,7.50310703679528));
#2937=CARTESIAN_POINT('Ctrl Pts',(264.159246987263,206.921513220725,7.51752209124892));
#2938=CARTESIAN_POINT('Ctrl Pts',(264.418860312829,207.022936669059,7.53164549441013));
#2939=CARTESIAN_POINT('Ctrl Pts',(264.550484528165,207.074358458656,7.53880607391782));
#2940=CARTESIAN_POINT('Ctrl Pts',(264.685948994874,207.115370002887,7.54585827824293));
#2941=CARTESIAN_POINT('Ctrl Pts',(264.824005489693,207.145590180755,7.55275153358009));
#2942=CARTESIAN_POINT('Ctrl Pts',(264.907419122353,207.163849190003,7.55691643338634));
#2943=CARTESIAN_POINT('Ctrl Pts',(264.991631445021,207.178136439719,7.56101581661784));
#2944=CARTESIAN_POINT('Ctrl Pts',(265.076357532407,207.188409646171,7.56503787603579));
#2945=CARTESIAN_POINT('Origin',(253.438180081468,204.833028841162,276.523209709593));
#2946=CARTESIAN_POINT('Ctrl Pts',(241.826357450122,211.609234629927,7.71859716356245));
#2947=CARTESIAN_POINT('Ctrl Pts',(244.715873746551,211.613580335739,7.59373935891997));
#2948=CARTESIAN_POINT('Ctrl Pts',(247.608465763391,211.616308382007,7.51535960354756));
#2949=CARTESIAN_POINT('Ctrl Pts',(251.376663854433,211.617742822898,7.47414774780308));
#2950=CARTESIAN_POINT('Ctrl Pts',(252.251504738004,211.617927143358,7.46885238285707));
#2951=CARTESIAN_POINT('Ctrl Pts',(253.126357532419,211.617962957149,7.46782386113746));
#2952=CARTESIAN_POINT('Ctrl Pts',(241.826357492224,209.347745840292,7.63988647865276));
#2953=CARTESIAN_POINT('Ctrl Pts',(244.715873788653,209.352091546105,7.51502867401029));
#2954=CARTESIAN_POINT('Ctrl Pts',(247.608465805493,209.354819592372,7.43664891863788));
#2955=CARTESIAN_POINT('Ctrl Pts',(251.376663896535,209.356254033264,7.3954370628934));
#2956=CARTESIAN_POINT('Ctrl Pts',(252.251504780106,209.356438353723,7.39014169794739));
#2957=CARTESIAN_POINT('Ctrl Pts',(253.126357574522,209.356474167515,7.38911317622778));
#2958=CARTESIAN_POINT('Ctrl Pts',(241.826357534323,207.086257050665,7.56117579374309));
#2959=CARTESIAN_POINT('Ctrl Pts',(244.715873830752,207.090602756478,7.43631798910061));
#2960=CARTESIAN_POINT('Ctrl Pts',(247.608465847588,207.093330802738,7.3579382337282));
#2961=CARTESIAN_POINT('Ctrl Pts',(251.376663938634,207.09476524363,7.31672637798372));
#2962=CARTESIAN_POINT('Ctrl Pts',(252.251504822205,207.094949564089,7.3114310130377));
#2963=CARTESIAN_POINT('Ctrl Pts',(253.12635761662,207.09498537788,7.3104024913181));
#2964=CARTESIAN_POINT('Ctrl Pts',(241.826357576425,204.824768261031,7.48246510883341));
#2965=CARTESIAN_POINT('Ctrl Pts',(244.715873872854,204.829113966844,7.35760730419093));
#2966=CARTESIAN_POINT('Ctrl Pts',(247.608465889691,204.831842013104,7.27922754881852));
#2967=CARTESIAN_POINT('Ctrl Pts',(251.376663980736,204.833276453995,7.23801569307403));
#2968=CARTESIAN_POINT('Ctrl Pts',(252.251504864307,204.833460774455,7.23272032812802));
#2969=CARTESIAN_POINT('Ctrl Pts',(253.126357658723,204.833496588246,7.23169180640841));
#2970=CARTESIAN_POINT('Ctrl Pts',(244.181725977424,204.833041201346,7.39118662676568));
#2971=CARTESIAN_POINT('Ctrl Pts',(245.279578975526,204.833041201346,7.35332264533613));
#2972=CARTESIAN_POINT('Ctrl Pts',(246.377674000537,204.833041201345,7.32218315485251));
#2973=CARTESIAN_POINT('Ctrl Pts',(248.574055881349,204.833041201344,7.27337449078068));
#2974=CARTESIAN_POINT('Ctrl Pts',(249.672445290335,204.833041201344,7.25570204773925));
#2975=CARTESIAN_POINT('Ctrl Pts',(250.770989087594,204.833041201343,7.24477456923943));
#2976=CARTESIAN_POINT('',(241.82635753242,211.596657802635,7.71815942594275));
#2977=CARTESIAN_POINT('',(241.82635753242,211.596657802627,7.7181594259427));
#2978=CARTESIAN_POINT('Origin',(245.785447777909,181.862539538837,357.094083957867));
#2979=CARTESIAN_POINT('Origin',(241.82635753242,204.508041201334,6.13039454831976));
#2980=CARTESIAN_POINT('',(241.82635753242,211.859446302871,4.63039454831976));
#2981=CARTESIAN_POINT('',(241.82635753242,211.752600798951,5.88582921931426));
#2982=CARTESIAN_POINT('',(241.82635753242,204.508041201334,4.63039454831976));
#2983=CARTESIAN_POINT('Origin',(241.176357532418,204.508041201334,6.13039454831976));
#2984=CARTESIAN_POINT('',(241.176357532418,211.859446302871,4.63039454831976));
#2985=CARTESIAN_POINT('',(241.176357532418,211.752600798951,5.88582921931428));
#2986=CARTESIAN_POINT('',(241.176357532418,204.508041201334,4.63039454831976));
#2987=CARTESIAN_POINT('Origin',(253.451357532413,204.833041201338,4.63039454831976));
#2988=CARTESIAN_POINT('',(259.590818023837,211.859446302864,4.63039454831976));
#2989=CARTESIAN_POINT('Origin',(228.951357532413,204.833041201353,-109.369605451666));
#2990=CARTESIAN_POINT('',(244.181725977232,204.833041201353,4.63039454831976));
#2991=CARTESIAN_POINT('Origin',(253.451357532413,204.183041201337,6.13039454831976));
#2992=CARTESIAN_POINT('Ctrl Pts',(250.770989087587,204.183041201338,7.22215144364419));
#2993=CARTESIAN_POINT('Ctrl Pts',(250.681290642314,204.183041201338,7.22304369558634));
#2994=CARTESIAN_POINT('Ctrl Pts',(250.591593204769,204.183041201672,7.22398090709428));
#2995=CARTESIAN_POINT('Ctrl Pts',(250.50189682158,204.183041201913,7.22496308278633));
#2996=CARTESIAN_POINT('Ctrl Pts',(249.493074659418,204.183041204623,7.23600968879264));
#2997=CARTESIAN_POINT('Ctrl Pts',(248.484389813557,204.183041201339,7.25274395183274));
#2998=CARTESIAN_POINT('Ctrl Pts',(247.475908632037,204.183041201339,7.27515472645326));
#2999=CARTESIAN_POINT('Ctrl Pts',(246.37767733263,204.18304120134,7.29955995540867));
#3000=CARTESIAN_POINT('Ctrl Pts',(245.279575644205,204.18304120134,7.33069963488134));
#3001=CARTESIAN_POINT('Ctrl Pts',(244.181725977034,204.183041201341,7.36856350148111));
#3002=CARTESIAN_POINT('',(253.451357532413,204.183041201344,4.63039454831976));
#3003=CARTESIAN_POINT('Origin',(253.451357532413,204.833041201338,4.63039454831976));
#3004=CARTESIAN_POINT('Ctrl Pts',(241.82635744461,204.179858061842,7.46001913888439));
#3005=CARTESIAN_POINT('Ctrl Pts',(241.826357552221,198.399631537654,7.25883945993221));
#3006=CARTESIAN_POINT('Ctrl Pts',(244.715873788879,204.184203767778,7.33516133062809));
#3007=CARTESIAN_POINT('Ctrl Pts',(244.71587389649,198.40397724359,7.13398165167591));
#3008=CARTESIAN_POINT('Ctrl Pts',(247.608465853682,204.186931814111,7.25678157317987));
#3009=CARTESIAN_POINT('Ctrl Pts',(247.608465961293,198.406705289923,7.05560189422769));
#3010=CARTESIAN_POINT('Ctrl Pts',(251.376663931998,204.18836625501,7.21556971757474));
#3011=CARTESIAN_POINT('Ctrl Pts',(251.376664039609,198.408139730822,7.01439003862256));
#3012=CARTESIAN_POINT('Ctrl Pts',(252.251504754808,204.188550575462,7.21027435269982));
#3013=CARTESIAN_POINT('Ctrl Pts',(252.251504862419,198.408324051274,7.00909467374764));
#3014=CARTESIAN_POINT('Ctrl Pts',(253.126357488465,204.188586389268,7.20924583045901));
#3015=CARTESIAN_POINT('Ctrl Pts',(253.126357596076,198.40835986508,7.00806615150683));
#3016=CARTESIAN_POINT('',(253.126357532416,199.371730952451,7.04159609805318));
#3017=CARTESIAN_POINT('',(253.126357532412,199.371730952451,7.04159609805313));
#3018=CARTESIAN_POINT('',(241.82635753242,199.463271893888,7.29585925915516));
#3019=CARTESIAN_POINT('Origin',(245.702033227945,338.008111863846,392.116627492292));
#3020=CARTESIAN_POINT('',(241.826357532424,201.827672756473,7.37815177718173));
#3021=CARTESIAN_POINT('Origin',(253.451357532413,204.833041201338,4.63039454831976));
#3022=CARTESIAN_POINT('',(253.776357532417,198.503639566639,4.63039454831976));
#3023=CARTESIAN_POINT('',(253.776357532417,204.508041201334,4.63039454831976));
#3024=CARTESIAN_POINT('',(253.126357532416,198.503639566639,4.63039454831972));
#3025=CARTESIAN_POINT('',(261.578659764982,198.503639566639,4.63039454831976));
#3026=CARTESIAN_POINT('',(253.126357532416,198.503639566639,4.63039454831976));
#3027=CARTESIAN_POINT('Origin',(253.126357532407,172.758041201335,4.63039454831976));
#3028=CARTESIAN_POINT('',(253.126357532416,199.892651673661,8.48850004250442));
#3029=CARTESIAN_POINT('Origin',(253.776357532417,204.508041201334,6.13039454831976));
#3030=CARTESIAN_POINT('',(253.776357532417,199.37173857489,7.04161727006486));
#3031=CARTESIAN_POINT('',(253.776357532417,201.827672756575,7.12709558972204));
#3032=CARTESIAN_POINT('',(253.776357532417,199.781667232339,8.18023081961085));
#3033=CARTESIAN_POINT('Origin',(269.705961997552,199.892651673661,8.48850004250442));
#3034=CARTESIAN_POINT('',(265.07635753242,199.463383702991,7.29616981894638));
#3035=CARTESIAN_POINT('Origin',(258.896067807402,248.872084622062,144.533378661569));
#3036=CARTESIAN_POINT('',(265.076357532416,198.503639566639,4.63039454831976));
#3037=CARTESIAN_POINT('',(265.076357532416,199.781667232339,8.180230819612));
#3038=CARTESIAN_POINT('',(265.726357532418,198.503639566639,4.63039454831976));
#3039=CARTESIAN_POINT('',(261.578659764982,198.503639566639,4.63039454831976));
#3040=CARTESIAN_POINT('',(265.726357532418,199.473920291755,7.32543613763655));
#3041=CARTESIAN_POINT('',(265.726357532418,199.781667232339,8.180230819612));
#3042=CARTESIAN_POINT('',(270.679678705677,199.573070353661,7.60083431209838));
#3043=CARTESIAN_POINT('Origin',(253.430938509285,284.202842687543,242.667643381159));
#3044=CARTESIAN_POINT('',(273.142006381753,196.836584558041,9.52704581891339E-11));
#3045=CARTESIAN_POINT('',(270.464098665085,199.812653299756,8.26629739623782));
#3046=CARTESIAN_POINT('',(233.939404077515,196.836584558041,9.52704581891339E-11));
#3047=CARTESIAN_POINT('',(267.531784764982,196.836584558041,9.52686818322945E-11));
#3048=CARTESIAN_POINT('',(238.214587620172,201.408908108635,12.7000380505583));
#3049=CARTESIAN_POINT('',(241.176357532418,198.503639566639,4.63039454831976));
#3050=CARTESIAN_POINT('',(241.176357532418,199.781667232339,8.18023081961085));
#3051=CARTESIAN_POINT('',(241.82635753242,198.503639566639,4.63039454831976));
#3052=CARTESIAN_POINT('',(261.578659764982,198.503639566639,4.63039454831976));
#3053=CARTESIAN_POINT('',(241.82635753242,199.781667232339,8.18023081961085));
#3054=CARTESIAN_POINT('Ctrl Pts',(253.776357442719,204.188596486456,7.2092670886577));
#3055=CARTESIAN_POINT('Ctrl Pts',(253.776357550327,198.408366992528,7.00808730634449));
#3056=CARTESIAN_POINT('Ctrl Pts',(257.544733474588,204.188433949166,7.21393907078414));
#3057=CARTESIAN_POINT('Ctrl Pts',(257.544733582196,198.408204455238,7.01275928847093));
#3058=CARTESIAN_POINT('Ctrl Pts',(261.313046497511,204.185516816353,7.29775516007439));
#3059=CARTESIAN_POINT('Ctrl Pts',(261.313046605119,198.405287322425,7.09657537776118));
#3060=CARTESIAN_POINT('Ctrl Pts',(265.07635748863,204.179858645351,7.46032582939358));
#3061=CARTESIAN_POINT('Ctrl Pts',(265.076357596238,198.399629151423,7.25914604708037));
#3062=CARTESIAN_POINT('',(262.720989087759,204.183041201496,7.3688844359791));
#3063=CARTESIAN_POINT('Origin',(253.43818008643,204.183028845899,276.500586905358));
#3064=CARTESIAN_POINT('',(265.07635753242,201.827672756517,7.37845844928829));
#3065=CARTESIAN_POINT('Ctrl Pts',(265.07635753242,201.827672756526,7.37845844928842));
#3066=CARTESIAN_POINT('Ctrl Pts',(264.942912663093,201.843853212095,7.37324996032547));
#3067=CARTESIAN_POINT('Ctrl Pts',(264.810783400163,201.869986199935,7.36854471298199));
#3068=CARTESIAN_POINT('Ctrl Pts',(264.681079745734,201.905888263873,7.36437524049047));
#3069=CARTESIAN_POINT('Ctrl Pts',(264.428143517087,201.975901192136,7.35624431579065));
#3070=CARTESIAN_POINT('Ctrl Pts',(264.186716728834,202.082432726691,7.35022806224195));
#3071=CARTESIAN_POINT('Ctrl Pts',(263.964441573168,202.222155699827,7.3463970535404));
#3072=CARTESIAN_POINT('Ctrl Pts',(263.835033829671,202.303501879134,7.34416665496122));
#3073=CARTESIAN_POINT('Ctrl Pts',(263.713077590049,202.395494868018,7.34269230376857));
#3074=CARTESIAN_POINT('Ctrl Pts',(263.599772318618,202.496999004518,7.34194700144298));
#3075=CARTESIAN_POINT('Ctrl Pts',(263.483563321223,202.601104433905,7.34118259891413));
#3076=CARTESIAN_POINT('Ctrl Pts',(263.376449238611,202.715219066594,7.34118509140414));
#3077=CARTESIAN_POINT('Ctrl Pts',(263.279710315766,202.838127105327,7.34192535103377));
#3078=CARTESIAN_POINT('Ctrl Pts',(263.249144858192,202.876960910097,7.34215924214644));
#3079=CARTESIAN_POINT('Ctrl Pts',(263.219615350649,202.916672338324,7.34246678425378));
#3080=CARTESIAN_POINT('Ctrl Pts',(263.191163041525,202.957221962221,7.34284705860477));
#3081=CARTESIAN_POINT('Ctrl Pts',(263.058093296482,203.146870123643,7.34462557896008));
#3082=CARTESIAN_POINT('Ctrl Pts',(262.949996431545,203.35284260255,7.34797332865395));
#3083=CARTESIAN_POINT('Ctrl Pts',(262.869525343376,203.570050920721,7.3527133794918));
#3084=CARTESIAN_POINT('Ctrl Pts',(262.796220807883,203.767915212489,7.35703129332623));
#3085=CARTESIAN_POINT('Ctrl Pts',(262.746377875715,203.973652565968,7.36247235871705));
#3086=CARTESIAN_POINT('Ctrl Pts',(262.720989087614,204.183041201155,7.36888444655444));
#3087=CARTESIAN_POINT('',(265.076357532413,199.463383702991,7.29616981894575));
#3088=CARTESIAN_POINT('Origin',(253.451357532413,204.833041201338,4.63039454831976));
#3089=CARTESIAN_POINT('',(241.176357532418,204.508041201334,4.63039454831976));
#3090=CARTESIAN_POINT('',(241.82635753242,204.508041201334,4.63039454831976));
#3091=CARTESIAN_POINT('Origin',(241.82635753242,204.508041201334,6.13039454831976));
#3092=CARTESIAN_POINT('Origin',(241.176357532418,204.508041201334,6.13039454831976));
#3093=CARTESIAN_POINT('Origin',(271.166632463879,205.088959844914,6.09768147436542));
#3094=CARTESIAN_POINT('',(271.641967283511,204.18304120133,4.63039454831976));
#3095=CARTESIAN_POINT('',(270.628756998296,204.18304120133,7.75802194574684));
#3096=CARTESIAN_POINT('',(270.320547011808,204.18304120133,8.70941970785455));
#3097=CARTESIAN_POINT('',(271.641967283515,204.833041201338,4.63039454831933));
#3098=CARTESIAN_POINT('',(271.641967283515,204.96100052313,4.63039454831976));
#3099=CARTESIAN_POINT('',(270.621576855203,204.833041201338,7.78018596498372));
#3100=CARTESIAN_POINT('',(271.166632463879,204.833041201338,6.09768147436542));
#3101=CARTESIAN_POINT('',(270.547134158103,211.571822064601,8.00997934784609));
#3102=CARTESIAN_POINT('Ctrl Pts',(270.621576855203,204.833041201338,7.78018596498398));
#3103=CARTESIAN_POINT('Ctrl Pts',(270.609170286063,205.95617140884,7.81848317348535));
#3104=CARTESIAN_POINT('Ctrl Pts',(270.596763443426,207.079301584533,7.85678122625364));
#3105=CARTESIAN_POINT('Ctrl Pts',(270.571949211077,209.32556187229,7.9333790204848));
#3106=CARTESIAN_POINT('Ctrl Pts',(270.559541821366,210.448691984355,7.97167876194765));
#3107=CARTESIAN_POINT('Ctrl Pts',(270.547134158104,211.571822064601,8.00997934783983));
#3108=CARTESIAN_POINT('',(273.142006381753,212.253522434636,9.52704581891339E-11));
#3109=CARTESIAN_POINT('',(270.984263116603,211.68666046398,6.66062815514157));
#3110=CARTESIAN_POINT('',(273.142006381753,204.798500523124,9.52686818322945E-11));
#3111=CARTESIAN_POINT('',(270.679678705677,199.573070353661,7.60083431209834));
#3112=CARTESIAN_POINT('Origin',(265.730278515257,211.825360904753,5.030897976101));
#3113=CARTESIAN_POINT('',(233.756063114393,212.25352243465,9.52704581891339E-11));
#3114=CARTESIAN_POINT('',(237.385455451131,211.350143345524,10.6147042970962));
#3115=CARTESIAN_POINT('',(265.543943023837,212.253522434636,9.52704581891339E-11));
#3116=CARTESIAN_POINT('',(265.726357532414,211.594179502521,7.74727945228804));
#3117=CARTESIAN_POINT('Origin',(253.437701910753,188.791441939476,275.679446026293));
#3118=CARTESIAN_POINT('',(265.726357532418,211.859446302864,4.63039454831976));
#3119=CARTESIAN_POINT('',(265.726357532418,211.752600798944,5.88582921931365));
#3120=CARTESIAN_POINT('',(265.076357532416,211.859446302864,4.63039454831976));
#3121=CARTESIAN_POINT('',(259.590818023837,211.859446302871,4.63039454831976));
#3122=CARTESIAN_POINT('',(265.076357532416,211.752600798944,5.88582921931366));
#3123=CARTESIAN_POINT('Ctrl Pts',(265.726357450396,211.594179502667,7.7472794485472));
#3124=CARTESIAN_POINT('Ctrl Pts',(265.726357601344,203.485731889183,7.46506647975554));
#3125=CARTESIAN_POINT('Ctrl Pts',(267.359227295023,211.591587123039,7.82176369692541));
#3126=CARTESIAN_POINT('Ctrl Pts',(267.359227445971,203.483139509555,7.53955072813375));
#3127=CARTESIAN_POINT('Ctrl Pts',(268.991101598727,211.588478692349,7.91107494953769));
#3128=CARTESIAN_POINT('Ctrl Pts',(268.991101749675,203.480031078866,7.62886198074603));
#3129=CARTESIAN_POINT('Ctrl Pts',(270.621576729511,211.584855311885,8.01518156410443));
#3130=CARTESIAN_POINT('Ctrl Pts',(270.621576880459,203.476407698402,7.73296859531277));
#3131=CARTESIAN_POINT('',(268.081725977236,204.833041201358,7.62986349637251));
#3132=CARTESIAN_POINT('Origin',(253.441012313567,204.833041201338,276.531443477109));
#3133=CARTESIAN_POINT('',(265.726357532418,207.188409646173,7.59393747110833));
#3134=CARTESIAN_POINT('Ctrl Pts',(265.726357532418,207.188409646171,7.5939374711086));
#3135=CARTESIAN_POINT('Ctrl Pts',(265.882294941642,207.169501925445,7.60040117732214));
#3136=CARTESIAN_POINT('Ctrl Pts',(266.035962569491,207.137061361405,7.60642791206138));
#3137=CARTESIAN_POINT('Ctrl Pts',(266.185648210641,207.091621688202,7.61193826330195));
#3138=CARTESIAN_POINT('Ctrl Pts',(266.261702374237,207.068534127411,7.6147380318803));
#3139=CARTESIAN_POINT('Ctrl Pts',(266.336729663023,207.04209053504,7.61740449189135));
#3140=CARTESIAN_POINT('Ctrl Pts',(266.410507606429,207.012360695366,7.61992722700281));
#3141=CARTESIAN_POINT('Ctrl Pts',(266.514623959675,206.970405575088,7.6234873422335));
#3142=CARTESIAN_POINT('Ctrl Pts',(266.616250650737,206.921906743835,7.62676040818455));
#3143=CARTESIAN_POINT('Ctrl Pts',(266.714759954003,206.867060929745,7.62971312843588));
#3144=CARTESIAN_POINT('Ctrl Pts',(266.836899215818,206.799058954048,7.63337413363932));
#3145=CARTESIAN_POINT('Ctrl Pts',(266.95329716327,206.721827631098,7.63651471981443));
#3146=CARTESIAN_POINT('Ctrl Pts',(267.062987314736,206.636182753619,7.63908975120617));
#3147=CARTESIAN_POINT('Ctrl Pts',(267.187723075549,206.538790427969,7.6420179858332));
#3148=CARTESIAN_POINT('Ctrl Pts',(267.303789432131,206.430514693535,7.64421487702358));
#3149=CARTESIAN_POINT('Ctrl Pts',(267.409782010637,206.312544211951,7.64561405188483));
#3150=CARTESIAN_POINT('Ctrl Pts',(267.448320726322,206.26965035171,7.6461227894109));
#3151=CARTESIAN_POINT('Ctrl Pts',(267.485527414241,206.225475023346,7.6465260658988));
#3152=CARTESIAN_POINT('Ctrl Pts',(267.521333091239,206.180076975481,7.6468206908681));
#3153=CARTESIAN_POINT('Ctrl Pts',(267.691870877454,205.963851973466,7.6482239513072));
#3154=CARTESIAN_POINT('Ctrl Pts',(267.828321792175,205.722812609888,7.64713673402558));
#3155=CARTESIAN_POINT('Ctrl Pts',(267.925953140006,205.465337925528,7.64343437812862));
#3156=CARTESIAN_POINT('Ctrl Pts',(268.003232017684,205.261537045175,7.6405038244198));
#3157=CARTESIAN_POINT('Ctrl Pts',(268.055513710839,205.049221298905,7.63596042770617));
#3158=CARTESIAN_POINT('Ctrl Pts',(268.08172597723,204.833041201398,7.62986349544227));
#3159=CARTESIAN_POINT('',(265.726357532418,211.594179502514,7.74727945228831));
#3160=CARTESIAN_POINT('Ctrl Pts',(265.726357444575,204.192381351997,7.48966127263298));
#3161=CARTESIAN_POINT('Ctrl Pts',(265.726357549982,198.530228079651,7.29259111063509));
#3162=CARTESIAN_POINT('Ctrl Pts',(267.378623231016,204.189758178982,7.56503027659136));
#3163=CARTESIAN_POINT('Ctrl Pts',(267.378623336423,198.527604906636,7.36796011459347));
#3164=CARTESIAN_POINT('Ctrl Pts',(269.029869685139,204.186606622345,7.65558061989006));
#3165=CARTESIAN_POINT('Ctrl Pts',(269.029869790546,198.524453349999,7.45851045789217));
#3166=CARTESIAN_POINT('Ctrl Pts',(270.679678619857,204.182927823051,7.76127951988117));
#3167=CARTESIAN_POINT('Ctrl Pts',(270.679678725264,198.520774550705,7.56420935788328));
#3168=CARTESIAN_POINT('',(265.726357532418,201.827672756524,7.40735804411903));
#3169=CARTESIAN_POINT('',(265.726357532418,201.827672756575,7.40735804412063));
#3170=CARTESIAN_POINT('',(268.081725977266,204.183041201357,7.60724036996467));
#3171=CARTESIAN_POINT('Ctrl Pts',(268.081725977329,204.183041201398,7.60724036899377));
#3172=CARTESIAN_POINT('Ctrl Pts',(268.053282615359,203.948460617137,7.59752718770518));
#3173=CARTESIAN_POINT('Ctrl Pts',(267.994211440866,203.718999336669,7.58632447211774));
#3174=CARTESIAN_POINT('Ctrl Pts',(267.906308417031,203.500460923449,7.57398974627203));
#3175=CARTESIAN_POINT('Ctrl Pts',(267.870707257155,203.411951784075,7.56899412123325));
#3176=CARTESIAN_POINT('Ctrl Pts',(267.8303767891,203.325234290166,7.56381343545351));
#3177=CARTESIAN_POINT('Ctrl Pts',(267.785436145058,203.24069390521,7.55847379897466));
#3178=CARTESIAN_POINT('Ctrl Pts',(267.618554654156,202.926763702748,7.5386457231768));
#3179=CARTESIAN_POINT('Ctrl Pts',(267.391328119568,202.648918040073,7.51700378530723));
#3180=CARTESIAN_POINT('Ctrl Pts',(267.116873481802,202.423093953221,7.49518797441932));
#3181=CARTESIAN_POINT('Ctrl Pts',(266.908001911288,202.251232285791,7.47858522097607));
#3182=CARTESIAN_POINT('Ctrl Pts',(266.674463746697,202.111711823594,7.46210167780589));
#3183=CARTESIAN_POINT('Ctrl Pts',(266.424079760078,202.009233636719,7.44644914177635));
#3184=CARTESIAN_POINT('Ctrl Pts',(266.200675944054,201.917798004928,7.43248324752457));
#3185=CARTESIAN_POINT('Ctrl Pts',(265.966009000083,201.856730973181,7.41931448450074));
#3186=CARTESIAN_POINT('Ctrl Pts',(265.726357532421,201.827672756524,7.40735804411903));
#3187=CARTESIAN_POINT('Origin',(253.441024269136,204.18304116809,276.508612916951));
#3188=CARTESIAN_POINT('Origin',(256.401357532413,195.516013692351,0.200000000095271));
#3189=CARTESIAN_POINT('',(265.401357532413,201.808041201351,0.200000000095271));
#3190=CARTESIAN_POINT('Origin',(265.401357532413,204.508041201349,0.200000000095271));
#3191=CARTESIAN_POINT('',(264.901357532413,205.008041201349,0.200000000095268));
#3192=CARTESIAN_POINT('',(264.901357532413,206.508041201349,0.200000000095267));
#3193=CARTESIAN_POINT('',(264.901357532413,200.26202744685,0.200000000095269));
#3194=CARTESIAN_POINT('',(263.401357532413,205.008041201349,0.200000000095268));
#3195=CARTESIAN_POINT('',(259.901357532413,205.008041201349,0.200000000095268));
#3196=CARTESIAN_POINT('',(263.401357532413,204.008041201349,0.200000000095268));
#3197=CARTESIAN_POINT('',(263.401357532413,199.76202744685,0.200000000095269));
#3198=CARTESIAN_POINT('',(264.901357532413,204.008041201349,0.200000000095268));
#3199=CARTESIAN_POINT('',(260.651357532413,204.008041201349,0.200000000095268));
#3200=CARTESIAN_POINT('',(264.901357532413,202.508041201349,0.200000000095268));
#3201=CARTESIAN_POINT('',(264.901357532413,200.26202744685,0.200000000095269));
#3202=CARTESIAN_POINT('',(265.901357532413,202.508041201349,0.200000000095268));
#3203=CARTESIAN_POINT('',(261.151357532413,202.508041201349,0.200000000095269));
#3204=CARTESIAN_POINT('',(265.901357532413,204.008041201349,0.200000000095268));
#3205=CARTESIAN_POINT('',(265.901357532413,199.76202744685,0.200000000095269));
#3206=CARTESIAN_POINT('',(267.401357532413,204.008041201349,0.200000000095268));
#3207=CARTESIAN_POINT('',(260.651357532413,204.008041201349,0.200000000095268));
#3208=CARTESIAN_POINT('',(267.401357532413,205.008041201349,0.200000000095268));
#3209=CARTESIAN_POINT('',(267.401357532413,200.26202744685,0.200000000095269));
#3210=CARTESIAN_POINT('',(265.901357532413,205.008041201349,0.200000000095268));
#3211=CARTESIAN_POINT('',(261.151357532413,205.008041201349,0.200000000095268));
#3212=CARTESIAN_POINT('',(265.901357532413,206.508041201349,0.200000000095267));
#3213=CARTESIAN_POINT('',(265.901357532413,201.01202744685,0.200000000095269));
#3214=CARTESIAN_POINT('',(260.651357532413,206.508041201349,0.200000000095267));
#3215=CARTESIAN_POINT('Origin',(265.401357532413,204.508041201349,9.52704581891339E-11));
#3216=CARTESIAN_POINT('',(265.076357532416,201.827672756524,4.63039454831976));
#3217=CARTESIAN_POINT('',(265.401357532413,201.808041201349,4.63039454831976));
#3218=CARTESIAN_POINT('Origin',(265.401357532413,204.508041201349,4.63039454831976));
#3219=CARTESIAN_POINT('',(265.076357532416,201.827672756524,9.52704581891339E-11));
#3220=CARTESIAN_POINT('',(262.720989087593,204.183041201337,4.63039454831976));
#3221=CARTESIAN_POINT('',(262.720989087593,204.183041201337,9.52704581891339E-11));
#3222=CARTESIAN_POINT('',(262.720989087593,204.833041201338,4.63039454831976));
#3223=CARTESIAN_POINT('Origin',(265.401357532413,204.508041201349,4.63039454831976));
#3224=CARTESIAN_POINT('',(262.720989087589,204.833041201346,7.39150757269285));
#3225=CARTESIAN_POINT('',(265.076357532416,207.188409646173,4.63039454831976));
#3226=CARTESIAN_POINT('',(265.076357532416,207.188409646173,9.52704581891339E-11));
#3227=CARTESIAN_POINT('',(265.726357532418,207.188409646173,4.63039454831976));
#3228=CARTESIAN_POINT('Origin',(265.401357532413,204.508041201349,4.63039454831976));
#3229=CARTESIAN_POINT('',(265.726357532418,207.188409646173,9.52704581891339E-11));
#3230=CARTESIAN_POINT('',(268.081725977241,204.833041201338,4.63039454831976));
#3231=CARTESIAN_POINT('',(268.081725977238,204.833041201338,4.63039454831976));
#3232=CARTESIAN_POINT('',(268.081725977234,204.183041201337,4.63039454831976));
#3233=CARTESIAN_POINT('Origin',(265.401357532413,204.508041201349,4.63039454831976));
#3234=CARTESIAN_POINT('',(268.081725977234,204.183041201337,9.52704581891339E-11));
#3235=CARTESIAN_POINT('',(265.726357532418,201.827672756524,4.63039454831976));
#3236=CARTESIAN_POINT('',(265.726357532418,201.827672756524,9.52704581891339E-11));
#3237=CARTESIAN_POINT('Origin',(265.401357532413,204.508041201349,4.63039454831976));
#3238=CARTESIAN_POINT('',(265.401357532413,201.808041201349,9.52704581891339E-11));
#3239=CARTESIAN_POINT('Origin',(264.901357532413,206.508041201349,9.52669054754551E-11));
#3240=CARTESIAN_POINT('',(264.901357532413,206.508041201349,7.53384581665317));
#3241=CARTESIAN_POINT('',(265.901357532413,206.508041201349,7.57830678024261));
#3242=CARTESIAN_POINT('Origin',(253.433952618768,206.50804319875,276.722642815835));
#3243=CARTESIAN_POINT('',(264.901357532413,206.508041201349,9.52669054754551E-11));
#3244=CARTESIAN_POINT('',(265.901357532413,206.508041201349,9.52669054754551E-11));
#3245=CARTESIAN_POINT('Origin',(265.901357532413,206.508041201349,9.52669054754551E-11));
#3246=CARTESIAN_POINT('',(265.901357532413,205.008041201341,7.52609956576002));
#3247=CARTESIAN_POINT('',(265.901357532443,205.008041201364,7.52609956510644));
#3248=CARTESIAN_POINT('',(265.901357532413,205.008041201349,9.52669054754551E-11));
#3249=CARTESIAN_POINT('Origin',(264.901357532413,205.008041201349,9.52669054754551E-11));
#3250=CARTESIAN_POINT('',(264.901357532417,205.008041201349,7.48163860227465));
#3251=CARTESIAN_POINT('',(264.901357532441,206.508041201372,7.5338458159997));
#3252=CARTESIAN_POINT('',(264.901357532413,205.008041201349,9.52669054754551E-11));
#3253=CARTESIAN_POINT('Origin',(265.901357532413,205.008041201349,9.52669054754551E-11));
#3254=CARTESIAN_POINT('',(267.401357532413,205.008041201341,7.59977341683286));
#3255=CARTESIAN_POINT('Origin',(253.435035132451,205.008041201349,276.647330903237));
#3256=CARTESIAN_POINT('',(267.401357532413,205.008041201349,9.52669054754551E-11));
#3257=CARTESIAN_POINT('Origin',(263.401357532413,205.008041201349,9.52669054754551E-11));
#3258=CARTESIAN_POINT('',(263.401357532413,205.008041201349,7.4219245607527));
#3259=CARTESIAN_POINT('Origin',(253.433731625085,205.008041965853,276.67554288544));
#3260=CARTESIAN_POINT('',(263.401357532413,205.008041201349,9.52669054754551E-11));
#3261=CARTESIAN_POINT('Origin',(267.401357532413,205.008041201349,9.52669054754551E-11));
#3262=CARTESIAN_POINT('',(267.401357532413,204.008041201349,7.56496860707421));
#3263=CARTESIAN_POINT('',(267.401357532413,204.008041201341,7.56496860707415));
#3264=CARTESIAN_POINT('',(267.401357532413,204.008041201349,9.52677936538748E-11));
#3265=CARTESIAN_POINT('Origin',(263.401357532413,204.008041201349,9.52677936538748E-11));
#3266=CARTESIAN_POINT('',(263.401357532417,204.008041201349,7.38711975127107));
#3267=CARTESIAN_POINT('',(263.401357532413,205.008041201341,7.42192456075244));
#3268=CARTESIAN_POINT('',(263.401357532413,204.008041201349,9.52677936538748E-11));
#3269=CARTESIAN_POINT('Origin',(264.901357532413,204.008041201349,9.52677936538748E-11));
#3270=CARTESIAN_POINT('',(265.90135753241,204.008041201341,7.49129475610497));
#3271=CARTESIAN_POINT('Origin',(253.435035149688,204.008041201349,276.612526121177));
#3272=CARTESIAN_POINT('',(265.901357532413,204.008041201349,9.52677936538748E-11));
#3273=CARTESIAN_POINT('Origin',(264.901357532413,204.008041201349,9.52677936538748E-11));
#3274=CARTESIAN_POINT('',(264.90135753241,204.008041201349,7.44683379268895));
#3275=CARTESIAN_POINT('Origin',(253.433731640731,204.008041201352,276.640738153453));
#3276=CARTESIAN_POINT('',(264.901357532413,204.008041201349,9.52677936538748E-11));
#3277=CARTESIAN_POINT('Origin',(265.901357532413,204.008041201349,9.52677936538748E-11));
#3278=CARTESIAN_POINT('',(265.901357532413,202.508041201341,7.43908754162293));
#3279=CARTESIAN_POINT('',(265.901357532443,202.508041201372,7.43908754096951));
#3280=CARTESIAN_POINT('',(265.901357532413,202.508041201349,9.52677936538748E-11));
#3281=CARTESIAN_POINT('Origin',(265.901357532413,202.508041201349,9.52686818322945E-11));
#3282=CARTESIAN_POINT('',(264.901357532413,202.508041201349,7.39462657831076));
#3283=CARTESIAN_POINT('Origin',(253.433952703615,202.508041242532,276.583423343579));
#3284=CARTESIAN_POINT('',(264.901357532413,202.508041201349,9.52677936538748E-11));
#3285=CARTESIAN_POINT('Origin',(264.901357532413,205.008041201349,9.52669054754551E-11));
#3286=CARTESIAN_POINT('',(264.901357532441,204.008041201364,7.44683379203549));
#3287=CARTESIAN_POINT('Ctrl Pts',(263.401357485804,206.511662559191,7.47425781391938));
#3288=CARTESIAN_POINT('Ctrl Pts',(263.401357575197,201.709807881622,7.30713018001707));
#3289=CARTESIAN_POINT('Ctrl Pts',(264.735300087123,206.509945938342,7.52357989726714));
#3290=CARTESIAN_POINT('Ctrl Pts',(264.735300176516,201.708091260773,7.35645226336483));
#3291=CARTESIAN_POINT('Ctrl Pts',(266.068706665199,206.507884927545,7.5827968758928));
#3292=CARTESIAN_POINT('Ctrl Pts',(266.068706754592,201.706030249976,7.41566924199049));
#3293=CARTESIAN_POINT('Ctrl Pts',(267.401357504539,206.505480127438,7.65189149233437));
#3294=CARTESIAN_POINT('Ctrl Pts',(267.401357593932,201.703625449869,7.48476385843206));
#3295=CARTESIAN_POINT('Origin',(244.451357532413,195.516013692351,0.200000000095271));
#3296=CARTESIAN_POINT('',(252.951357532413,205.008041201349,0.200000000095268));
#3297=CARTESIAN_POINT('',(252.951357532413,206.508041201349,0.200000000095267));
#3298=CARTESIAN_POINT('',(252.951357532413,200.26202744685,0.200000000095269));
#3299=CARTESIAN_POINT('',(251.451357532413,205.008041201349,0.200000000095268));
#3300=CARTESIAN_POINT('',(247.951357532413,205.008041201349,0.200000000095268));
#3301=CARTESIAN_POINT('',(251.451357532413,204.008041201349,0.200000000095268));
#3302=CARTESIAN_POINT('',(251.451357532413,199.76202744685,0.200000000095269));
#3303=CARTESIAN_POINT('',(252.951357532413,204.008041201349,0.200000000095268));
#3304=CARTESIAN_POINT('',(248.701357532413,204.008041201349,0.200000000095268));
#3305=CARTESIAN_POINT('',(252.951357532413,202.508041201349,0.200000000095268));
#3306=CARTESIAN_POINT('',(252.951357532413,200.26202744685,0.200000000095269));
#3307=CARTESIAN_POINT('',(253.951357532413,202.508041201349,0.200000000095268));
#3308=CARTESIAN_POINT('',(249.201357532413,202.508041201349,0.200000000095269));
#3309=CARTESIAN_POINT('',(253.951357532413,204.008041201349,0.200000000095268));
#3310=CARTESIAN_POINT('',(253.951357532413,199.76202744685,0.200000000095269));
#3311=CARTESIAN_POINT('',(255.451357532413,204.008041201349,0.200000000095268));
#3312=CARTESIAN_POINT('',(248.701357532413,204.008041201349,0.200000000095268));
#3313=CARTESIAN_POINT('',(255.451357532413,205.008041201349,0.200000000095268));
#3314=CARTESIAN_POINT('',(255.451357532413,200.26202744685,0.200000000095269));
#3315=CARTESIAN_POINT('',(253.951357532413,205.008041201349,0.200000000095268));
#3316=CARTESIAN_POINT('',(249.201357532413,205.008041201349,0.200000000095268));
#3317=CARTESIAN_POINT('',(253.951357532413,206.508041201349,0.200000000095267));
#3318=CARTESIAN_POINT('',(253.951357532413,201.01202744685,0.200000000095269));
#3319=CARTESIAN_POINT('',(248.701357532413,206.508041201349,0.200000000095267));
#3320=CARTESIAN_POINT('Origin',(252.951357532413,206.508041201349,9.52669054754551E-11));
#3321=CARTESIAN_POINT('',(252.951357532413,206.508041201349,7.29023698109327));
#3322=CARTESIAN_POINT('',(253.951357532413,206.508041201349,7.29026910565333));
#3323=CARTESIAN_POINT('Origin',(253.442723209802,206.508041201349,276.066622285595));
#3324=CARTESIAN_POINT('',(252.951357532413,206.508041201349,9.52669054754551E-11));
#3325=CARTESIAN_POINT('',(253.951357532413,206.508041201349,9.52669054754551E-11));
#3326=CARTESIAN_POINT('Origin',(253.951357532413,206.508041201349,9.52669054754551E-11));
#3327=CARTESIAN_POINT('',(253.951357532413,205.008041201349,7.23806189241167));
#3328=CARTESIAN_POINT('',(253.951357532414,205.008041201372,7.23806189176143));
#3329=CARTESIAN_POINT('',(253.951357532413,205.008041201349,9.52669054754551E-11));
#3330=CARTESIAN_POINT('Origin',(252.951357532413,205.008041201349,9.52669054754551E-11));
#3331=CARTESIAN_POINT('',(252.951357532413,205.008041201349,7.23802976795548));
#3332=CARTESIAN_POINT('',(252.951357532412,206.508041201372,7.290236980443));
#3333=CARTESIAN_POINT('',(252.951357532413,205.008041201349,9.52669054754551E-11));
#3334=CARTESIAN_POINT('Origin',(253.951357532413,205.008041201349,9.52669054754551E-11));
#3335=CARTESIAN_POINT('',(255.451357532413,205.008041201349,7.24508424055745));
#3336=CARTESIAN_POINT('Origin',(253.442415763378,205.008041201349,276.156274283957));
#3337=CARTESIAN_POINT('',(255.451357532413,205.008041201349,9.52669054754551E-11));
#3338=CARTESIAN_POINT('Origin',(251.451357532413,205.008041201349,9.52669054754551E-11));
#3339=CARTESIAN_POINT('',(251.451357532413,205.008041201349,7.24495991017864));
#3340=CARTESIAN_POINT('Origin',(253.442377435938,205.008041201349,275.85500887276));
#3341=CARTESIAN_POINT('',(251.451357532413,205.008041201349,9.52669054754551E-11));
#3342=CARTESIAN_POINT('Origin',(255.451357532413,205.008041201349,9.52669054754551E-11));
#3343=CARTESIAN_POINT('',(255.451357532413,204.008041201349,7.21027943162592));
#3344=CARTESIAN_POINT('',(255.451357532413,204.008041201341,7.21027943162599));
#3345=CARTESIAN_POINT('',(255.451357532413,204.008041201349,9.52677936538748E-11));
#3346=CARTESIAN_POINT('Origin',(251.451357532413,204.008041201349,9.52677936538748E-11));
#3347=CARTESIAN_POINT('',(251.451357532413,204.008041201349,7.21015510152414));
#3348=CARTESIAN_POINT('',(251.451357532413,205.008041201356,7.24495991017888));
#3349=CARTESIAN_POINT('',(251.451357532413,204.008041201349,9.52677936538748E-11));
#3350=CARTESIAN_POINT('Origin',(252.951357532413,204.008041201349,9.52677936538748E-11));
#3351=CARTESIAN_POINT('',(253.951357532413,204.008041201349,7.20325708358389));
#3352=CARTESIAN_POINT('Origin',(253.442415782067,204.008041201349,276.12146947378));
#3353=CARTESIAN_POINT('',(253.951357532413,204.008041201349,9.52677936538748E-11));
#3354=CARTESIAN_POINT('Origin',(252.951357532413,204.008041201349,9.52677936538748E-11));
#3355=CARTESIAN_POINT('',(252.951357532413,204.008041201349,7.20322495919687));
#3356=CARTESIAN_POINT('Origin',(253.442377454502,204.008041201349,275.820204062177));
#3357=CARTESIAN_POINT('',(252.951357532413,204.008041201349,9.52677936538748E-11));
#3358=CARTESIAN_POINT('Origin',(253.951357532413,204.008041201349,9.52677936538748E-11));
#3359=CARTESIAN_POINT('',(253.951357532413,202.508041201349,7.15104987034227));
#3360=CARTESIAN_POINT('',(253.951357532414,202.508041201372,7.15104986969204));
#3361=CARTESIAN_POINT('',(253.951357532413,202.508041201349,9.52677936538748E-11));
#3362=CARTESIAN_POINT('Origin',(253.951357532413,202.508041201349,9.52686818322945E-11));
#3363=CARTESIAN_POINT('',(252.951357532413,202.508041201349,7.15101774605899));
#3364=CARTESIAN_POINT('Origin',(253.442723284237,202.508043542005,275.927403045719));
#3365=CARTESIAN_POINT('',(252.951357532413,202.508041201349,9.52677936538748E-11));
#3366=CARTESIAN_POINT('Origin',(252.951357532413,205.008041201349,9.52669054754551E-11));
#3367=CARTESIAN_POINT('',(252.951357532412,204.008041201364,7.20322495854642));
#3368=CARTESIAN_POINT('Ctrl Pts',(251.451357485876,206.507801361156,7.29715877591356));
#3369=CARTESIAN_POINT('Ctrl Pts',(251.451357575234,201.707781081552,7.13009498788143));
#3370=CARTESIAN_POINT('Ctrl Pts',(252.784644469735,206.50814495275,7.2872875315789));
#3371=CARTESIAN_POINT('Ctrl Pts',(252.784644559093,201.708124673146,7.12022374354677));
#3372=CARTESIAN_POINT('Ctrl Pts',(254.118050738787,206.508143335865,7.28733470088328));
#3373=CARTESIAN_POINT('Ctrl Pts',(254.118050828145,201.708123056261,7.12027091285115));
#3374=CARTESIAN_POINT('Ctrl Pts',(255.451357504495,206.507797113489,7.29728295831478));
#3375=CARTESIAN_POINT('Ctrl Pts',(255.451357593853,201.707776833885,7.13021917028265));
#3376=CARTESIAN_POINT('Origin',(241.001357532412,205.008041201349,9.52669054754551E-11));
#3377=CARTESIAN_POINT('',(241.001357532412,202.508041201349,7.43879203780046));
#3378=CARTESIAN_POINT('',(241.001357532412,204.008041201356,7.49099924969554));
#3379=CARTESIAN_POINT('',(241.001357532382,204.008041201379,7.49099924903985));
#3380=CARTESIAN_POINT('',(241.001357532412,202.508041201349,0.200000000095268));
#3381=CARTESIAN_POINT('',(241.001357532412,202.508041201349,9.52677936538748E-11));
#3382=CARTESIAN_POINT('',(241.001357532412,204.008041201349,0.200000000095268));
#3383=CARTESIAN_POINT('',(241.001357532412,200.26202744685,0.200000000095269));
#3384=CARTESIAN_POINT('',(241.001357532412,204.008041201349,9.52677936538748E-11));
#3385=CARTESIAN_POINT('Origin',(242.001357532412,202.508041201349,9.52686818322945E-11));
#3386=CARTESIAN_POINT('',(242.001357532408,202.508041201341,7.39431790771027));
#3387=CARTESIAN_POINT('Origin',(253.458887587725,202.508041160258,276.281399111744));
#3388=CARTESIAN_POINT('',(242.001357532412,202.508041201349,0.200000000095268));
#3389=CARTESIAN_POINT('',(242.001357532412,202.508041201349,9.52677936538748E-11));
#3390=CARTESIAN_POINT('',(237.251357532412,202.508041201349,0.200000000095269));
#3391=CARTESIAN_POINT('Origin',(242.001357532412,204.008041201349,9.52677936538748E-11));
#3392=CARTESIAN_POINT('',(242.001357532412,204.008041201349,7.44652511970918));
#3393=CARTESIAN_POINT('',(242.001357532388,202.508041201372,7.39431790705452));
#3394=CARTESIAN_POINT('',(242.001357532412,204.008041201349,0.200000000095268));
#3395=CARTESIAN_POINT('',(242.001357532412,204.008041201349,9.52677936538748E-11));
#3396=CARTESIAN_POINT('',(242.001357532412,199.76202744685,0.200000000095269));
#3397=CARTESIAN_POINT('Origin',(241.001357532412,204.008041201349,9.52677936538748E-11));
#3398=CARTESIAN_POINT('',(239.501357532412,204.008041201341,7.56469990549329));
#3399=CARTESIAN_POINT('Origin',(253.46047054843,204.008041201349,276.367649033));
#3400=CARTESIAN_POINT('',(239.501357532412,204.008041201349,0.200000000095268));
#3401=CARTESIAN_POINT('',(236.751357532412,204.008041201349,0.200000000095268));
#3402=CARTESIAN_POINT('',(239.501357532412,204.008041201349,9.52677936538748E-11));
#3403=CARTESIAN_POINT('Origin',(241.001357532412,204.008041201349,9.52677936538748E-11));
#3404=CARTESIAN_POINT('',(243.501357532412,204.008041201341,7.3867999546221));
#3405=CARTESIAN_POINT('Origin',(253.456693082495,204.008041201349,276.281609186452));
#3406=CARTESIAN_POINT('',(243.501357532412,204.008041201349,0.200000000095268));
#3407=CARTESIAN_POINT('',(243.501357532412,204.008041201349,9.52677936538748E-11));
#3408=CARTESIAN_POINT('',(236.751357532412,204.008041201349,0.200000000095268));
#3409=CARTESIAN_POINT('Origin',(239.501357532412,204.008041201349,9.52677936538748E-11));
#3410=CARTESIAN_POINT('',(239.501357532412,205.008041201341,7.59950471331948));
#3411=CARTESIAN_POINT('',(239.501357532412,205.008041201341,7.59950471331914));
#3412=CARTESIAN_POINT('',(239.501357532412,205.008041201349,0.200000000095268));
#3413=CARTESIAN_POINT('',(239.501357532412,199.76202744685,0.200000000095269));
#3414=CARTESIAN_POINT('',(239.501357532412,205.008041201349,9.52669054754551E-11));
#3415=CARTESIAN_POINT('Origin',(243.501357532412,205.008041201349,9.52669054754551E-11));
#3416=CARTESIAN_POINT('',(243.501357532412,205.008041201349,7.42160476272542));
#3417=CARTESIAN_POINT('',(243.501357532412,204.00804120137,7.38679995462304));
#3418=CARTESIAN_POINT('',(243.501357532412,205.008041201349,0.200000000095268));
#3419=CARTESIAN_POINT('',(243.501357532412,205.008041201349,9.52669054754551E-11));
#3420=CARTESIAN_POINT('',(243.501357532412,200.26202744685,0.200000000095269));
#3421=CARTESIAN_POINT('Origin',(239.501357532412,205.008041201349,9.52669054754551E-11));
#3422=CARTESIAN_POINT('',(241.001357532412,205.008041201349,7.52580405762498));
#3423=CARTESIAN_POINT('Origin',(253.46047052964,205.008041201349,276.402453838793));
#3424=CARTESIAN_POINT('',(241.001357532412,205.008041201349,0.200000000095268));
#3425=CARTESIAN_POINT('',(236.001357532412,205.008041201349,0.200000000095268));
#3426=CARTESIAN_POINT('',(241.001357532412,205.008041201349,9.52669054754551E-11));
#3427=CARTESIAN_POINT('Origin',(242.001357532412,205.008041201349,9.52669054754551E-11));
#3428=CARTESIAN_POINT('',(242.001357532416,205.008041201349,7.48132992770832));
#3429=CARTESIAN_POINT('Origin',(253.456693064095,205.008041201349,276.316414005052));
#3430=CARTESIAN_POINT('',(242.001357532412,205.008041201349,0.200000000095268));
#3431=CARTESIAN_POINT('',(242.001357532412,205.008041201349,9.52669054754551E-11));
#3432=CARTESIAN_POINT('',(237.251357532412,205.008041201349,0.200000000095268));
#3433=CARTESIAN_POINT('Origin',(241.001357532412,205.008041201349,9.52669054754551E-11));
#3434=CARTESIAN_POINT('',(241.001357532412,206.508041201349,7.57801126952004));
#3435=CARTESIAN_POINT('',(241.001357532393,206.508041201367,7.57801126886368));
#3436=CARTESIAN_POINT('',(241.001357532412,206.508041201349,0.200000000095267));
#3437=CARTESIAN_POINT('',(241.001357532412,200.26202744685,0.200000000095269));
#3438=CARTESIAN_POINT('',(241.001357532412,206.508041201349,9.52669054754551E-11));
#3439=CARTESIAN_POINT('Origin',(242.001357532412,206.508041201349,9.52669054754551E-11));
#3440=CARTESIAN_POINT('',(242.001357532416,206.508041201349,7.53353713970748));
#3441=CARTESIAN_POINT('',(242.001357532388,205.008041201364,7.4813299270525));
#3442=CARTESIAN_POINT('',(242.001357532412,206.508041201349,0.200000000095267));
#3443=CARTESIAN_POINT('',(242.001357532412,206.508041201349,9.52669054754551E-11));
#3444=CARTESIAN_POINT('',(242.001357532412,201.01202744685,0.200000000095269));
#3445=CARTESIAN_POINT('Origin',(241.001357532412,206.508041201349,9.52669054754551E-11));
#3446=CARTESIAN_POINT('Origin',(253.458887516032,206.508041201349,276.420618413086));
#3447=CARTESIAN_POINT('',(236.751357532412,206.508041201349,0.200000000095267));
#3448=CARTESIAN_POINT('Origin',(232.501357532412,195.516013692351,0.200000000095271));
#3449=CARTESIAN_POINT('Origin',(236.040316414132,204.615585533626,6.43403668661745));
#3450=CARTESIAN_POINT('',(233.849917142015,204.361441534129,9.52722345459733E-11));
#3451=CARTESIAN_POINT('Ctrl Pts',(271.430831370522,211.015217306121,9.11104501907405));
#3452=CARTESIAN_POINT('Ctrl Pts',(272.406423424487,211.762825271187,6.07403001274779));
#3453=CARTESIAN_POINT('Ctrl Pts',(273.382015478452,212.510433236268,3.03701500642153));
#3454=CARTESIAN_POINT('Ctrl Pts',(274.357607532416,213.258041201334,9.52704581891339E-11));
#3455=CARTESIAN_POINT('Ctrl Pts',(271.430831370522,210.118632810765,9.07988026898021));
#3456=CARTESIAN_POINT('Ctrl Pts',(272.406423424487,211.121469042992,6.05325351268523));
#3457=CARTESIAN_POINT('Ctrl Pts',(273.382015478452,212.124305275211,3.02662675639025));
#3458=CARTESIAN_POINT('Ctrl Pts',(274.357607532416,213.127141507437,9.52704581891339E-11));
#3459=CARTESIAN_POINT('Ctrl Pts',(271.430831370522,201.247173152864,8.78508803917692));
#3460=CARTESIAN_POINT('Ctrl Pts',(272.406423424487,199.461095733648,5.85672535948304));
#3461=CARTESIAN_POINT('Ctrl Pts',(273.382015478452,197.675018314447,2.92836267978915));
#3462=CARTESIAN_POINT('Ctrl Pts',(274.357607532416,195.888940895231,9.52704581891339E-11));
#3463=CARTESIAN_POINT('Ctrl Pts',(271.430831370522,200.350588657508,8.75392328908308));
#3464=CARTESIAN_POINT('Ctrl Pts',(272.406423424487,198.819739505445,5.83594885942047));
#3465=CARTESIAN_POINT('Ctrl Pts',(273.382015478452,197.288890353397,2.91797442975787));
#3466=CARTESIAN_POINT('Ctrl Pts',(274.357607532416,195.758041201334,9.52704581891339E-11));
#3467=CARTESIAN_POINT('',(271.43392116448,200.34574031087,8.74468178314618));
#3468=CARTESIAN_POINT('',(274.357607532416,195.758041201334,9.52704581891339E-11));
#3469=CARTESIAN_POINT('',(271.357607532431,200.465487759036,8.97293418234151));
#3470=CARTESIAN_POINT('',(274.357607532416,213.258041201334,9.52704581891339E-11));
#3471=CARTESIAN_POINT('',(274.357607532416,195.758041201334,9.52704581891339E-11));
#3472=CARTESIAN_POINT('',(271.430846226809,211.015228690674,9.11099877150756));
#3473=CARTESIAN_POINT('',(271.357607532431,210.95910499528,9.33899059755936));
#3474=CARTESIAN_POINT('Ctrl Pts',(271.43392116448,200.345740310906,8.74468178314758));
#3475=CARTESIAN_POINT('Ctrl Pts',(271.434086312234,201.362846557102,8.77954539733124));
#3476=CARTESIAN_POINT('Ctrl Pts',(271.43305796395,203.394914593788,8.84923673177181));
#3477=CARTESIAN_POINT('Ctrl Pts',(271.432139474629,206.951248881131,8.97127894158695));
#3478=CARTESIAN_POINT('Ctrl Pts',(271.430770505871,209.492329500681,9.05830146595391));
#3479=CARTESIAN_POINT('Ctrl Pts',(271.430846226809,211.015228690638,9.11099877150617));
#3480=CARTESIAN_POINT('Ctrl Pts',(237.155640770252,198.832575938823,8.76965831288201));
#3481=CARTESIAN_POINT('Ctrl Pts',(236.936992542908,198.837388437646,8.78315759255108));
#3482=CARTESIAN_POINT('Ctrl Pts',(236.612656021467,198.926966724822,8.80648506054269));
#3483=CARTESIAN_POINT('Ctrl Pts',(236.159762792442,199.238488638213,8.84627813552624));
#3484=CARTESIAN_POINT('Ctrl Pts',(235.822598697491,199.684257928728,8.88387194932781));
#3485=CARTESIAN_POINT('Ctrl Pts',(235.721923999189,200.120993869497,8.90578172967678));
#3486=CARTESIAN_POINT('Ctrl Pts',(235.721976522579,200.340182640145,8.91340705340271));
#3487=CARTESIAN_POINT('Ctrl Pts',(237.154277680906,198.775897270098,8.76776881440079));
#3488=CARTESIAN_POINT('Ctrl Pts',(236.926369234457,198.783819245107,8.78188768065726));
#3489=CARTESIAN_POINT('Ctrl Pts',(236.591095721179,198.879166510696,8.8060462602045));
#3490=CARTESIAN_POINT('Ctrl Pts',(236.123317675785,199.201670093571,8.84720185486787));
#3491=CARTESIAN_POINT('Ctrl Pts',(235.773441701482,199.660197934959,8.88612789157457));
#3492=CARTESIAN_POINT('Ctrl Pts',(235.66355832683,200.111336990046,8.90922514432199));
#3493=CARTESIAN_POINT('Ctrl Pts',(235.659792992164,200.340054100805,8.91752926013351));
#3494=CARTESIAN_POINT('Ctrl Pts',(237.149759916582,198.678269814997,8.72936918121087));
#3495=CARTESIAN_POINT('Ctrl Pts',(236.905943908653,198.691343329953,8.74842931285171));
#3496=CARTESIAN_POINT('Ctrl Pts',(236.551601285233,198.796659531993,8.77696204651931));
#3497=CARTESIAN_POINT('Ctrl Pts',(236.05782114426,199.138297803395,8.82121878192981));
#3498=CARTESIAN_POINT('Ctrl Pts',(235.685522174918,199.619271197484,8.85979571579702));
#3499=CARTESIAN_POINT('Ctrl Pts',(235.559226406269,200.095868755563,8.87826216996072));
#3500=CARTESIAN_POINT('Ctrl Pts',(235.548694971349,200.341315880507,8.88202079716489));
#3501=CARTESIAN_POINT('Ctrl Pts',(237.143266848334,198.620367441706,8.64482439592746));
#3502=CARTESIAN_POINT('Ctrl Pts',(236.8898178022,198.632785879213,8.67185295839664));
#3503=CARTESIAN_POINT('Ctrl Pts',(236.521749638745,198.742254934339,8.70717081180718));
#3504=CARTESIAN_POINT('Ctrl Pts',(236.009766297069,199.096539620258,8.7544727382058));
#3505=CARTESIAN_POINT('Ctrl Pts',(235.62357152095,199.594801600208,8.78890774325775));
#3506=CARTESIAN_POINT('Ctrl Pts',(235.492810673584,200.089806605899,8.79495437784236));
#3507=CARTESIAN_POINT('Ctrl Pts',(235.483813744193,200.34457358092,8.7888248722006));
#3508=CARTESIAN_POINT('Ctrl Pts',(237.140482403324,198.605995036555,8.60484395223816));
#3509=CARTESIAN_POINT('Ctrl Pts',(236.884564933351,198.616759426777,8.6349325481663));
#3510=CARTESIAN_POINT('Ctrl Pts',(236.512061413237,198.726526171074,8.67302298404572));
#3511=CARTESIAN_POINT('Ctrl Pts',(235.994472908234,199.084433001118,8.72141407849962));
#3512=CARTESIAN_POINT('Ctrl Pts',(235.604683141064,199.588583409187,8.75383726563873));
#3513=CARTESIAN_POINT('Ctrl Pts',(235.47510836979,200.089381199568,8.75451644761289));
#3514=CARTESIAN_POINT('Ctrl Pts',(235.468751014542,200.346116781535,8.74456870020754));
#3515=CARTESIAN_POINT('',(235.721976481738,200.339864153364,8.91339597125164));
#3516=CARTESIAN_POINT('',(235.468793899032,200.345740308752,8.74468177910124));
#3517=CARTESIAN_POINT('Ctrl Pts',(235.721976481731,200.339864153313,8.91339597125048));
#3518=CARTESIAN_POINT('Ctrl Pts',(235.659798499324,200.339721770666,8.91751719173727));
#3519=CARTESIAN_POINT('Ctrl Pts',(235.548745701064,200.340958849774,8.88202664201813));
#3520=CARTESIAN_POINT('Ctrl Pts',(235.483868202191,200.344201335669,8.78889313736174));
#3521=CARTESIAN_POINT('Ctrl Pts',(235.468793899028,200.345740308701,8.74468177910377));
#3522=CARTESIAN_POINT('',(237.140116768234,198.606042781583,8.60497677267061));
#3523=CARTESIAN_POINT('Ctrl Pts',(235.468793899034,200.345740308701,8.74468177910173));
#3524=CARTESIAN_POINT('Ctrl Pts',(235.470167797473,200.290803434274,8.74680651760781));
#3525=CARTESIAN_POINT('Ctrl Pts',(235.474282779149,200.236122977283,8.74846025703201));
#3526=CARTESIAN_POINT('Ctrl Pts',(235.48094145676,200.181913081187,8.74968285148834));
#3527=CARTESIAN_POINT('Ctrl Pts',(235.48794051031,200.124932102705,8.75096794209771));
#3528=CARTESIAN_POINT('Ctrl Pts',(235.497749777456,200.068470507439,8.75177666535762));
#3529=CARTESIAN_POINT('Ctrl Pts',(235.510188929277,200.012745675234,8.7521541973414));
#3530=CARTESIAN_POINT('Ctrl Pts',(235.522956647064,199.955548935329,8.75254170140068));
#3531=CARTESIAN_POINT('Ctrl Pts',(235.53849502027,199.899127642108,8.75247490858674));
#3532=CARTESIAN_POINT('Ctrl Pts',(235.556660424413,199.843694745717,8.75200187739654));
#3533=CARTESIAN_POINT('Ctrl Pts',(235.575337526082,199.786700371492,8.75151552148825));
#3534=CARTESIAN_POINT('Ctrl Pts',(235.596791728397,199.730749990857,8.75059968827395));
#3535=CARTESIAN_POINT('Ctrl Pts',(235.620920627029,199.676064528626,8.74930621845705));
#3536=CARTESIAN_POINT('Ctrl Pts',(235.629755212463,199.656041924386,8.7488326257839));
#3537=CARTESIAN_POINT('Ctrl Pts',(235.638948875509,199.636188861201,8.74830840592884));
#3538=CARTESIAN_POINT('Ctrl Pts',(235.648498322996,199.616516206035,8.74773610328985));
#3539=CARTESIAN_POINT('Ctrl Pts',(235.649095691263,199.615285577776,8.74770030274364));
#3540=CARTESIAN_POINT('Ctrl Pts',(235.649694452067,199.61405565552,8.74766431404284));
#3541=CARTESIAN_POINT('Ctrl Pts',(235.650294603109,199.612826441099,8.74762813778143));
#3542=CARTESIAN_POINT('Ctrl Pts',(235.678657074896,199.554735132574,8.74591848783986));
#3543=CARTESIAN_POINT('Ctrl Pts',(235.71008711965,199.498286288876,8.74378765817438));
#3544=CARTESIAN_POINT('Ctrl Pts',(235.744320115956,199.44369416123,8.74127295719085));
#3545=CARTESIAN_POINT('Ctrl Pts',(235.779061737972,199.388290916746,8.73872089337869));
#3546=CARTESIAN_POINT('Ctrl Pts',(235.816690738882,199.334799128776,8.73577343741515));
#3547=CARTESIAN_POINT('Ctrl Pts',(235.856982773989,199.283458918163,8.73247011457461));
#3548=CARTESIAN_POINT('Ctrl Pts',(235.897147952761,199.232280348208,8.72917719198892));
#3549=CARTESIAN_POINT('Ctrl Pts',(235.939960074896,199.183239027207,8.72553061203572));
#3550=CARTESIAN_POINT('Ctrl Pts',(235.985239418492,199.136601063552,8.72157047563733));
#3551=CARTESIAN_POINT('Ctrl Pts',(236.023890511687,199.096790232906,8.71819004675207));
#3552=CARTESIAN_POINT('Ctrl Pts',(236.064340273814,199.058730801193,8.71458114824401));
#3553=CARTESIAN_POINT('Ctrl Pts',(236.106496251714,199.022611349027,8.71076950381512));
#3554=CARTESIAN_POINT('Ctrl Pts',(236.110310074461,199.019343646672,8.71042466692724));
#3555=CARTESIAN_POINT('Ctrl Pts',(236.11413772113,199.016091854221,8.71007802400621));
#3556=CARTESIAN_POINT('Ctrl Pts',(236.117979122995,199.012856114757,8.70972958344013));
#3557=CARTESIAN_POINT('Ctrl Pts',(236.16625932571,198.972188107947,8.70535024960517));
#3558=CARTESIAN_POINT('Ctrl Pts',(236.216711221554,198.934052001183,8.70068681903818));
#3559=CARTESIAN_POINT('Ctrl Pts',(236.269109310495,198.898664281769,8.69575358109076));
#3560=CARTESIAN_POINT('Ctrl Pts',(236.316334944491,198.866769845945,8.69130732561784));
#3561=CARTESIAN_POINT('Ctrl Pts',(236.365142152528,198.837108236398,8.68664191060468));
#3562=CARTESIAN_POINT('Ctrl Pts',(236.415370644803,198.809873970465,8.68176902885981));
#3563=CARTESIAN_POINT('Ctrl Pts',(236.421298491234,198.806659847588,8.68119394302006));
#3564=CARTESIAN_POINT('Ctrl Pts',(236.427245636311,198.803479878986,8.6806160744512));
#3565=CARTESIAN_POINT('Ctrl Pts',(236.433211785413,198.800334388653,8.68003540713704));
#3566=CARTESIAN_POINT('Ctrl Pts',(236.488000688181,198.771448425349,8.67470296832687));
#3567=CARTESIAN_POINT('Ctrl Pts',(236.544393208474,198.745466294749,8.66913437260078));
#3568=CARTESIAN_POINT('Ctrl Pts',(236.602128272365,198.722556482624,8.66331433752376));
#3569=CARTESIAN_POINT('Ctrl Pts',(236.658153071607,198.700325319472,8.65766670721388));
#3570=CARTESIAN_POINT('Ctrl Pts',(236.715442715778,198.680987147823,8.65178231374512));
#3571=CARTESIAN_POINT('Ctrl Pts',(236.773741750797,198.664739686895,8.64564868699194));
#3572=CARTESIAN_POINT('Ctrl Pts',(236.833114711298,198.64819293178,8.63940207281));
#3573=CARTESIAN_POINT('Ctrl Pts',(236.89353549525,198.634851403504,8.63289694530476));
#3574=CARTESIAN_POINT('Ctrl Pts',(236.954704551605,198.624973560127,8.62612182009961));
#3575=CARTESIAN_POINT('Ctrl Pts',(237.010537162684,198.615957468979,8.61993776310855));
#3576=CARTESIAN_POINT('Ctrl Pts',(237.066993342489,198.609827495537,8.61352877779832));
#3577=CARTESIAN_POINT('Ctrl Pts',(237.123814346412,198.606819434082,8.60688746120867));
#3578=CARTESIAN_POINT('Ctrl Pts',(237.129245261644,198.606531925491,8.60625268841446));
#3579=CARTESIAN_POINT('Ctrl Pts',(237.134679483324,198.606272966394,8.60561579417644));
#3580=CARTESIAN_POINT('Ctrl Pts',(237.140116768233,198.606042781584,8.60497677266963));
#3581=CARTESIAN_POINT('',(237.155323069986,198.832582970164,8.76967792915651));
#3582=CARTESIAN_POINT('Origin',(237.140116768234,198.841262805545,8.52029182520366));
#3583=CARTESIAN_POINT('Ctrl Pts',(237.155323069986,198.832582970164,8.7696779291564));
#3584=CARTESIAN_POINT('Ctrl Pts',(236.936783061246,198.837446305915,8.78317265968966));
#3585=CARTESIAN_POINT('Ctrl Pts',(236.612568253768,198.927027095699,8.80649277217622));
#3586=CARTESIAN_POINT('Ctrl Pts',(236.159762792442,199.238488638213,8.84627813552624));
#3587=CARTESIAN_POINT('Ctrl Pts',(235.822664037652,199.684171541601,8.88386466389647));
#3588=CARTESIAN_POINT('Ctrl Pts',(235.721972781965,200.120782293139,8.90577111478718));
#3589=CARTESIAN_POINT('Ctrl Pts',(235.721976481731,200.339864153313,8.91339597125048));
#3590=CARTESIAN_POINT('Ctrl Pts',(269.747391994722,198.832582969706,8.7696779294338));
#3591=CARTESIAN_POINT('Ctrl Pts',(258.89893304713,198.59116402526,8.09979129761228));
#3592=CARTESIAN_POINT('Ctrl Pts',(248.003782017637,198.591164025631,8.09979129812508));
#3593=CARTESIAN_POINT('Ctrl Pts',(237.155323069986,198.832582970164,8.76967792915678));
#3594=CARTESIAN_POINT('Ctrl Pts',(269.748768538047,198.775908819764,8.76778933105992));
#3595=CARTESIAN_POINT('Ctrl Pts',(258.899405767792,198.534518702218,8.09779154202905));
#3596=CARTESIAN_POINT('Ctrl Pts',(248.003309296975,198.53451870256,8.09779154258265));
#3597=CARTESIAN_POINT('Ctrl Pts',(237.153946526669,198.775908820113,8.76778933090768));
#3598=CARTESIAN_POINT('Ctrl Pts',(269.753307967632,198.67831995085,8.72940910714223));
#3599=CARTESIAN_POINT('Ctrl Pts',(258.900912571538,198.436978855265,8.05919212472202));
#3600=CARTESIAN_POINT('Ctrl Pts',(248.001802493214,198.436978855505,8.0591921253032));
#3601=CARTESIAN_POINT('Ctrl Pts',(237.14940709708,198.67831995093,8.72940910706597));
#3602=CARTESIAN_POINT('Ctrl Pts',(269.759812333421,198.620422426175,8.64491752304351));
#3603=CARTESIAN_POINT('Ctrl Pts',(258.903084761478,198.37905444533,7.97449572982023));
#3604=CARTESIAN_POINT('Ctrl Pts',(247.999630303282,198.379054445519,7.97449573035263));
#3605=CARTESIAN_POINT('Ctrl Pts',(237.142902731292,198.620422426095,8.64491752282284));
#3606=CARTESIAN_POINT('Ctrl Pts',(269.762598296478,198.606042781685,8.60497677296759));
#3607=CARTESIAN_POINT('Ctrl Pts',(258.904016337623,198.364645294321,7.93447363799074));
#3608=CARTESIAN_POINT('Ctrl Pts',(247.998698727133,198.364645294503,7.9344736384974));
#3609=CARTESIAN_POINT('Ctrl Pts',(237.140116768231,198.606042781576,8.60497677267058));
#3610=CARTESIAN_POINT('',(269.762598296482,198.606042781692,8.60497677296783));
#3611=CARTESIAN_POINT('Origin',(253.451356241765,261.686272858325,183.815963778048));
#3612=CARTESIAN_POINT('',(269.747391994722,198.832582969706,8.76967792943389));
#3613=CARTESIAN_POINT('Origin',(269.762598296482,198.841262805647,8.52029182550099));
#3614=CARTESIAN_POINT('Origin',(253.451356241609,261.918420111924,183.819564851523));
#3615=CARTESIAN_POINT('Ctrl Pts',(271.180738581719,200.33986415487,8.91339597527212));
#3616=CARTESIAN_POINT('Ctrl Pts',(271.180742281678,200.120782294573,8.9057711182759));
#3617=CARTESIAN_POINT('Ctrl Pts',(271.079980587572,199.684205736427,8.88386309542166));
#3618=CARTESIAN_POINT('Ctrl Pts',(270.6760075206,199.149093953456,8.83877288519418));
#3619=CARTESIAN_POINT('Ctrl Pts',(270.183668951297,198.882879039018,8.79823047032514));
#3620=CARTESIAN_POINT('Ctrl Pts',(269.856661999158,198.835014637589,8.77642529471279));
#3621=CARTESIAN_POINT('Ctrl Pts',(269.74739199473,198.832582969713,8.76967792943455));
#3622=CARTESIAN_POINT('Ctrl Pts',(271.242916564137,200.339721772267,8.91751719577571));
#3623=CARTESIAN_POINT('Ctrl Pts',(271.239103492753,200.111118437693,8.90921395763629));
#3624=CARTESIAN_POINT('Ctrl Pts',(271.1291448802,199.660140909888,8.88612124906941));
#3625=CARTESIAN_POINT('Ctrl Pts',(270.709874598288,199.109771385622,8.8394233642296));
#3626=CARTESIAN_POINT('Ctrl Pts',(270.202018914311,198.833088884596,8.79753262777106));
#3627=CARTESIAN_POINT('Ctrl Pts',(269.862665457014,198.779894829524,8.77484630792457));
#3628=CARTESIAN_POINT('Ctrl Pts',(269.748768538055,198.775908819771,8.76778933106068));
#3629=CARTESIAN_POINT('Ctrl Pts',(271.353969362423,200.340958851557,8.88202664607497));
#3630=CARTESIAN_POINT('Ctrl Pts',(271.343394226809,200.095642802,8.87826308984748));
#3631=CARTESIAN_POINT('Ctrl Pts',(271.217042106211,199.619214010163,8.85980233091034));
#3632=CARTESIAN_POINT('Ctrl Pts',(270.770834686729,199.042035233782,8.81347938591503));
#3633=CARTESIAN_POINT('Ctrl Pts',(270.235868792162,198.747133637138,8.7674084935511));
#3634=CARTESIAN_POINT('Ctrl Pts',(269.875150737353,198.6848803865,8.73893375361178));
#3635=CARTESIAN_POINT('Ctrl Pts',(269.75330796764,198.678319950865,8.72940910714451));
#3636=CARTESIAN_POINT('Ctrl Pts',(271.418846861317,200.344201337721,8.78889314140893));
#3637=CARTESIAN_POINT('Ctrl Pts',(271.409798711666,200.089570672608,8.79500452155875));
#3638=CARTESIAN_POINT('Ctrl Pts',(271.278972918208,199.594727649033,8.7889623237416));
#3639=CARTESIAN_POINT('Ctrl Pts',(270.816173086932,198.996932941729,8.74753934151769));
#3640=CARTESIAN_POINT('Ctrl Pts',(270.261450008002,198.690718174352,8.69615392630006));
#3641=CARTESIAN_POINT('Ctrl Pts',(269.886468520988,198.626658166802,8.65842103821492));
#3642=CARTESIAN_POINT('Ctrl Pts',(269.759812333428,198.620422426182,8.64491752304456));
#3643=CARTESIAN_POINT('Ctrl Pts',(271.43392116448,200.34574031087,8.74468178314628));
#3644=CARTESIAN_POINT('Ctrl Pts',(271.427504430176,200.089139549047,8.75460624701011));
#3645=CARTESIAN_POINT('Ctrl Pts',(271.297847767386,199.588496097815,8.75392762188079));
#3646=CARTESIAN_POINT('Ctrl Pts',(270.830809640778,198.983695413648,8.71490884618011));
#3647=CARTESIAN_POINT('Ctrl Pts',(270.269676699267,198.67450496606,8.66141926155195));
#3648=CARTESIAN_POINT('Ctrl Pts',(269.890488650592,198.611454428188,8.62000810565381));
#3649=CARTESIAN_POINT('Ctrl Pts',(269.762598296486,198.606042781692,8.60497677296871));
#3650=CARTESIAN_POINT('',(271.180738581719,200.33986415487,8.91339597527208));
#3651=CARTESIAN_POINT('Ctrl Pts',(271.180738581719,200.33986415487,8.91339597527212));
#3652=CARTESIAN_POINT('Ctrl Pts',(271.242916564137,200.339721772267,8.91751719577571));
#3653=CARTESIAN_POINT('Ctrl Pts',(271.353969362423,200.340958851557,8.88202664607497));
#3654=CARTESIAN_POINT('Ctrl Pts',(271.418846861317,200.344201337721,8.78889314140893));
#3655=CARTESIAN_POINT('Ctrl Pts',(271.43392116448,200.34574031087,8.74468178314628));
#3656=CARTESIAN_POINT('Ctrl Pts',(271.180738581719,200.33986415487,8.91339597527212));
#3657=CARTESIAN_POINT('Ctrl Pts',(271.180742281678,200.120782294573,8.9057711182759));
#3658=CARTESIAN_POINT('Ctrl Pts',(271.079980587572,199.684205736427,8.88386309542166));
#3659=CARTESIAN_POINT('Ctrl Pts',(270.6760075206,199.149093953456,8.83877288519418));
#3660=CARTESIAN_POINT('Ctrl Pts',(270.183668951297,198.882879039018,8.79823047032514));
#3661=CARTESIAN_POINT('Ctrl Pts',(269.856661999158,198.835014637589,8.77642529471279));
#3662=CARTESIAN_POINT('Ctrl Pts',(269.74739199473,198.832582969713,8.76967792943455));
#3663=CARTESIAN_POINT('Ctrl Pts',(269.762598296486,198.606042781692,8.60497677296871));
#3664=CARTESIAN_POINT('Ctrl Pts',(269.890488650592,198.611454428188,8.62000810565381));
#3665=CARTESIAN_POINT('Ctrl Pts',(270.269676699267,198.67450496606,8.66141926155195));
#3666=CARTESIAN_POINT('Ctrl Pts',(270.830809640778,198.983695413648,8.71490884618011));
#3667=CARTESIAN_POINT('Ctrl Pts',(271.297847767386,199.588496097815,8.75392762188079));
#3668=CARTESIAN_POINT('Ctrl Pts',(271.427504430176,200.089139549047,8.75460624701011));
#3669=CARTESIAN_POINT('Ctrl Pts',(271.43392116448,200.34574031087,8.74468178314628));
#3670=CARTESIAN_POINT('Ctrl Pts',(235.721976481735,200.339864153364,8.91339597125166));
#3671=CARTESIAN_POINT('Ctrl Pts',(235.72200222165,201.864052088342,8.96644333089002));
#3672=CARTESIAN_POINT('Ctrl Pts',(235.72408097305,205.420494775033,9.09008668879064));
#3673=CARTESIAN_POINT('Ctrl Pts',(235.726575239703,208.976938348511,9.21370253930478));
#3674=CARTESIAN_POINT('Ctrl Pts',(235.726604004994,211.00918891569,9.28443272081903));
#3675=CARTESIAN_POINT('Ctrl Pts',(235.659798499328,200.339721770717,8.91751719173856));
#3676=CARTESIAN_POINT('Ctrl Pts',(235.659661663809,201.864282510971,8.97059230073041));
#3677=CARTESIAN_POINT('Ctrl Pts',(235.661446554728,205.420289574104,9.09423847637162));
#3678=CARTESIAN_POINT('Ctrl Pts',(235.663534913281,208.977246513765,9.21789347778414));
#3679=CARTESIAN_POINT('Ctrl Pts',(235.663481715677,211.009044235594,9.28861542805843));
#3680=CARTESIAN_POINT('Ctrl Pts',(235.548745701064,200.340958849825,8.88202664201861));
#3681=CARTESIAN_POINT('Ctrl Pts',(235.548320839549,201.866174646821,8.93490639627551));
#3682=CARTESIAN_POINT('Ctrl Pts',(235.54957661928,205.42144089927,9.05813686534244));
#3683=CARTESIAN_POINT('Ctrl Pts',(235.550930652305,208.979307834496,9.18128080155882));
#3684=CARTESIAN_POINT('Ctrl Pts',(235.550732490236,211.010324943083,9.25186347519942));
#3685=CARTESIAN_POINT('Ctrl Pts',(235.483868202195,200.34420133572,8.7888931373603));
#3686=CARTESIAN_POINT('Ctrl Pts',(235.483508390676,201.869783097165,8.84135119328727));
#3687=CARTESIAN_POINT('Ctrl Pts',(235.484889542615,205.424670133601,8.96377336006957));
#3688=CARTESIAN_POINT('Ctrl Pts',(235.486436100262,208.98304617648,9.08582850725727));
#3689=CARTESIAN_POINT('Ctrl Pts',(235.486275832605,211.013656122966,9.15617679133788));
#3690=CARTESIAN_POINT('Ctrl Pts',(235.468793899032,200.345740308752,8.74468177910161));
#3691=CARTESIAN_POINT('Ctrl Pts',(235.46854617614,201.871399679716,8.79697719673653));
#3692=CARTESIAN_POINT('Ctrl Pts',(235.470131622063,205.426214734085,8.91909413263101));
#3693=CARTESIAN_POINT('Ctrl Pts',(235.47196979139,208.984696443025,9.0407356728093));
#3694=CARTESIAN_POINT('Ctrl Pts',(235.471868828572,211.015228697928,9.11099874197387));
#3695=CARTESIAN_POINT('',(235.726604004991,211.009188915697,9.28443272081976));
#3696=CARTESIAN_POINT('Ctrl Pts',(235.721976481735,200.339864153364,8.91339597125166));
#3697=CARTESIAN_POINT('Ctrl Pts',(235.72200222165,201.864052088342,8.96644333089002));
#3698=CARTESIAN_POINT('Ctrl Pts',(235.72408097305,205.420494775033,9.09008668879064));
#3699=CARTESIAN_POINT('Ctrl Pts',(235.726575239703,208.976938348511,9.21370253930478));
#3700=CARTESIAN_POINT('Ctrl Pts',(235.726604004994,211.00918891569,9.28443272081903));
#3701=CARTESIAN_POINT('',(235.471868828572,211.015228697928,9.11099874197494));
#3702=CARTESIAN_POINT('Origin',(235.710064524308,211.017865800794,9.03513138258885));
#3703=CARTESIAN_POINT('Ctrl Pts',(235.471868828572,211.015228697928,9.11099874197387));
#3704=CARTESIAN_POINT('Ctrl Pts',(235.47196979139,208.984696443025,9.0407356728093));
#3705=CARTESIAN_POINT('Ctrl Pts',(235.470131622063,205.426214734085,8.91909413263101));
#3706=CARTESIAN_POINT('Ctrl Pts',(235.46854617614,201.871399679716,8.79697719673653));
#3707=CARTESIAN_POINT('Ctrl Pts',(235.468793899032,200.345740308752,8.74468177910161));
#3708=CARTESIAN_POINT('Origin',(253.451357428764,194.965887944542,276.216765625463));
#3709=CARTESIAN_POINT('',(271.176111049968,211.009188907825,9.28443275030422));
#3710=CARTESIAN_POINT('Ctrl Pts',(271.176111049968,211.009188907788,9.28443275030294));
#3711=CARTESIAN_POINT('Ctrl Pts',(271.176132625154,209.485000983797,9.2313851105316));
#3712=CARTESIAN_POINT('Ctrl Pts',(271.177916597433,206.94468412386,9.1430882253123));
#3713=CARTESIAN_POINT('Ctrl Pts',(271.179376811175,203.388242749868,9.0194038496082));
#3714=CARTESIAN_POINT('Ctrl Pts',(271.180721420904,201.3559894438,8.94876088411377));
#3715=CARTESIAN_POINT('Ctrl Pts',(271.180738581719,200.339864154907,8.91339597527334));
#3716=CARTESIAN_POINT('',(269.775115256994,212.482749011069,9.24646123140437));
#3717=CARTESIAN_POINT('Ctrl Pts',(269.775115256994,212.482749011069,9.24646123140437));
#3718=CARTESIAN_POINT('Ctrl Pts',(269.882222004835,212.482193585434,9.25298387891728));
#3719=CARTESIAN_POINT('Ctrl Pts',(270.203688946058,212.440963643683,9.27137505755473));
#3720=CARTESIAN_POINT('Ctrl Pts',(270.690032407692,212.182872112789,9.29332117465029));
#3721=CARTESIAN_POINT('Ctrl Pts',(271.082740514757,211.65304838169,9.30062327598625));
#3722=CARTESIAN_POINT('Ctrl Pts',(271.176108011077,211.223872405935,9.29190456706192));
#3723=CARTESIAN_POINT('Ctrl Pts',(271.176111049965,211.009188907818,9.28443275030385));
#3724=CARTESIAN_POINT('',(237.127599792861,212.482749014205,9.24646120108411));
#3725=CARTESIAN_POINT('Origin',(253.451357524209,195.501504782137,208.66590464126));
#3726=CARTESIAN_POINT('Ctrl Pts',(235.726604004994,211.009188915697,9.28443272081917));
#3727=CARTESIAN_POINT('Ctrl Pts',(235.726607043747,211.223874904601,9.29190462374726));
#3728=CARTESIAN_POINT('Ctrl Pts',(235.819966202242,211.653031104659,9.30062319649342));
#3729=CARTESIAN_POINT('Ctrl Pts',(236.212675722571,212.182872902951,9.29332161282592));
#3730=CARTESIAN_POINT('Ctrl Pts',(236.699023148925,212.440962422836,9.27137516875868));
#3731=CARTESIAN_POINT('Ctrl Pts',(237.020491802345,212.482193582146,9.25298392407529));
#3732=CARTESIAN_POINT('Ctrl Pts',(237.127599792853,212.482749014205,9.2464612010847));
#3733=CARTESIAN_POINT('Ctrl Pts',(269.775115256994,212.482749011069,9.24646123140437));
#3734=CARTESIAN_POINT('Ctrl Pts',(269.882222004835,212.482193585434,9.25298387891728));
#3735=CARTESIAN_POINT('Ctrl Pts',(270.203688946058,212.440963643683,9.27137505755473));
#3736=CARTESIAN_POINT('Ctrl Pts',(270.690032407692,212.182872112789,9.29332117465029));
#3737=CARTESIAN_POINT('Ctrl Pts',(271.082740514757,211.65304838169,9.30062327598625));
#3738=CARTESIAN_POINT('Ctrl Pts',(271.176108011077,211.223872405935,9.29190456706192));
#3739=CARTESIAN_POINT('Ctrl Pts',(271.176111049965,211.009188907818,9.28443275030385));
#3740=CARTESIAN_POINT('Ctrl Pts',(269.775336136725,212.555122404046,9.24899366471652));
#3741=CARTESIAN_POINT('Ctrl Pts',(269.888391294728,212.552933049737,9.25576279044795));
#3742=CARTESIAN_POINT('Ctrl Pts',(270.226280053219,212.505002799007,9.27484980444262));
#3743=CARTESIAN_POINT('Ctrl Pts',(270.732195038938,212.230673489765,9.29749352752843));
#3744=CARTESIAN_POINT('Ctrl Pts',(271.13933772314,211.678665589781,9.30507906286689));
#3745=CARTESIAN_POINT('Ctrl Pts',(271.237894469141,211.232847009174,9.29628144309921));
#3746=CARTESIAN_POINT('Ctrl Pts',(271.239233339355,211.009044227758,9.28861545765566));
#3747=CARTESIAN_POINT('Ctrl Pts',(269.779297700796,212.682568546734,9.19478840792703));
#3748=CARTESIAN_POINT('Ctrl Pts',(269.902442827519,212.677645083342,9.20485457847587));
#3749=CARTESIAN_POINT('Ctrl Pts',(270.268422976555,212.618174612689,9.23256048080045));
#3750=CARTESIAN_POINT('Ctrl Pts',(270.808191809749,212.31552526723,9.26325751973981));
#3751=CARTESIAN_POINT('Ctrl Pts',(271.240490841694,211.724795414702,9.27316011125493));
#3752=CARTESIAN_POINT('Ctrl Pts',(271.348285369539,211.249864775338,9.26186686480797));
#3753=CARTESIAN_POINT('Ctrl Pts',(271.351986482776,211.010326146112,9.25182872033708));
#3754=CARTESIAN_POINT('Ctrl Pts',(269.787034033332,212.73593109534,9.07229374543919));
#3755=CARTESIAN_POINT('Ctrl Pts',(269.914006551826,212.732864748788,9.08696721187086));
#3756=CARTESIAN_POINT('Ctrl Pts',(270.292946339901,212.676181569666,9.12748504984736));
#3757=CARTESIAN_POINT('Ctrl Pts',(270.854029670845,212.364919385371,9.17160796275537));
#3758=CARTESIAN_POINT('Ctrl Pts',(271.302306077432,211.753115118438,9.18553508826433));
#3759=CARTESIAN_POINT('Ctrl Pts',(271.413356409092,211.261421987372,9.17009297453833));
#3760=CARTESIAN_POINT('Ctrl Pts',(271.416439222754,211.013656115581,9.15617682092375));
#3761=CARTESIAN_POINT('Ctrl Pts',(269.79034742837,212.740528293936,9.01827666190659));
#3762=CARTESIAN_POINT('Ctrl Pts',(269.917479096668,212.739166702006,9.03427536706894));
#3763=CARTESIAN_POINT('Ctrl Pts',(270.298254032408,212.686686123343,9.07881257379534));
#3764=CARTESIAN_POINT('Ctrl Pts',(270.865094134046,212.376502534862,9.12782298061892));
#3765=CARTESIAN_POINT('Ctrl Pts',(271.317742263782,211.760273439133,9.14330165065012));
#3766=CARTESIAN_POINT('Ctrl Pts',(271.42872912965,211.264570952662,9.12631266450744));
#3767=CARTESIAN_POINT('Ctrl Pts',(271.430846226805,211.015228690667,9.11099877150667));
#3768=CARTESIAN_POINT('Origin',(271.192650531069,211.017865793539,9.03513141212246));
#3769=CARTESIAN_POINT('',(269.79034742837,212.740528293936,9.01827666190659));
#3770=CARTESIAN_POINT('Ctrl Pts',(271.430846226805,211.015228690667,9.11099877150667));
#3771=CARTESIAN_POINT('Ctrl Pts',(271.42872912965,211.264570952662,9.12631266450744));
#3772=CARTESIAN_POINT('Ctrl Pts',(271.317742263782,211.760273439133,9.14330165065012));
#3773=CARTESIAN_POINT('Ctrl Pts',(270.865094134046,212.376502534862,9.12782298061892));
#3774=CARTESIAN_POINT('Ctrl Pts',(270.298254032408,212.686686123343,9.07881257379534));
#3775=CARTESIAN_POINT('Ctrl Pts',(269.917479096668,212.739166702006,9.03427536706894));
#3776=CARTESIAN_POINT('Ctrl Pts',(269.79034742837,212.740528293936,9.01827666190659));
#3777=CARTESIAN_POINT('Origin',(269.79034742837,212.491428792135,8.99707670430631));
#3778=CARTESIAN_POINT('Ctrl Pts',(237.127599792857,212.482749014205,9.24646120108424));
#3779=CARTESIAN_POINT('Ctrl Pts',(247.996579642615,212.539112501305,8.58455591825978));
#3780=CARTESIAN_POINT('Ctrl Pts',(258.906135408477,212.53911250025,8.58455592846681));
#3781=CARTESIAN_POINT('Ctrl Pts',(269.775115256994,212.482749011055,9.24646123140342));
#3782=CARTESIAN_POINT('Ctrl Pts',(237.127378913123,212.55512240708,9.24899363422739));
#3783=CARTESIAN_POINT('Ctrl Pts',(247.996476897795,212.61148089316,8.58707168463228));
#3784=CARTESIAN_POINT('Ctrl Pts',(258.906238153308,212.611480892134,8.58707169489344));
#3785=CARTESIAN_POINT('Ctrl Pts',(269.775336136725,212.555122404032,9.24899366471556));
#3786=CARTESIAN_POINT('Ctrl Pts',(237.123417349179,212.682568549448,9.19478837731243));
#3787=CARTESIAN_POINT('Ctrl Pts',(247.995182983002,212.738923952893,8.53269822125351));
#3788=CARTESIAN_POINT('Ctrl Pts',(258.907532068228,212.738923951976,8.53269823155781));
#3789=CARTESIAN_POINT('Ctrl Pts',(269.779297700788,212.682568546712,9.19478840791834));
#3790=CARTESIAN_POINT('Ctrl Pts',(237.115681016876,212.735931097915,9.0722937149965));
#3791=CARTESIAN_POINT('Ctrl Pts',(247.992601806625,212.792305015515,8.40989937143228));
#3792=CARTESIAN_POINT('Ctrl Pts',(258.910113244834,212.792305014642,8.40989938168131));
#3793=CARTESIAN_POINT('Ctrl Pts',(269.787034033332,212.735931095325,9.07229374543866));
#3794=CARTESIAN_POINT('Ctrl Pts',(237.112367621947,212.740528296505,9.01827663153888));
#3795=CARTESIAN_POINT('Ctrl Pts',(247.991489631611,212.796913318365,8.3557526246987));
#3796=CARTESIAN_POINT('Ctrl Pts',(258.911225419946,212.796913317499,8.35575263492186));
#3797=CARTESIAN_POINT('Ctrl Pts',(269.790347428367,212.740528293922,9.01827666190614));
#3798=CARTESIAN_POINT('',(237.11236762195,212.740528296505,9.01827663153891));
#3799=CARTESIAN_POINT('Origin',(253.451357524394,195.752796110808,208.6241298044));
#3800=CARTESIAN_POINT('Origin',(237.11236762195,212.491428794703,8.99707667393797));
#3801=CARTESIAN_POINT('Ctrl Pts',(271.176111049968,211.009188907788,9.28443275030294));
#3802=CARTESIAN_POINT('Ctrl Pts',(271.176132625154,209.485000983797,9.2313851105316));
#3803=CARTESIAN_POINT('Ctrl Pts',(271.177916597433,206.94468412386,9.1430882253123));
#3804=CARTESIAN_POINT('Ctrl Pts',(271.179376811175,203.388242749868,9.0194038496082));
#3805=CARTESIAN_POINT('Ctrl Pts',(271.180721420904,201.3559894438,8.94876088411377));
#3806=CARTESIAN_POINT('Ctrl Pts',(271.180738581719,200.339864154907,8.91339597527334));
#3807=CARTESIAN_POINT('Ctrl Pts',(271.239233339358,211.009044227729,9.28861545765476));
#3808=CARTESIAN_POINT('Ctrl Pts',(271.239193442372,209.485195937705,9.23557399129915));
#3809=CARTESIAN_POINT('Ctrl Pts',(271.240720873186,206.944690412733,9.14726131721869));
#3810=CARTESIAN_POINT('Ctrl Pts',(271.241850881888,203.388293317985,9.02354972569023));
#3811=CARTESIAN_POINT('Ctrl Pts',(271.24300778695,201.356095598043,8.95290060419582));
#3812=CARTESIAN_POINT('Ctrl Pts',(271.242916564137,200.339721772303,8.91751719577692));
#3813=CARTESIAN_POINT('Ctrl Pts',(271.351982565007,211.010324935392,9.2518635048857));
#3814=CARTESIAN_POINT('Ctrl Pts',(271.35183394466,209.487062105218,9.1989264959841));
#3815=CARTESIAN_POINT('Ctrl Pts',(271.352892825264,206.946217281766,9.110942410116));
#3816=CARTESIAN_POINT('Ctrl Pts',(271.353437310139,203.389879651746,8.98767921389635));
#3817=CARTESIAN_POINT('Ctrl Pts',(271.354252602585,201.357769381815,8.91727981801476));
#3818=CARTESIAN_POINT('Ctrl Pts',(271.353969362426,200.340958851593,8.88202664607639));
#3819=CARTESIAN_POINT('Ctrl Pts',(271.416439222758,211.013656115552,9.15617682092317));
#3820=CARTESIAN_POINT('Ctrl Pts',(271.416319023199,209.490698656911,9.10341560418442));
#3821=CARTESIAN_POINT('Ctrl Pts',(271.417503067794,206.949659082275,9.01612883513735));
#3822=CARTESIAN_POINT('Ctrl Pts',(271.418189085834,203.393329348299,8.89375171730371));
#3823=CARTESIAN_POINT('Ctrl Pts',(271.419086734822,201.361255844269,8.82386518112478));
#3824=CARTESIAN_POINT('Ctrl Pts',(271.418846861317,200.344201337757,8.78889314141021));
#3825=CARTESIAN_POINT('Ctrl Pts',(271.430846226809,211.015228690638,9.11099877150617));
#3826=CARTESIAN_POINT('Ctrl Pts',(271.430770505871,209.492329500681,9.05830146595391));
#3827=CARTESIAN_POINT('Ctrl Pts',(271.432139474629,206.951248881131,8.97127894158695));
#3828=CARTESIAN_POINT('Ctrl Pts',(271.43305796395,203.394914593788,8.84923673177181));
#3829=CARTESIAN_POINT('Ctrl Pts',(271.434086312234,201.362846557102,8.77954539733124));
#3830=CARTESIAN_POINT('Ctrl Pts',(271.43392116448,200.345740310906,8.74468178314758));
#3831=CARTESIAN_POINT('Ctrl Pts',(235.726604004994,211.009188915697,9.28443272081917));
#3832=CARTESIAN_POINT('Ctrl Pts',(235.726607043747,211.223874904601,9.29190462374726));
#3833=CARTESIAN_POINT('Ctrl Pts',(235.819966202242,211.653031104659,9.30062319649342));
#3834=CARTESIAN_POINT('Ctrl Pts',(236.212675722571,212.182872902951,9.29332161282592));
#3835=CARTESIAN_POINT('Ctrl Pts',(236.699023148925,212.440962422836,9.27137516875868));
#3836=CARTESIAN_POINT('Ctrl Pts',(237.020491802345,212.482193582146,9.25298392407529));
#3837=CARTESIAN_POINT('Ctrl Pts',(237.127599792853,212.482749014205,9.2464612010847));
#3838=CARTESIAN_POINT('Ctrl Pts',(235.663481715677,211.009044235601,9.28861542805953));
#3839=CARTESIAN_POINT('Ctrl Pts',(235.664820601269,211.232849613618,9.29628150190258));
#3840=CARTESIAN_POINT('Ctrl Pts',(235.763368667409,211.678647644723,9.30507898358444));
#3841=CARTESIAN_POINT('Ctrl Pts',(236.170512853674,212.230674238577,9.29749397782089));
#3842=CARTESIAN_POINT('Ctrl Pts',(236.676431901778,212.505001489546,9.27484992027742));
#3843=CARTESIAN_POINT('Ctrl Pts',(237.014322443432,212.552933027378,9.25576283828764));
#3844=CARTESIAN_POINT('Ctrl Pts',(237.127378913119,212.55512240708,9.24899363422787));
#3845=CARTESIAN_POINT('Ctrl Pts',(235.55072857246,211.010326153781,9.25182869064895));
#3846=CARTESIAN_POINT('Ctrl Pts',(235.554429728505,211.249867562205,9.26186695103167));
#3847=CARTESIAN_POINT('Ctrl Pts',(235.662214980184,211.724776308816,9.27316002366887));
#3848=CARTESIAN_POINT('Ctrl Pts',(236.094515674489,212.315525943181,9.26325812672933));
#3849=CARTESIAN_POINT('Ctrl Pts',(236.634288738544,212.618173150593,9.23256066132085));
#3850=CARTESIAN_POINT('Ctrl Pts',(237.000270793691,212.677645028925,9.20485466444346));
#3851=CARTESIAN_POINT('Ctrl Pts',(237.123417349172,212.682568549448,9.19478837731234));
#3852=CARTESIAN_POINT('Ctrl Pts',(235.486275832602,211.013656122966,9.15617679133866));
#3853=CARTESIAN_POINT('Ctrl Pts',(235.489358681887,211.261424869444,9.17009310589374));
#3854=CARTESIAN_POINT('Ctrl Pts',(235.600399414205,211.75309532223,9.18553498389394));
#3855=CARTESIAN_POINT('Ctrl Pts',(236.04867750522,212.364920102642,9.17160883116116));
#3856=CARTESIAN_POINT('Ctrl Pts',(236.609765248617,212.676180086484,9.12748532966163));
#3857=CARTESIAN_POINT('Ctrl Pts',(236.98870702519,212.732864715792,9.08696735148808));
#3858=CARTESIAN_POINT('Ctrl Pts',(237.115681016876,212.735931097915,9.07229371499739));
#3859=CARTESIAN_POINT('Ctrl Pts',(235.471868828568,211.015228697928,9.11099874197413));
#3860=CARTESIAN_POINT('Ctrl Pts',(235.473985950128,211.264573852917,9.12631281215001));
#3861=CARTESIAN_POINT('Ctrl Pts',(235.584963150981,211.760253474946,9.14330153957514));
#3862=CARTESIAN_POINT('Ctrl Pts',(236.037612939494,212.376503296313,9.12782394501574));
#3863=CARTESIAN_POINT('Ctrl Pts',(236.604457531212,212.686684661596,9.07881288614704));
#3864=CARTESIAN_POINT('Ctrl Pts',(236.985234478598,212.739166688792,9.03427552214709));
#3865=CARTESIAN_POINT('Ctrl Pts',(237.112367621947,212.740528296505,9.01827663153985));
#3866=CARTESIAN_POINT('Ctrl Pts',(237.112367621947,212.740528296505,9.01827663153985));
#3867=CARTESIAN_POINT('Ctrl Pts',(236.985234478598,212.739166688792,9.03427552214709));
#3868=CARTESIAN_POINT('Ctrl Pts',(236.604457531212,212.686684661596,9.07881288614704));
#3869=CARTESIAN_POINT('Ctrl Pts',(236.037612939494,212.376503296313,9.12782394501574));
#3870=CARTESIAN_POINT('Ctrl Pts',(235.584963150981,211.760253474946,9.14330153957514));
#3871=CARTESIAN_POINT('Ctrl Pts',(235.473985950128,211.264573852917,9.12631281215001));
#3872=CARTESIAN_POINT('Ctrl Pts',(235.471868828568,211.015228697928,9.11099874197413));
#3873=CARTESIAN_POINT('Ctrl Pts',(237.196119459284,198.64597282913,8.71588605491521));
#3874=CARTESIAN_POINT('Ctrl Pts',(235.72911548366,197.599995619865,5.81059070330856));
#3875=CARTESIAN_POINT('Ctrl Pts',(234.26211150804,196.554018410599,2.90529535170192));
#3876=CARTESIAN_POINT('Ctrl Pts',(232.795107532416,195.508041201334,9.52704581891339E-11));
#3877=CARTESIAN_POINT('Ctrl Pts',(236.939256265188,198.64597282913,8.71588605491521));
#3878=CARTESIAN_POINT('Ctrl Pts',(235.545464020961,197.600143672702,5.81059672932552));
#3879=CARTESIAN_POINT('Ctrl Pts',(234.1514998641,196.553870357762,2.90528932568496));
#3880=CARTESIAN_POINT('Ctrl Pts',(232.757707619872,195.508041201334,9.52704581891339E-11));
#3881=CARTESIAN_POINT('Ctrl Pts',(236.554463960576,198.734255463722,8.71895581208457));
#3882=CARTESIAN_POINT('Ctrl Pts',(235.27021083338,197.663157008254,5.81263798052484));
#3883=CARTESIAN_POINT('Ctrl Pts',(233.985934041524,196.592001618941,2.906317831655));
#3884=CARTESIAN_POINT('Ctrl Pts',(232.701680914328,195.520903163473,9.52691259215044E-11));
#3885=CARTESIAN_POINT('Ctrl Pts',(236.007037817708,199.077790739364,8.73090119500255));
#3886=CARTESIAN_POINT('Ctrl Pts',(234.87873277679,197.908907548263,5.82060334863357));
#3887=CARTESIAN_POINT('Ctrl Pts',(233.750279363037,196.739836262284,2.91029784646425));
#3888=CARTESIAN_POINT('Ctrl Pts',(232.621974322119,195.570953071183,9.52709022783438E-11));
#3889=CARTESIAN_POINT('Ctrl Pts',(235.596346179387,199.591863909583,8.74877650884028));
#3890=CARTESIAN_POINT('Ctrl Pts',(234.584982899574,198.276570836329,5.83251951664505));
#3891=CARTESIAN_POINT('Ctrl Pts',(233.573539889727,196.961141843778,2.91625699229051));
#3892=CARTESIAN_POINT('Ctrl Pts',(232.562176609914,195.645848770524,9.52691259215044E-11));
#3893=CARTESIAN_POINT('Ctrl Pts',(235.479115483668,200.105228859815,8.76662719650508));
#3894=CARTESIAN_POINT('Ctrl Pts',(234.501165069149,198.643639702197,5.844415690259));
#3895=CARTESIAN_POINT('Ctrl Pts',(233.523057946935,197.182230446408,2.92221150634135));
#3896=CARTESIAN_POINT('Ctrl Pts',(232.545107532416,195.72064128879,9.52704581891339E-11));
#3897=CARTESIAN_POINT('Ctrl Pts',(235.479115483668,200.361936411435,8.77555341229584));
#3898=CARTESIAN_POINT('Ctrl Pts',(234.501112833252,198.827304674734,5.85036894156231));
#3899=CARTESIAN_POINT('Ctrl Pts',(233.523110182832,197.292672938034,2.92518447082879));
#3900=CARTESIAN_POINT('Ctrl Pts',(232.545107532416,195.758041201334,9.52704581891339E-11));
#3901=CARTESIAN_POINT('',(232.795107532416,195.508041201334,9.52704581891339E-11));
#3902=CARTESIAN_POINT('',(237.295107532434,198.716551552992,8.91192477980508));
#3903=CARTESIAN_POINT('',(232.545107532416,195.758041201334,9.52704581891339E-11));
#3904=CARTESIAN_POINT('',(235.545107532434,200.465487759036,8.97293418234151));
#3905=CARTESIAN_POINT('Ctrl Pts',(232.795107532416,195.508041201334,9.52715684121586E-11));
#3906=CARTESIAN_POINT('Ctrl Pts',(232.762289822207,195.508041201334,9.52715694428601E-11));
#3907=CARTESIAN_POINT('Ctrl Pts',(232.729507698185,195.514643494958,1.20706049120187E-10));
#3908=CARTESIAN_POINT('Ctrl Pts',(232.668918776549,195.539762924548,1.20706051397543E-10));
#3909=CARTESIAN_POINT('Ctrl Pts',(232.641557431426,195.558059555194,1.20705360994388E-10));
#3910=CARTESIAN_POINT('Ctrl Pts',(232.599007109799,195.600671139451,1.20705362965958E-10));
#3911=CARTESIAN_POINT('Ctrl Pts',(232.578689584754,195.627320697282,1.20703274800654E-10));
#3912=CARTESIAN_POINT('Ctrl Pts',(232.551679172975,195.692402292382,1.20703276619118E-10));
#3913=CARTESIAN_POINT('Ctrl Pts',(232.545107532416,195.725223184449,9.52711078146537E-11));
#3914=CARTESIAN_POINT('Ctrl Pts',(232.545107532416,195.758041201334,9.52711083038616E-11));
#3915=CARTESIAN_POINT('Ctrl Pts',(235.471883685084,200.350588642985,8.75392326139917));
#3916=CARTESIAN_POINT('Ctrl Pts',(234.496291634194,198.819739495768,5.83594884096454));
#3917=CARTESIAN_POINT('Ctrl Pts',(233.520699583307,197.288890348551,2.9179744205299));
#3918=CARTESIAN_POINT('Ctrl Pts',(232.545107532416,195.758041201334,9.52713463675536E-11));
#3919=CARTESIAN_POINT('Ctrl Pts',(235.471883685084,201.247173135918,8.78508801139446));
#3920=CARTESIAN_POINT('Ctrl Pts',(234.496291634194,199.461095722356,5.8567253409614));
#3921=CARTESIAN_POINT('Ctrl Pts',(233.520699583307,197.675018308793,2.92836267052833));
#3922=CARTESIAN_POINT('Ctrl Pts',(232.545107532416,195.888940895231,9.52713463675536E-11));
#3923=CARTESIAN_POINT('Ctrl Pts',(235.471883685084,210.118632820275,9.0798802402651));
#3924=CARTESIAN_POINT('Ctrl Pts',(234.496291634194,211.121469049329,6.05325349354182));
#3925=CARTESIAN_POINT('Ctrl Pts',(233.520699583307,212.124305278383,3.02662674681855));
#3926=CARTESIAN_POINT('Ctrl Pts',(232.545107532416,213.127141507437,9.52713463675536E-11));
#3927=CARTESIAN_POINT('Ctrl Pts',(235.471883685084,211.015217313201,9.11104499026028));
#3928=CARTESIAN_POINT('Ctrl Pts',(234.496291634194,211.76282527591,6.07402999353861));
#3929=CARTESIAN_POINT('Ctrl Pts',(233.520699583307,212.510433238625,3.03701499681694));
#3930=CARTESIAN_POINT('Ctrl Pts',(232.545107532416,213.258041201334,9.52713463675536E-11));
#3931=CARTESIAN_POINT('',(232.545107532416,213.258041201334,9.52713463675536E-11));
#3932=CARTESIAN_POINT('',(232.545107532416,213.258041201334,9.52713463675536E-11));
#3933=CARTESIAN_POINT('',(235.545107532434,210.959104995265,9.33899059755885));
#3934=CARTESIAN_POINT('Ctrl Pts',(235.473772738243,211.013530823503,9.11691724893168));
#3935=CARTESIAN_POINT('Ctrl Pts',(234.497550865822,211.761689382931,6.07794483482339));
#3936=CARTESIAN_POINT('Ctrl Pts',(233.521329407244,212.5098477824,3.03897241420475));
#3937=CARTESIAN_POINT('Ctrl Pts',(232.545107534899,213.2580063418,9.52713463676394E-11));
#3938=CARTESIAN_POINT('Ctrl Pts',(235.473736149051,211.269918874666,9.12582998631036));
#3939=CARTESIAN_POINT('Ctrl Pts',(234.497672843182,211.94502801211,6.08388432919624));
#3940=CARTESIAN_POINT('Ctrl Pts',(233.521165591613,212.620308735508,3.0419456559394));
#3941=CARTESIAN_POINT('Ctrl Pts',(232.545102205014,213.295417904154,9.52713461835453E-11));
#3942=CARTESIAN_POINT('Ctrl Pts',(235.561928786991,211.653970931406,9.13918066724024));
#3943=CARTESIAN_POINT('Ctrl Pts',(234.560625909544,212.219792058819,6.09278679133636));
#3944=CARTESIAN_POINT('Ctrl Pts',(233.559266162335,212.785636782046,3.04639387582451));
#3945=CARTESIAN_POINT('Ctrl Pts',(232.557963274546,213.35145791375,9.52717905671433E-11));
#3946=CARTESIAN_POINT('Ctrl Pts',(235.905180180343,212.200282163301,9.15817191305457));
#3947=CARTESIAN_POINT('Ctrl Pts',(234.806189244679,212.61053022443,6.10544593323147));
#3948=CARTESIAN_POINT('Ctrl Pts',(233.707010372109,213.020926323578,3.05272597882268));
#3949=CARTESIAN_POINT('Ctrl Pts',(232.608019402269,213.431174411628,9.52709022783438E-11));
#3950=CARTESIAN_POINT('Ctrl Pts',(236.418828565972,212.610137355143,9.17241958030744));
#3951=CARTESIAN_POINT('Ctrl Pts',(235.173572454904,212.903724903165,6.11494530754462));
#3952=CARTESIAN_POINT('Ctrl Pts',(233.928180545177,213.197391992816,3.05747427226938));
#3953=CARTESIAN_POINT('Ctrl Pts',(232.682924409415,213.490979555304,9.52726788559429E-11));
#3954=CARTESIAN_POINT('Ctrl Pts',(236.931801124556,212.727100170679,9.17648552196526));
#3955=CARTESIAN_POINT('Ctrl Pts',(235.540384408431,212.987363479613,6.11765489266871));
#3956=CARTESIAN_POINT('Ctrl Pts',(234.149147541061,213.24778316644,3.05883062823439));
#3957=CARTESIAN_POINT('Ctrl Pts',(232.757730857641,213.508046503811,9.52713459535627E-11));
#3958=CARTESIAN_POINT('Ctrl Pts',(237.188344358776,212.727063800697,9.17648425756252));
#3959=CARTESIAN_POINT('Ctrl Pts',(235.723943759053,212.987389648693,6.11765617371843));
#3960=CARTESIAN_POINT('Ctrl Pts',(234.259542991691,213.247715350892,3.05882808394044));
#3961=CARTESIAN_POINT('Ctrl Pts',(232.795142391937,213.508041198862,9.52713463677465E-11));
#3962=CARTESIAN_POINT('',(232.795107532416,213.508041201334,9.52704581891339E-11));
#3963=CARTESIAN_POINT('',(237.295107532431,212.708041201309,9.40000000009529));
#3964=CARTESIAN_POINT('Ctrl Pts',(232.545107532416,213.258041201334,9.52715684122443E-11));
#3965=CARTESIAN_POINT('Ctrl Pts',(232.545107532416,213.290858911541,9.52715689014477E-11));
#3966=CARTESIAN_POINT('Ctrl Pts',(232.551709826044,213.323641035564,1.13950226541727E-10));
#3967=CARTESIAN_POINT('Ctrl Pts',(232.576829255651,213.384229957208,1.13950226655985E-10));
#3968=CARTESIAN_POINT('Ctrl Pts',(232.595125886273,213.411591302317,1.13949116995816E-10));
#3969=CARTESIAN_POINT('Ctrl Pts',(232.637737470551,213.454141623973,1.13949116291804E-10));
#3970=CARTESIAN_POINT('Ctrl Pts',(232.664387028382,213.474459149003,1.13948221768354E-10));
#3971=CARTESIAN_POINT('Ctrl Pts',(232.729468623477,213.501469560794,1.13948220126981E-10));
#3972=CARTESIAN_POINT('Ctrl Pts',(232.762289515536,213.508041201334,9.52720361238934E-11));
#3973=CARTESIAN_POINT('Ctrl Pts',(232.795107532416,213.508041201334,9.52720350931822E-11));
#3974=CARTESIAN_POINT('Origin',(261.107607532427,212.708041201309,9.40000000009529));
#3975=CARTESIAN_POINT('',(274.107607532416,213.508041201334,9.52704581891339E-11));
#3976=CARTESIAN_POINT('',(250.29510753242,213.508041201334,9.52704581891339E-11));
#3977=CARTESIAN_POINT('',(269.607607532427,212.708041201324,9.4000000000958));
#3978=CARTESIAN_POINT('Ctrl Pts',(269.71432547598,212.727015457369,9.17705249103057));
#3979=CARTESIAN_POINT('Ctrl Pts',(271.178752229974,212.987357374512,6.11803499415341));
#3980=CARTESIAN_POINT('Ctrl Pts',(272.643178992553,213.247699284184,3.05901749697243));
#3981=CARTESIAN_POINT('Ctrl Pts',(274.107605746545,213.508041201328,9.52704581891339E-11));
#3982=CARTESIAN_POINT('Ctrl Pts',(269.970806679663,212.727017320144,9.17705255579051));
#3983=CARTESIAN_POINT('Ctrl Pts',(271.362266445276,212.987306595788,6.1180329163098));
#3984=CARTESIAN_POINT('Ctrl Pts',(272.753546490557,213.247752195917,3.05901963951671));
#3985=CARTESIAN_POINT('Ctrl Pts',(274.145006254495,213.508041473019,9.52704581891339E-11));
#3986=CARTESIAN_POINT('Ctrl Pts',(270.483715709756,212.610034481625,9.17298588137719));
#3987=CARTESIAN_POINT('Ctrl Pts',(271.729031708858,212.903653977678,6.11532284188054));
#3988=CARTESIAN_POINT('Ctrl Pts',(272.974483486002,213.197353007753,3.05766303956176));
#3989=CARTESIAN_POINT('Ctrl Pts',(274.219799486369,213.490972504546,9.52704581891339E-11));
#3990=CARTESIAN_POINT('Ctrl Pts',(270.997330699153,212.200205930358,9.15873901146547));
#3991=CARTESIAN_POINT('Ctrl Pts',(272.096389719746,212.6104794207,6.10582399958091));
#3992=CARTESIAN_POINT('Ctrl Pts',(273.19563664022,213.020900919905,3.05291501192369));
#3993=CARTESIAN_POINT('Ctrl Pts',(274.294695662564,213.431174411628,9.52704581891339E-11));
#3994=CARTESIAN_POINT('Ctrl Pts',(271.340559789424,211.653930227284,9.13974882921461));
#3995=CARTESIAN_POINT('Ctrl Pts',(272.341936197746,212.219768053488,6.09316556590539));
#3996=CARTESIAN_POINT('Ctrl Pts',(273.343369480065,212.785629485515,3.04658326339554));
#3997=CARTESIAN_POINT('Ctrl Pts',(274.344745888919,213.351467311938,9.52700140970967E-11));
#3998=CARTESIAN_POINT('Ctrl Pts',(271.42876286672,211.269944355147,9.12640032835873));
#3999=CARTESIAN_POINT('Ctrl Pts',(272.404896609484,211.945052379837,6.08426455887718));
#4000=CARTESIAN_POINT('Ctrl Pts',(273.381474058482,212.620331898561,3.04213576951179));
#4001=CARTESIAN_POINT('Ctrl Pts',(274.357607805377,213.295439924849,9.52704581985587E-11));
#4002=CARTESIAN_POINT('Ctrl Pts',(271.428760992723,211.013618511126,9.11748967304716));
#4003=CARTESIAN_POINT('Ctrl Pts',(272.405043179682,211.761758815302,6.07832644884097));
#4004=CARTESIAN_POINT('Ctrl Pts',(273.381325345452,212.509899111287,3.03916322430147));
#4005=CARTESIAN_POINT('Ctrl Pts',(274.35760753241,213.258039415463,9.52704581891337E-11));
#4006=CARTESIAN_POINT('Ctrl Pts',(274.107607532416,213.508041201334,9.52682377430846E-11));
#4007=CARTESIAN_POINT('Ctrl Pts',(274.140425549296,213.508041201334,9.52682367123734E-11));
#4008=CARTESIAN_POINT('Ctrl Pts',(274.173246441358,213.501469560788,1.13969534971492E-10));
#4009=CARTESIAN_POINT('Ctrl Pts',(274.238328036397,213.474459149018,1.13969532524847E-10));
#4010=CARTESIAN_POINT('Ctrl Pts',(274.264977594234,213.454141624017,1.1397184437775E-10));
#4011=CARTESIAN_POINT('Ctrl Pts',(274.307589178558,213.411591302321,1.13971842405169E-10));
#4012=CARTESIAN_POINT('Ctrl Pts',(274.325885809185,213.384229957211,1.1397160934687E-10));
#4013=CARTESIAN_POINT('Ctrl Pts',(274.351005238794,213.323641035566,1.13971607654767E-10));
#4014=CARTESIAN_POINT('Ctrl Pts',(274.357607532416,213.290858911544,9.52718391388524E-11));
#4015=CARTESIAN_POINT('Ctrl Pts',(274.357607532416,213.258041201334,9.52718386496491E-11));
#4016=CARTESIAN_POINT('Origin',(265.357607532413,204.508041201334,9.52704581891339E-11));
#4017=CARTESIAN_POINT('',(274.107607532416,195.508041201334,9.52704581891339E-11));
#4018=CARTESIAN_POINT('Ctrl Pts',(274.357607532416,195.758041201334,9.52704581891339E-11));
#4019=CARTESIAN_POINT('Ctrl Pts',(274.357607532416,195.725223184426,9.5270457699926E-11));
#4020=CARTESIAN_POINT('Ctrl Pts',(274.351035891847,195.692402292339,1.20713194601709E-10));
#4021=CARTESIAN_POINT('Ctrl Pts',(274.324025480077,195.627320697309,1.20713194479871E-10));
#4022=CARTESIAN_POINT('Ctrl Pts',(274.303707955072,195.600671139486,1.20713683211652E-10));
#4023=CARTESIAN_POINT('Ctrl Pts',(274.26115763341,195.558059555197,1.20713683912827E-10));
#4024=CARTESIAN_POINT('Ctrl Pts',(274.233796288313,195.539762924583,1.20715113095714E-10));
#4025=CARTESIAN_POINT('Ctrl Pts',(274.173207366693,195.514643494978,1.20715114624175E-10));
#4026=CARTESIAN_POINT('Ctrl Pts',(274.140425242648,195.508041201334,9.52702983905767E-11));
#4027=CARTESIAN_POINT('Ctrl Pts',(274.107607532416,195.508041201334,9.52702994212783E-11));
#4028=CARTESIAN_POINT('',(256.607607532413,195.508041201334,9.52704581891339E-11));
#4029=CARTESIAN_POINT('Ctrl Pts',(239.501357485915,206.505479139727,7.65162275541024));
#4030=CARTESIAN_POINT('Ctrl Pts',(240.833981278247,206.507884880935,7.58250252515321));
#4031=CARTESIAN_POINT('Ctrl Pts',(242.16738789426,206.509946625534,7.52326588949863));
#4032=CARTESIAN_POINT('Ctrl Pts',(243.501357504421,206.511663496422,7.47393804920173));
#4033=CARTESIAN_POINT('Ctrl Pts',(239.501357510748,205.171630453311,7.60519840692145));
#4034=CARTESIAN_POINT('Ctrl Pts',(240.83398130308,205.174036194519,7.53607817666442));
#4035=CARTESIAN_POINT('Ctrl Pts',(242.167387919093,205.176097939118,7.47684154100983));
#4036=CARTESIAN_POINT('Ctrl Pts',(243.501357529254,205.177814810006,7.42751370071294));
#4037=CARTESIAN_POINT('Ctrl Pts',(239.501357535577,203.837781766902,7.55877405843266));
#4038=CARTESIAN_POINT('Ctrl Pts',(240.833981327909,203.840187508111,7.48965382817563));
#4039=CARTESIAN_POINT('Ctrl Pts',(242.167387943922,203.84224925271,7.43041719252104));
#4040=CARTESIAN_POINT('Ctrl Pts',(243.501357554083,203.843966123597,7.38108935222415));
#4041=CARTESIAN_POINT('Ctrl Pts',(239.50135756041,202.503933080487,7.51234970994387));
#4042=CARTESIAN_POINT('Ctrl Pts',(240.833981352742,202.506338821695,7.44322947968684));
#4043=CARTESIAN_POINT('Ctrl Pts',(242.167387968751,202.508400566294,7.38399284403225));
#4044=CARTESIAN_POINT('Ctrl Pts',(243.501357578916,202.510117437181,7.33466500373536));
#4045=CARTESIAN_POINT('Ctrl Pts',(271.423599580485,200.361936412555,8.77555341443047));
#4046=CARTESIAN_POINT('Ctrl Pts',(272.40160223113,198.827304675484,5.85036894298541));
#4047=CARTESIAN_POINT('Ctrl Pts',(273.379604881771,197.292672938405,2.92518447154034));
#4048=CARTESIAN_POINT('Ctrl Pts',(274.357607532416,195.758041201334,9.52704581891339E-11));
#4049=CARTESIAN_POINT('Ctrl Pts',(271.423599580485,200.105228860884,8.76662719863755));
#4050=CARTESIAN_POINT('Ctrl Pts',(272.401549995233,198.64363970291,5.84441569168064));
#4051=CARTESIAN_POINT('Ctrl Pts',(273.379657117668,197.182230446764,2.92221150705218));
#4052=CARTESIAN_POINT('Ctrl Pts',(274.357607532416,195.72064128879,9.52704581891339E-11));
#4053=CARTESIAN_POINT('Ctrl Pts',(271.306368884761,199.591863910522,8.74877651096743));
#4054=CARTESIAN_POINT('Ctrl Pts',(272.317732164811,198.276570836948,5.83251951806283));
#4055=CARTESIAN_POINT('Ctrl Pts',(273.329175174866,196.961141844098,2.91625699299987));
#4056=CARTESIAN_POINT('Ctrl Pts',(274.340538454915,195.645848770524,9.52700140999241E-11));
#4057=CARTESIAN_POINT('Ctrl Pts',(270.895677246346,199.077790740193,8.73090119712552));
#4058=CARTESIAN_POINT('Ctrl Pts',(272.023982287526,197.908907548808,5.82060335004861));
#4059=CARTESIAN_POINT('Ctrl Pts',(273.152435701533,196.739836262561,2.91029784717218));
#4060=CARTESIAN_POINT('Ctrl Pts',(274.280740742714,195.570953071176,9.52700140999241E-11));
#4061=CARTESIAN_POINT('Ctrl Pts',(270.348251103369,198.734255464493,8.71895581420458));
#4062=CARTESIAN_POINT('Ctrl Pts',(271.632504230867,197.66315700877,5.8126379819379));
#4063=CARTESIAN_POINT('Ctrl Pts',(272.916781023006,196.592001619218,2.90631783236195));
#4064=CARTESIAN_POINT('Ctrl Pts',(274.201034150505,195.520903163495,9.52709022783438E-11));
#4065=CARTESIAN_POINT('Ctrl Pts',(269.963458798658,198.645972829894,8.71588605703534));
#4066=CARTESIAN_POINT('Ctrl Pts',(271.357251043213,197.600143673211,5.81059673073893));
#4067=CARTESIAN_POINT('Ctrl Pts',(272.751215200406,196.553870358017,2.90528932639168));
#4068=CARTESIAN_POINT('Ctrl Pts',(274.14500744496,195.508041201334,9.52704581891339E-11));
#4069=CARTESIAN_POINT('Ctrl Pts',(269.706595604512,198.645972829894,8.71588605703533));
#4070=CARTESIAN_POINT('Ctrl Pts',(271.173599580481,197.599995620374,5.81059070472198));
#4071=CARTESIAN_POINT('Ctrl Pts',(272.640603556447,196.554018410854,2.90529535240862));
#4072=CARTESIAN_POINT('Ctrl Pts',(274.107607532416,195.508041201334,9.52704581891339E-11));
#4073=CARTESIAN_POINT('',(269.607607532431,198.716551552992,8.91192477980508));
#4074=CARTESIAN_POINT('Origin',(269.607607532431,198.716551552992,8.91192477980508));
#4075=CARTESIAN_POINT('Origin',(265.076357532416,204.508041201334,6.13039454831976));
#4076=CARTESIAN_POINT('',(265.076357532416,204.508041201334,4.63039454831976));
#4077=CARTESIAN_POINT('Origin',(253.451357532413,204.833041201338,4.63039454831976));
#4078=CARTESIAN_POINT('',(265.726357532418,204.508041201334,4.63039454831976));
#4079=CARTESIAN_POINT('Origin',(265.726357532418,204.508041201334,6.13039454831976));
#4080=CARTESIAN_POINT('Origin',(253.451357532413,204.183041201337,6.13039454831976));
#4081=CARTESIAN_POINT('',(253.451357532413,204.183041201337,4.63039454831976));
#4082=CARTESIAN_POINT('Origin',(253.451357532413,204.833041201338,4.63039454831976));
#4083=CARTESIAN_POINT('',(271.641967283515,204.833041201338,4.63039454831976));
#4084=CARTESIAN_POINT('Origin',(277.951357532413,204.833041201331,3.13039454831976));
#4085=CARTESIAN_POINT('Origin',(265.726357532418,204.508041201334,6.13039454831976));
#4086=CARTESIAN_POINT('',(265.726357532418,204.508041201334,4.63039454831976));
#4087=CARTESIAN_POINT('Origin',(253.451357532413,204.833041201338,4.63039454831976));
#4088=CARTESIAN_POINT('',(265.076357532416,204.508041201334,4.63039454831976));
#4089=CARTESIAN_POINT('Origin',(265.076357532416,204.508041201334,6.13039454831976));
#4090=CARTESIAN_POINT('Origin',(277.951357532413,204.833041201331,3.13039454831976));
#4091=CARTESIAN_POINT('',(262.720989087589,204.833041201338,4.63039454831976));
#4092=CARTESIAN_POINT('Origin',(253.451357532413,204.183041201337,6.13039454831976));
#4093=CARTESIAN_POINT('',(253.451357532413,204.183041201337,4.63039454831976));
#4094=CARTESIAN_POINT('Origin',(253.451357532413,204.833041201338,4.63039454831976));
#4095=UNCERTAINTY_MEASURE_WITH_UNIT(LENGTH_MEASURE(0.01),#4099,
'DISTANCE_ACCURACY_VALUE',
'Maximum model space distance between geometric entities at asserted c
onnectivities');
#4096=UNCERTAINTY_MEASURE_WITH_UNIT(LENGTH_MEASURE(0.01),#4099,
'DISTANCE_ACCURACY_VALUE',
'Maximum model space distance between geometric entities at asserted c
onnectivities');
#4097=(
GEOMETRIC_REPRESENTATION_CONTEXT(3)
GLOBAL_UNCERTAINTY_ASSIGNED_CONTEXT((#4095))
GLOBAL_UNIT_ASSIGNED_CONTEXT((#4099,#4101,#4102))
REPRESENTATION_CONTEXT('','3D')
);
#4098=(
GEOMETRIC_REPRESENTATION_CONTEXT(3)
GLOBAL_UNCERTAINTY_ASSIGNED_CONTEXT((#4096))
GLOBAL_UNIT_ASSIGNED_CONTEXT((#4099,#4101,#4102))
REPRESENTATION_CONTEXT('','3D')
);
#4099=(
LENGTH_UNIT()
NAMED_UNIT(*)
SI_UNIT(.MILLI.,.METRE.)
);
#4100=(
LENGTH_UNIT()
NAMED_UNIT(*)
SI_UNIT($,.METRE.)
);
#4101=(
NAMED_UNIT(*)
PLANE_ANGLE_UNIT()
SI_UNIT($,.RADIAN.)
);
#4102=(
NAMED_UNIT(*)
SI_UNIT($,.STERADIAN.)
SOLID_ANGLE_UNIT()
);
#4103=SHAPE_DEFINITION_REPRESENTATION(#4104,#4105);
#4104=PRODUCT_DEFINITION_SHAPE('',$,#4107);
#4105=SHAPE_REPRESENTATION('',(#1998),#4097);
#4106=PRODUCT_DEFINITION_CONTEXT('part definition',#4111,'design');
#4107=PRODUCT_DEFINITION('2026-08-16-11-31-45-499','2.25u keycap',#4108,
#4106);
#4108=PRODUCT_DEFINITION_FORMATION('',$,#4113);
#4109=PRODUCT_RELATED_PRODUCT_CATEGORY('2.25u keycap','2.25u keycap',(#4113));
#4110=APPLICATION_PROTOCOL_DEFINITION('international standard',
'automotive_design',2009,#4111);
#4111=APPLICATION_CONTEXT(
'Core Data for Automotive Mechanical Design Process');
#4112=PRODUCT_CONTEXT('part definition',#4111,'mechanical');
#4113=PRODUCT('2026-08-16-11-31-45-499','2.25u keycap',$,(#4112));
#4114=PRESENTATION_STYLE_ASSIGNMENT((#4116));
#4115=PRESENTATION_STYLE_ASSIGNMENT((#4117));
#4116=SURFACE_STYLE_USAGE(.BOTH.,#4118);
#4117=SURFACE_STYLE_USAGE(.BOTH.,#4119);
#4118=SURFACE_SIDE_STYLE('',(#4120));
#4119=SURFACE_SIDE_STYLE('',(#4121));
#4120=SURFACE_STYLE_FILL_AREA(#4122);
#4121=SURFACE_STYLE_FILL_AREA(#4123);
#4122=FILL_AREA_STYLE('Steel - Satin',(#4124));
#4123=FILL_AREA_STYLE('Opaque(255,255,255)',(#4125));
#4124=FILL_AREA_STYLE_COLOUR('Steel - Satin',#4126);
#4125=FILL_AREA_STYLE_COLOUR('Opaque(255,255,255)',#4127);
#4126=COLOUR_RGB('Steel - Satin',0.627450980392157,0.627450980392157,0.627450980392157);
#4127=COLOUR_RGB('Opaque(255,255,255)',1.,1.,1.);
ENDSEC;
END-ISO-10303-21;
