ISO-10303-21;
HEADER;
/* Generated by software containing ST-Developer
 * from STEP Tools, Inc. (www.steptools.com) 
 */

FILE_DESCRIPTION(
/* description */ (''),
/* implementation_level */ '2;1');

FILE_NAME(
/* name */ '2u keycap.step',
/* time_stamp */ '2026-08-16T11:31:40-07:00',
/* author */ (''),
/* organization */ (''),
/* preprocessor_version */ 'ST-DEVELOPER v20.1',
/* originating_system */ 'Autodesk Translation Framework v15.8.0.0',
/* authorisation */ '');

FILE_SCHEMA (('AUTOMOTIVE_DESIGN { 1 0 10303 214 3 1 1 }'));
ENDSEC;

DATA;
#10=MECHANICAL_DESIGN_GEOMETRIC_PRESENTATION_REPRESENTATION('',(#13),#4099);
#11=SHAPE_REPRESENTATION_RELATIONSHIP('SRR','None',#4106,#12);
#12=ADVANCED_BREP_SHAPE_REPRESENTATION('',(#14),#4098);
#13=STYLED_ITEM('',(#4116),#14);
#14=MANIFOLD_SOLID_BREP('Body1',#1985);
#15=FACE_BOUND('',#282,.T.);
#16=FACE_BOUND('',#298,.T.);
#17=FACE_BOUND('',#300,.T.);
#18=FACE_BOUND('',#314,.T.);
#19=ELLIPSE('',#2010,142.790084314941,100.418220539175);
#20=ELLIPSE('',#2013,144.191507596476,102.463303939191);
#21=ELLIPSE('',#2017,8.36811036080725,2.7);
#22=ELLIPSE('',#2019,8.36811036080725,2.7);
#23=ELLIPSE('',#2025,159.269330187729,134.325397509483);
#24=ELLIPSE('',#2026,144.175732439878,110.120207082038);
#25=ELLIPSE('',#2030,143.86200797432,101.928468276218);
#26=ELLIPSE('',#2050,162.357758594855,140.516662764574);
#27=ELLIPSE('',#2052,162.156591427694,140.36656823403);
#28=ELLIPSE('',#2055,174.346982520385,150.90615620896);
#29=ELLIPSE('',#2058,174.563272749555,151.092895780213);
#30=B_SPLINE_SURFACE_WITH_KNOTS('',3,3,((#2745,#2746,#2747,#2748),(#2749,
#2750,#2751,#2752),(#2753,#2754,#2755,#2756),(#2757,#2758,#2759,#2760)),
 .UNSPECIFIED.,.F.,.F.,.F.,(4,4),(4,4),(0.0703045630758647,0.103809876127512),
(0.160383561006209,0.172823041345359),.UNSPECIFIED.);
#31=B_SPLINE_SURFACE_WITH_KNOTS('',3,3,((#2972,#2973,#2974,#2975),(#2976,
#2977,#2978,#2979),(#2980,#2981,#2982,#2983),(#2984,#2985,#2986,#2987)),
 .UNSPECIFIED.,.F.,.F.,.F.,(4,4),(4,4),(0.0703044896264709,0.102422790587406),
(0.0279034515888719,0.039308113935344),.UNSPECIFIED.);
#32=B_SPLINE_SURFACE_WITH_KNOTS('',3,1,((#2990,#2991),(#2992,#2993),(#2994,
#2995),(#2996,#2997)),.UNSPECIFIED.,.F.,.F.,.F.,(4,4),(2,2),(0.0279044471975578,
0.0393081130375663),(0.,0.528489962981333),.UNSPECIFIED.);
#33=B_SPLINE_SURFACE_WITH_KNOTS('',3,1,((#3000,#3001),(#3002,#3003),(#3004,
#3005),(#3006,#3007),(#3008,#3009),(#3010,#3011)),.UNSPECIFIED.,.F.,.F.,
 .F.,(4,2,4),(2,2),(0.0425196219929063,0.0894934128337463,0.0982484478056737),
(0.,0.578588609389764),.UNSPECIFIED.);
#34=B_SPLINE_SURFACE_WITH_KNOTS('',3,1,((#3044,#3045),(#3046,#3047),(#3048,
#3049),(#3050,#3051),(#3052,#3053),(#3054,#3055)),.UNSPECIFIED.,.F.,.F.,
 .F.,(4,2,4),(2,2),(0.0425196227006227,0.0894934128337463,0.0982484487037426),
(0.,0.814610386230318),.UNSPECIFIED.);
#35=B_SPLINE_SURFACE_WITH_KNOTS('',3,1,((#3091,#3092),(#3093,#3094),(#3095,
#3096),(#3097,#3098)),.UNSPECIFIED.,.F.,.F.,.F.,(4,4),(2,2),(0.101451172524851,
0.157172903220862),(0.,0.814609409250915),.UNSPECIFIED.);
#36=B_SPLINE_SURFACE_WITH_KNOTS('',3,1,((#3127,#3128),(#3129,#3130),(#3131,
#3132),(#3133,#3134)),.UNSPECIFIED.,.F.,.F.,.F.,(4,4),(2,2),(0.101451171807596,
0.157172902323299),(0.,0.578588716793136),.UNSPECIFIED.);
#37=B_SPLINE_SURFACE_WITH_KNOTS('',3,3,((#3177,#3178,#3179,#3180),(#3181,
#3182,#3183,#3184),(#3185,#3186,#3187,#3188),(#3189,#3190,#3191,#3192)),
 .UNSPECIFIED.,.F.,.F.,.F.,(4,4),(4,4),(0.107035205934712,0.130280169777456),
(0.160383560299804,0.17310973306302),.UNSPECIFIED.);
#38=B_SPLINE_SURFACE_WITH_KNOTS('',3,1,((#3195,#3196),(#3197,#3198),(#3199,
#3200),(#3201,#3202)),.UNSPECIFIED.,.F.,.F.,.F.,(4,4),(2,2),(0.148903127988201,
0.168661497257001),(0.,0.48053711147288),.UNSPECIFIED.);
#39=B_SPLINE_SURFACE_WITH_KNOTS('',3,1,((#3227,#3228),(#3229,#3230),(#3231,
#3232),(#3233,#3234)),.UNSPECIFIED.,.F.,.F.,.F.,(4,4),(2,2),(0.0310277563635695,
0.0507913639786213),(0.,0.480537217982432),.UNSPECIFIED.);
#40=B_SPLINE_SURFACE_WITH_KNOTS('',3,1,((#3259,#3260),(#3261,#3262),(#3263,
#3264),(#3265,#3266)),.UNSPECIFIED.,.F.,.F.,.F.,(4,4),(2,2),(0.0899949579141315,
0.109704491319048),(0.,0.480293332028459),.UNSPECIFIED.);
#41=B_SPLINE_SURFACE_WITH_KNOTS('',3,3,((#3291,#3292,#3293,#3294),(#3295,
#3296,#3297,#3298),(#3299,#3300,#3301,#3302),(#3303,#3304,#3305,#3306)),
 .UNSPECIFIED.,.F.,.F.,.F.,(4,4),(4,4),(-1.0986551291106E-13,1.),(0.0246157230719696,
1.),.UNSPECIFIED.);
#42=B_SPLINE_SURFACE_WITH_KNOTS('',3,3,((#3319,#3320,#3321,#3322,#3323,
#3324,#3325),(#3326,#3327,#3328,#3329,#3330,#3331,#3332),(#3333,#3334,#3335,
#3336,#3337,#3338,#3339),(#3340,#3341,#3342,#3343,#3344,#3345,#3346),(#3347,
#3348,#3349,#3350,#3351,#3352,#3353)),.UNSPECIFIED.,.F.,.F.,.F.,(4,1,4),
(4,1,1,1,4),(0.,0.571428571428571,1.00032769829494),(-0.000327698294940935,
0.657019724656299,0.985529586984449,1.64254931164075,2.29989673459197),
 .UNSPECIFIED.);
#43=B_SPLINE_SURFACE_WITH_KNOTS('',3,3,((#3429,#3430,#3431,#3432),(#3433,
#3434,#3435,#3436),(#3437,#3438,#3439,#3440),(#3441,#3442,#3443,#3444),
(#3445,#3446,#3447,#3448)),.UNSPECIFIED.,.F.,.F.,.F.,(4,1,4),(4,4),(0.,
0.571428571428571,1.),(0.,27.9006284679045),.UNSPECIFIED.);
#44=B_SPLINE_SURFACE_WITH_KNOTS('',3,3,((#3454,#3455,#3456,#3457,#3458,
#3459,#3460),(#3461,#3462,#3463,#3464,#3465,#3466,#3467),(#3468,#3469,#3470,
#3471,#3472,#3473,#3474),(#3475,#3476,#3477,#3478,#3479,#3480,#3481),(#3482,
#3483,#3484,#3485,#3486,#3487,#3488)),.UNSPECIFIED.,.F.,.F.,.F.,(4,1,4),
(4,1,1,1,4),(0.,0.571428571428571,1.),(-4.77175127114838E-14,0.657019725080034,
1.31403945016012,1.9710591752402,2.29956903778024),.UNSPECIFIED.);
#45=B_SPLINE_SURFACE_WITH_KNOTS('',3,3,((#3509,#3510,#3511,#3512,#3513),
(#3514,#3515,#3516,#3517,#3518),(#3519,#3520,#3521,#3522,#3523),(#3524,
#3525,#3526,#3527,#3528),(#3529,#3530,#3531,#3532,#3533)),.UNSPECIFIED.,
 .F.,.F.,.F.,(4,1,4),(4,1,4),(0.,0.571428571428571,1.),(-6.21474027455699E-13,
4.57597386174926,10.6772723440824),.UNSPECIFIED.);
#46=B_SPLINE_SURFACE_WITH_KNOTS('',3,3,((#3569,#3570,#3571,#3572,#3573,
#3574),(#3575,#3576,#3577,#3578,#3579,#3580),(#3581,#3582,#3583,#3584,#3585,
#3586),(#3587,#3588,#3589,#3590,#3591,#3592),(#3593,#3594,#3595,#3596,#3597,
#3598)),.UNSPECIFIED.,.F.,.F.,.F.,(4,1,4),(4,1,1,4),(0.,0.571428571428571,
1.),(0.,0.643244293025711,1.28648858605142,2.25135502558999),
 .UNSPECIFIED.);
#47=B_SPLINE_SURFACE_WITH_KNOTS('',3,3,((#3608,#3609,#3610,#3611),(#3612,
#3613,#3614,#3615),(#3616,#3617,#3618,#3619),(#3620,#3621,#3622,#3623),
(#3624,#3625,#3626,#3627)),.UNSPECIFIED.,.F.,.F.,.F.,(4,1,4),(4,4),(0.,
0.571428571428571,1.),(0.,27.9516045688475),.UNSPECIFIED.);
#48=B_SPLINE_SURFACE_WITH_KNOTS('',3,3,((#3631,#3632,#3633,#3634,#3635),
(#3636,#3637,#3638,#3639,#3640),(#3641,#3642,#3643,#3644,#3645),(#3646,
#3647,#3648,#3649,#3650),(#3651,#3652,#3653,#3654,#3655)),.UNSPECIFIED.,
 .F.,.F.,.F.,(4,1,4),(4,1,4),(0.,0.571428571428571,1.),(4.03098938240676E-14,
6.10129847676855,10.6772723343449),.UNSPECIFIED.);
#49=B_SPLINE_SURFACE_WITH_KNOTS('',3,3,((#3656,#3657,#3658,#3659,#3660,
#3661),(#3662,#3663,#3664,#3665,#3666,#3667),(#3668,#3669,#3670,#3671,#3672,
#3673),(#3674,#3675,#3676,#3677,#3678,#3679),(#3680,#3681,#3682,#3683,#3684,
#3685)),.UNSPECIFIED.,.F.,.F.,.F.,(4,1,4),(4,1,1,4),(0.,0.571428571428571,
1.),(0.,0.964877492952085,1.60812915492014,2.2513808168882),
 .UNSPECIFIED.);
#50=B_SPLINE_SURFACE_WITH_KNOTS('',3,3,((#3692,#3693,#3694,#3695),(#3696,
#3697,#3698,#3699),(#3700,#3701,#3702,#3703),(#3704,#3705,#3706,#3707),
(#3708,#3709,#3710,#3711),(#3712,#3713,#3714,#3715),(#3716,#3717,#3718,
#3719)),.UNSPECIFIED.,.F.,.F.,.F.,(4,1,1,1,4),(4,4),(-1.29398806014105E-15,
0.28571428571429,0.428571428571435,0.714285714285726,1.00000000000002),
(0.0224243652916065,1.),.UNSPECIFIED.);
#51=B_SPLINE_SURFACE_WITH_KNOTS('',3,3,((#3734,#3735,#3736,#3737),(#3738,
#3739,#3740,#3741),(#3742,#3743,#3744,#3745),(#3746,#3747,#3748,#3749)),
 .UNSPECIFIED.,.F.,.F.,.F.,(4,4),(4,4),(-1.20167390206847E-15,1.00000000000018),
(0.0246157266141527,1.),.UNSPECIFIED.);
#52=B_SPLINE_SURFACE_WITH_KNOTS('',3,3,((#3753,#3754,#3755,#3756),(#3757,
#3758,#3759,#3760),(#3761,#3762,#3763,#3764),(#3765,#3766,#3767,#3768),
(#3769,#3770,#3771,#3772),(#3773,#3774,#3775,#3776),(#3777,#3778,#3779,
#3780)),.UNSPECIFIED.,.F.,.F.,.F.,(4,1,1,1,4),(4,4),(-0.000167006457977683,
0.285714285714285,0.428571428571428,0.714285714285714,1.00016700645962),
(0.023953533015063,1.),.UNSPECIFIED.);
#53=B_SPLINE_SURFACE_WITH_KNOTS('',3,3,((#3797,#3798,#3799,#3800),(#3801,
#3802,#3803,#3804),(#3805,#3806,#3807,#3808),(#3809,#3810,#3811,#3812),
(#3813,#3814,#3815,#3816),(#3817,#3818,#3819,#3820),(#3821,#3822,#3823,
#3824)),.UNSPECIFIED.,.F.,.F.,.F.,(4,1,1,1,4),(4,4),(-0.000121948207188242,
0.285714285714286,0.571428571428571,0.714285714285714,1.00012194820711),
(0.0238484093577294,1.),.UNSPECIFIED.);
#54=B_SPLINE_SURFACE_WITH_KNOTS('',3,3,((#3848,#3849,#3850,#3851),(#3852,
#3853,#3854,#3855),(#3856,#3857,#3858,#3859),(#3860,#3861,#3862,#3863),
(#3864,#3865,#3866,#3867),(#3868,#3869,#3870,#3871),(#3872,#3873,#3874,
#3875)),.UNSPECIFIED.,.F.,.F.,.F.,(4,1,1,1,4),(4,4),(-1.90617632186196E-14,
0.285714285714273,0.428571428571419,0.714285714285711,1.),(0.0224243650207164,
1.),.UNSPECIFIED.);
#55=B_SPLINE_CURVE_WITH_KNOTS('',3,(#2637,#2638,#2639,#2640,#2641,#2642,
#2643,#2644,#2645,#2646,#2647,#2648,#2649,#2650,#2651,#2652,#2653,#2654,
#2655),.UNSPECIFIED.,.F.,.F.,(4,3,3,3,3,3,4),(0.136920244868884,0.533602458181839,
1.22519587858132,1.31525226004133,2.39226303526642,3.09532267271558,3.73498829365467),
 .UNSPECIFIED.);
#56=B_SPLINE_CURVE_WITH_KNOTS('',3,(#2662,#2663,#2664,#2665,#2666,#2667,
#2668,#2669,#2670,#2671,#2672,#2673,#2674,#2675,#2676,#2677,#2678,#2679,
#2680,#2681,#2682,#2683,#2684,#2685,#2686),.UNSPECIFIED.,.F.,.F.,(4,3,3,
3,3,3,3,3,4),(0.0607886263463574,0.723201749035764,1.07380719225208,2.03437066960547,
2.14426233237118,2.89531293742874,2.98616602300086,3.41257290047193,3.66493732156628),
 .UNSPECIFIED.);
#57=B_SPLINE_CURVE_WITH_KNOTS('',3,(#2688,#2689,#2690,#2691,#2692,#2693,
#2694,#2695,#2696,#2697,#2698,#2699,#2700,#2701,#2702,#2703,#2704,#2705,
#2706,#2707,#2708,#2709,#2710,#2711,#2712),.UNSPECIFIED.,.F.,.F.,(4,3,3,
3,3,3,3,3,4),(0.040773826865196,0.702501284071051,1.07267475218625,2.01086057140785,
2.08488092796416,2.83999883409285,2.96024162428108,3.35906951712442,3.64100108416752),
 .UNSPECIFIED.);
#58=B_SPLINE_CURVE_WITH_KNOTS('',3,(#2720,#2721,#2722,#2723,#2724,#2725,
#2726,#2727,#2728,#2729,#2730,#2731,#2732,#2733,#2734,#2735,#2736,#2737,
#2738),.UNSPECIFIED.,.F.,.F.,(4,3,3,3,3,3,4),(0.0598206975435298,0.670997495294785,
1.41854743227771,1.59847066407051,2.57011860605573,3.14729552301515,3.66390871285638),
 .UNSPECIFIED.);
#59=B_SPLINE_CURVE_WITH_KNOTS('',3,(#2764,#2765,#2766,#2767,#2768,#2769),
 .UNSPECIFIED.,.F.,.F.,(4,2,4),(0.,0.337190854286669,0.67438170857705),
 .UNSPECIFIED.);
#60=B_SPLINE_CURVE_WITH_KNOTS('',3,(#2795,#2796,#2797,#2798,#2799,#2800,
#2801,#2802,#2803,#2804),.UNSPECIFIED.,.F.,.F.,(4,3,3,4),(-1.13053796680983,
-0.952920105492339,-0.565522477524392,-8.20714052668031E-9),
 .UNSPECIFIED.);
#61=B_SPLINE_CURVE_WITH_KNOTS('',3,(#2823,#2824,#2825,#2826,#2827,#2828,
#2829,#2830,#2831,#2832,#2833,#2834,#2835,#2836,#2837,#2838,#2839,#2840,
#2841,#2842,#2843,#2844),.UNSPECIFIED.,.F.,.F.,(4,3,3,3,3,3,3,4),(0.0367189777324631,
0.700784443052995,1.07644171468245,2.04312629819957,2.12685243833698,2.87896513106236,
2.96804012510037,3.35845439571821),.UNSPECIFIED.);
#62=B_SPLINE_CURVE_WITH_KNOTS('',3,(#2856,#2857,#2858,#2859,#2860,#2861,
#2862,#2863,#2864,#2865,#2866,#2867,#2868,#2869,#2870,#2871,#2872,#2873,
#2874,#2875,#2876,#2877,#2878,#2879,#2880),.UNSPECIFIED.,.F.,.F.,(4,3,3,
3,3,3,3,3,4),(0.419312848114448,0.455068825122657,1.13241452303731,1.17730925716852,
2.0176856157414,2.80380684812741,2.96644213174499,3.61674815458354,3.73348557721669),
 .UNSPECIFIED.);
#63=B_SPLINE_CURVE_WITH_KNOTS('',3,(#2888,#2889,#2890,#2891,#2892,#2893,
#2894,#2895,#2896,#2897,#2898,#2899,#2900,#2901,#2902,#2903,#2904,#2905,
#2906),.UNSPECIFIED.,.F.,.F.,(4,3,3,3,3,3,4),(0.136992737556017,0.698491294154012,
1.4309187754276,1.60989209075858,2.58782906628149,3.20661509023742,3.73926162699892),
 .UNSPECIFIED.);
#64=B_SPLINE_CURVE_WITH_KNOTS('',3,(#2914,#2915,#2916,#2917,#2918,#2919,
#2920,#2921,#2922,#2923,#2924,#2925,#2926,#2927,#2928,#2929,#2930,#2931,
#2932,#2933,#2934,#2935),.UNSPECIFIED.,.F.,.F.,(4,3,3,3,3,3,3,4),(0.0140362927744901,
0.677414470560079,1.06977096335013,2.09831109237807,2.84063420466968,2.98647556331336,
3.39686224531053,3.61382327960016),.UNSPECIFIED.);
#65=B_SPLINE_CURVE_WITH_KNOTS('',3,(#3013,#3014,#3015,#3016,#3017,#3018),
 .UNSPECIFIED.,.F.,.F.,(4,2,4),(9.99964243253371E-7,0.329618633957496,0.659236223346174),
 .UNSPECIFIED.);
#66=B_SPLINE_CURVE_WITH_KNOTS('',3,(#3020,#3021,#3022,#3023,#3024,#3025,
#3026,#3027,#3028,#3029,#3030,#3031,#3032,#3033,#3034,#3035,#3036,#3037,
#3038,#3039,#3040,#3041),.UNSPECIFIED.,.F.,.F.,(4,3,3,3,3,3,3,4),(0.113323313072372,
0.540255222584278,1.23841823347567,1.34790830689479,2.20198295642765,2.42804610934472,
3.10206348514709,3.71140674705585),.UNSPECIFIED.);
#67=B_SPLINE_CURVE_WITH_KNOTS('',3,(#3059,#3060,#3061,#3062,#3063,#3064,
#3065,#3066,#3067,#3068,#3069,#3070,#3071,#3072,#3073,#3074,#3075,#3076,
#3077,#3078,#3079,#3080,#3081,#3082,#3083),.UNSPECIFIED.,.F.,.F.,(4,3,3,
3,3,3,3,3,4),(0.0539797173702151,0.715257797882097,1.0727736287902,1.56602643616132,
2.13992128694339,2.87901505386501,3.05697370243789,3.425138456583,3.65363116241559),
 .UNSPECIFIED.);
#68=B_SPLINE_CURVE_WITH_KNOTS('',3,(#3084,#3085,#3086,#3087,#3088,#3089),
 .UNSPECIFIED.,.F.,.F.,(4,2,4),(-0.659236223319187,-0.329618633958102,-9.9996476230921E-7),
 .UNSPECIFIED.);
#69=B_SPLINE_CURVE_WITH_KNOTS('',3,(#3100,#3101,#3102,#3103,#3104,#3105),
 .UNSPECIFIED.,.F.,.F.,(4,2,4),(-0.659236438399406,-0.329618705909433,-9.99522621819786E-7),
 .UNSPECIFIED.);
#70=B_SPLINE_CURVE_WITH_KNOTS('',3,(#3107,#3108,#3109,#3110,#3111,#3112,
#3113,#3114,#3115,#3116,#3117,#3118,#3119,#3120,#3121,#3122,#3123,#3124,
#3125),.UNSPECIFIED.,.F.,.F.,(4,3,3,3,3,3,4),(0.113292019718234,0.698619731836647,
1.43630232970397,1.61542800162726,2.59032253776613,3.18913404676871,3.71041692354651),
 .UNSPECIFIED.);
#71=B_SPLINE_CURVE_WITH_KNOTS('',3,(#3136,#3137,#3138,#3139,#3140,#3141),
 .UNSPECIFIED.,.F.,.F.,(4,2,4),(1.40216516262713E-7,0.329617846625262,0.659235579110729),
 .UNSPECIFIED.);
#72=B_SPLINE_CURVE_WITH_KNOTS('',3,(#3145,#3146,#3147,#3148,#3149,#3150,
#3151,#3152,#3153,#3154,#3155,#3156,#3157,#3158,#3159,#3160,#3161,#3162,
#3163,#3164,#3165,#3166,#3167,#3168,#3169),.UNSPECIFIED.,.F.,.F.,(4,3,3,
3,3,3,3,3,4),(0.0208505514282378,0.684929275676432,1.07252998213505,2.04578820976902,
2.10319637302023,2.84992431550209,2.97774624937342,3.38401669360828,3.62071449175932),
 .UNSPECIFIED.);
#73=B_SPLINE_CURVE_WITH_KNOTS('',3,(#3314,#3315,#3316,#3317,#3318),
 .UNSPECIFIED.,.F.,.F.,(4,1,4),(-10.6772723343449,-6.10129847676855,-4.03098938240676E-14),
 .UNSPECIFIED.);
#74=B_SPLINE_CURVE_WITH_KNOTS('',3,(#3356,#3357,#3358,#3359,#3360),
 .UNSPECIFIED.,.F.,.F.,(4,1,4),(0.,0.571428571428571,1.),.UNSPECIFIED.);
#75=B_SPLINE_CURVE_WITH_KNOTS('',3,(#3362,#3363,#3364,#3365,#3366,#3367,
#3368,#3369,#3370,#3371,#3372,#3373,#3374,#3375,#3376,#3377,#3378,#3379,
#3380,#3381,#3382,#3383,#3384,#3385,#3386,#3387,#3388,#3389,#3390,#3391,
#3392,#3393,#3394,#3395,#3396,#3397,#3398,#3399,#3400,#3401,#3402,#3403,
#3404,#3405,#3406,#3407,#3408,#3409,#3410,#3411,#3412,#3413,#3414,#3415,
#3416,#3417,#3418,#3419),.UNSPECIFIED.,.F.,.F.,(4,3,3,3,3,3,3,3,3,3,3,3,
3,3,3,3,3,3,3,4),(-2.29956903629705,-2.1600729712193,-2.01344974056782,
-1.86299252594697,-1.70834630958456,-1.64510600650739,-1.64254931164075,
-1.47492276640195,-1.30494569562933,-1.13573430406873,-0.985529586984449,
-0.97042938520542,-0.806224717999927,-0.657019724656299,-0.637611884760158,
-0.476927884081849,-0.32105018920878,-0.169905379030386,-0.0248993999536724,
0.),.UNSPECIFIED.);
#76=B_SPLINE_CURVE_WITH_KNOTS('',3,(#3422,#3423,#3424,#3425,#3426,#3427,
#3428),.UNSPECIFIED.,.F.,.F.,(4,1,1,1,4),(0.,0.657019724656299,0.985529586984449,
1.64254931164075,2.29956903629705),.UNSPECIFIED.);
#77=B_SPLINE_CURVE_WITH_KNOTS('',3,(#3490,#3491,#3492,#3493,#3494),
 .UNSPECIFIED.,.F.,.F.,(4,1,4),(0.,0.571428571428571,1.),.UNSPECIFIED.);
#78=B_SPLINE_CURVE_WITH_KNOTS('',3,(#3495,#3496,#3497,#3498,#3499,#3500,
#3501),.UNSPECIFIED.,.F.,.F.,(4,1,1,1,4),(-4.77175127114838E-14,0.657019725080034,
1.31403945016012,1.9710591752402,2.29956903778024),.UNSPECIFIED.);
#79=B_SPLINE_CURVE_WITH_KNOTS('',3,(#3502,#3503,#3504,#3505,#3506,#3507,
#3508),.UNSPECIFIED.,.F.,.F.,(4,1,1,1,4),(-2.29956903778024,-1.9710591752402,
-1.31403945016012,-0.657019725080034,4.77175127114838E-14),
 .UNSPECIFIED.);
#80=B_SPLINE_CURVE_WITH_KNOTS('',3,(#3535,#3536,#3537,#3538,#3539),
 .UNSPECIFIED.,.F.,.F.,(4,1,4),(-6.21474027455699E-13,4.57597386174926,
10.6772723440824),.UNSPECIFIED.);
#81=B_SPLINE_CURVE_WITH_KNOTS('',3,(#3542,#3543,#3544,#3545,#3546),
 .UNSPECIFIED.,.F.,.F.,(4,1,4),(-10.6772723440824,-4.57597386174926,6.21474027455699E-13),
 .UNSPECIFIED.);
#82=B_SPLINE_CURVE_WITH_KNOTS('',3,(#3549,#3550,#3551,#3552,#3553),
 .UNSPECIFIED.,.F.,.F.,(4,1,4),(4.03098938240676E-14,6.10129847676855,10.6772723343449),
 .UNSPECIFIED.);
#83=B_SPLINE_CURVE_WITH_KNOTS('',3,(#3555,#3556,#3557,#3558,#3559,#3560),
 .UNSPECIFIED.,.F.,.F.,(4,1,1,4),(0.,0.643244293025711,1.28648858605142,
2.25135502558999),.UNSPECIFIED.);
#84=B_SPLINE_CURVE_WITH_KNOTS('',3,(#3563,#3564,#3565,#3566,#3567,#3568),
 .UNSPECIFIED.,.F.,.F.,(4,1,1,4),(0.,0.964877492952085,1.60812915492014,
2.2513808168882),.UNSPECIFIED.);
#85=B_SPLINE_CURVE_WITH_KNOTS('',3,(#3601,#3602,#3603,#3604,#3605,#3606),
 .UNSPECIFIED.,.F.,.F.,(4,1,1,4),(-2.25135502558999,-1.28648858605142,-0.643244293025711,
0.),.UNSPECIFIED.);
#86=B_SPLINE_CURVE_WITH_KNOTS('',3,(#3686,#3687,#3688,#3689,#3690,#3691),
 .UNSPECIFIED.,.F.,.F.,(4,1,1,4),(-2.2513808168882,-1.60812915492014,-0.964877492952085,
0.),.UNSPECIFIED.);
#87=B_SPLINE_CURVE_WITH_KNOTS('',3,(#3724,#3725,#3726,#3727,#3728,#3729,
#3730,#3731,#3732,#3733),.UNSPECIFIED.,.F.,.F.,(4,2,2,2,4),(0.,0.00984531307101806,
0.0196770213979585,0.0278780324016296,0.0350270427518482),.UNSPECIFIED.);
#88=B_SPLINE_CURVE_WITH_KNOTS('',3,(#3783,#3784,#3785,#3786,#3787,#3788,
#3789,#3790,#3791,#3792),.UNSPECIFIED.,.F.,.F.,(4,2,2,2,4),(0.,0.00984531306236889,
0.0196770213855128,0.0278780323832943,0.035027042723753),.UNSPECIFIED.);
#89=B_SPLINE_CURVE_WITH_KNOTS('',3,(#3825,#3826,#3827,#3828,#3829,#3830,
#3831,#3832,#3833,#3834),.UNSPECIFIED.,.F.,.F.,(4,2,2,2,4),(0.,0.00984540505829846,
0.0211395942519868,0.0346795314809082,0.0482382047401887),.UNSPECIFIED.);
#90=B_SPLINE_CURVE_WITH_KNOTS('',3,(#3837,#3838,#3839,#3840,#3841,#3842,
#3843,#3844,#3845,#3846),.UNSPECIFIED.,.F.,.F.,(4,2,2,2,4),(0.,0.0098453130654207,
0.0196770213983733,0.0278780323766057,0.0350270426764801),.UNSPECIFIED.);
#91=CYLINDRICAL_SURFACE('',#2003,2.7);
#92=CYLINDRICAL_SURFACE('',#2015,2.7);
#93=CYLINDRICAL_SURFACE('',#2054,201.519708758569);
#94=CYLINDRICAL_SURFACE('',#2091,2.7);
#95=CIRCLE('',#2001,2.7);
#96=CIRCLE('',#2004,2.7);
#97=CIRCLE('',#2005,2.7);
#98=CIRCLE('',#2006,2.7);
#99=CIRCLE('',#2007,2.7);
#100=CIRCLE('',#2008,2.7);
#101=CIRCLE('',#2009,202.789148550969);
#102=CIRCLE('',#2014,202.668222256974);
#103=CIRCLE('',#2016,2.7);
#104=CIRCLE('',#2018,2.7);
#105=CIRCLE('',#2020,2.7);
#106=CIRCLE('',#2021,2.7);
#107=CIRCLE('',#2022,2.7);
#108=CIRCLE('',#2023,2.7);
#109=CIRCLE('',#2027,188.727338373223);
#110=CIRCLE('',#2028,188.614939896384);
#111=CIRCLE('',#2031,203.031779700254);
#112=CIRCLE('',#2032,203.031779699466);
#113=CIRCLE('',#2033,202.996817623988);
#114=CIRCLE('',#2034,202.93784901805);
#115=CIRCLE('',#2035,202.937849036587);
#116=CIRCLE('',#2036,202.996817657018);
#117=CIRCLE('',#2037,202.812270352606);
#118=CIRCLE('',#2038,202.797059126749);
#119=CIRCLE('',#2039,202.797059474331);
#120=CIRCLE('',#2040,202.812270215901);
#121=CIRCLE('',#2041,202.803434374872);
#122=CIRCLE('',#2042,202.803434877363);
#123=CIRCLE('',#2043,202.394176471143);
#124=CIRCLE('',#2044,202.554265205075);
#125=CIRCLE('',#2045,202.554265196952);
#126=CIRCLE('',#2046,202.394176465868);
#127=CIRCLE('',#2047,202.210955276626);
#128=CIRCLE('',#2048,202.210955278);
#129=CIRCLE('',#2049,0.249999999999991);
#130=CIRCLE('',#2051,0.25);
#131=CIRCLE('',#2053,0.250000000000051);
#132=CIRCLE('',#2056,0.250000000000001);
#133=CIRCLE('',#2057,0.250000000000063);
#134=CIRCLE('',#2059,0.249999999999999);
#135=CIRCLE('',#2090,2.7);
#136=CIRCLE('',#2092,2.7);
#137=CIRCLE('',#2093,2.7);
#138=CIRCLE('',#2094,2.7);
#139=CIRCLE('',#2095,2.7);
#140=CIRCLE('',#2096,2.7);
#141=FACE_OUTER_BOUND('',#246,.T.);
#142=FACE_OUTER_BOUND('',#247,.T.);
#143=FACE_OUTER_BOUND('',#248,.T.);
#144=FACE_OUTER_BOUND('',#249,.T.);
#145=FACE_OUTER_BOUND('',#250,.T.);
#146=FACE_OUTER_BOUND('',#251,.T.);
#147=FACE_OUTER_BOUND('',#252,.T.);
#148=FACE_OUTER_BOUND('',#253,.T.);
#149=FACE_OUTER_BOUND('',#254,.T.);
#150=FACE_OUTER_BOUND('',#255,.T.);
#151=FACE_OUTER_BOUND('',#256,.T.);
#152=FACE_OUTER_BOUND('',#257,.T.);
#153=FACE_OUTER_BOUND('',#258,.T.);
#154=FACE_OUTER_BOUND('',#259,.T.);
#155=FACE_OUTER_BOUND('',#260,.T.);
#156=FACE_OUTER_BOUND('',#261,.T.);
#157=FACE_OUTER_BOUND('',#262,.T.);
#158=FACE_OUTER_BOUND('',#263,.T.);
#159=FACE_OUTER_BOUND('',#264,.T.);
#160=FACE_OUTER_BOUND('',#265,.T.);
#161=FACE_OUTER_BOUND('',#266,.T.);
#162=FACE_OUTER_BOUND('',#267,.T.);
#163=FACE_OUTER_BOUND('',#268,.T.);
#164=FACE_OUTER_BOUND('',#269,.T.);
#165=FACE_OUTER_BOUND('',#270,.T.);
#166=FACE_OUTER_BOUND('',#271,.T.);
#167=FACE_OUTER_BOUND('',#272,.T.);
#168=FACE_OUTER_BOUND('',#273,.T.);
#169=FACE_OUTER_BOUND('',#274,.T.);
#170=FACE_OUTER_BOUND('',#275,.T.);
#171=FACE_OUTER_BOUND('',#276,.T.);
#172=FACE_OUTER_BOUND('',#277,.T.);
#173=FACE_OUTER_BOUND('',#278,.T.);
#174=FACE_OUTER_BOUND('',#279,.T.);
#175=FACE_OUTER_BOUND('',#280,.T.);
#176=FACE_OUTER_BOUND('',#281,.T.);
#177=FACE_OUTER_BOUND('',#283,.T.);
#178=FACE_OUTER_BOUND('',#284,.T.);
#179=FACE_OUTER_BOUND('',#285,.T.);
#180=FACE_OUTER_BOUND('',#286,.T.);
#181=FACE_OUTER_BOUND('',#287,.T.);
#182=FACE_OUTER_BOUND('',#288,.T.);
#183=FACE_OUTER_BOUND('',#289,.T.);
#184=FACE_OUTER_BOUND('',#290,.T.);
#185=FACE_OUTER_BOUND('',#291,.T.);
#186=FACE_OUTER_BOUND('',#292,.T.);
#187=FACE_OUTER_BOUND('',#293,.T.);
#188=FACE_OUTER_BOUND('',#294,.T.);
#189=FACE_OUTER_BOUND('',#295,.T.);
#190=FACE_OUTER_BOUND('',#296,.T.);
#191=FACE_OUTER_BOUND('',#297,.T.);
#192=FACE_OUTER_BOUND('',#299,.T.);
#193=FACE_OUTER_BOUND('',#301,.T.);
#194=FACE_OUTER_BOUND('',#302,.T.);
#195=FACE_OUTER_BOUND('',#303,.T.);
#196=FACE_OUTER_BOUND('',#304,.T.);
#197=FACE_OUTER_BOUND('',#305,.T.);
#198=FACE_OUTER_BOUND('',#306,.T.);
#199=FACE_OUTER_BOUND('',#307,.T.);
#200=FACE_OUTER_BOUND('',#308,.T.);
#201=FACE_OUTER_BOUND('',#309,.T.);
#202=FACE_OUTER_BOUND('',#310,.T.);
#203=FACE_OUTER_BOUND('',#311,.T.);
#204=FACE_OUTER_BOUND('',#312,.T.);
#205=FACE_OUTER_BOUND('',#313,.T.);
#206=FACE_OUTER_BOUND('',#315,.T.);
#207=FACE_OUTER_BOUND('',#316,.T.);
#208=FACE_OUTER_BOUND('',#317,.T.);
#209=FACE_OUTER_BOUND('',#318,.T.);
#210=FACE_OUTER_BOUND('',#319,.T.);
#211=FACE_OUTER_BOUND('',#320,.T.);
#212=FACE_OUTER_BOUND('',#321,.T.);
#213=FACE_OUTER_BOUND('',#322,.T.);
#214=FACE_OUTER_BOUND('',#323,.T.);
#215=FACE_OUTER_BOUND('',#324,.T.);
#216=FACE_OUTER_BOUND('',#325,.T.);
#217=FACE_OUTER_BOUND('',#326,.T.);
#218=FACE_OUTER_BOUND('',#327,.T.);
#219=FACE_OUTER_BOUND('',#328,.T.);
#220=FACE_OUTER_BOUND('',#329,.T.);
#221=FACE_OUTER_BOUND('',#330,.T.);
#222=FACE_OUTER_BOUND('',#331,.T.);
#223=FACE_OUTER_BOUND('',#332,.T.);
#224=FACE_OUTER_BOUND('',#333,.T.);
#225=FACE_OUTER_BOUND('',#334,.T.);
#226=FACE_OUTER_BOUND('',#335,.T.);
#227=FACE_OUTER_BOUND('',#336,.T.);
#228=FACE_OUTER_BOUND('',#337,.T.);
#229=FACE_OUTER_BOUND('',#338,.T.);
#230=FACE_OUTER_BOUND('',#339,.T.);
#231=FACE_OUTER_BOUND('',#340,.T.);
#232=FACE_OUTER_BOUND('',#341,.T.);
#233=FACE_OUTER_BOUND('',#342,.T.);
#234=FACE_OUTER_BOUND('',#343,.T.);
#235=FACE_OUTER_BOUND('',#344,.T.);
#236=FACE_OUTER_BOUND('',#345,.T.);
#237=FACE_OUTER_BOUND('',#346,.T.);
#238=FACE_OUTER_BOUND('',#347,.T.);
#239=FACE_OUTER_BOUND('',#348,.T.);
#240=FACE_OUTER_BOUND('',#349,.T.);
#241=FACE_OUTER_BOUND('',#350,.T.);
#242=FACE_OUTER_BOUND('',#351,.T.);
#243=FACE_OUTER_BOUND('',#352,.T.);
#244=FACE_OUTER_BOUND('',#353,.T.);
#245=FACE_OUTER_BOUND('',#354,.T.);
#246=EDGE_LOOP('',(#1226,#1227,#1228,#1229));
#247=EDGE_LOOP('',(#1230,#1231,#1232,#1233));
#248=EDGE_LOOP('',(#1234,#1235,#1236,#1237));
#249=EDGE_LOOP('',(#1238,#1239,#1240,#1241,#1242,#1243,#1244,#1245,#1246,
#1247,#1248,#1249,#1250,#1251,#1252,#1253,#1254,#1255,#1256,#1257));
#250=EDGE_LOOP('',(#1258,#1259,#1260,#1261,#1262));
#251=EDGE_LOOP('',(#1263,#1264,#1265,#1266,#1267,#1268,#1269,#1270));
#252=EDGE_LOOP('',(#1271,#1272,#1273,#1274,#1275,#1276,#1277,#1278,#1279,
#1280,#1281,#1282,#1283,#1284,#1285,#1286));
#253=EDGE_LOOP('',(#1287,#1288,#1289,#1290,#1291,#1292,#1293,#1294,#1295,
#1296,#1297,#1298,#1299,#1300,#1301,#1302,#1303,#1304,#1305,#1306,#1307,
#1308));
#254=EDGE_LOOP('',(#1309,#1310,#1311,#1312,#1313,#1314,#1315,#1316,#1317,
#1318,#1319,#1320,#1321,#1322,#1323,#1324));
#255=EDGE_LOOP('',(#1325,#1326,#1327,#1328));
#256=EDGE_LOOP('',(#1329,#1330,#1331,#1332));
#257=EDGE_LOOP('',(#1333,#1334,#1335,#1336,#1337,#1338));
#258=EDGE_LOOP('',(#1339,#1340,#1341,#1342,#1343,#1344));
#259=EDGE_LOOP('',(#1345,#1346,#1347,#1348,#1349,#1350));
#260=EDGE_LOOP('',(#1351,#1352,#1353,#1354,#1355,#1356));
#261=EDGE_LOOP('',(#1357,#1358,#1359,#1360,#1361,#1362,#1363,#1364,#1365,
#1366));
#262=EDGE_LOOP('',(#1367,#1368,#1369,#1370,#1371));
#263=EDGE_LOOP('',(#1372,#1373,#1374,#1375,#1376,#1377,#1378,#1379,#1380,
#1381,#1382,#1383));
#264=EDGE_LOOP('',(#1384,#1385,#1386,#1387,#1388,#1389,#1390,#1391,#1392,
#1393,#1394,#1395));
#265=EDGE_LOOP('',(#1396,#1397,#1398,#1399,#1400,#1401,#1402,#1403,#1404,
#1405,#1406,#1407));
#266=EDGE_LOOP('',(#1408,#1409,#1410,#1411));
#267=EDGE_LOOP('',(#1412,#1413,#1414,#1415));
#268=EDGE_LOOP('',(#1416,#1417,#1418,#1419));
#269=EDGE_LOOP('',(#1420,#1421,#1422,#1423));
#270=EDGE_LOOP('',(#1424,#1425,#1426,#1427));
#271=EDGE_LOOP('',(#1428,#1429,#1430,#1431,#1432,#1433,#1434,#1435));
#272=EDGE_LOOP('',(#1436,#1437,#1438,#1439));
#273=EDGE_LOOP('',(#1440,#1441,#1442,#1443));
#274=EDGE_LOOP('',(#1444,#1445,#1446,#1447));
#275=EDGE_LOOP('',(#1448,#1449,#1450,#1451));
#276=EDGE_LOOP('',(#1452,#1453,#1454,#1455));
#277=EDGE_LOOP('',(#1456,#1457,#1458,#1459));
#278=EDGE_LOOP('',(#1460,#1461,#1462,#1463));
#279=EDGE_LOOP('',(#1464,#1465,#1466,#1467));
#280=EDGE_LOOP('',(#1468,#1469,#1470,#1471));
#281=EDGE_LOOP('',(#1472,#1473,#1474,#1475,#1476,#1477,#1478,#1479));
#282=EDGE_LOOP('',(#1480,#1481,#1482,#1483));
#283=EDGE_LOOP('',(#1484,#1485,#1486,#1487));
#284=EDGE_LOOP('',(#1488,#1489,#1490,#1491));
#285=EDGE_LOOP('',(#1492,#1493,#1494,#1495));
#286=EDGE_LOOP('',(#1496,#1497,#1498,#1499));
#287=EDGE_LOOP('',(#1500,#1501,#1502,#1503));
#288=EDGE_LOOP('',(#1504,#1505,#1506,#1507));
#289=EDGE_LOOP('',(#1508,#1509,#1510,#1511));
#290=EDGE_LOOP('',(#1512,#1513,#1514,#1515));
#291=EDGE_LOOP('',(#1516,#1517,#1518,#1519));
#292=EDGE_LOOP('',(#1520,#1521,#1522,#1523));
#293=EDGE_LOOP('',(#1524,#1525,#1526,#1527));
#294=EDGE_LOOP('',(#1528,#1529,#1530,#1531));
#295=EDGE_LOOP('',(#1532,#1533,#1534,#1535));
#296=EDGE_LOOP('',(#1536,#1537,#1538,#1539));
#297=EDGE_LOOP('',(#1540));
#298=EDGE_LOOP('',(#1541,#1542,#1543,#1544,#1545,#1546,#1547,#1548,#1549,
#1550,#1551,#1552));
#299=EDGE_LOOP('',(#1553));
#300=EDGE_LOOP('',(#1554,#1555,#1556,#1557,#1558,#1559,#1560,#1561,#1562,
#1563,#1564,#1565));
#301=EDGE_LOOP('',(#1566,#1567,#1568,#1569));
#302=EDGE_LOOP('',(#1570,#1571,#1572,#1573));
#303=EDGE_LOOP('',(#1574,#1575,#1576,#1577));
#304=EDGE_LOOP('',(#1578,#1579,#1580,#1581));
#305=EDGE_LOOP('',(#1582,#1583,#1584,#1585));
#306=EDGE_LOOP('',(#1586,#1587,#1588,#1589));
#307=EDGE_LOOP('',(#1590,#1591,#1592,#1593));
#308=EDGE_LOOP('',(#1594,#1595,#1596,#1597));
#309=EDGE_LOOP('',(#1598,#1599,#1600,#1601));
#310=EDGE_LOOP('',(#1602,#1603,#1604,#1605));
#311=EDGE_LOOP('',(#1606,#1607,#1608,#1609));
#312=EDGE_LOOP('',(#1610,#1611,#1612,#1613));
#313=EDGE_LOOP('',(#1614));
#314=EDGE_LOOP('',(#1615,#1616,#1617,#1618,#1619,#1620,#1621,#1622,#1623,
#1624,#1625,#1626));
#315=EDGE_LOOP('',(#1627,#1628,#1629,#1630,#1631,#1632,#1633,#1634,#1635,
#1636,#1637,#1638,#1639,#1640,#1641,#1642,#1643,#1644,#1645,#1646));
#316=EDGE_LOOP('',(#1647,#1648,#1649,#1650));
#317=EDGE_LOOP('',(#1651,#1652,#1653,#1654));
#318=EDGE_LOOP('',(#1655,#1656,#1657,#1658));
#319=EDGE_LOOP('',(#1659,#1660,#1661,#1662));
#320=EDGE_LOOP('',(#1663,#1664,#1665,#1666));
#321=EDGE_LOOP('',(#1667,#1668,#1669,#1670));
#322=EDGE_LOOP('',(#1671,#1672,#1673,#1674));
#323=EDGE_LOOP('',(#1675,#1676,#1677,#1678));
#324=EDGE_LOOP('',(#1679,#1680,#1681,#1682));
#325=EDGE_LOOP('',(#1683,#1684,#1685,#1686));
#326=EDGE_LOOP('',(#1687,#1688,#1689,#1690));
#327=EDGE_LOOP('',(#1691,#1692,#1693,#1694));
#328=EDGE_LOOP('',(#1695,#1696,#1697,#1698));
#329=EDGE_LOOP('',(#1699,#1700,#1701,#1702,#1703));
#330=EDGE_LOOP('',(#1704,#1705,#1706,#1707));
#331=EDGE_LOOP('',(#1708,#1709,#1710,#1711));
#332=EDGE_LOOP('',(#1712,#1713,#1714,#1715,#1716));
#333=EDGE_LOOP('',(#1717,#1718,#1719,#1720));
#334=EDGE_LOOP('',(#1721,#1722,#1723,#1724));
#335=EDGE_LOOP('',(#1725,#1726,#1727,#1728,#1729));
#336=EDGE_LOOP('',(#1730,#1731,#1732,#1733));
#337=EDGE_LOOP('',(#1734,#1735,#1736,#1737));
#338=EDGE_LOOP('',(#1738,#1739,#1740,#1741));
#339=EDGE_LOOP('',(#1742,#1743,#1744,#1745));
#340=EDGE_LOOP('',(#1746,#1747,#1748,#1749));
#341=EDGE_LOOP('',(#1750,#1751,#1752,#1753));
#342=EDGE_LOOP('',(#1754,#1755,#1756,#1757));
#343=EDGE_LOOP('',(#1758,#1759,#1760,#1761));
#344=EDGE_LOOP('',(#1762,#1763,#1764,#1765));
#345=EDGE_LOOP('',(#1766,#1767,#1768,#1769));
#346=EDGE_LOOP('',(#1770,#1771,#1772,#1773));
#347=EDGE_LOOP('',(#1774,#1775,#1776));
#348=EDGE_LOOP('',(#1777,#1778,#1779));
#349=EDGE_LOOP('',(#1780,#1781,#1782,#1783));
#350=EDGE_LOOP('',(#1784,#1785,#1786,#1787));
#351=EDGE_LOOP('',(#1788,#1789,#1790,#1791));
#352=EDGE_LOOP('',(#1792,#1793,#1794,#1795));
#353=EDGE_LOOP('',(#1796,#1797,#1798,#1799));
#354=EDGE_LOOP('',(#1800,#1801,#1802,#1803));
#355=LINE('',#2612,#551);
#356=LINE('',#2614,#552);
#357=LINE('',#2616,#553);
#358=LINE('',#2617,#554);
#359=LINE('',#2622,#555);
#360=LINE('',#2623,#556);
#361=LINE('',#2626,#557);
#362=LINE('',#2628,#558);
#363=LINE('',#2629,#559);
#364=LINE('',#2635,#560);
#365=LINE('',#2657,#561);
#366=LINE('',#2661,#562);
#367=LINE('',#2714,#563);
#368=LINE('',#2718,#564);
#369=LINE('',#2740,#565);
#370=LINE('',#2743,#566);
#371=LINE('',#2774,#567);
#372=LINE('',#2776,#568);
#373=LINE('',#2777,#569);
#374=LINE('',#2779,#570);
#375=LINE('',#2781,#571);
#376=LINE('',#2783,#572);
#377=LINE('',#2784,#573);
#378=LINE('',#2789,#574);
#379=LINE('',#2791,#575);
#380=LINE('',#2793,#576);
#381=LINE('',#2806,#577);
#382=LINE('',#2808,#578);
#383=LINE('',#2810,#579);
#384=LINE('',#2814,#580);
#385=LINE('',#2815,#581);
#386=LINE('',#2821,#582);
#387=LINE('',#2848,#583);
#388=LINE('',#2852,#584);
#389=LINE('',#2882,#585);
#390=LINE('',#2886,#586);
#391=LINE('',#2908,#587);
#392=LINE('',#2912,#588);
#393=LINE('',#2937,#589);
#394=LINE('',#2940,#590);
#395=LINE('',#2945,#591);
#396=LINE('',#2947,#592);
#397=LINE('',#2949,#593);
#398=LINE('',#2953,#594);
#399=LINE('',#2955,#595);
#400=LINE('',#2957,#596);
#401=LINE('',#2961,#597);
#402=LINE('',#2963,#598);
#403=LINE('',#2965,#599);
#404=LINE('',#2968,#600);
#405=LINE('',#2970,#601);
#406=LINE('',#2988,#602);
#407=LINE('',#2989,#603);
#408=LINE('',#2998,#604);
#409=LINE('',#2999,#605);
#410=LINE('',#3042,#606);
#411=LINE('',#3043,#607);
#412=LINE('',#3057,#608);
#413=LINE('',#3090,#609);
#414=LINE('',#3126,#610);
#415=LINE('',#3142,#611);
#416=LINE('',#3144,#612);
#417=LINE('',#3172,#613);
#418=LINE('',#3173,#614);
#419=LINE('',#3175,#615);
#420=LINE('',#3176,#616);
#421=LINE('',#3194,#617);
#422=LINE('',#3205,#618);
#423=LINE('',#3209,#619);
#424=LINE('',#3213,#620);
#425=LINE('',#3217,#621);
#426=LINE('',#3221,#622);
#427=LINE('',#3225,#623);
#428=LINE('',#3239,#624);
#429=LINE('',#3243,#625);
#430=LINE('',#3247,#626);
#431=LINE('',#3251,#627);
#432=LINE('',#3255,#628);
#433=LINE('',#3258,#629);
#434=LINE('',#3271,#630);
#435=LINE('',#3275,#631);
#436=LINE('',#3279,#632);
#437=LINE('',#3283,#633);
#438=LINE('',#3287,#634);
#439=LINE('',#3290,#635);
#440=LINE('',#3309,#636);
#441=LINE('',#3311,#637);
#442=LINE('',#3313,#638);
#443=LINE('',#3721,#639);
#444=LINE('',#3723,#640);
#445=LINE('',#3751,#641);
#446=LINE('',#3752,#642);
#447=LINE('',#3782,#643);
#448=LINE('',#3795,#644);
#449=LINE('',#3796,#645);
#450=LINE('',#3847,#646);
#451=LINE('',#3876,#647);
#452=LINE('',#3880,#648);
#453=LINE('',#3882,#649);
#454=LINE('',#3883,#650);
#455=LINE('',#3886,#651);
#456=LINE('',#3887,#652);
#457=LINE('',#3890,#653);
#458=LINE('',#3891,#654);
#459=LINE('',#3894,#655);
#460=LINE('',#3895,#656);
#461=LINE('',#3898,#657);
#462=LINE('',#3899,#658);
#463=LINE('',#3902,#659);
#464=LINE('',#3903,#660);
#465=LINE('',#3906,#661);
#466=LINE('',#3907,#662);
#467=LINE('',#3910,#663);
#468=LINE('',#3911,#664);
#469=LINE('',#3914,#665);
#470=LINE('',#3915,#666);
#471=LINE('',#3918,#667);
#472=LINE('',#3919,#668);
#473=LINE('',#3922,#669);
#474=LINE('',#3923,#670);
#475=LINE('',#3925,#671);
#476=LINE('',#3930,#672);
#477=LINE('',#3932,#673);
#478=LINE('',#3934,#674);
#479=LINE('',#3936,#675);
#480=LINE('',#3938,#676);
#481=LINE('',#3940,#677);
#482=LINE('',#3942,#678);
#483=LINE('',#3944,#679);
#484=LINE('',#3946,#680);
#485=LINE('',#3948,#681);
#486=LINE('',#3950,#682);
#487=LINE('',#3951,#683);
#488=LINE('',#3953,#684);
#489=LINE('',#3954,#685);
#490=LINE('',#3956,#686);
#491=LINE('',#3958,#687);
#492=LINE('',#3960,#688);
#493=LINE('',#3962,#689);
#494=LINE('',#3964,#690);
#495=LINE('',#3966,#691);
#496=LINE('',#3968,#692);
#497=LINE('',#3970,#693);
#498=LINE('',#3972,#694);
#499=LINE('',#3974,#695);
#500=LINE('',#3981,#696);
#501=LINE('',#3983,#697);
#502=LINE('',#3985,#698);
#503=LINE('',#3987,#699);
#504=LINE('',#3989,#700);
#505=LINE('',#3991,#701);
#506=LINE('',#3993,#702);
#507=LINE('',#3995,#703);
#508=LINE('',#3997,#704);
#509=LINE('',#3999,#705);
#510=LINE('',#4001,#706);
#511=LINE('',#4002,#707);
#512=LINE('',#4007,#708);
#513=LINE('',#4009,#709);
#514=LINE('',#4012,#710);
#515=LINE('',#4014,#711);
#516=LINE('',#4017,#712);
#517=LINE('',#4019,#713);
#518=LINE('',#4022,#714);
#519=LINE('',#4024,#715);
#520=LINE('',#4026,#716);
#521=LINE('',#4028,#717);
#522=LINE('',#4029,#718);
#523=LINE('',#4031,#719);
#524=LINE('',#4033,#720);
#525=LINE('',#4035,#721);
#526=LINE('',#4037,#722);
#527=LINE('',#4039,#723);
#528=LINE('',#4041,#724);
#529=LINE('',#4043,#725);
#530=LINE('',#4045,#726);
#531=LINE('',#4047,#727);
#532=LINE('',#4049,#728);
#533=LINE('',#4052,#729);
#534=LINE('',#4054,#730);
#535=LINE('',#4057,#731);
#536=LINE('',#4059,#732);
#537=LINE('',#4062,#733);
#538=LINE('',#4064,#734);
#539=LINE('',#4067,#735);
#540=LINE('',#4069,#736);
#541=LINE('',#4072,#737);
#542=LINE('',#4074,#738);
#543=LINE('',#4077,#739);
#544=LINE('',#4079,#740);
#545=LINE('',#4082,#741);
#546=LINE('',#4083,#742);
#547=LINE('',#4087,#743);
#548=LINE('',#4089,#744);
#549=LINE('',#4092,#745);
#550=LINE('',#4094,#746);
#551=VECTOR('',#2140,1.);
#552=VECTOR('',#2141,1.);
#553=VECTOR('',#2142,1.);
#554=VECTOR('',#2143,10.);
#555=VECTOR('',#2148,1.);
#556=VECTOR('',#2149,1.);
#557=VECTOR('',#2152,1.);
#558=VECTOR('',#2153,10.);
#559=VECTOR('',#2154,1.);
#560=VECTOR('',#2159,1.);
#561=VECTOR('',#2160,1.);
#562=VECTOR('',#2163,10.);
#563=VECTOR('',#2164,10.);
#564=VECTOR('',#2167,1.);
#565=VECTOR('',#2168,1.);
#566=VECTOR('',#2171,2.7);
#567=VECTOR('',#2180,1.);
#568=VECTOR('',#2181,1.);
#569=VECTOR('',#2182,1.);
#570=VECTOR('',#2183,1.);
#571=VECTOR('',#2184,1.);
#572=VECTOR('',#2185,1.);
#573=VECTOR('',#2186,10.);
#574=VECTOR('',#2191,1.);
#575=VECTOR('',#2192,1.);
#576=VECTOR('',#2193,1.);
#577=VECTOR('',#2194,1.);
#578=VECTOR('',#2195,1.);
#579=VECTOR('',#2196,1.);
#580=VECTOR('',#2199,1.);
#581=VECTOR('',#2200,1.);
#582=VECTOR('',#2205,1.);
#583=VECTOR('',#2208,1.);
#584=VECTOR('',#2211,10.);
#585=VECTOR('',#2214,1.);
#586=VECTOR('',#2217,1.);
#587=VECTOR('',#2218,10.);
#588=VECTOR('',#2221,1.);
#589=VECTOR('',#2222,1.);
#590=VECTOR('',#2225,2.7);
#591=VECTOR('',#2230,1.);
#592=VECTOR('',#2231,1.);
#593=VECTOR('',#2232,1.);
#594=VECTOR('',#2235,1.);
#595=VECTOR('',#2236,1.);
#596=VECTOR('',#2237,1.);
#597=VECTOR('',#2240,1.);
#598=VECTOR('',#2241,1.);
#599=VECTOR('',#2242,1.);
#600=VECTOR('',#2245,1.);
#601=VECTOR('',#2246,1.);
#602=VECTOR('',#2249,10.);
#603=VECTOR('',#2250,10.);
#604=VECTOR('',#2251,10.);
#605=VECTOR('',#2252,10.);
#606=VECTOR('',#2253,10.);
#607=VECTOR('',#2254,10.);
#608=VECTOR('',#2255,10.);
#609=VECTOR('',#2256,10.);
#610=VECTOR('',#2257,10.);
#611=VECTOR('',#2258,10.);
#612=VECTOR('',#2259,10.);
#613=VECTOR('',#2262,1.);
#614=VECTOR('',#2263,1.);
#615=VECTOR('',#2264,10.);
#616=VECTOR('',#2265,1.);
#617=VECTOR('',#2268,10.);
#618=VECTOR('',#2269,10.);
#619=VECTOR('',#2272,10.);
#620=VECTOR('',#2275,10.);
#621=VECTOR('',#2278,10.);
#622=VECTOR('',#2281,10.);
#623=VECTOR('',#2284,10.);
#624=VECTOR('',#2289,10.);
#625=VECTOR('',#2292,10.);
#626=VECTOR('',#2295,10.);
#627=VECTOR('',#2298,10.);
#628=VECTOR('',#2301,10.);
#629=VECTOR('',#2304,10.);
#630=VECTOR('',#2307,10.);
#631=VECTOR('',#2310,10.);
#632=VECTOR('',#2313,10.);
#633=VECTOR('',#2316,10.);
#634=VECTOR('',#2319,10.);
#635=VECTOR('',#2322,10.);
#636=VECTOR('',#2323,10.5675730862134);
#637=VECTOR('',#2324,1.);
#638=VECTOR('',#2325,10.0748128051564);
#639=VECTOR('',#2348,10.4865123828692);
#640=VECTOR('',#2349,10.5675730862226);
#641=VECTOR('',#2350,1.);
#642=VECTOR('',#2351,10.074812805169);
#643=VECTOR('',#2352,1.);
#644=VECTOR('',#2355,1.);
#645=VECTOR('',#2356,10.45227248018);
#646=VECTOR('',#2359,1.);
#647=VECTOR('',#2360,1.);
#648=VECTOR('',#2365,1.);
#649=VECTOR('',#2366,1.);
#650=VECTOR('',#2367,1.);
#651=VECTOR('',#2370,1.);
#652=VECTOR('',#2371,1.);
#653=VECTOR('',#2374,1.);
#654=VECTOR('',#2375,1.);
#655=VECTOR('',#2378,1.);
#656=VECTOR('',#2379,1.);
#657=VECTOR('',#2382,1.);
#658=VECTOR('',#2383,1.);
#659=VECTOR('',#2386,1.);
#660=VECTOR('',#2387,1.);
#661=VECTOR('',#2390,1.);
#662=VECTOR('',#2391,1.);
#663=VECTOR('',#2394,1.);
#664=VECTOR('',#2395,1.);
#665=VECTOR('',#2398,1.);
#666=VECTOR('',#2399,1.);
#667=VECTOR('',#2402,1.);
#668=VECTOR('',#2403,1.);
#669=VECTOR('',#2406,1.);
#670=VECTOR('',#2407,1.);
#671=VECTOR('',#2410,1.);
#672=VECTOR('',#2415,1.);
#673=VECTOR('',#2416,1.);
#674=VECTOR('',#2417,1.);
#675=VECTOR('',#2418,1.);
#676=VECTOR('',#2419,1.);
#677=VECTOR('',#2420,1.);
#678=VECTOR('',#2421,1.);
#679=VECTOR('',#2422,1.);
#680=VECTOR('',#2423,1.);
#681=VECTOR('',#2424,1.);
#682=VECTOR('',#2425,1.);
#683=VECTOR('',#2426,1.);
#684=VECTOR('',#2429,1.);
#685=VECTOR('',#2430,1.);
#686=VECTOR('',#2433,1.);
#687=VECTOR('',#2436,1.);
#688=VECTOR('',#2439,1.);
#689=VECTOR('',#2442,1.);
#690=VECTOR('',#2445,1.);
#691=VECTOR('',#2448,1.);
#692=VECTOR('',#2451,1.);
#693=VECTOR('',#2454,1.);
#694=VECTOR('',#2457,1.);
#695=VECTOR('',#2460,1.);
#696=VECTOR('',#2467,1.);
#697=VECTOR('',#2468,1.);
#698=VECTOR('',#2469,1.);
#699=VECTOR('',#2470,1.);
#700=VECTOR('',#2471,1.);
#701=VECTOR('',#2472,1.);
#702=VECTOR('',#2473,1.);
#703=VECTOR('',#2474,1.);
#704=VECTOR('',#2475,1.);
#705=VECTOR('',#2476,1.);
#706=VECTOR('',#2477,1.);
#707=VECTOR('',#2478,1.);
#708=VECTOR('',#2483,10.);
#709=VECTOR('',#2484,1.);
#710=VECTOR('',#2487,10.);
#711=VECTOR('',#2488,10.);
#712=VECTOR('',#2491,1.);
#713=VECTOR('',#2492,10.);
#714=VECTOR('',#2495,1.);
#715=VECTOR('',#2496,1.);
#716=VECTOR('',#2499,2.7);
#717=VECTOR('',#2502,1.);
#718=VECTOR('',#2503,1.);
#719=VECTOR('',#2506,1.);
#720=VECTOR('',#2509,1.);
#721=VECTOR('',#2512,1.);
#722=VECTOR('',#2515,1.);
#723=VECTOR('',#2518,1.);
#724=VECTOR('',#2521,1.);
#725=VECTOR('',#2524,1.);
#726=VECTOR('',#2527,1.);
#727=VECTOR('',#2530,1.);
#728=VECTOR('',#2533,1.);
#729=VECTOR('',#2538,1.);
#730=VECTOR('',#2541,1.);
#731=VECTOR('',#2546,10.);
#732=VECTOR('',#2549,1.);
#733=VECTOR('',#2554,1.);
#734=VECTOR('',#2557,1.);
#735=VECTOR('',#2562,1.);
#736=VECTOR('',#2565,1.);
#737=VECTOR('',#2570,1.);
#738=VECTOR('',#2573,10.);
#739=VECTOR('',#2578,10.);
#740=VECTOR('',#2581,1.);
#741=VECTOR('',#2586,1.);
#742=VECTOR('',#2587,10.);
#743=VECTOR('',#2594,1.);
#744=VECTOR('',#2597,10.);
#745=VECTOR('',#2602,10.);
#746=VECTOR('',#2605,1.);
#747=VERTEX_POINT('',#2610);
#748=VERTEX_POINT('',#2611);
#749=VERTEX_POINT('',#2613);
#750=VERTEX_POINT('',#2615);
#751=VERTEX_POINT('',#2619);
#752=VERTEX_POINT('',#2621);
#753=VERTEX_POINT('',#2625);
#754=VERTEX_POINT('',#2627);
#755=VERTEX_POINT('',#2631);
#756=VERTEX_POINT('',#2632);
#757=VERTEX_POINT('',#2634);
#758=VERTEX_POINT('',#2636);
#759=VERTEX_POINT('',#2656);
#760=VERTEX_POINT('',#2658);
#761=VERTEX_POINT('',#2660);
#762=VERTEX_POINT('',#2687);
#763=VERTEX_POINT('',#2713);
#764=VERTEX_POINT('',#2715);
#765=VERTEX_POINT('',#2717);
#766=VERTEX_POINT('',#2719);
#767=VERTEX_POINT('',#2739);
#768=VERTEX_POINT('',#2742);
#769=VERTEX_POINT('',#2761);
#770=VERTEX_POINT('',#2763);
#771=VERTEX_POINT('',#2772);
#772=VERTEX_POINT('',#2773);
#773=VERTEX_POINT('',#2775);
#774=VERTEX_POINT('',#2778);
#775=VERTEX_POINT('',#2780);
#776=VERTEX_POINT('',#2782);
#777=VERTEX_POINT('',#2786);
#778=VERTEX_POINT('',#2788);
#779=VERTEX_POINT('',#2790);
#780=VERTEX_POINT('',#2792);
#781=VERTEX_POINT('',#2794);
#782=VERTEX_POINT('',#2805);
#783=VERTEX_POINT('',#2807);
#784=VERTEX_POINT('',#2809);
#785=VERTEX_POINT('',#2811);
#786=VERTEX_POINT('',#2813);
#787=VERTEX_POINT('',#2817);
#788=VERTEX_POINT('',#2818);
#789=VERTEX_POINT('',#2820);
#790=VERTEX_POINT('',#2822);
#791=VERTEX_POINT('',#2845);
#792=VERTEX_POINT('',#2847);
#793=VERTEX_POINT('',#2849);
#794=VERTEX_POINT('',#2851);
#795=VERTEX_POINT('',#2853);
#796=VERTEX_POINT('',#2855);
#797=VERTEX_POINT('',#2881);
#798=VERTEX_POINT('',#2883);
#799=VERTEX_POINT('',#2885);
#800=VERTEX_POINT('',#2887);
#801=VERTEX_POINT('',#2907);
#802=VERTEX_POINT('',#2909);
#803=VERTEX_POINT('',#2911);
#804=VERTEX_POINT('',#2913);
#805=VERTEX_POINT('',#2936);
#806=VERTEX_POINT('',#2939);
#807=VERTEX_POINT('',#2943);
#808=VERTEX_POINT('',#2944);
#809=VERTEX_POINT('',#2946);
#810=VERTEX_POINT('',#2948);
#811=VERTEX_POINT('',#2950);
#812=VERTEX_POINT('',#2952);
#813=VERTEX_POINT('',#2954);
#814=VERTEX_POINT('',#2956);
#815=VERTEX_POINT('',#2958);
#816=VERTEX_POINT('',#2960);
#817=VERTEX_POINT('',#2962);
#818=VERTEX_POINT('',#2964);
#819=VERTEX_POINT('',#2967);
#820=VERTEX_POINT('',#2969);
#821=VERTEX_POINT('',#3012);
#822=VERTEX_POINT('',#3019);
#823=VERTEX_POINT('',#3056);
#824=VERTEX_POINT('',#3058);
#825=VERTEX_POINT('',#3099);
#826=VERTEX_POINT('',#3106);
#827=VERTEX_POINT('',#3135);
#828=VERTEX_POINT('',#3143);
#829=VERTEX_POINT('',#3171);
#830=VERTEX_POINT('',#3174);
#831=VERTEX_POINT('',#3203);
#832=VERTEX_POINT('',#3204);
#833=VERTEX_POINT('',#3206);
#834=VERTEX_POINT('',#3208);
#835=VERTEX_POINT('',#3210);
#836=VERTEX_POINT('',#3212);
#837=VERTEX_POINT('',#3214);
#838=VERTEX_POINT('',#3216);
#839=VERTEX_POINT('',#3218);
#840=VERTEX_POINT('',#3220);
#841=VERTEX_POINT('',#3222);
#842=VERTEX_POINT('',#3224);
#843=VERTEX_POINT('',#3235);
#844=VERTEX_POINT('',#3236);
#845=VERTEX_POINT('',#3238);
#846=VERTEX_POINT('',#3240);
#847=VERTEX_POINT('',#3242);
#848=VERTEX_POINT('',#3244);
#849=VERTEX_POINT('',#3246);
#850=VERTEX_POINT('',#3248);
#851=VERTEX_POINT('',#3250);
#852=VERTEX_POINT('',#3252);
#853=VERTEX_POINT('',#3254);
#854=VERTEX_POINT('',#3256);
#855=VERTEX_POINT('',#3267);
#856=VERTEX_POINT('',#3268);
#857=VERTEX_POINT('',#3270);
#858=VERTEX_POINT('',#3272);
#859=VERTEX_POINT('',#3274);
#860=VERTEX_POINT('',#3276);
#861=VERTEX_POINT('',#3278);
#862=VERTEX_POINT('',#3280);
#863=VERTEX_POINT('',#3282);
#864=VERTEX_POINT('',#3284);
#865=VERTEX_POINT('',#3286);
#866=VERTEX_POINT('',#3288);
#867=VERTEX_POINT('',#3307);
#868=VERTEX_POINT('',#3308);
#869=VERTEX_POINT('',#3310);
#870=VERTEX_POINT('',#3312);
#871=VERTEX_POINT('',#3354);
#872=VERTEX_POINT('',#3355);
#873=VERTEX_POINT('',#3361);
#874=VERTEX_POINT('',#3420);
#875=VERTEX_POINT('',#3449);
#876=VERTEX_POINT('',#3451);
#877=VERTEX_POINT('',#3489);
#878=VERTEX_POINT('',#3534);
#879=VERTEX_POINT('',#3540);
#880=VERTEX_POINT('',#3548);
#881=VERTEX_POINT('',#3554);
#882=VERTEX_POINT('',#3561);
#883=VERTEX_POINT('',#3600);
#884=VERTEX_POINT('',#3628);
#885=VERTEX_POINT('',#3720);
#886=VERTEX_POINT('',#3722);
#887=VERTEX_POINT('',#3750);
#888=VERTEX_POINT('',#3781);
#889=VERTEX_POINT('',#3794);
#890=VERTEX_POINT('',#3836);
#891=VERTEX_POINT('',#3879);
#892=VERTEX_POINT('',#3881);
#893=VERTEX_POINT('',#3885);
#894=VERTEX_POINT('',#3889);
#895=VERTEX_POINT('',#3893);
#896=VERTEX_POINT('',#3897);
#897=VERTEX_POINT('',#3901);
#898=VERTEX_POINT('',#3905);
#899=VERTEX_POINT('',#3909);
#900=VERTEX_POINT('',#3913);
#901=VERTEX_POINT('',#3917);
#902=VERTEX_POINT('',#3921);
#903=VERTEX_POINT('',#3928);
#904=VERTEX_POINT('',#3929);
#905=VERTEX_POINT('',#3931);
#906=VERTEX_POINT('',#3933);
#907=VERTEX_POINT('',#3935);
#908=VERTEX_POINT('',#3937);
#909=VERTEX_POINT('',#3939);
#910=VERTEX_POINT('',#3941);
#911=VERTEX_POINT('',#3943);
#912=VERTEX_POINT('',#3945);
#913=VERTEX_POINT('',#3947);
#914=VERTEX_POINT('',#3949);
#915=VERTEX_POINT('',#3977);
#916=VERTEX_POINT('',#3979);
#917=VERTEX_POINT('',#3980);
#918=VERTEX_POINT('',#3982);
#919=VERTEX_POINT('',#3984);
#920=VERTEX_POINT('',#3986);
#921=VERTEX_POINT('',#3988);
#922=VERTEX_POINT('',#3990);
#923=VERTEX_POINT('',#3992);
#924=VERTEX_POINT('',#3994);
#925=VERTEX_POINT('',#3996);
#926=VERTEX_POINT('',#3998);
#927=VERTEX_POINT('',#4000);
#928=VERTEX_POINT('',#4004);
#929=VERTEX_POINT('',#4005);
#930=VERTEX_POINT('',#4008);
#931=VERTEX_POINT('',#4010);
#932=VERTEX_POINT('',#4013);
#933=VERTEX_POINT('',#4015);
#934=VERTEX_POINT('',#4018);
#935=VERTEX_POINT('',#4020);
#936=VERTEX_POINT('',#4023);
#937=EDGE_CURVE('',#747,#748,#355,.T.);
#938=EDGE_CURVE('',#747,#749,#356,.T.);
#939=EDGE_CURVE('',#750,#749,#357,.T.);
#940=EDGE_CURVE('',#748,#750,#358,.F.);
#941=EDGE_CURVE('',#751,#747,#95,.T.);
#942=EDGE_CURVE('',#752,#751,#359,.T.);
#943=EDGE_CURVE('',#749,#752,#360,.T.);
#944=EDGE_CURVE('',#753,#751,#361,.T.);
#945=EDGE_CURVE('',#754,#753,#362,.F.);
#946=EDGE_CURVE('',#752,#754,#363,.T.);
#947=EDGE_CURVE('',#755,#756,#96,.T.);
#948=EDGE_CURVE('',#757,#755,#364,.T.);
#949=EDGE_CURVE('',#757,#758,#55,.T.);
#950=EDGE_CURVE('',#759,#758,#365,.T.);
#951=EDGE_CURVE('',#760,#759,#97,.T.);
#952=EDGE_CURVE('',#761,#760,#366,.T.);
#953=EDGE_CURVE('',#761,#753,#56,.T.);
#954=EDGE_CURVE('',#748,#762,#57,.T.);
#955=EDGE_CURVE('',#763,#762,#367,.T.);
#956=EDGE_CURVE('',#764,#763,#98,.T.);
#957=EDGE_CURVE('',#765,#764,#368,.T.);
#958=EDGE_CURVE('',#765,#766,#58,.T.);
#959=EDGE_CURVE('',#767,#766,#369,.T.);
#960=EDGE_CURVE('',#756,#767,#99,.T.);
#961=EDGE_CURVE('',#756,#768,#370,.T.);
#962=EDGE_CURVE('',#768,#768,#100,.F.);
#963=EDGE_CURVE('',#750,#769,#101,.F.);
#964=EDGE_CURVE('',#769,#770,#59,.F.);
#965=EDGE_CURVE('',#762,#770,#19,.T.);
#966=EDGE_CURVE('',#771,#772,#371,.T.);
#967=EDGE_CURVE('',#773,#771,#372,.T.);
#968=EDGE_CURVE('',#770,#773,#373,.T.);
#969=EDGE_CURVE('',#774,#769,#374,.F.);
#970=EDGE_CURVE('',#775,#774,#375,.F.);
#971=EDGE_CURVE('',#776,#775,#376,.T.);
#972=EDGE_CURVE('',#772,#776,#377,.F.);
#973=EDGE_CURVE('',#777,#754,#20,.F.);
#974=EDGE_CURVE('',#778,#777,#378,.T.);
#975=EDGE_CURVE('',#779,#778,#379,.T.);
#976=EDGE_CURVE('',#780,#779,#380,.T.);
#977=EDGE_CURVE('',#781,#780,#60,.F.);
#978=EDGE_CURVE('',#782,#781,#381,.T.);
#979=EDGE_CURVE('',#783,#782,#382,.T.);
#980=EDGE_CURVE('',#784,#783,#383,.T.);
#981=EDGE_CURVE('',#785,#784,#102,.F.);
#982=EDGE_CURVE('',#785,#786,#384,.T.);
#983=EDGE_CURVE('',#774,#786,#385,.F.);
#984=EDGE_CURVE('',#787,#788,#103,.T.);
#985=EDGE_CURVE('',#789,#787,#386,.T.);
#986=EDGE_CURVE('',#789,#790,#61,.T.);
#987=EDGE_CURVE('',#790,#791,#21,.T.);
#988=EDGE_CURVE('',#792,#791,#387,.T.);
#989=EDGE_CURVE('',#793,#792,#104,.T.);
#990=EDGE_CURVE('',#794,#793,#388,.T.);
#991=EDGE_CURVE('',#794,#795,#22,.T.);
#992=EDGE_CURVE('',#795,#796,#62,.T.);
#993=EDGE_CURVE('',#797,#796,#389,.T.);
#994=EDGE_CURVE('',#798,#797,#105,.T.);
#995=EDGE_CURVE('',#799,#798,#390,.T.);
#996=EDGE_CURVE('',#799,#800,#63,.T.);
#997=EDGE_CURVE('',#801,#800,#391,.T.);
#998=EDGE_CURVE('',#802,#801,#106,.T.);
#999=EDGE_CURVE('',#803,#802,#392,.T.);
#1000=EDGE_CURVE('',#803,#804,#64,.T.);
#1001=EDGE_CURVE('',#805,#804,#393,.T.);
#1002=EDGE_CURVE('',#788,#805,#107,.T.);
#1003=EDGE_CURVE('',#788,#806,#394,.T.);
#1004=EDGE_CURVE('',#806,#806,#108,.F.);
#1005=EDGE_CURVE('',#807,#808,#395,.T.);
#1006=EDGE_CURVE('',#809,#807,#396,.T.);
#1007=EDGE_CURVE('',#810,#809,#397,.T.);
#1008=EDGE_CURVE('',#811,#810,#23,.F.);
#1009=EDGE_CURVE('',#812,#811,#398,.T.);
#1010=EDGE_CURVE('',#813,#812,#399,.T.);
#1011=EDGE_CURVE('',#814,#813,#400,.T.);
#1012=EDGE_CURVE('',#815,#814,#24,.F.);
#1013=EDGE_CURVE('',#816,#815,#401,.T.);
#1014=EDGE_CURVE('',#817,#816,#402,.T.);
#1015=EDGE_CURVE('',#818,#817,#403,.T.);
#1016=EDGE_CURVE('',#776,#818,#109,.F.);
#1017=EDGE_CURVE('',#819,#775,#404,.F.);
#1018=EDGE_CURVE('',#819,#820,#405,.T.);
#1019=EDGE_CURVE('',#808,#820,#110,.F.);
#1020=EDGE_CURVE('',#796,#784,#406,.T.);
#1021=EDGE_CURVE('',#795,#785,#407,.F.);
#1022=EDGE_CURVE('',#808,#789,#408,.T.);
#1023=EDGE_CURVE('',#820,#790,#409,.F.);
#1024=EDGE_CURVE('',#821,#803,#65,.T.);
#1025=EDGE_CURVE('',#822,#821,#66,.T.);
#1026=EDGE_CURVE('',#811,#822,#410,.T.);
#1027=EDGE_CURVE('',#804,#810,#411,.T.);
#1028=EDGE_CURVE('',#823,#780,#412,.T.);
#1029=EDGE_CURVE('',#824,#823,#67,.T.);
#1030=EDGE_CURVE('',#800,#824,#68,.T.);
#1031=EDGE_CURVE('',#781,#799,#413,.T.);
#1032=EDGE_CURVE('',#825,#761,#69,.T.);
#1033=EDGE_CURVE('',#826,#825,#70,.T.);
#1034=EDGE_CURVE('',#777,#826,#414,.T.);
#1035=EDGE_CURVE('',#758,#827,#71,.T.);
#1036=EDGE_CURVE('',#815,#757,#415,.T.);
#1037=EDGE_CURVE('',#828,#814,#416,.T.);
#1038=EDGE_CURVE('',#827,#828,#72,.T.);
#1039=EDGE_CURVE('',#791,#829,#417,.T.);
#1040=EDGE_CURVE('',#786,#819,#418,.T.);
#1041=EDGE_CURVE('',#830,#794,#419,.T.);
#1042=EDGE_CURVE('',#829,#830,#420,.T.);
#1043=EDGE_CURVE('',#772,#765,#25,.T.);
#1044=EDGE_CURVE('',#766,#818,#421,.T.);
#1045=EDGE_CURVE('',#831,#832,#422,.T.);
#1046=EDGE_CURVE('',#833,#831,#111,.T.);
#1047=EDGE_CURVE('',#834,#833,#423,.T.);
#1048=EDGE_CURVE('',#835,#834,#112,.T.);
#1049=EDGE_CURVE('',#836,#835,#424,.T.);
#1050=EDGE_CURVE('',#837,#836,#113,.T.);
#1051=EDGE_CURVE('',#838,#837,#425,.T.);
#1052=EDGE_CURVE('',#839,#838,#114,.T.);
#1053=EDGE_CURVE('',#840,#839,#426,.T.);
#1054=EDGE_CURVE('',#841,#840,#115,.T.);
#1055=EDGE_CURVE('',#842,#841,#427,.T.);
#1056=EDGE_CURVE('',#832,#842,#116,.T.);
#1057=EDGE_CURVE('',#843,#844,#117,.T.);
#1058=EDGE_CURVE('',#845,#843,#428,.T.);
#1059=EDGE_CURVE('',#846,#845,#118,.T.);
#1060=EDGE_CURVE('',#847,#846,#429,.T.);
#1061=EDGE_CURVE('',#848,#847,#119,.T.);
#1062=EDGE_CURVE('',#849,#848,#430,.T.);
#1063=EDGE_CURVE('',#850,#849,#120,.T.);
#1064=EDGE_CURVE('',#851,#850,#431,.T.);
#1065=EDGE_CURVE('',#852,#851,#121,.T.);
#1066=EDGE_CURVE('',#853,#852,#432,.T.);
#1067=EDGE_CURVE('',#854,#853,#122,.T.);
#1068=EDGE_CURVE('',#844,#854,#433,.T.);
#1069=EDGE_CURVE('',#855,#856,#123,.T.);
#1070=EDGE_CURVE('',#857,#855,#434,.T.);
#1071=EDGE_CURVE('',#858,#857,#124,.T.);
#1072=EDGE_CURVE('',#859,#858,#435,.T.);
#1073=EDGE_CURVE('',#860,#859,#125,.T.);
#1074=EDGE_CURVE('',#861,#860,#436,.T.);
#1075=EDGE_CURVE('',#862,#861,#126,.T.);
#1076=EDGE_CURVE('',#863,#862,#437,.T.);
#1077=EDGE_CURVE('',#864,#863,#127,.T.);
#1078=EDGE_CURVE('',#865,#864,#438,.T.);
#1079=EDGE_CURVE('',#866,#865,#128,.T.);
#1080=EDGE_CURVE('',#856,#866,#439,.T.);
#1081=EDGE_CURVE('',#867,#868,#440,.T.);
#1082=EDGE_CURVE('',#869,#868,#441,.T.);
#1083=EDGE_CURVE('',#870,#869,#442,.T.);
#1084=EDGE_CURVE('',#867,#870,#73,.T.);
#1085=EDGE_CURVE('',#871,#872,#74,.T.);
#1086=EDGE_CURVE('',#872,#873,#75,.T.);
#1087=EDGE_CURVE('',#873,#874,#129,.T.);
#1088=EDGE_CURVE('',#874,#871,#76,.T.);
#1089=EDGE_CURVE('',#873,#875,#26,.T.);
#1090=EDGE_CURVE('',#875,#876,#130,.T.);
#1091=EDGE_CURVE('',#876,#874,#27,.T.);
#1092=EDGE_CURVE('',#877,#867,#77,.T.);
#1093=EDGE_CURVE('',#877,#876,#78,.T.);
#1094=EDGE_CURVE('',#875,#867,#79,.T.);
#1095=EDGE_CURVE('',#871,#878,#80,.T.);
#1096=EDGE_CURVE('',#879,#878,#131,.T.);
#1097=EDGE_CURVE('',#879,#872,#81,.T.);
#1098=EDGE_CURVE('',#880,#877,#82,.T.);
#1099=EDGE_CURVE('',#881,#880,#83,.T.);
#1100=EDGE_CURVE('',#882,#881,#28,.T.);
#1101=EDGE_CURVE('',#878,#882,#84,.T.);
#1102=EDGE_CURVE('',#880,#870,#132,.T.);
#1103=EDGE_CURVE('',#870,#883,#85,.T.);
#1104=EDGE_CURVE('',#883,#881,#133,.T.);
#1105=EDGE_CURVE('',#883,#884,#29,.T.);
#1106=EDGE_CURVE('',#884,#882,#134,.T.);
#1107=EDGE_CURVE('',#884,#879,#86,.T.);
#1108=EDGE_CURVE('',#873,#885,#443,.T.);
#1109=EDGE_CURVE('',#872,#886,#444,.T.);
#1110=EDGE_CURVE('',#885,#886,#87,.T.);
#1111=EDGE_CURVE('',#886,#887,#445,.T.);
#1112=EDGE_CURVE('',#879,#887,#446,.T.);
#1113=EDGE_CURVE('',#884,#888,#447,.T.);
#1114=EDGE_CURVE('',#887,#888,#88,.T.);
#1115=EDGE_CURVE('',#888,#889,#448,.T.);
#1116=EDGE_CURVE('',#883,#889,#449,.T.);
#1117=EDGE_CURVE('',#889,#869,#89,.T.);
#1118=EDGE_CURVE('',#868,#890,#90,.T.);
#1119=EDGE_CURVE('',#890,#885,#450,.T.);
#1120=EDGE_CURVE('',#875,#890,#451,.T.);
#1121=EDGE_CURVE('',#891,#832,#452,.T.);
#1122=EDGE_CURVE('',#891,#892,#453,.F.);
#1123=EDGE_CURVE('',#892,#831,#454,.T.);
#1124=EDGE_CURVE('',#893,#842,#455,.T.);
#1125=EDGE_CURVE('',#891,#893,#456,.T.);
#1126=EDGE_CURVE('',#894,#841,#457,.T.);
#1127=EDGE_CURVE('',#893,#894,#458,.T.);
#1128=EDGE_CURVE('',#895,#892,#459,.T.);
#1129=EDGE_CURVE('',#895,#833,#460,.T.);
#1130=EDGE_CURVE('',#896,#840,#461,.T.);
#1131=EDGE_CURVE('',#894,#896,#462,.T.);
#1132=EDGE_CURVE('',#897,#895,#463,.T.);
#1133=EDGE_CURVE('',#897,#834,#464,.T.);
#1134=EDGE_CURVE('',#898,#839,#465,.T.);
#1135=EDGE_CURVE('',#896,#898,#466,.T.);
#1136=EDGE_CURVE('',#899,#897,#467,.T.);
#1137=EDGE_CURVE('',#899,#835,#468,.T.);
#1138=EDGE_CURVE('',#900,#838,#469,.T.);
#1139=EDGE_CURVE('',#898,#900,#470,.T.);
#1140=EDGE_CURVE('',#899,#901,#471,.F.);
#1141=EDGE_CURVE('',#901,#836,#472,.T.);
#1142=EDGE_CURVE('',#902,#837,#473,.T.);
#1143=EDGE_CURVE('',#900,#902,#474,.T.);
#1144=EDGE_CURVE('',#902,#901,#475,.T.);
#1145=EDGE_CURVE('',#903,#904,#476,.F.);
#1146=EDGE_CURVE('',#903,#905,#477,.T.);
#1147=EDGE_CURVE('',#905,#906,#478,.T.);
#1148=EDGE_CURVE('',#906,#907,#479,.T.);
#1149=EDGE_CURVE('',#908,#907,#480,.F.);
#1150=EDGE_CURVE('',#908,#909,#481,.T.);
#1151=EDGE_CURVE('',#909,#910,#482,.T.);
#1152=EDGE_CURVE('',#910,#911,#483,.T.);
#1153=EDGE_CURVE('',#911,#912,#484,.T.);
#1154=EDGE_CURVE('',#912,#913,#485,.T.);
#1155=EDGE_CURVE('',#913,#914,#486,.T.);
#1156=EDGE_CURVE('',#914,#904,#487,.T.);
#1157=EDGE_CURVE('',#904,#844,#488,.T.);
#1158=EDGE_CURVE('',#914,#843,#489,.T.);
#1159=EDGE_CURVE('',#913,#845,#490,.T.);
#1160=EDGE_CURVE('',#903,#854,#491,.T.);
#1161=EDGE_CURVE('',#912,#846,#492,.T.);
#1162=EDGE_CURVE('',#905,#853,#493,.T.);
#1163=EDGE_CURVE('',#911,#847,#494,.T.);
#1164=EDGE_CURVE('',#906,#852,#495,.T.);
#1165=EDGE_CURVE('',#910,#848,#496,.T.);
#1166=EDGE_CURVE('',#907,#851,#497,.T.);
#1167=EDGE_CURVE('',#909,#849,#498,.T.);
#1168=EDGE_CURVE('',#908,#850,#499,.T.);
#1169=EDGE_CURVE('',#915,#915,#135,.F.);
#1170=EDGE_CURVE('',#916,#917,#500,.F.);
#1171=EDGE_CURVE('',#916,#918,#501,.T.);
#1172=EDGE_CURVE('',#918,#919,#502,.T.);
#1173=EDGE_CURVE('',#919,#920,#503,.T.);
#1174=EDGE_CURVE('',#921,#920,#504,.F.);
#1175=EDGE_CURVE('',#921,#922,#505,.T.);
#1176=EDGE_CURVE('',#922,#923,#506,.T.);
#1177=EDGE_CURVE('',#923,#924,#507,.T.);
#1178=EDGE_CURVE('',#924,#925,#508,.T.);
#1179=EDGE_CURVE('',#925,#926,#509,.T.);
#1180=EDGE_CURVE('',#926,#927,#510,.T.);
#1181=EDGE_CURVE('',#927,#917,#511,.T.);
#1182=EDGE_CURVE('',#928,#929,#136,.T.);
#1183=EDGE_CURVE('',#822,#928,#512,.T.);
#1184=EDGE_CURVE('',#930,#821,#513,.T.);
#1185=EDGE_CURVE('',#931,#930,#137,.T.);
#1186=EDGE_CURVE('',#824,#931,#514,.T.);
#1187=EDGE_CURVE('',#932,#823,#515,.T.);
#1188=EDGE_CURVE('',#933,#932,#138,.T.);
#1189=EDGE_CURVE('',#826,#933,#516,.T.);
#1190=EDGE_CURVE('',#934,#825,#517,.T.);
#1191=EDGE_CURVE('',#935,#934,#139,.T.);
#1192=EDGE_CURVE('',#827,#935,#518,.T.);
#1193=EDGE_CURVE('',#936,#828,#519,.T.);
#1194=EDGE_CURVE('',#929,#936,#140,.T.);
#1195=EDGE_CURVE('',#929,#915,#520,.T.);
#1196=EDGE_CURVE('',#917,#856,#521,.T.);
#1197=EDGE_CURVE('',#927,#855,#522,.T.);
#1198=EDGE_CURVE('',#926,#857,#523,.T.);
#1199=EDGE_CURVE('',#916,#866,#524,.T.);
#1200=EDGE_CURVE('',#925,#858,#525,.T.);
#1201=EDGE_CURVE('',#918,#865,#526,.T.);
#1202=EDGE_CURVE('',#924,#859,#527,.T.);
#1203=EDGE_CURVE('',#919,#864,#528,.T.);
#1204=EDGE_CURVE('',#923,#860,#529,.T.);
#1205=EDGE_CURVE('',#920,#863,#530,.T.);
#1206=EDGE_CURVE('',#922,#861,#531,.T.);
#1207=EDGE_CURVE('',#921,#862,#532,.T.);
#1208=EDGE_CURVE('',#755,#816,#533,.T.);
#1209=EDGE_CURVE('',#817,#767,#534,.T.);
#1210=EDGE_CURVE('',#812,#928,#535,.T.);
#1211=EDGE_CURVE('',#813,#936,#536,.F.);
#1212=EDGE_CURVE('',#805,#809,#537,.T.);
#1213=EDGE_CURVE('',#807,#787,#538,.T.);
#1214=EDGE_CURVE('',#797,#783,#539,.T.);
#1215=EDGE_CURVE('',#782,#798,#540,.T.);
#1216=EDGE_CURVE('',#802,#930,#541,.F.);
#1217=EDGE_CURVE('',#801,#931,#542,.T.);
#1218=EDGE_CURVE('',#932,#779,#543,.T.);
#1219=EDGE_CURVE('',#933,#778,#544,.F.);
#1220=EDGE_CURVE('',#829,#792,#545,.F.);
#1221=EDGE_CURVE('',#830,#793,#546,.T.);
#1222=EDGE_CURVE('',#935,#759,#547,.T.);
#1223=EDGE_CURVE('',#934,#760,#548,.F.);
#1224=EDGE_CURVE('',#763,#773,#549,.F.);
#1225=EDGE_CURVE('',#764,#771,#550,.T.);
#1226=ORIENTED_EDGE('',*,*,#937,.F.);
#1227=ORIENTED_EDGE('',*,*,#938,.T.);
#1228=ORIENTED_EDGE('',*,*,#939,.F.);
#1229=ORIENTED_EDGE('',*,*,#940,.F.);
#1230=ORIENTED_EDGE('',*,*,#941,.F.);
#1231=ORIENTED_EDGE('',*,*,#942,.F.);
#1232=ORIENTED_EDGE('',*,*,#943,.F.);
#1233=ORIENTED_EDGE('',*,*,#938,.F.);
#1234=ORIENTED_EDGE('',*,*,#944,.F.);
#1235=ORIENTED_EDGE('',*,*,#945,.F.);
#1236=ORIENTED_EDGE('',*,*,#946,.F.);
#1237=ORIENTED_EDGE('',*,*,#942,.T.);
#1238=ORIENTED_EDGE('',*,*,#947,.F.);
#1239=ORIENTED_EDGE('',*,*,#948,.F.);
#1240=ORIENTED_EDGE('',*,*,#949,.T.);
#1241=ORIENTED_EDGE('',*,*,#950,.F.);
#1242=ORIENTED_EDGE('',*,*,#951,.F.);
#1243=ORIENTED_EDGE('',*,*,#952,.F.);
#1244=ORIENTED_EDGE('',*,*,#953,.T.);
#1245=ORIENTED_EDGE('',*,*,#944,.T.);
#1246=ORIENTED_EDGE('',*,*,#941,.T.);
#1247=ORIENTED_EDGE('',*,*,#937,.T.);
#1248=ORIENTED_EDGE('',*,*,#954,.T.);
#1249=ORIENTED_EDGE('',*,*,#955,.F.);
#1250=ORIENTED_EDGE('',*,*,#956,.F.);
#1251=ORIENTED_EDGE('',*,*,#957,.F.);
#1252=ORIENTED_EDGE('',*,*,#958,.T.);
#1253=ORIENTED_EDGE('',*,*,#959,.F.);
#1254=ORIENTED_EDGE('',*,*,#960,.F.);
#1255=ORIENTED_EDGE('',*,*,#961,.T.);
#1256=ORIENTED_EDGE('',*,*,#962,.T.);
#1257=ORIENTED_EDGE('',*,*,#961,.F.);
#1258=ORIENTED_EDGE('',*,*,#940,.T.);
#1259=ORIENTED_EDGE('',*,*,#963,.T.);
#1260=ORIENTED_EDGE('',*,*,#964,.T.);
#1261=ORIENTED_EDGE('',*,*,#965,.F.);
#1262=ORIENTED_EDGE('',*,*,#954,.F.);
#1263=ORIENTED_EDGE('',*,*,#966,.F.);
#1264=ORIENTED_EDGE('',*,*,#967,.F.);
#1265=ORIENTED_EDGE('',*,*,#968,.F.);
#1266=ORIENTED_EDGE('',*,*,#964,.F.);
#1267=ORIENTED_EDGE('',*,*,#969,.F.);
#1268=ORIENTED_EDGE('',*,*,#970,.F.);
#1269=ORIENTED_EDGE('',*,*,#971,.F.);
#1270=ORIENTED_EDGE('',*,*,#972,.F.);
#1271=ORIENTED_EDGE('',*,*,#946,.T.);
#1272=ORIENTED_EDGE('',*,*,#973,.F.);
#1273=ORIENTED_EDGE('',*,*,#974,.F.);
#1274=ORIENTED_EDGE('',*,*,#975,.F.);
#1275=ORIENTED_EDGE('',*,*,#976,.F.);
#1276=ORIENTED_EDGE('',*,*,#977,.F.);
#1277=ORIENTED_EDGE('',*,*,#978,.F.);
#1278=ORIENTED_EDGE('',*,*,#979,.F.);
#1279=ORIENTED_EDGE('',*,*,#980,.F.);
#1280=ORIENTED_EDGE('',*,*,#981,.F.);
#1281=ORIENTED_EDGE('',*,*,#982,.T.);
#1282=ORIENTED_EDGE('',*,*,#983,.F.);
#1283=ORIENTED_EDGE('',*,*,#969,.T.);
#1284=ORIENTED_EDGE('',*,*,#963,.F.);
#1285=ORIENTED_EDGE('',*,*,#939,.T.);
#1286=ORIENTED_EDGE('',*,*,#943,.T.);
#1287=ORIENTED_EDGE('',*,*,#984,.F.);
#1288=ORIENTED_EDGE('',*,*,#985,.F.);
#1289=ORIENTED_EDGE('',*,*,#986,.T.);
#1290=ORIENTED_EDGE('',*,*,#987,.T.);
#1291=ORIENTED_EDGE('',*,*,#988,.F.);
#1292=ORIENTED_EDGE('',*,*,#989,.F.);
#1293=ORIENTED_EDGE('',*,*,#990,.F.);
#1294=ORIENTED_EDGE('',*,*,#991,.T.);
#1295=ORIENTED_EDGE('',*,*,#992,.T.);
#1296=ORIENTED_EDGE('',*,*,#993,.F.);
#1297=ORIENTED_EDGE('',*,*,#994,.F.);
#1298=ORIENTED_EDGE('',*,*,#995,.F.);
#1299=ORIENTED_EDGE('',*,*,#996,.T.);
#1300=ORIENTED_EDGE('',*,*,#997,.F.);
#1301=ORIENTED_EDGE('',*,*,#998,.F.);
#1302=ORIENTED_EDGE('',*,*,#999,.F.);
#1303=ORIENTED_EDGE('',*,*,#1000,.T.);
#1304=ORIENTED_EDGE('',*,*,#1001,.F.);
#1305=ORIENTED_EDGE('',*,*,#1002,.F.);
#1306=ORIENTED_EDGE('',*,*,#1003,.T.);
#1307=ORIENTED_EDGE('',*,*,#1004,.T.);
#1308=ORIENTED_EDGE('',*,*,#1003,.F.);
#1309=ORIENTED_EDGE('',*,*,#1005,.F.);
#1310=ORIENTED_EDGE('',*,*,#1006,.F.);
#1311=ORIENTED_EDGE('',*,*,#1007,.F.);
#1312=ORIENTED_EDGE('',*,*,#1008,.F.);
#1313=ORIENTED_EDGE('',*,*,#1009,.F.);
#1314=ORIENTED_EDGE('',*,*,#1010,.F.);
#1315=ORIENTED_EDGE('',*,*,#1011,.F.);
#1316=ORIENTED_EDGE('',*,*,#1012,.F.);
#1317=ORIENTED_EDGE('',*,*,#1013,.F.);
#1318=ORIENTED_EDGE('',*,*,#1014,.F.);
#1319=ORIENTED_EDGE('',*,*,#1015,.F.);
#1320=ORIENTED_EDGE('',*,*,#1016,.F.);
#1321=ORIENTED_EDGE('',*,*,#971,.T.);
#1322=ORIENTED_EDGE('',*,*,#1017,.F.);
#1323=ORIENTED_EDGE('',*,*,#1018,.T.);
#1324=ORIENTED_EDGE('',*,*,#1019,.F.);
#1325=ORIENTED_EDGE('',*,*,#1020,.F.);
#1326=ORIENTED_EDGE('',*,*,#992,.F.);
#1327=ORIENTED_EDGE('',*,*,#1021,.T.);
#1328=ORIENTED_EDGE('',*,*,#981,.T.);
#1329=ORIENTED_EDGE('',*,*,#1022,.F.);
#1330=ORIENTED_EDGE('',*,*,#1019,.T.);
#1331=ORIENTED_EDGE('',*,*,#1023,.T.);
#1332=ORIENTED_EDGE('',*,*,#986,.F.);
#1333=ORIENTED_EDGE('',*,*,#1024,.F.);
#1334=ORIENTED_EDGE('',*,*,#1025,.F.);
#1335=ORIENTED_EDGE('',*,*,#1026,.F.);
#1336=ORIENTED_EDGE('',*,*,#1008,.T.);
#1337=ORIENTED_EDGE('',*,*,#1027,.F.);
#1338=ORIENTED_EDGE('',*,*,#1000,.F.);
#1339=ORIENTED_EDGE('',*,*,#1028,.F.);
#1340=ORIENTED_EDGE('',*,*,#1029,.F.);
#1341=ORIENTED_EDGE('',*,*,#1030,.F.);
#1342=ORIENTED_EDGE('',*,*,#996,.F.);
#1343=ORIENTED_EDGE('',*,*,#1031,.F.);
#1344=ORIENTED_EDGE('',*,*,#977,.T.);
#1345=ORIENTED_EDGE('',*,*,#945,.T.);
#1346=ORIENTED_EDGE('',*,*,#953,.F.);
#1347=ORIENTED_EDGE('',*,*,#1032,.F.);
#1348=ORIENTED_EDGE('',*,*,#1033,.F.);
#1349=ORIENTED_EDGE('',*,*,#1034,.F.);
#1350=ORIENTED_EDGE('',*,*,#973,.T.);
#1351=ORIENTED_EDGE('',*,*,#1035,.F.);
#1352=ORIENTED_EDGE('',*,*,#949,.F.);
#1353=ORIENTED_EDGE('',*,*,#1036,.F.);
#1354=ORIENTED_EDGE('',*,*,#1012,.T.);
#1355=ORIENTED_EDGE('',*,*,#1037,.F.);
#1356=ORIENTED_EDGE('',*,*,#1038,.F.);
#1357=ORIENTED_EDGE('',*,*,#1039,.F.);
#1358=ORIENTED_EDGE('',*,*,#987,.F.);
#1359=ORIENTED_EDGE('',*,*,#1023,.F.);
#1360=ORIENTED_EDGE('',*,*,#1018,.F.);
#1361=ORIENTED_EDGE('',*,*,#1040,.F.);
#1362=ORIENTED_EDGE('',*,*,#982,.F.);
#1363=ORIENTED_EDGE('',*,*,#1021,.F.);
#1364=ORIENTED_EDGE('',*,*,#991,.F.);
#1365=ORIENTED_EDGE('',*,*,#1041,.F.);
#1366=ORIENTED_EDGE('',*,*,#1042,.F.);
#1367=ORIENTED_EDGE('',*,*,#1043,.F.);
#1368=ORIENTED_EDGE('',*,*,#972,.T.);
#1369=ORIENTED_EDGE('',*,*,#1016,.T.);
#1370=ORIENTED_EDGE('',*,*,#1044,.F.);
#1371=ORIENTED_EDGE('',*,*,#958,.F.);
#1372=ORIENTED_EDGE('',*,*,#1045,.F.);
#1373=ORIENTED_EDGE('',*,*,#1046,.F.);
#1374=ORIENTED_EDGE('',*,*,#1047,.F.);
#1375=ORIENTED_EDGE('',*,*,#1048,.F.);
#1376=ORIENTED_EDGE('',*,*,#1049,.F.);
#1377=ORIENTED_EDGE('',*,*,#1050,.F.);
#1378=ORIENTED_EDGE('',*,*,#1051,.F.);
#1379=ORIENTED_EDGE('',*,*,#1052,.F.);
#1380=ORIENTED_EDGE('',*,*,#1053,.F.);
#1381=ORIENTED_EDGE('',*,*,#1054,.F.);
#1382=ORIENTED_EDGE('',*,*,#1055,.F.);
#1383=ORIENTED_EDGE('',*,*,#1056,.F.);
#1384=ORIENTED_EDGE('',*,*,#1057,.F.);
#1385=ORIENTED_EDGE('',*,*,#1058,.F.);
#1386=ORIENTED_EDGE('',*,*,#1059,.F.);
#1387=ORIENTED_EDGE('',*,*,#1060,.F.);
#1388=ORIENTED_EDGE('',*,*,#1061,.F.);
#1389=ORIENTED_EDGE('',*,*,#1062,.F.);
#1390=ORIENTED_EDGE('',*,*,#1063,.F.);
#1391=ORIENTED_EDGE('',*,*,#1064,.F.);
#1392=ORIENTED_EDGE('',*,*,#1065,.F.);
#1393=ORIENTED_EDGE('',*,*,#1066,.F.);
#1394=ORIENTED_EDGE('',*,*,#1067,.F.);
#1395=ORIENTED_EDGE('',*,*,#1068,.F.);
#1396=ORIENTED_EDGE('',*,*,#1069,.F.);
#1397=ORIENTED_EDGE('',*,*,#1070,.F.);
#1398=ORIENTED_EDGE('',*,*,#1071,.F.);
#1399=ORIENTED_EDGE('',*,*,#1072,.F.);
#1400=ORIENTED_EDGE('',*,*,#1073,.F.);
#1401=ORIENTED_EDGE('',*,*,#1074,.F.);
#1402=ORIENTED_EDGE('',*,*,#1075,.F.);
#1403=ORIENTED_EDGE('',*,*,#1076,.F.);
#1404=ORIENTED_EDGE('',*,*,#1077,.F.);
#1405=ORIENTED_EDGE('',*,*,#1078,.F.);
#1406=ORIENTED_EDGE('',*,*,#1079,.F.);
#1407=ORIENTED_EDGE('',*,*,#1080,.F.);
#1408=ORIENTED_EDGE('',*,*,#1081,.T.);
#1409=ORIENTED_EDGE('',*,*,#1082,.F.);
#1410=ORIENTED_EDGE('',*,*,#1083,.F.);
#1411=ORIENTED_EDGE('',*,*,#1084,.F.);
#1412=ORIENTED_EDGE('',*,*,#1085,.T.);
#1413=ORIENTED_EDGE('',*,*,#1086,.T.);
#1414=ORIENTED_EDGE('',*,*,#1087,.T.);
#1415=ORIENTED_EDGE('',*,*,#1088,.T.);
#1416=ORIENTED_EDGE('',*,*,#1087,.F.);
#1417=ORIENTED_EDGE('',*,*,#1089,.T.);
#1418=ORIENTED_EDGE('',*,*,#1090,.T.);
#1419=ORIENTED_EDGE('',*,*,#1091,.T.);
#1420=ORIENTED_EDGE('',*,*,#1092,.F.);
#1421=ORIENTED_EDGE('',*,*,#1093,.T.);
#1422=ORIENTED_EDGE('',*,*,#1090,.F.);
#1423=ORIENTED_EDGE('',*,*,#1094,.T.);
#1424=ORIENTED_EDGE('',*,*,#1085,.F.);
#1425=ORIENTED_EDGE('',*,*,#1095,.T.);
#1426=ORIENTED_EDGE('',*,*,#1096,.F.);
#1427=ORIENTED_EDGE('',*,*,#1097,.T.);
#1428=ORIENTED_EDGE('',*,*,#1088,.F.);
#1429=ORIENTED_EDGE('',*,*,#1091,.F.);
#1430=ORIENTED_EDGE('',*,*,#1093,.F.);
#1431=ORIENTED_EDGE('',*,*,#1098,.F.);
#1432=ORIENTED_EDGE('',*,*,#1099,.F.);
#1433=ORIENTED_EDGE('',*,*,#1100,.F.);
#1434=ORIENTED_EDGE('',*,*,#1101,.F.);
#1435=ORIENTED_EDGE('',*,*,#1095,.F.);
#1436=ORIENTED_EDGE('',*,*,#1102,.T.);
#1437=ORIENTED_EDGE('',*,*,#1103,.T.);
#1438=ORIENTED_EDGE('',*,*,#1104,.T.);
#1439=ORIENTED_EDGE('',*,*,#1099,.T.);
#1440=ORIENTED_EDGE('',*,*,#1104,.F.);
#1441=ORIENTED_EDGE('',*,*,#1105,.T.);
#1442=ORIENTED_EDGE('',*,*,#1106,.T.);
#1443=ORIENTED_EDGE('',*,*,#1100,.T.);
#1444=ORIENTED_EDGE('',*,*,#1092,.T.);
#1445=ORIENTED_EDGE('',*,*,#1084,.T.);
#1446=ORIENTED_EDGE('',*,*,#1102,.F.);
#1447=ORIENTED_EDGE('',*,*,#1098,.T.);
#1448=ORIENTED_EDGE('',*,*,#1106,.F.);
#1449=ORIENTED_EDGE('',*,*,#1107,.T.);
#1450=ORIENTED_EDGE('',*,*,#1096,.T.);
#1451=ORIENTED_EDGE('',*,*,#1101,.T.);
#1452=ORIENTED_EDGE('',*,*,#1108,.F.);
#1453=ORIENTED_EDGE('',*,*,#1086,.F.);
#1454=ORIENTED_EDGE('',*,*,#1109,.T.);
#1455=ORIENTED_EDGE('',*,*,#1110,.F.);
#1456=ORIENTED_EDGE('',*,*,#1111,.F.);
#1457=ORIENTED_EDGE('',*,*,#1109,.F.);
#1458=ORIENTED_EDGE('',*,*,#1097,.F.);
#1459=ORIENTED_EDGE('',*,*,#1112,.T.);
#1460=ORIENTED_EDGE('',*,*,#1107,.F.);
#1461=ORIENTED_EDGE('',*,*,#1113,.T.);
#1462=ORIENTED_EDGE('',*,*,#1114,.F.);
#1463=ORIENTED_EDGE('',*,*,#1112,.F.);
#1464=ORIENTED_EDGE('',*,*,#1115,.F.);
#1465=ORIENTED_EDGE('',*,*,#1113,.F.);
#1466=ORIENTED_EDGE('',*,*,#1105,.F.);
#1467=ORIENTED_EDGE('',*,*,#1116,.T.);
#1468=ORIENTED_EDGE('',*,*,#1103,.F.);
#1469=ORIENTED_EDGE('',*,*,#1083,.T.);
#1470=ORIENTED_EDGE('',*,*,#1117,.F.);
#1471=ORIENTED_EDGE('',*,*,#1116,.F.);
#1472=ORIENTED_EDGE('',*,*,#1115,.T.);
#1473=ORIENTED_EDGE('',*,*,#1117,.T.);
#1474=ORIENTED_EDGE('',*,*,#1082,.T.);
#1475=ORIENTED_EDGE('',*,*,#1118,.T.);
#1476=ORIENTED_EDGE('',*,*,#1119,.T.);
#1477=ORIENTED_EDGE('',*,*,#1110,.T.);
#1478=ORIENTED_EDGE('',*,*,#1111,.T.);
#1479=ORIENTED_EDGE('',*,*,#1114,.T.);
#1480=ORIENTED_EDGE('',*,*,#970,.T.);
#1481=ORIENTED_EDGE('',*,*,#983,.T.);
#1482=ORIENTED_EDGE('',*,*,#1040,.T.);
#1483=ORIENTED_EDGE('',*,*,#1017,.T.);
#1484=ORIENTED_EDGE('',*,*,#1094,.F.);
#1485=ORIENTED_EDGE('',*,*,#1120,.T.);
#1486=ORIENTED_EDGE('',*,*,#1118,.F.);
#1487=ORIENTED_EDGE('',*,*,#1081,.F.);
#1488=ORIENTED_EDGE('',*,*,#1119,.F.);
#1489=ORIENTED_EDGE('',*,*,#1120,.F.);
#1490=ORIENTED_EDGE('',*,*,#1089,.F.);
#1491=ORIENTED_EDGE('',*,*,#1108,.T.);
#1492=ORIENTED_EDGE('',*,*,#1045,.T.);
#1493=ORIENTED_EDGE('',*,*,#1121,.F.);
#1494=ORIENTED_EDGE('',*,*,#1122,.T.);
#1495=ORIENTED_EDGE('',*,*,#1123,.T.);
#1496=ORIENTED_EDGE('',*,*,#1056,.T.);
#1497=ORIENTED_EDGE('',*,*,#1124,.F.);
#1498=ORIENTED_EDGE('',*,*,#1125,.F.);
#1499=ORIENTED_EDGE('',*,*,#1121,.T.);
#1500=ORIENTED_EDGE('',*,*,#1055,.T.);
#1501=ORIENTED_EDGE('',*,*,#1126,.F.);
#1502=ORIENTED_EDGE('',*,*,#1127,.F.);
#1503=ORIENTED_EDGE('',*,*,#1124,.T.);
#1504=ORIENTED_EDGE('',*,*,#1046,.T.);
#1505=ORIENTED_EDGE('',*,*,#1123,.F.);
#1506=ORIENTED_EDGE('',*,*,#1128,.F.);
#1507=ORIENTED_EDGE('',*,*,#1129,.T.);
#1508=ORIENTED_EDGE('',*,*,#1054,.T.);
#1509=ORIENTED_EDGE('',*,*,#1130,.F.);
#1510=ORIENTED_EDGE('',*,*,#1131,.F.);
#1511=ORIENTED_EDGE('',*,*,#1126,.T.);
#1512=ORIENTED_EDGE('',*,*,#1047,.T.);
#1513=ORIENTED_EDGE('',*,*,#1129,.F.);
#1514=ORIENTED_EDGE('',*,*,#1132,.F.);
#1515=ORIENTED_EDGE('',*,*,#1133,.T.);
#1516=ORIENTED_EDGE('',*,*,#1053,.T.);
#1517=ORIENTED_EDGE('',*,*,#1134,.F.);
#1518=ORIENTED_EDGE('',*,*,#1135,.F.);
#1519=ORIENTED_EDGE('',*,*,#1130,.T.);
#1520=ORIENTED_EDGE('',*,*,#1048,.T.);
#1521=ORIENTED_EDGE('',*,*,#1133,.F.);
#1522=ORIENTED_EDGE('',*,*,#1136,.F.);
#1523=ORIENTED_EDGE('',*,*,#1137,.T.);
#1524=ORIENTED_EDGE('',*,*,#1052,.T.);
#1525=ORIENTED_EDGE('',*,*,#1138,.F.);
#1526=ORIENTED_EDGE('',*,*,#1139,.F.);
#1527=ORIENTED_EDGE('',*,*,#1134,.T.);
#1528=ORIENTED_EDGE('',*,*,#1049,.T.);
#1529=ORIENTED_EDGE('',*,*,#1137,.F.);
#1530=ORIENTED_EDGE('',*,*,#1140,.T.);
#1531=ORIENTED_EDGE('',*,*,#1141,.T.);
#1532=ORIENTED_EDGE('',*,*,#1051,.T.);
#1533=ORIENTED_EDGE('',*,*,#1142,.F.);
#1534=ORIENTED_EDGE('',*,*,#1143,.F.);
#1535=ORIENTED_EDGE('',*,*,#1138,.T.);
#1536=ORIENTED_EDGE('',*,*,#1050,.T.);
#1537=ORIENTED_EDGE('',*,*,#1141,.F.);
#1538=ORIENTED_EDGE('',*,*,#1144,.F.);
#1539=ORIENTED_EDGE('',*,*,#1142,.T.);
#1540=ORIENTED_EDGE('',*,*,#962,.F.);
#1541=ORIENTED_EDGE('',*,*,#1140,.F.);
#1542=ORIENTED_EDGE('',*,*,#1136,.T.);
#1543=ORIENTED_EDGE('',*,*,#1132,.T.);
#1544=ORIENTED_EDGE('',*,*,#1128,.T.);
#1545=ORIENTED_EDGE('',*,*,#1122,.F.);
#1546=ORIENTED_EDGE('',*,*,#1125,.T.);
#1547=ORIENTED_EDGE('',*,*,#1127,.T.);
#1548=ORIENTED_EDGE('',*,*,#1131,.T.);
#1549=ORIENTED_EDGE('',*,*,#1135,.T.);
#1550=ORIENTED_EDGE('',*,*,#1139,.T.);
#1551=ORIENTED_EDGE('',*,*,#1143,.T.);
#1552=ORIENTED_EDGE('',*,*,#1144,.T.);
#1553=ORIENTED_EDGE('',*,*,#1004,.F.);
#1554=ORIENTED_EDGE('',*,*,#1145,.F.);
#1555=ORIENTED_EDGE('',*,*,#1146,.T.);
#1556=ORIENTED_EDGE('',*,*,#1147,.T.);
#1557=ORIENTED_EDGE('',*,*,#1148,.T.);
#1558=ORIENTED_EDGE('',*,*,#1149,.F.);
#1559=ORIENTED_EDGE('',*,*,#1150,.T.);
#1560=ORIENTED_EDGE('',*,*,#1151,.T.);
#1561=ORIENTED_EDGE('',*,*,#1152,.T.);
#1562=ORIENTED_EDGE('',*,*,#1153,.T.);
#1563=ORIENTED_EDGE('',*,*,#1154,.T.);
#1564=ORIENTED_EDGE('',*,*,#1155,.T.);
#1565=ORIENTED_EDGE('',*,*,#1156,.T.);
#1566=ORIENTED_EDGE('',*,*,#1057,.T.);
#1567=ORIENTED_EDGE('',*,*,#1157,.F.);
#1568=ORIENTED_EDGE('',*,*,#1156,.F.);
#1569=ORIENTED_EDGE('',*,*,#1158,.T.);
#1570=ORIENTED_EDGE('',*,*,#1058,.T.);
#1571=ORIENTED_EDGE('',*,*,#1158,.F.);
#1572=ORIENTED_EDGE('',*,*,#1155,.F.);
#1573=ORIENTED_EDGE('',*,*,#1159,.T.);
#1574=ORIENTED_EDGE('',*,*,#1068,.T.);
#1575=ORIENTED_EDGE('',*,*,#1160,.F.);
#1576=ORIENTED_EDGE('',*,*,#1145,.T.);
#1577=ORIENTED_EDGE('',*,*,#1157,.T.);
#1578=ORIENTED_EDGE('',*,*,#1059,.T.);
#1579=ORIENTED_EDGE('',*,*,#1159,.F.);
#1580=ORIENTED_EDGE('',*,*,#1154,.F.);
#1581=ORIENTED_EDGE('',*,*,#1161,.T.);
#1582=ORIENTED_EDGE('',*,*,#1067,.T.);
#1583=ORIENTED_EDGE('',*,*,#1162,.F.);
#1584=ORIENTED_EDGE('',*,*,#1146,.F.);
#1585=ORIENTED_EDGE('',*,*,#1160,.T.);
#1586=ORIENTED_EDGE('',*,*,#1060,.T.);
#1587=ORIENTED_EDGE('',*,*,#1161,.F.);
#1588=ORIENTED_EDGE('',*,*,#1153,.F.);
#1589=ORIENTED_EDGE('',*,*,#1163,.T.);
#1590=ORIENTED_EDGE('',*,*,#1066,.T.);
#1591=ORIENTED_EDGE('',*,*,#1164,.F.);
#1592=ORIENTED_EDGE('',*,*,#1147,.F.);
#1593=ORIENTED_EDGE('',*,*,#1162,.T.);
#1594=ORIENTED_EDGE('',*,*,#1061,.T.);
#1595=ORIENTED_EDGE('',*,*,#1163,.F.);
#1596=ORIENTED_EDGE('',*,*,#1152,.F.);
#1597=ORIENTED_EDGE('',*,*,#1165,.T.);
#1598=ORIENTED_EDGE('',*,*,#1065,.T.);
#1599=ORIENTED_EDGE('',*,*,#1166,.F.);
#1600=ORIENTED_EDGE('',*,*,#1148,.F.);
#1601=ORIENTED_EDGE('',*,*,#1164,.T.);
#1602=ORIENTED_EDGE('',*,*,#1062,.T.);
#1603=ORIENTED_EDGE('',*,*,#1165,.F.);
#1604=ORIENTED_EDGE('',*,*,#1151,.F.);
#1605=ORIENTED_EDGE('',*,*,#1167,.T.);
#1606=ORIENTED_EDGE('',*,*,#1063,.T.);
#1607=ORIENTED_EDGE('',*,*,#1167,.F.);
#1608=ORIENTED_EDGE('',*,*,#1150,.F.);
#1609=ORIENTED_EDGE('',*,*,#1168,.T.);
#1610=ORIENTED_EDGE('',*,*,#1064,.T.);
#1611=ORIENTED_EDGE('',*,*,#1168,.F.);
#1612=ORIENTED_EDGE('',*,*,#1149,.T.);
#1613=ORIENTED_EDGE('',*,*,#1166,.T.);
#1614=ORIENTED_EDGE('',*,*,#1169,.F.);
#1615=ORIENTED_EDGE('',*,*,#1170,.F.);
#1616=ORIENTED_EDGE('',*,*,#1171,.T.);
#1617=ORIENTED_EDGE('',*,*,#1172,.T.);
#1618=ORIENTED_EDGE('',*,*,#1173,.T.);
#1619=ORIENTED_EDGE('',*,*,#1174,.F.);
#1620=ORIENTED_EDGE('',*,*,#1175,.T.);
#1621=ORIENTED_EDGE('',*,*,#1176,.T.);
#1622=ORIENTED_EDGE('',*,*,#1177,.T.);
#1623=ORIENTED_EDGE('',*,*,#1178,.T.);
#1624=ORIENTED_EDGE('',*,*,#1179,.T.);
#1625=ORIENTED_EDGE('',*,*,#1180,.T.);
#1626=ORIENTED_EDGE('',*,*,#1181,.T.);
#1627=ORIENTED_EDGE('',*,*,#1182,.F.);
#1628=ORIENTED_EDGE('',*,*,#1183,.F.);
#1629=ORIENTED_EDGE('',*,*,#1025,.T.);
#1630=ORIENTED_EDGE('',*,*,#1184,.F.);
#1631=ORIENTED_EDGE('',*,*,#1185,.F.);
#1632=ORIENTED_EDGE('',*,*,#1186,.F.);
#1633=ORIENTED_EDGE('',*,*,#1029,.T.);
#1634=ORIENTED_EDGE('',*,*,#1187,.F.);
#1635=ORIENTED_EDGE('',*,*,#1188,.F.);
#1636=ORIENTED_EDGE('',*,*,#1189,.F.);
#1637=ORIENTED_EDGE('',*,*,#1033,.T.);
#1638=ORIENTED_EDGE('',*,*,#1190,.F.);
#1639=ORIENTED_EDGE('',*,*,#1191,.F.);
#1640=ORIENTED_EDGE('',*,*,#1192,.F.);
#1641=ORIENTED_EDGE('',*,*,#1038,.T.);
#1642=ORIENTED_EDGE('',*,*,#1193,.F.);
#1643=ORIENTED_EDGE('',*,*,#1194,.F.);
#1644=ORIENTED_EDGE('',*,*,#1195,.T.);
#1645=ORIENTED_EDGE('',*,*,#1169,.T.);
#1646=ORIENTED_EDGE('',*,*,#1195,.F.);
#1647=ORIENTED_EDGE('',*,*,#1069,.T.);
#1648=ORIENTED_EDGE('',*,*,#1196,.F.);
#1649=ORIENTED_EDGE('',*,*,#1181,.F.);
#1650=ORIENTED_EDGE('',*,*,#1197,.T.);
#1651=ORIENTED_EDGE('',*,*,#1070,.T.);
#1652=ORIENTED_EDGE('',*,*,#1197,.F.);
#1653=ORIENTED_EDGE('',*,*,#1180,.F.);
#1654=ORIENTED_EDGE('',*,*,#1198,.T.);
#1655=ORIENTED_EDGE('',*,*,#1080,.T.);
#1656=ORIENTED_EDGE('',*,*,#1199,.F.);
#1657=ORIENTED_EDGE('',*,*,#1170,.T.);
#1658=ORIENTED_EDGE('',*,*,#1196,.T.);
#1659=ORIENTED_EDGE('',*,*,#1071,.T.);
#1660=ORIENTED_EDGE('',*,*,#1198,.F.);
#1661=ORIENTED_EDGE('',*,*,#1179,.F.);
#1662=ORIENTED_EDGE('',*,*,#1200,.T.);
#1663=ORIENTED_EDGE('',*,*,#1079,.T.);
#1664=ORIENTED_EDGE('',*,*,#1201,.F.);
#1665=ORIENTED_EDGE('',*,*,#1171,.F.);
#1666=ORIENTED_EDGE('',*,*,#1199,.T.);
#1667=ORIENTED_EDGE('',*,*,#1072,.T.);
#1668=ORIENTED_EDGE('',*,*,#1200,.F.);
#1669=ORIENTED_EDGE('',*,*,#1178,.F.);
#1670=ORIENTED_EDGE('',*,*,#1202,.T.);
#1671=ORIENTED_EDGE('',*,*,#1078,.T.);
#1672=ORIENTED_EDGE('',*,*,#1203,.F.);
#1673=ORIENTED_EDGE('',*,*,#1172,.F.);
#1674=ORIENTED_EDGE('',*,*,#1201,.T.);
#1675=ORIENTED_EDGE('',*,*,#1073,.T.);
#1676=ORIENTED_EDGE('',*,*,#1202,.F.);
#1677=ORIENTED_EDGE('',*,*,#1177,.F.);
#1678=ORIENTED_EDGE('',*,*,#1204,.T.);
#1679=ORIENTED_EDGE('',*,*,#1077,.T.);
#1680=ORIENTED_EDGE('',*,*,#1205,.F.);
#1681=ORIENTED_EDGE('',*,*,#1173,.F.);
#1682=ORIENTED_EDGE('',*,*,#1203,.T.);
#1683=ORIENTED_EDGE('',*,*,#1074,.T.);
#1684=ORIENTED_EDGE('',*,*,#1204,.F.);
#1685=ORIENTED_EDGE('',*,*,#1176,.F.);
#1686=ORIENTED_EDGE('',*,*,#1206,.T.);
#1687=ORIENTED_EDGE('',*,*,#1075,.T.);
#1688=ORIENTED_EDGE('',*,*,#1206,.F.);
#1689=ORIENTED_EDGE('',*,*,#1175,.F.);
#1690=ORIENTED_EDGE('',*,*,#1207,.T.);
#1691=ORIENTED_EDGE('',*,*,#1076,.T.);
#1692=ORIENTED_EDGE('',*,*,#1207,.F.);
#1693=ORIENTED_EDGE('',*,*,#1174,.T.);
#1694=ORIENTED_EDGE('',*,*,#1205,.T.);
#1695=ORIENTED_EDGE('',*,*,#948,.T.);
#1696=ORIENTED_EDGE('',*,*,#1208,.T.);
#1697=ORIENTED_EDGE('',*,*,#1013,.T.);
#1698=ORIENTED_EDGE('',*,*,#1036,.T.);
#1699=ORIENTED_EDGE('',*,*,#947,.T.);
#1700=ORIENTED_EDGE('',*,*,#960,.T.);
#1701=ORIENTED_EDGE('',*,*,#1209,.F.);
#1702=ORIENTED_EDGE('',*,*,#1014,.T.);
#1703=ORIENTED_EDGE('',*,*,#1208,.F.);
#1704=ORIENTED_EDGE('',*,*,#959,.T.);
#1705=ORIENTED_EDGE('',*,*,#1044,.T.);
#1706=ORIENTED_EDGE('',*,*,#1015,.T.);
#1707=ORIENTED_EDGE('',*,*,#1209,.T.);
#1708=ORIENTED_EDGE('',*,*,#1183,.T.);
#1709=ORIENTED_EDGE('',*,*,#1210,.F.);
#1710=ORIENTED_EDGE('',*,*,#1009,.T.);
#1711=ORIENTED_EDGE('',*,*,#1026,.T.);
#1712=ORIENTED_EDGE('',*,*,#1182,.T.);
#1713=ORIENTED_EDGE('',*,*,#1194,.T.);
#1714=ORIENTED_EDGE('',*,*,#1211,.F.);
#1715=ORIENTED_EDGE('',*,*,#1010,.T.);
#1716=ORIENTED_EDGE('',*,*,#1210,.T.);
#1717=ORIENTED_EDGE('',*,*,#1193,.T.);
#1718=ORIENTED_EDGE('',*,*,#1037,.T.);
#1719=ORIENTED_EDGE('',*,*,#1011,.T.);
#1720=ORIENTED_EDGE('',*,*,#1211,.T.);
#1721=ORIENTED_EDGE('',*,*,#1001,.T.);
#1722=ORIENTED_EDGE('',*,*,#1027,.T.);
#1723=ORIENTED_EDGE('',*,*,#1007,.T.);
#1724=ORIENTED_EDGE('',*,*,#1212,.F.);
#1725=ORIENTED_EDGE('',*,*,#984,.T.);
#1726=ORIENTED_EDGE('',*,*,#1002,.T.);
#1727=ORIENTED_EDGE('',*,*,#1212,.T.);
#1728=ORIENTED_EDGE('',*,*,#1006,.T.);
#1729=ORIENTED_EDGE('',*,*,#1213,.T.);
#1730=ORIENTED_EDGE('',*,*,#985,.T.);
#1731=ORIENTED_EDGE('',*,*,#1213,.F.);
#1732=ORIENTED_EDGE('',*,*,#1005,.T.);
#1733=ORIENTED_EDGE('',*,*,#1022,.T.);
#1734=ORIENTED_EDGE('',*,*,#993,.T.);
#1735=ORIENTED_EDGE('',*,*,#1020,.T.);
#1736=ORIENTED_EDGE('',*,*,#980,.T.);
#1737=ORIENTED_EDGE('',*,*,#1214,.F.);
#1738=ORIENTED_EDGE('',*,*,#994,.T.);
#1739=ORIENTED_EDGE('',*,*,#1214,.T.);
#1740=ORIENTED_EDGE('',*,*,#979,.T.);
#1741=ORIENTED_EDGE('',*,*,#1215,.T.);
#1742=ORIENTED_EDGE('',*,*,#995,.T.);
#1743=ORIENTED_EDGE('',*,*,#1215,.F.);
#1744=ORIENTED_EDGE('',*,*,#978,.T.);
#1745=ORIENTED_EDGE('',*,*,#1031,.T.);
#1746=ORIENTED_EDGE('',*,*,#1184,.T.);
#1747=ORIENTED_EDGE('',*,*,#1024,.T.);
#1748=ORIENTED_EDGE('',*,*,#999,.T.);
#1749=ORIENTED_EDGE('',*,*,#1216,.T.);
#1750=ORIENTED_EDGE('',*,*,#997,.T.);
#1751=ORIENTED_EDGE('',*,*,#1030,.T.);
#1752=ORIENTED_EDGE('',*,*,#1186,.T.);
#1753=ORIENTED_EDGE('',*,*,#1217,.F.);
#1754=ORIENTED_EDGE('',*,*,#1185,.T.);
#1755=ORIENTED_EDGE('',*,*,#1216,.F.);
#1756=ORIENTED_EDGE('',*,*,#998,.T.);
#1757=ORIENTED_EDGE('',*,*,#1217,.T.);
#1758=ORIENTED_EDGE('',*,*,#1187,.T.);
#1759=ORIENTED_EDGE('',*,*,#1028,.T.);
#1760=ORIENTED_EDGE('',*,*,#976,.T.);
#1761=ORIENTED_EDGE('',*,*,#1218,.F.);
#1762=ORIENTED_EDGE('',*,*,#1188,.T.);
#1763=ORIENTED_EDGE('',*,*,#1218,.T.);
#1764=ORIENTED_EDGE('',*,*,#975,.T.);
#1765=ORIENTED_EDGE('',*,*,#1219,.F.);
#1766=ORIENTED_EDGE('',*,*,#1189,.T.);
#1767=ORIENTED_EDGE('',*,*,#1219,.T.);
#1768=ORIENTED_EDGE('',*,*,#974,.T.);
#1769=ORIENTED_EDGE('',*,*,#1034,.T.);
#1770=ORIENTED_EDGE('',*,*,#989,.T.);
#1771=ORIENTED_EDGE('',*,*,#1220,.F.);
#1772=ORIENTED_EDGE('',*,*,#1042,.T.);
#1773=ORIENTED_EDGE('',*,*,#1221,.T.);
#1774=ORIENTED_EDGE('',*,*,#990,.T.);
#1775=ORIENTED_EDGE('',*,*,#1221,.F.);
#1776=ORIENTED_EDGE('',*,*,#1041,.T.);
#1777=ORIENTED_EDGE('',*,*,#988,.T.);
#1778=ORIENTED_EDGE('',*,*,#1039,.T.);
#1779=ORIENTED_EDGE('',*,*,#1220,.T.);
#1780=ORIENTED_EDGE('',*,*,#950,.T.);
#1781=ORIENTED_EDGE('',*,*,#1035,.T.);
#1782=ORIENTED_EDGE('',*,*,#1192,.T.);
#1783=ORIENTED_EDGE('',*,*,#1222,.T.);
#1784=ORIENTED_EDGE('',*,*,#1190,.T.);
#1785=ORIENTED_EDGE('',*,*,#1032,.T.);
#1786=ORIENTED_EDGE('',*,*,#952,.T.);
#1787=ORIENTED_EDGE('',*,*,#1223,.F.);
#1788=ORIENTED_EDGE('',*,*,#951,.T.);
#1789=ORIENTED_EDGE('',*,*,#1222,.F.);
#1790=ORIENTED_EDGE('',*,*,#1191,.T.);
#1791=ORIENTED_EDGE('',*,*,#1223,.T.);
#1792=ORIENTED_EDGE('',*,*,#955,.T.);
#1793=ORIENTED_EDGE('',*,*,#965,.T.);
#1794=ORIENTED_EDGE('',*,*,#968,.T.);
#1795=ORIENTED_EDGE('',*,*,#1224,.F.);
#1796=ORIENTED_EDGE('',*,*,#956,.T.);
#1797=ORIENTED_EDGE('',*,*,#1224,.T.);
#1798=ORIENTED_EDGE('',*,*,#967,.T.);
#1799=ORIENTED_EDGE('',*,*,#1225,.F.);
#1800=ORIENTED_EDGE('',*,*,#957,.T.);
#1801=ORIENTED_EDGE('',*,*,#1225,.T.);
#1802=ORIENTED_EDGE('',*,*,#966,.T.);
#1803=ORIENTED_EDGE('',*,*,#1043,.T.);
#1804=PLANE('',#1999);
#1805=PLANE('',#2000);
#1806=PLANE('',#2002);
#1807=PLANE('',#2011);
#1808=PLANE('',#2012);
#1809=PLANE('',#2024);
#1810=PLANE('',#2029);
#1811=PLANE('',#2060);
#1812=PLANE('',#2061);
#1813=PLANE('',#2062);
#1814=PLANE('',#2063);
#1815=PLANE('',#2064);
#1816=PLANE('',#2065);
#1817=PLANE('',#2066);
#1818=PLANE('',#2067);
#1819=PLANE('',#2068);
#1820=PLANE('',#2069);
#1821=PLANE('',#2070);
#1822=PLANE('',#2071);
#1823=PLANE('',#2072);
#1824=PLANE('',#2073);
#1825=PLANE('',#2074);
#1826=PLANE('',#2075);
#1827=PLANE('',#2076);
#1828=PLANE('',#2077);
#1829=PLANE('',#2078);
#1830=PLANE('',#2079);
#1831=PLANE('',#2080);
#1832=PLANE('',#2081);
#1833=PLANE('',#2082);
#1834=PLANE('',#2083);
#1835=PLANE('',#2084);
#1836=PLANE('',#2085);
#1837=PLANE('',#2086);
#1838=PLANE('',#2087);
#1839=PLANE('',#2088);
#1840=PLANE('',#2089);
#1841=PLANE('',#2097);
#1842=PLANE('',#2098);
#1843=PLANE('',#2099);
#1844=PLANE('',#2100);
#1845=PLANE('',#2101);
#1846=PLANE('',#2102);
#1847=PLANE('',#2103);
#1848=PLANE('',#2104);
#1849=PLANE('',#2105);
#1850=PLANE('',#2106);
#1851=PLANE('',#2107);
#1852=PLANE('',#2108);
#1853=PLANE('',#2109);
#1854=PLANE('',#2110);
#1855=PLANE('',#2111);
#1856=PLANE('',#2112);
#1857=PLANE('',#2113);
#1858=PLANE('',#2114);
#1859=PLANE('',#2115);
#1860=PLANE('',#2116);
#1861=PLANE('',#2117);
#1862=PLANE('',#2118);
#1863=PLANE('',#2119);
#1864=PLANE('',#2120);
#1865=PLANE('',#2121);
#1866=PLANE('',#2122);
#1867=PLANE('',#2123);
#1868=PLANE('',#2124);
#1869=PLANE('',#2125);
#1870=PLANE('',#2126);
#1871=PLANE('',#2127);
#1872=PLANE('',#2128);
#1873=PLANE('',#2129);
#1874=PLANE('',#2130);
#1875=PLANE('',#2131);
#1876=PLANE('',#2132);
#1877=PLANE('',#2133);
#1878=PLANE('',#2134);
#1879=PLANE('',#2135);
#1880=ADVANCED_FACE('',(#141),#1804,.T.);
#1881=ADVANCED_FACE('',(#142),#1805,.F.);
#1882=ADVANCED_FACE('',(#143),#1806,.F.);
#1883=ADVANCED_FACE('',(#144),#91,.T.);
#1884=ADVANCED_FACE('',(#145),#30,.F.);
#1885=ADVANCED_FACE('',(#146),#1807,.F.);
#1886=ADVANCED_FACE('',(#147),#1808,.F.);
#1887=ADVANCED_FACE('',(#148),#92,.T.);
#1888=ADVANCED_FACE('',(#149),#1809,.F.);
#1889=ADVANCED_FACE('',(#150),#31,.F.);
#1890=ADVANCED_FACE('',(#151),#32,.T.);
#1891=ADVANCED_FACE('',(#152),#33,.T.);
#1892=ADVANCED_FACE('',(#153),#34,.T.);
#1893=ADVANCED_FACE('',(#154),#35,.T.);
#1894=ADVANCED_FACE('',(#155),#36,.T.);
#1895=ADVANCED_FACE('',(#156),#1810,.T.);
#1896=ADVANCED_FACE('',(#157),#37,.F.);
#1897=ADVANCED_FACE('',(#158),#38,.T.);
#1898=ADVANCED_FACE('',(#159),#39,.T.);
#1899=ADVANCED_FACE('',(#160),#40,.T.);
#1900=ADVANCED_FACE('',(#161),#41,.T.);
#1901=ADVANCED_FACE('',(#162),#42,.F.);
#1902=ADVANCED_FACE('',(#163),#43,.F.);
#1903=ADVANCED_FACE('',(#164),#44,.F.);
#1904=ADVANCED_FACE('',(#165),#45,.F.);
#1905=ADVANCED_FACE('',(#166),#93,.F.);
#1906=ADVANCED_FACE('',(#167),#46,.F.);
#1907=ADVANCED_FACE('',(#168),#47,.F.);
#1908=ADVANCED_FACE('',(#169),#48,.F.);
#1909=ADVANCED_FACE('',(#170),#49,.F.);
#1910=ADVANCED_FACE('',(#171),#50,.T.);
#1911=ADVANCED_FACE('',(#172),#51,.T.);
#1912=ADVANCED_FACE('',(#173),#52,.T.);
#1913=ADVANCED_FACE('',(#174),#1811,.T.);
#1914=ADVANCED_FACE('',(#175),#53,.T.);
#1915=ADVANCED_FACE('',(#176,#15),#1812,.F.);
#1916=ADVANCED_FACE('',(#177),#54,.T.);
#1917=ADVANCED_FACE('',(#178),#1813,.T.);
#1918=ADVANCED_FACE('',(#179),#1814,.T.);
#1919=ADVANCED_FACE('',(#180),#1815,.T.);
#1920=ADVANCED_FACE('',(#181),#1816,.T.);
#1921=ADVANCED_FACE('',(#182),#1817,.T.);
#1922=ADVANCED_FACE('',(#183),#1818,.T.);
#1923=ADVANCED_FACE('',(#184),#1819,.T.);
#1924=ADVANCED_FACE('',(#185),#1820,.T.);
#1925=ADVANCED_FACE('',(#186),#1821,.T.);
#1926=ADVANCED_FACE('',(#187),#1822,.T.);
#1927=ADVANCED_FACE('',(#188),#1823,.T.);
#1928=ADVANCED_FACE('',(#189),#1824,.T.);
#1929=ADVANCED_FACE('',(#190),#1825,.T.);
#1930=ADVANCED_FACE('',(#191,#16),#1826,.T.);
#1931=ADVANCED_FACE('',(#192,#17),#1827,.T.);
#1932=ADVANCED_FACE('',(#193),#1828,.T.);
#1933=ADVANCED_FACE('',(#194),#1829,.T.);
#1934=ADVANCED_FACE('',(#195),#1830,.T.);
#1935=ADVANCED_FACE('',(#196),#1831,.T.);
#1936=ADVANCED_FACE('',(#197),#1832,.T.);
#1937=ADVANCED_FACE('',(#198),#1833,.T.);
#1938=ADVANCED_FACE('',(#199),#1834,.T.);
#1939=ADVANCED_FACE('',(#200),#1835,.T.);
#1940=ADVANCED_FACE('',(#201),#1836,.T.);
#1941=ADVANCED_FACE('',(#202),#1837,.T.);
#1942=ADVANCED_FACE('',(#203),#1838,.T.);
#1943=ADVANCED_FACE('',(#204),#1839,.T.);
#1944=ADVANCED_FACE('',(#205,#18),#1840,.T.);
#1945=ADVANCED_FACE('',(#206),#94,.T.);
#1946=ADVANCED_FACE('',(#207),#1841,.T.);
#1947=ADVANCED_FACE('',(#208),#1842,.T.);
#1948=ADVANCED_FACE('',(#209),#1843,.T.);
#1949=ADVANCED_FACE('',(#210),#1844,.T.);
#1950=ADVANCED_FACE('',(#211),#1845,.T.);
#1951=ADVANCED_FACE('',(#212),#1846,.T.);
#1952=ADVANCED_FACE('',(#213),#1847,.T.);
#1953=ADVANCED_FACE('',(#214),#1848,.T.);
#1954=ADVANCED_FACE('',(#215),#1849,.T.);
#1955=ADVANCED_FACE('',(#216),#1850,.T.);
#1956=ADVANCED_FACE('',(#217),#1851,.T.);
#1957=ADVANCED_FACE('',(#218),#1852,.T.);
#1958=ADVANCED_FACE('',(#219),#1853,.F.);
#1959=ADVANCED_FACE('',(#220),#1854,.F.);
#1960=ADVANCED_FACE('',(#221),#1855,.T.);
#1961=ADVANCED_FACE('',(#222),#1856,.F.);
#1962=ADVANCED_FACE('',(#223),#1857,.F.);
#1963=ADVANCED_FACE('',(#224),#1858,.T.);
#1964=ADVANCED_FACE('',(#225),#1859,.T.);
#1965=ADVANCED_FACE('',(#226),#1860,.F.);
#1966=ADVANCED_FACE('',(#227),#1861,.F.);
#1967=ADVANCED_FACE('',(#228),#1862,.F.);
#1968=ADVANCED_FACE('',(#229),#1863,.F.);
#1969=ADVANCED_FACE('',(#230),#1864,.T.);
#1970=ADVANCED_FACE('',(#231),#1865,.T.);
#1971=ADVANCED_FACE('',(#232),#1866,.F.);
#1972=ADVANCED_FACE('',(#233),#1867,.F.);
#1973=ADVANCED_FACE('',(#234),#1868,.F.);
#1974=ADVANCED_FACE('',(#235),#1869,.F.);
#1975=ADVANCED_FACE('',(#236),#1870,.T.);
#1976=ADVANCED_FACE('',(#237),#1871,.F.);
#1977=ADVANCED_FACE('',(#238),#1872,.F.);
#1978=ADVANCED_FACE('',(#239),#1873,.T.);
#1979=ADVANCED_FACE('',(#240),#1874,.T.);
#1980=ADVANCED_FACE('',(#241),#1875,.F.);
#1981=ADVANCED_FACE('',(#242),#1876,.F.);
#1982=ADVANCED_FACE('',(#243),#1877,.F.);
#1983=ADVANCED_FACE('',(#244),#1878,.F.);
#1984=ADVANCED_FACE('',(#245),#1879,.T.);
#1985=CLOSED_SHELL('',(#1880,#1881,#1882,#1883,#1884,#1885,#1886,#1887,
#1888,#1889,#1890,#1891,#1892,#1893,#1894,#1895,#1896,#1897,#1898,#1899,
#1900,#1901,#1902,#1903,#1904,#1905,#1906,#1907,#1908,#1909,#1910,#1911,
#1912,#1913,#1914,#1915,#1916,#1917,#1918,#1919,#1920,#1921,#1922,#1923,
#1924,#1925,#1926,#1927,#1928,#1929,#1930,#1931,#1932,#1933,#1934,#1935,
#1936,#1937,#1938,#1939,#1940,#1941,#1942,#1943,#1944,#1945,#1946,#1947,
#1948,#1949,#1950,#1951,#1952,#1953,#1954,#1955,#1956,#1957,#1958,#1959,
#1960,#1961,#1962,#1963,#1964,#1965,#1966,#1967,#1968,#1969,#1970,#1971,
#1972,#1973,#1974,#1975,#1976,#1977,#1978,#1979,#1980,#1981,#1982,#1983,
#1984));
#1986=DERIVED_UNIT_ELEMENT(#1988,1.);
#1987=DERIVED_UNIT_ELEMENT(#4101,-3.);
#1988=(
MASS_UNIT()
NAMED_UNIT(*)
SI_UNIT(.KILO.,.GRAM.)
);
#1989=DERIVED_UNIT((#1986,#1987));
#1990=MEASURE_REPRESENTATION_ITEM('density measure',
POSITIVE_RATIO_MEASURE(7850.),#1989);
#1991=PROPERTY_DEFINITION_REPRESENTATION(#1996,#1993);
#1992=PROPERTY_DEFINITION_REPRESENTATION(#1997,#1994);
#1993=REPRESENTATION('material name',(#1995),#4098);
#1994=REPRESENTATION('density',(#1990),#4098);
#1995=DESCRIPTIVE_REPRESENTATION_ITEM('Steel','Steel');
#1996=PROPERTY_DEFINITION('material property','material name',#4108);
#1997=PROPERTY_DEFINITION('material property','density of part',#4108);
#1998=AXIS2_PLACEMENT_3D('',#2608,#2136,#2137);
#1999=AXIS2_PLACEMENT_3D('',#2609,#2138,#2139);
#2000=AXIS2_PLACEMENT_3D('',#2618,#2144,#2145);
#2001=AXIS2_PLACEMENT_3D('',#2620,#2146,#2147);
#2002=AXIS2_PLACEMENT_3D('',#2624,#2150,#2151);
#2003=AXIS2_PLACEMENT_3D('',#2630,#2155,#2156);
#2004=AXIS2_PLACEMENT_3D('',#2633,#2157,#2158);
#2005=AXIS2_PLACEMENT_3D('',#2659,#2161,#2162);
#2006=AXIS2_PLACEMENT_3D('',#2716,#2165,#2166);
#2007=AXIS2_PLACEMENT_3D('',#2741,#2169,#2170);
#2008=AXIS2_PLACEMENT_3D('',#2744,#2172,#2173);
#2009=AXIS2_PLACEMENT_3D('',#2762,#2174,#2175);
#2010=AXIS2_PLACEMENT_3D('',#2770,#2176,#2177);
#2011=AXIS2_PLACEMENT_3D('',#2771,#2178,#2179);
#2012=AXIS2_PLACEMENT_3D('',#2785,#2187,#2188);
#2013=AXIS2_PLACEMENT_3D('',#2787,#2189,#2190);
#2014=AXIS2_PLACEMENT_3D('',#2812,#2197,#2198);
#2015=AXIS2_PLACEMENT_3D('',#2816,#2201,#2202);
#2016=AXIS2_PLACEMENT_3D('',#2819,#2203,#2204);
#2017=AXIS2_PLACEMENT_3D('',#2846,#2206,#2207);
#2018=AXIS2_PLACEMENT_3D('',#2850,#2209,#2210);
#2019=AXIS2_PLACEMENT_3D('',#2854,#2212,#2213);
#2020=AXIS2_PLACEMENT_3D('',#2884,#2215,#2216);
#2021=AXIS2_PLACEMENT_3D('',#2910,#2219,#2220);
#2022=AXIS2_PLACEMENT_3D('',#2938,#2223,#2224);
#2023=AXIS2_PLACEMENT_3D('',#2941,#2226,#2227);
#2024=AXIS2_PLACEMENT_3D('',#2942,#2228,#2229);
#2025=AXIS2_PLACEMENT_3D('',#2951,#2233,#2234);
#2026=AXIS2_PLACEMENT_3D('',#2959,#2238,#2239);
#2027=AXIS2_PLACEMENT_3D('',#2966,#2243,#2244);
#2028=AXIS2_PLACEMENT_3D('',#2971,#2247,#2248);
#2029=AXIS2_PLACEMENT_3D('',#3170,#2260,#2261);
#2030=AXIS2_PLACEMENT_3D('',#3193,#2266,#2267);
#2031=AXIS2_PLACEMENT_3D('',#3207,#2270,#2271);
#2032=AXIS2_PLACEMENT_3D('',#3211,#2273,#2274);
#2033=AXIS2_PLACEMENT_3D('',#3215,#2276,#2277);
#2034=AXIS2_PLACEMENT_3D('',#3219,#2279,#2280);
#2035=AXIS2_PLACEMENT_3D('',#3223,#2282,#2283);
#2036=AXIS2_PLACEMENT_3D('',#3226,#2285,#2286);
#2037=AXIS2_PLACEMENT_3D('',#3237,#2287,#2288);
#2038=AXIS2_PLACEMENT_3D('',#3241,#2290,#2291);
#2039=AXIS2_PLACEMENT_3D('',#3245,#2293,#2294);
#2040=AXIS2_PLACEMENT_3D('',#3249,#2296,#2297);
#2041=AXIS2_PLACEMENT_3D('',#3253,#2299,#2300);
#2042=AXIS2_PLACEMENT_3D('',#3257,#2302,#2303);
#2043=AXIS2_PLACEMENT_3D('',#3269,#2305,#2306);
#2044=AXIS2_PLACEMENT_3D('',#3273,#2308,#2309);
#2045=AXIS2_PLACEMENT_3D('',#3277,#2311,#2312);
#2046=AXIS2_PLACEMENT_3D('',#3281,#2314,#2315);
#2047=AXIS2_PLACEMENT_3D('',#3285,#2317,#2318);
#2048=AXIS2_PLACEMENT_3D('',#3289,#2320,#2321);
#2049=AXIS2_PLACEMENT_3D('',#3421,#2326,#2327);
#2050=AXIS2_PLACEMENT_3D('',#3450,#2328,#2329);
#2051=AXIS2_PLACEMENT_3D('',#3452,#2330,#2331);
#2052=AXIS2_PLACEMENT_3D('',#3453,#2332,#2333);
#2053=AXIS2_PLACEMENT_3D('',#3541,#2334,#2335);
#2054=AXIS2_PLACEMENT_3D('',#3547,#2336,#2337);
#2055=AXIS2_PLACEMENT_3D('',#3562,#2338,#2339);
#2056=AXIS2_PLACEMENT_3D('',#3599,#2340,#2341);
#2057=AXIS2_PLACEMENT_3D('',#3607,#2342,#2343);
#2058=AXIS2_PLACEMENT_3D('',#3629,#2344,#2345);
#2059=AXIS2_PLACEMENT_3D('',#3630,#2346,#2347);
#2060=AXIS2_PLACEMENT_3D('',#3793,#2353,#2354);
#2061=AXIS2_PLACEMENT_3D('',#3835,#2357,#2358);
#2062=AXIS2_PLACEMENT_3D('',#3877,#2361,#2362);
#2063=AXIS2_PLACEMENT_3D('',#3878,#2363,#2364);
#2064=AXIS2_PLACEMENT_3D('',#3884,#2368,#2369);
#2065=AXIS2_PLACEMENT_3D('',#3888,#2372,#2373);
#2066=AXIS2_PLACEMENT_3D('',#3892,#2376,#2377);
#2067=AXIS2_PLACEMENT_3D('',#3896,#2380,#2381);
#2068=AXIS2_PLACEMENT_3D('',#3900,#2384,#2385);
#2069=AXIS2_PLACEMENT_3D('',#3904,#2388,#2389);
#2070=AXIS2_PLACEMENT_3D('',#3908,#2392,#2393);
#2071=AXIS2_PLACEMENT_3D('',#3912,#2396,#2397);
#2072=AXIS2_PLACEMENT_3D('',#3916,#2400,#2401);
#2073=AXIS2_PLACEMENT_3D('',#3920,#2404,#2405);
#2074=AXIS2_PLACEMENT_3D('',#3924,#2408,#2409);
#2075=AXIS2_PLACEMENT_3D('',#3926,#2411,#2412);
#2076=AXIS2_PLACEMENT_3D('',#3927,#2413,#2414);
#2077=AXIS2_PLACEMENT_3D('',#3952,#2427,#2428);
#2078=AXIS2_PLACEMENT_3D('',#3955,#2431,#2432);
#2079=AXIS2_PLACEMENT_3D('',#3957,#2434,#2435);
#2080=AXIS2_PLACEMENT_3D('',#3959,#2437,#2438);
#2081=AXIS2_PLACEMENT_3D('',#3961,#2440,#2441);
#2082=AXIS2_PLACEMENT_3D('',#3963,#2443,#2444);
#2083=AXIS2_PLACEMENT_3D('',#3965,#2446,#2447);
#2084=AXIS2_PLACEMENT_3D('',#3967,#2449,#2450);
#2085=AXIS2_PLACEMENT_3D('',#3969,#2452,#2453);
#2086=AXIS2_PLACEMENT_3D('',#3971,#2455,#2456);
#2087=AXIS2_PLACEMENT_3D('',#3973,#2458,#2459);
#2088=AXIS2_PLACEMENT_3D('',#3975,#2461,#2462);
#2089=AXIS2_PLACEMENT_3D('',#3976,#2463,#2464);
#2090=AXIS2_PLACEMENT_3D('',#3978,#2465,#2466);
#2091=AXIS2_PLACEMENT_3D('',#4003,#2479,#2480);
#2092=AXIS2_PLACEMENT_3D('',#4006,#2481,#2482);
#2093=AXIS2_PLACEMENT_3D('',#4011,#2485,#2486);
#2094=AXIS2_PLACEMENT_3D('',#4016,#2489,#2490);
#2095=AXIS2_PLACEMENT_3D('',#4021,#2493,#2494);
#2096=AXIS2_PLACEMENT_3D('',#4025,#2497,#2498);
#2097=AXIS2_PLACEMENT_3D('',#4027,#2500,#2501);
#2098=AXIS2_PLACEMENT_3D('',#4030,#2504,#2505);
#2099=AXIS2_PLACEMENT_3D('',#4032,#2507,#2508);
#2100=AXIS2_PLACEMENT_3D('',#4034,#2510,#2511);
#2101=AXIS2_PLACEMENT_3D('',#4036,#2513,#2514);
#2102=AXIS2_PLACEMENT_3D('',#4038,#2516,#2517);
#2103=AXIS2_PLACEMENT_3D('',#4040,#2519,#2520);
#2104=AXIS2_PLACEMENT_3D('',#4042,#2522,#2523);
#2105=AXIS2_PLACEMENT_3D('',#4044,#2525,#2526);
#2106=AXIS2_PLACEMENT_3D('',#4046,#2528,#2529);
#2107=AXIS2_PLACEMENT_3D('',#4048,#2531,#2532);
#2108=AXIS2_PLACEMENT_3D('',#4050,#2534,#2535);
#2109=AXIS2_PLACEMENT_3D('',#4051,#2536,#2537);
#2110=AXIS2_PLACEMENT_3D('',#4053,#2539,#2540);
#2111=AXIS2_PLACEMENT_3D('',#4055,#2542,#2543);
#2112=AXIS2_PLACEMENT_3D('',#4056,#2544,#2545);
#2113=AXIS2_PLACEMENT_3D('',#4058,#2547,#2548);
#2114=AXIS2_PLACEMENT_3D('',#4060,#2550,#2551);
#2115=AXIS2_PLACEMENT_3D('',#4061,#2552,#2553);
#2116=AXIS2_PLACEMENT_3D('',#4063,#2555,#2556);
#2117=AXIS2_PLACEMENT_3D('',#4065,#2558,#2559);
#2118=AXIS2_PLACEMENT_3D('',#4066,#2560,#2561);
#2119=AXIS2_PLACEMENT_3D('',#4068,#2563,#2564);
#2120=AXIS2_PLACEMENT_3D('',#4070,#2566,#2567);
#2121=AXIS2_PLACEMENT_3D('',#4071,#2568,#2569);
#2122=AXIS2_PLACEMENT_3D('',#4073,#2571,#2572);
#2123=AXIS2_PLACEMENT_3D('',#4075,#2574,#2575);
#2124=AXIS2_PLACEMENT_3D('',#4076,#2576,#2577);
#2125=AXIS2_PLACEMENT_3D('',#4078,#2579,#2580);
#2126=AXIS2_PLACEMENT_3D('',#4080,#2582,#2583);
#2127=AXIS2_PLACEMENT_3D('',#4081,#2584,#2585);
#2128=AXIS2_PLACEMENT_3D('',#4084,#2588,#2589);
#2129=AXIS2_PLACEMENT_3D('',#4085,#2590,#2591);
#2130=AXIS2_PLACEMENT_3D('',#4086,#2592,#2593);
#2131=AXIS2_PLACEMENT_3D('',#4088,#2595,#2596);
#2132=AXIS2_PLACEMENT_3D('',#4090,#2598,#2599);
#2133=AXIS2_PLACEMENT_3D('',#4091,#2600,#2601);
#2134=AXIS2_PLACEMENT_3D('',#4093,#2603,#2604);
#2135=AXIS2_PLACEMENT_3D('',#4095,#2606,#2607);
#2136=DIRECTION('axis',(0.,0.,1.));
#2137=DIRECTION('refdir',(1.,0.,0.));
#2138=DIRECTION('center_axis',(1.,0.,0.));
#2139=DIRECTION('ref_axis',(0.,-1.,0.));
#2140=DIRECTION('',(0.,0.,1.));
#2141=DIRECTION('',(0.,1.,0.));
#2142=DIRECTION('',(0.,0.0847998304019228,-0.996398007205858));
#2143=DIRECTION('',(0.,-0.999394862334075,-0.034783748220321));
#2144=DIRECTION('center_axis',(0.,0.,1.));
#2145=DIRECTION('ref_axis',(1.,0.,0.));
#2146=DIRECTION('center_axis',(0.,0.,-1.));
#2147=DIRECTION('ref_axis',(0.,1.,0.));
#2148=DIRECTION('',(0.,-1.,0.));
#2149=DIRECTION('',(-1.,3.05980976775076E-13,0.));
#2150=DIRECTION('center_axis',(1.,0.,0.));
#2151=DIRECTION('ref_axis',(0.,-1.,0.));
#2152=DIRECTION('',(0.,0.,-1.));
#2153=DIRECTION('',(-6.85712968164725E-13,0.999394862336156,0.0347837481605409));
#2154=DIRECTION('',(0.,-0.0847998304019228,0.996398007205858));
#2155=DIRECTION('center_axis',(0.,0.,1.));
#2156=DIRECTION('ref_axis',(0.,1.,0.));
#2157=DIRECTION('center_axis',(0.,0.,1.));
#2158=DIRECTION('ref_axis',(0.,1.,0.));
#2159=DIRECTION('',(0.,0.,-1.));
#2160=DIRECTION('',(0.,0.,1.));
#2161=DIRECTION('center_axis',(0.,0.,1.));
#2162=DIRECTION('ref_axis',(0.,1.,0.));
#2163=DIRECTION('',(0.,0.,-1.));
#2164=DIRECTION('',(0.,0.,1.));
#2165=DIRECTION('center_axis',(0.,0.,1.));
#2166=DIRECTION('ref_axis',(0.,1.,0.));
#2167=DIRECTION('',(0.,0.,-1.));
#2168=DIRECTION('',(0.,0.,1.));
#2169=DIRECTION('center_axis',(0.,0.,1.));
#2170=DIRECTION('ref_axis',(0.,1.,0.));
#2171=DIRECTION('',(0.,0.,-1.));
#2172=DIRECTION('center_axis',(0.,-3.06161699786838E-16,-1.));
#2173=DIRECTION('ref_axis',(0.,1.,-3.06161699786838E-16));
#2174=DIRECTION('center_axis',(3.32743110514883E-11,0.99639800724921,0.084799829892535));
#2175=DIRECTION('ref_axis',(0.0605853523478477,0.0846440543238755,-0.99456764433019));
#2176=DIRECTION('center_axis',(-1.60144103329513E-10,-1.,2.20150135567253E-9));
#2177=DIRECTION('ref_axis',(0.998896376948809,-5.65664264534543E-11,0.0469683735990816));
#2178=DIRECTION('center_axis',(0.951325893333488,-1.05283837203984E-13,
0.308186704244751));
#2179=DIRECTION('ref_axis',(1.10670458125224E-13,1.,5.34618710809825E-19));
#2180=DIRECTION('',(-0.308186704244751,1.24575188741094E-13,0.951325893333488));
#2181=DIRECTION('',(-1.10670631317587E-13,-1.,0.));
#2182=DIRECTION('',(0.308186704244751,-3.41066551502471E-14,-0.951325893333488));
#2183=DIRECTION('',(0.307181537659929,0.0806998379269186,-0.948223095626473));
#2184=DIRECTION('',(-1.10665802222857E-13,-1.,-1.49066873908435E-17));
#2185=DIRECTION('',(0.291559846987972,-0.324022423013051,-0.900001291670797));
#2186=DIRECTION('',(-0.0110066150989378,0.999362047537725,0.0339757614376642));
#2187=DIRECTION('center_axis',(3.04878835501587E-13,0.996398007205858,0.0847998304019228));
#2188=DIRECTION('ref_axis',(-1.,3.05980976775075E-13,-5.2635597573922E-29));
#2189=DIRECTION('center_axis',(2.7491842485542E-9,0.996398015095652,0.0847997376967932));
#2190=DIRECTION('ref_axis',(0.998905765150387,-0.00396594091666957,0.0465998246988638));
#2191=DIRECTION('',(-1.71388881026204E-14,-0.0847998304019228,0.996398007205858));
#2192=DIRECTION('',(1.,-3.05980976775076E-13,0.));
#2193=DIRECTION('',(2.59471349367411E-14,0.0847998304019228,-0.996398007205858));
#2194=DIRECTION('',(0.,-0.0847998304019228,0.996398007205858));
#2195=DIRECTION('',(1.,-3.05980976775076E-13,0.));
#2196=DIRECTION('',(0.,0.0847998304019228,-0.996398007205858));
#2197=DIRECTION('center_axis',(-1.68150731435451E-10,0.996398007417705,
0.0847998279127198));
#2198=DIRECTION('ref_axis',(-0.071992977620368,0.084579784128863,-0.993812493023743));
#2199=DIRECTION('',(-0.322487783801301,0.0802692829415662,-0.943164074546403));
#2200=DIRECTION('',(1.,-3.0597830384993E-13,-3.1406870464246E-17));
#2201=DIRECTION('center_axis',(0.,0.,1.));
#2202=DIRECTION('ref_axis',(0.,1.,0.));
#2203=DIRECTION('center_axis',(0.,0.,1.));
#2204=DIRECTION('ref_axis',(0.,1.,0.));
#2205=DIRECTION('',(0.,0.,-1.));
#2206=DIRECTION('center_axis',(0.946450232904348,0.0112553542497395,-0.322653488491939));
#2207=DIRECTION('ref_axis',(0.322630675456259,0.00383678128848843,0.946517155874093));
#2208=DIRECTION('',(0.,0.,1.));
#2209=DIRECTION('center_axis',(0.,0.,1.));
#2210=DIRECTION('ref_axis',(0.,1.,0.));
#2211=DIRECTION('',(0.,0.,-1.));
#2212=DIRECTION('center_axis',(0.946450232904348,0.0112553542497395,-0.322653488491939));
#2213=DIRECTION('ref_axis',(0.322630675456259,0.00383678128848843,0.946517155874093));
#2214=DIRECTION('',(0.,0.,1.));
#2215=DIRECTION('center_axis',(0.,0.,1.));
#2216=DIRECTION('ref_axis',(0.,1.,0.));
#2217=DIRECTION('',(0.,0.,-1.));
#2218=DIRECTION('',(0.,0.,1.));
#2219=DIRECTION('center_axis',(0.,0.,1.));
#2220=DIRECTION('ref_axis',(0.,1.,0.));
#2221=DIRECTION('',(0.,0.,-1.));
#2222=DIRECTION('',(0.,0.,1.));
#2223=DIRECTION('center_axis',(0.,0.,1.));
#2224=DIRECTION('ref_axis',(0.,1.,0.));
#2225=DIRECTION('',(0.,0.,-1.));
#2226=DIRECTION('center_axis',(0.,-3.06161699786838E-16,-1.));
#2227=DIRECTION('ref_axis',(0.,1.,-3.06161699786838E-16));
#2228=DIRECTION('center_axis',(-2.15465320833926E-17,-0.940880095846728,
0.33873978986746));
#2229=DIRECTION('ref_axis',(-7.72638666601436E-33,-0.33873978986746,-0.940880095846728));
#2230=DIRECTION('',(0.,0.33873978986746,0.940880095846728));
#2231=DIRECTION('',(-1.,2.29004016330074E-17,0.));
#2232=DIRECTION('',(0.,-0.33873978986746,-0.940880095846728));
#2233=DIRECTION('center_axis',(-7.44695249801146E-9,-0.940880175271812,
0.338739569257098));
#2234=DIRECTION('ref_axis',(0.994334161471256,-0.0360078404746917,-0.100015052645103));
#2235=DIRECTION('',(0.,0.33873978986746,0.940880095846728));
#2236=DIRECTION('',(-1.,2.29004016330074E-17,0.));
#2237=DIRECTION('',(-6.84626764809178E-14,-0.33873978986746,-0.940880095846728));
#2238=DIRECTION('center_axis',(2.03765742146022E-8,-0.940880312990498,0.338739186730592));
#2239=DIRECTION('ref_axis',(0.998210304989746,0.0202570388779064,0.0562657923447084));
#2240=DIRECTION('',(0.,0.33873978986746,0.940880095846728));
#2241=DIRECTION('',(-1.,2.29004016330074E-17,0.));
#2242=DIRECTION('',(0.,-0.33873978986746,-0.940880095846728));
#2243=DIRECTION('center_axis',(2.17346662410887E-9,-0.940880106061734,0.338739761494366));
#2244=DIRECTION('ref_axis',(0.0787899325682754,-0.337686701075397,-0.937955136689758));
#2245=DIRECTION('',(-1.,3.42076412572844E-17,3.14068704642415E-17));
#2246=DIRECTION('',(0.301943307514208,0.322929409255919,0.896965348096014));
#2247=DIRECTION('center_axis',(-2.11849191537112E-9,-0.940880105896258,
0.33873976195399));
#2248=DIRECTION('ref_axis',(-0.0651767596531014,-0.338019511154101,-0.93887954503241));
#2249=DIRECTION('',(0.,0.999394862412554,0.0347837459654943));
#2250=DIRECTION('',(2.62407603666228E-5,-0.999394796274263,-0.0347856362791768));
#2251=DIRECTION('',(0.,0.999394862412544,0.0347837459657769));
#2252=DIRECTION('',(2.62407663847608E-5,-0.999394796275025,-0.0347856362572832));
#2253=DIRECTION('',(0.,0.999394862374311,0.0347837470642751));
#2254=DIRECTION('',(0.,-0.999394862410464,-0.034783746025531));
#2255=DIRECTION('',(0.,0.99939486237432,0.0347837470640191));
#2256=DIRECTION('',(0.,-0.999394862410469,-0.0347837460254081));
#2257=DIRECTION('',(0.,-0.99939486237224,-0.0347837471237856));
#2258=DIRECTION('',(0.,0.999394862336155,0.034783748160566));
#2259=DIRECTION('',(0.,-0.999394862372239,-0.0347837471238191));
#2260=DIRECTION('center_axis',(0.946450232904348,0.0112553542497395,-0.322653488491939));
#2261=DIRECTION('ref_axis',(-0.0118913367601302,0.999929295555469,-3.74414452072094E-18));
#2262=DIRECTION('',(-0.322673927789771,1.30431212322248E-13,-0.946510188177983));
#2263=DIRECTION('',(0.0118913367601302,-0.999929295555469,-1.52791030950672E-17));
#2264=DIRECTION('',(0.322673927790104,-2.22084241973211E-12,0.94651018817787));
#2265=DIRECTION('',(-0.0118913367601302,0.999929295555469,0.));
#2266=DIRECTION('center_axis',(-1.46847791601165E-10,1.,2.01822339051322E-9));
#2267=DIRECTION('ref_axis',(0.998932350483821,5.34552234319322E-11,0.046196960472185));
#2268=DIRECTION('',(0.,-0.999394862334062,-0.0347837482206895));
#2269=DIRECTION('',(2.65108763580016E-12,-0.999394862336721,-0.0347837481443191));
#2270=DIRECTION('center_axis',(-1.35008623412768E-12,-1.,2.55394959547232E-11));
#2271=DIRECTION('ref_axis',(0.0564826161006705,-2.55750096816885E-11,-0.998403582765218));
#2272=DIRECTION('',(0.,-0.999394862341513,-0.0347837480066205));
#2273=DIRECTION('center_axis',(0.,1.,0.));
#2274=DIRECTION('ref_axis',(0.0490946102243843,0.,-0.998794132565323));
#2275=DIRECTION('',(-2.67475806113403E-12,-0.999394862336711,-0.0347837481445943));
#2276=DIRECTION('center_axis',(6.77814475733236E-12,1.,-1.14789272828262E-10));
#2277=DIRECTION('ref_axis',(0.0564826432004922,-1.14988793567805E-10,-0.998403581232102));
#2278=DIRECTION('',(-1.98831572691133E-12,0.999394862333518,0.0347837482363397));
#2279=DIRECTION('center_axis',(0.,1.,0.));
#2280=DIRECTION('ref_axis',(0.0614086653341929,0.,-0.998112706973453));
#2281=DIRECTION('',(0.,0.999394862328695,0.0347837483748917));
#2282=DIRECTION('center_axis',(1.66187243288503E-12,-1.,-2.54719472350672E-11));
#2283=DIRECTION('ref_axis',(0.0688000907807275,2.55259248706647E-11,-0.997630466409564));
#2284=DIRECTION('',(1.98831572688221E-12,0.999394862333509,0.0347837482366047));
#2285=DIRECTION('center_axis',(7.55763135896363E-10,-1.,-1.27990039233449E-8));
#2286=DIRECTION('ref_axis',(0.061408828433543,1.28212587938544E-8,-0.998112696938787));
#2287=DIRECTION('center_axis',(7.55385523021501E-10,1.,1.27873129140541E-8));
#2288=DIRECTION('ref_axis',(-0.0614353977591407,1.2809565958583E-8,-0.998111061907529));
#2289=DIRECTION('',(-7.29049099926605E-12,0.999394862409895,0.0347837460418828));
#2290=DIRECTION('center_axis',(0.,1.,0.));
#2291=DIRECTION('ref_axis',(-0.0565048044544478,0.,-0.998402327257687));
#2292=DIRECTION('',(0.,0.999394862405114,0.0347837461792517));
#2293=DIRECTION('center_axis',(0.,-1.,0.));
#2294=DIRECTION('ref_axis',(-0.0491082475899985,0.,-0.998793462142519));
#2295=DIRECTION('',(0.,0.99939486240991,0.0347837460414677));
#2296=DIRECTION('center_axis',(0.,-1.,0.));
#2297=DIRECTION('ref_axis',(-0.0565047299792025,0.,-0.998402331472627));
#2298=DIRECTION('',(-4.73408506440444E-14,-0.999394862413116,-0.034783745949342));
#2299=DIRECTION('center_axis',(0.,-1.,0.));
#2300=DIRECTION('ref_axis',(-0.0614353359534165,0.,-0.998111065711773));
#2301=DIRECTION('',(0.,-0.999394862417915,-0.0347837458114742));
#2302=DIRECTION('center_axis',(0.,1.,0.));
#2303=DIRECTION('ref_axis',(-0.0688316603001555,0.,-0.997628288763066));
#2304=DIRECTION('',(-2.36704253219919E-14,-0.999394862413116,-0.0347837459493411));
#2305=DIRECTION('center_axis',(0.,1.,0.));
#2306=DIRECTION('ref_axis',(-0.00242961399029033,0.,-0.999997048483573));
#2307=DIRECTION('',(-4.66307378817955E-12,0.999394862371683,0.0347837471397854));
#2308=DIRECTION('center_axis',(0.,1.,0.));
#2309=DIRECTION('ref_axis',(0.00251152186626211,0.,-0.999996846123984));
#2310=DIRECTION('',(0.,0.999394862366906,0.0347837472770309));
#2311=DIRECTION('center_axis',(1.58994219916274E-13,-1.,-2.55848234016417E-11));
#2312=DIRECTION('ref_axis',(0.00991694470376291,2.55851387052454E-11,-0.999950825894825));
#2313=DIRECTION('',(2.67475806121338E-12,0.999394862371683,0.0347837471398017));
#2314=DIRECTION('center_axis',(0.,-1.,0.));
#2315=DIRECTION('ref_axis',(0.00251123926458062,0.,-0.999996846833707));
#2316=DIRECTION('',(-2.65108763588725E-12,-0.999394862374879,-0.0347837470479751));
#2317=DIRECTION('center_axis',(-4.58731453170451E-12,-1.,1.28019284522697E-11));
#2318=DIRECTION('ref_axis',(-0.00242919810425383,-1.27908332607502E-11,
-0.999997049493932));
#2319=DIRECTION('',(0.,-0.999394862379687,-0.0347837469098091));
#2320=DIRECTION('center_axis',(0.,1.,0.));
#2321=DIRECTION('ref_axis',(-0.00984719372846515,0.,-0.99995151521245));
#2322=DIRECTION('',(4.63940336291697E-12,-0.999394862374878,-0.0347837470479945));
#2323=DIRECTION('',(0.283887319776317,-0.445461462087631,-0.849100745179846));
#2324=DIRECTION('',(0.,-1.,0.));
#2325=DIRECTION('',(0.29777228202692,0.228186493438144,-0.926964180682773));
#2326=DIRECTION('center_axis',(-0.997231113493568,0.0251902775552921,0.0699682513506414));
#2327=DIRECTION('ref_axis',(-6.96300862238943E-13,-0.940880095846616,0.338739789867772));
#2328=DIRECTION('center_axis',(9.62163257559966E-15,-0.940880095846243,
0.338739789868808));
#2329=DIRECTION('ref_axis',(1.,-6.97356370542463E-9,-1.93697259826593E-8));
#2330=DIRECTION('center_axis',(-0.997231113486081,-0.025190277588329,-0.0699682514454585));
#2331=DIRECTION('ref_axis',(-3.05543982601848E-13,-0.940880095846778,0.338739789867323));
#2332=DIRECTION('center_axis',(2.13791692556186E-11,0.940735169303039,-0.3391420664506));
#2333=DIRECTION('ref_axis',(1.,-7.04398104201378E-9,-1.94760313811814E-8));
#2334=DIRECTION('center_axis',(1.44506896670474E-5,0.99939490069566,0.0347826430089739));
#2335=DIRECTION('ref_axis',(-0.952782763069001,-0.0105480859466823,0.303469511288138));
#2336=DIRECTION('center_axis',(1.86052953027294E-8,-0.999394862373306,-0.0347837470931635));
#2337=DIRECTION('ref_axis',(-0.0996799974589493,0.0346105064080693,-0.994417422892801));
#2338=DIRECTION('center_axis',(-2.3182434518311E-11,-0.99639274242276,-0.0848616688926832));
#2339=DIRECTION('ref_axis',(1.,-3.65330633705896E-10,4.01630514622531E-9));
#2340=DIRECTION('center_axis',(-1.44515687086042E-5,0.999394900599163,0.0347826457812184));
#2341=DIRECTION('ref_axis',(-0.0761296961120299,-0.0346828034193115,0.996494542141033));
#2342=DIRECTION('center_axis',(0.997596058146598,-0.00587639254553396,0.0690476124208545));
#2343=DIRECTION('ref_axis',(-9.62784216220303E-13,0.996398007205927,0.0847998304011134));
#2344=DIRECTION('center_axis',(1.98222613840996E-13,0.996398007205762,0.0847998304030531));
#2345=DIRECTION('ref_axis',(1.,-3.42430972398657E-10,4.02122639006404E-9));
#2346=DIRECTION('center_axis',(0.997596058317206,0.00587639234245722,-0.0690476099731969));
#2347=DIRECTION('ref_axis',(-3.99325067074371E-12,0.996398007205595,0.0847998304050182));
#2348=DIRECTION('',(-0.429122651623377,-0.305965437746469,-0.849846398338155));
#2349=DIRECTION('',(-0.283887319779165,-0.445461462087239,-0.849100745179099));
#2350=DIRECTION('',(0.,1.,0.));
#2351=DIRECTION('',(-0.297772282029797,0.228186493439303,-0.926964180681563));
#2352=DIRECTION('',(-0.430528385912501,0.0765383797198968,-0.899325961680986));
#2353=DIRECTION('center_axis',(0.,0.996398007205757,0.0847998304031115));
#2354=DIRECTION('ref_axis',(0.,-0.0847998304031115,0.996398007205757));
#2355=DIRECTION('',(1.,0.,0.));
#2356=DIRECTION('',(0.430528385910544,0.0765383797185897,-0.899325961682034));
#2357=DIRECTION('center_axis',(3.14068704642415E-17,-1.49066873908469E-17,
1.));
#2358=DIRECTION('ref_axis',(1.,1.74606887910242E-50,-3.14068704642415E-17));
#2359=DIRECTION('',(-1.,0.,0.));
#2360=DIRECTION('',(0.42912265162083,-0.305965437746879,-0.849846398339293));
#2361=DIRECTION('center_axis',(-2.15465320833926E-17,-0.940880095846728,
0.33873978986746));
#2362=DIRECTION('ref_axis',(-7.72638666601436E-33,-0.33873978986746,-0.940880095846728));
#2363=DIRECTION('center_axis',(1.,0.,0.));
#2364=DIRECTION('ref_axis',(0.,1.,-3.06161699786838E-16));
#2365=DIRECTION('',(0.,0.,1.));
#2366=DIRECTION('',(0.,-1.,3.06161699786838E-16));
#2367=DIRECTION('',(0.,0.,1.));
#2368=DIRECTION('center_axis',(0.,1.,0.));
#2369=DIRECTION('ref_axis',(-1.,0.,0.));
#2370=DIRECTION('',(0.,0.,1.));
#2371=DIRECTION('',(1.,0.,0.));
#2372=DIRECTION('center_axis',(-1.,0.,0.));
#2373=DIRECTION('ref_axis',(0.,-1.,3.06161699786838E-16));
#2374=DIRECTION('',(0.,0.,1.));
#2375=DIRECTION('',(0.,1.,-3.06161699786838E-16));
#2376=DIRECTION('center_axis',(0.,1.,0.));
#2377=DIRECTION('ref_axis',(-1.,0.,0.));
#2378=DIRECTION('',(1.,0.,0.));
#2379=DIRECTION('',(0.,0.,1.));
#2380=DIRECTION('center_axis',(0.,1.,0.));
#2381=DIRECTION('ref_axis',(-1.,0.,0.));
#2382=DIRECTION('',(0.,0.,1.));
#2383=DIRECTION('',(1.,0.,0.));
#2384=DIRECTION('center_axis',(1.,0.,0.));
#2385=DIRECTION('ref_axis',(0.,1.,-3.06161699786838E-16));
#2386=DIRECTION('',(0.,-1.,3.06161699786838E-16));
#2387=DIRECTION('',(0.,0.,1.));
#2388=DIRECTION('center_axis',(-1.,0.,0.));
#2389=DIRECTION('ref_axis',(0.,-1.,3.06161699786838E-16));
#2390=DIRECTION('',(0.,0.,1.));
#2391=DIRECTION('',(0.,1.,-3.06161699786838E-16));
#2392=DIRECTION('center_axis',(0.,-1.,0.));
#2393=DIRECTION('ref_axis',(1.,0.,0.));
#2394=DIRECTION('',(-1.,0.,0.));
#2395=DIRECTION('',(0.,0.,1.));
#2396=DIRECTION('center_axis',(0.,-1.,0.));
#2397=DIRECTION('ref_axis',(1.,0.,0.));
#2398=DIRECTION('',(0.,0.,1.));
#2399=DIRECTION('',(-1.,0.,0.));
#2400=DIRECTION('center_axis',(1.,0.,0.));
#2401=DIRECTION('ref_axis',(0.,1.,-3.06161699786838E-16));
#2402=DIRECTION('',(0.,-1.,3.06161699786838E-16));
#2403=DIRECTION('',(0.,0.,1.));
#2404=DIRECTION('center_axis',(-1.,0.,0.));
#2405=DIRECTION('ref_axis',(0.,-1.,3.06161699786838E-16));
#2406=DIRECTION('',(0.,0.,1.));
#2407=DIRECTION('',(0.,1.,-3.06161699786838E-16));
#2408=DIRECTION('center_axis',(0.,-1.,0.));
#2409=DIRECTION('ref_axis',(1.,0.,0.));
#2410=DIRECTION('',(-1.,0.,0.));
#2411=DIRECTION('center_axis',(0.,-3.06161699786838E-16,-1.));
#2412=DIRECTION('ref_axis',(0.,1.,-3.06161699786838E-16));
#2413=DIRECTION('center_axis',(0.,-3.06161699786838E-16,-1.));
#2414=DIRECTION('ref_axis',(0.,1.,-3.06161699786838E-16));
#2415=DIRECTION('',(0.,-1.,3.06161699786838E-16));
#2416=DIRECTION('',(-1.,0.,0.));
#2417=DIRECTION('',(0.,-1.,3.06161699786838E-16));
#2418=DIRECTION('',(1.,0.,0.));
#2419=DIRECTION('',(0.,-1.,3.06161699786838E-16));
#2420=DIRECTION('',(1.,0.,0.));
#2421=DIRECTION('',(0.,1.,-3.06161699786838E-16));
#2422=DIRECTION('',(1.,0.,0.));
#2423=DIRECTION('',(0.,1.,-3.06161699786838E-16));
#2424=DIRECTION('',(-1.,0.,0.));
#2425=DIRECTION('',(0.,1.,-3.06161699786838E-16));
#2426=DIRECTION('',(-1.,0.,0.));
#2427=DIRECTION('center_axis',(0.,-1.,0.));
#2428=DIRECTION('ref_axis',(1.,0.,0.));
#2429=DIRECTION('',(0.,0.,1.));
#2430=DIRECTION('',(0.,0.,1.));
#2431=DIRECTION('center_axis',(-1.,0.,0.));
#2432=DIRECTION('ref_axis',(0.,-1.,3.06161699786838E-16));
#2433=DIRECTION('',(0.,0.,1.));
#2434=DIRECTION('center_axis',(1.,0.,0.));
#2435=DIRECTION('ref_axis',(0.,1.,-3.06161699786838E-16));
#2436=DIRECTION('',(0.,0.,1.));
#2437=DIRECTION('center_axis',(0.,-1.,0.));
#2438=DIRECTION('ref_axis',(1.,0.,0.));
#2439=DIRECTION('',(0.,0.,1.));
#2440=DIRECTION('center_axis',(0.,-1.,0.));
#2441=DIRECTION('ref_axis',(1.,0.,0.));
#2442=DIRECTION('',(0.,0.,1.));
#2443=DIRECTION('center_axis',(-1.,0.,0.));
#2444=DIRECTION('ref_axis',(0.,-1.,3.06161699786838E-16));
#2445=DIRECTION('',(0.,0.,1.));
#2446=DIRECTION('center_axis',(1.,0.,0.));
#2447=DIRECTION('ref_axis',(0.,1.,-3.06161699786838E-16));
#2448=DIRECTION('',(0.,0.,1.));
#2449=DIRECTION('center_axis',(0.,1.,0.));
#2450=DIRECTION('ref_axis',(-1.,0.,0.));
#2451=DIRECTION('',(0.,0.,1.));
#2452=DIRECTION('center_axis',(0.,1.,0.));
#2453=DIRECTION('ref_axis',(-1.,0.,0.));
#2454=DIRECTION('',(0.,0.,1.));
#2455=DIRECTION('center_axis',(-1.,0.,0.));
#2456=DIRECTION('ref_axis',(0.,-1.,3.06161699786838E-16));
#2457=DIRECTION('',(0.,0.,1.));
#2458=DIRECTION('center_axis',(0.,1.,0.));
#2459=DIRECTION('ref_axis',(-1.,0.,0.));
#2460=DIRECTION('',(0.,0.,1.));
#2461=DIRECTION('center_axis',(1.,0.,0.));
#2462=DIRECTION('ref_axis',(0.,1.,-3.06161699786838E-16));
#2463=DIRECTION('center_axis',(0.,-3.06161699786838E-16,-1.));
#2464=DIRECTION('ref_axis',(0.,1.,-3.06161699786838E-16));
#2465=DIRECTION('center_axis',(0.,-3.06161699786838E-16,-1.));
#2466=DIRECTION('ref_axis',(0.,1.,-3.06161699786838E-16));
#2467=DIRECTION('',(0.,-1.,3.06161699786838E-16));
#2468=DIRECTION('',(-1.,0.,0.));
#2469=DIRECTION('',(0.,-1.,3.06161699786838E-16));
#2470=DIRECTION('',(1.,0.,0.));
#2471=DIRECTION('',(0.,-1.,3.06161699786838E-16));
#2472=DIRECTION('',(1.,0.,0.));
#2473=DIRECTION('',(0.,1.,-3.06161699786838E-16));
#2474=DIRECTION('',(1.,0.,0.));
#2475=DIRECTION('',(0.,1.,-3.06161699786838E-16));
#2476=DIRECTION('',(-1.,0.,0.));
#2477=DIRECTION('',(0.,1.,-3.06161699786838E-16));
#2478=DIRECTION('',(-1.,0.,0.));
#2479=DIRECTION('center_axis',(0.,0.,1.));
#2480=DIRECTION('ref_axis',(0.,1.,0.));
#2481=DIRECTION('center_axis',(0.,0.,1.));
#2482=DIRECTION('ref_axis',(0.,1.,0.));
#2483=DIRECTION('',(0.,0.,-1.));
#2484=DIRECTION('',(0.,0.,1.));
#2485=DIRECTION('center_axis',(0.,0.,1.));
#2486=DIRECTION('ref_axis',(0.,1.,0.));
#2487=DIRECTION('',(0.,0.,-1.));
#2488=DIRECTION('',(0.,-2.6215225732074E-12,1.));
#2489=DIRECTION('center_axis',(0.,0.,1.));
#2490=DIRECTION('ref_axis',(0.,1.,0.));
#2491=DIRECTION('',(0.,0.,-1.));
#2492=DIRECTION('',(0.,2.67239740563842E-12,1.));
#2493=DIRECTION('center_axis',(0.,0.,1.));
#2494=DIRECTION('ref_axis',(0.,1.,0.));
#2495=DIRECTION('',(0.,0.,-1.));
#2496=DIRECTION('',(0.,0.,1.));
#2497=DIRECTION('center_axis',(0.,0.,1.));
#2498=DIRECTION('ref_axis',(0.,1.,0.));
#2499=DIRECTION('',(0.,0.,-1.));
#2500=DIRECTION('center_axis',(0.,-1.,0.));
#2501=DIRECTION('ref_axis',(1.,0.,0.));
#2502=DIRECTION('',(0.,0.,1.));
#2503=DIRECTION('',(0.,0.,1.));
#2504=DIRECTION('center_axis',(-1.,0.,0.));
#2505=DIRECTION('ref_axis',(0.,-1.,3.06161699786838E-16));
#2506=DIRECTION('',(0.,0.,1.));
#2507=DIRECTION('center_axis',(1.,0.,0.));
#2508=DIRECTION('ref_axis',(0.,1.,-3.06161699786838E-16));
#2509=DIRECTION('',(0.,0.,1.));
#2510=DIRECTION('center_axis',(0.,-1.,0.));
#2511=DIRECTION('ref_axis',(1.,0.,0.));
#2512=DIRECTION('',(0.,0.,1.));
#2513=DIRECTION('center_axis',(0.,-1.,0.));
#2514=DIRECTION('ref_axis',(1.,0.,0.));
#2515=DIRECTION('',(0.,0.,1.));
#2516=DIRECTION('center_axis',(-1.,0.,0.));
#2517=DIRECTION('ref_axis',(0.,-1.,3.06161699786838E-16));
#2518=DIRECTION('',(0.,0.,1.));
#2519=DIRECTION('center_axis',(1.,0.,0.));
#2520=DIRECTION('ref_axis',(0.,1.,-3.06161699786838E-16));
#2521=DIRECTION('',(0.,0.,1.));
#2522=DIRECTION('center_axis',(0.,1.,0.));
#2523=DIRECTION('ref_axis',(-1.,0.,0.));
#2524=DIRECTION('',(0.,0.,1.));
#2525=DIRECTION('center_axis',(0.,1.,0.));
#2526=DIRECTION('ref_axis',(-1.,0.,0.));
#2527=DIRECTION('',(0.,0.,1.));
#2528=DIRECTION('center_axis',(-1.,0.,0.));
#2529=DIRECTION('ref_axis',(0.,-1.,3.06161699786838E-16));
#2530=DIRECTION('',(0.,0.,1.));
#2531=DIRECTION('center_axis',(0.,1.,0.));
#2532=DIRECTION('ref_axis',(-1.,0.,0.));
#2533=DIRECTION('',(0.,0.,1.));
#2534=DIRECTION('center_axis',(1.,0.,0.));
#2535=DIRECTION('ref_axis',(0.,1.,-3.06161699786838E-16));
#2536=DIRECTION('center_axis',(1.,0.,0.));
#2537=DIRECTION('ref_axis',(0.,-1.,0.));
#2538=DIRECTION('',(0.,-1.,0.));
#2539=DIRECTION('center_axis',(0.,0.,1.));
#2540=DIRECTION('ref_axis',(1.,0.,0.));
#2541=DIRECTION('',(0.,1.,0.));
#2542=DIRECTION('center_axis',(1.,0.,0.));
#2543=DIRECTION('ref_axis',(0.,-1.,0.));
#2544=DIRECTION('center_axis',(1.,-2.11445496895387E-13,0.));
#2545=DIRECTION('ref_axis',(0.,0.,-1.));
#2546=DIRECTION('',(0.,1.,0.));
#2547=DIRECTION('center_axis',(0.,0.,1.));
#2548=DIRECTION('ref_axis',(1.,0.,0.));
#2549=DIRECTION('',(-2.02109933727317E-13,-1.,0.));
#2550=DIRECTION('center_axis',(1.,-2.02109933727317E-13,0.));
#2551=DIRECTION('ref_axis',(0.,0.,-1.));
#2552=DIRECTION('center_axis',(1.,0.,0.));
#2553=DIRECTION('ref_axis',(0.,-1.,0.));
#2554=DIRECTION('',(0.,-1.,0.));
#2555=DIRECTION('center_axis',(0.,0.,1.));
#2556=DIRECTION('ref_axis',(1.,0.,0.));
#2557=DIRECTION('',(0.,1.,0.));
#2558=DIRECTION('center_axis',(1.,0.,0.));
#2559=DIRECTION('ref_axis',(0.,-1.,0.));
#2560=DIRECTION('center_axis',(1.,0.,0.));
#2561=DIRECTION('ref_axis',(0.,-1.,0.));
#2562=DIRECTION('',(0.,1.,0.));
#2563=DIRECTION('center_axis',(0.,0.,1.));
#2564=DIRECTION('ref_axis',(1.,0.,0.));
#2565=DIRECTION('',(0.,-1.,0.));
#2566=DIRECTION('center_axis',(1.,0.,0.));
#2567=DIRECTION('ref_axis',(0.,-1.,0.));
#2568=DIRECTION('center_axis',(-4.04219867454635E-13,-1.,0.));
#2569=DIRECTION('ref_axis',(0.,0.,-1.));
#2570=DIRECTION('',(-1.,4.04219867454635E-13,0.));
#2571=DIRECTION('center_axis',(-4.48801993301533E-13,-1.,0.));
#2572=DIRECTION('ref_axis',(0.,0.,-1.));
#2573=DIRECTION('',(1.,-1.21312590549531E-12,0.));
#2574=DIRECTION('center_axis',(0.,0.,1.));
#2575=DIRECTION('ref_axis',(1.,0.,0.));
#2576=DIRECTION('center_axis',(1.,-2.11445496895387E-13,0.));
#2577=DIRECTION('ref_axis',(0.,0.,-1.));
#2578=DIRECTION('',(0.,1.,0.));
#2579=DIRECTION('center_axis',(0.,0.,1.));
#2580=DIRECTION('ref_axis',(1.,0.,0.));
#2581=DIRECTION('',(-2.02109933727317E-13,-1.,0.));
#2582=DIRECTION('center_axis',(1.,-2.02109933727317E-13,0.));
#2583=DIRECTION('ref_axis',(0.,0.,-1.));
#2584=DIRECTION('center_axis',(0.,0.,1.));
#2585=DIRECTION('ref_axis',(1.,0.,0.));
#2586=DIRECTION('',(-1.,4.04219867454635E-13,0.));
#2587=DIRECTION('',(1.,0.,0.));
#2588=DIRECTION('center_axis',(-4.48801993301533E-13,-1.,0.));
#2589=DIRECTION('ref_axis',(0.,0.,-1.));
#2590=DIRECTION('center_axis',(-4.04219867454635E-13,-1.,0.));
#2591=DIRECTION('ref_axis',(0.,0.,-1.));
#2592=DIRECTION('center_axis',(-4.04219867454635E-13,-1.,0.));
#2593=DIRECTION('ref_axis',(0.,0.,-1.));
#2594=DIRECTION('',(1.,-4.04219867454635E-13,0.));
#2595=DIRECTION('center_axis',(-4.49527036909451E-13,-1.,0.));
#2596=DIRECTION('ref_axis',(0.,0.,-1.));
#2597=DIRECTION('',(-1.,0.,0.));
#2598=DIRECTION('center_axis',(0.,0.,1.));
#2599=DIRECTION('ref_axis',(1.,0.,0.));
#2600=DIRECTION('center_axis',(-4.49527036909451E-13,-1.,0.));
#2601=DIRECTION('ref_axis',(0.,0.,-1.));
#2602=DIRECTION('',(-1.,0.,0.));
#2603=DIRECTION('center_axis',(0.,0.,1.));
#2604=DIRECTION('ref_axis',(1.,0.,0.));
#2605=DIRECTION('',(1.,-4.04219867454635E-13,0.));
#2606=DIRECTION('center_axis',(-4.04219867454635E-13,-1.,0.));
#2607=DIRECTION('ref_axis',(0.,0.,-1.));
#2608=CARTESIAN_POINT('',(0.,0.,0.));
#2609=CARTESIAN_POINT('Origin',(207.245107532417,204.508041201327,6.13039454831959));
#2610=CARTESIAN_POINT('',(207.245107532417,207.188409646165,4.63039454831959));
#2611=CARTESIAN_POINT('',(207.245107532417,207.188409646173,7.68584192350676));
#2612=CARTESIAN_POINT('',(207.245107532417,207.188409646165,9.50999279325515E-11));
#2613=CARTESIAN_POINT('',(207.245107532417,211.859446302857,4.63039454831959));
#2614=CARTESIAN_POINT('',(207.245107532417,204.508041201327,4.63039454831959));
#2615=CARTESIAN_POINT('',(207.245107532421,211.586380947076,7.83891247867636));
#2616=CARTESIAN_POINT('',(207.245107532417,211.752600798936,5.88582921931341));
#2617=CARTESIAN_POINT('',(207.245107532417,211.586380947083,7.83891247867621));
#2618=CARTESIAN_POINT('Origin',(194.970107532412,204.833041201331,4.63039454831959));
#2619=CARTESIAN_POINT('',(206.595107532416,207.188409646165,4.63039454831959));
#2620=CARTESIAN_POINT('Origin',(206.920107532413,204.508041201341,4.63039454831959));
#2621=CARTESIAN_POINT('',(206.595107532416,211.859446302857,4.63039454831959));
#2622=CARTESIAN_POINT('',(206.595107532416,204.508041201327,4.63039454831959));
#2623=CARTESIAN_POINT('',(199.918943023833,211.859446302857,4.63039454831959));
#2624=CARTESIAN_POINT('Origin',(206.595107532416,204.508041201327,6.13039454831959));
#2625=CARTESIAN_POINT('',(206.595107532416,207.188409646165,7.64746042172541));
#2626=CARTESIAN_POINT('',(206.595107532416,207.188409646165,9.50999279325515E-11));
#2627=CARTESIAN_POINT('',(206.595107532416,211.589637810699,7.80064433115071));
#2628=CARTESIAN_POINT('',(206.595107532419,207.188409646136,7.64746042172466));
#2629=CARTESIAN_POINT('',(206.595107532416,211.752600798936,5.88582921931343));
#2630=CARTESIAN_POINT('Origin',(206.920107532413,204.508041201341,9.50999279325515E-11));
#2631=CARTESIAN_POINT('',(206.595107532416,201.827672756517,4.63039454831959));
#2632=CARTESIAN_POINT('',(206.920107532413,201.808041201341,4.63039454831959));
#2633=CARTESIAN_POINT('Origin',(206.920107532413,204.508041201341,4.63039454831959));
#2634=CARTESIAN_POINT('',(206.595107532416,201.827672756517,7.46088099356193));
#2635=CARTESIAN_POINT('',(206.595107532416,201.827672756517,9.50999279325515E-11));
#2636=CARTESIAN_POINT('',(204.239739089153,204.183041201443,7.42129003826996));
#2637=CARTESIAN_POINT('Ctrl Pts',(206.595107532416,201.827672756517,7.46088099356191));
#2638=CARTESIAN_POINT('Ctrl Pts',(206.464146620339,201.843552027334,7.45391137124566));
#2639=CARTESIAN_POINT('Ctrl Pts',(206.334437743818,201.869018566486,7.44747535158524));
#2640=CARTESIAN_POINT('Ctrl Pts',(206.207031071988,201.903905651694,7.44161615702809));
#2641=CARTESIAN_POINT('Ctrl Pts',(205.984904611573,201.964729348289,7.43140097654212));
#2642=CARTESIAN_POINT('Ctrl Pts',(205.771528177919,202.053707994348,7.42302234258844));
#2643=CARTESIAN_POINT('Ctrl Pts',(205.572083410561,202.168632940698,7.41657586550118));
#2644=CARTESIAN_POINT('Ctrl Pts',(205.546112553234,202.183597983022,7.41573643241446));
#2645=CARTESIAN_POINT('Ctrl Pts',(205.520377927527,202.199002977233,7.41492968955831));
#2646=CARTESIAN_POINT('Ctrl Pts',(205.494890977696,202.214843048844,7.41415578709667));
#2647=CARTESIAN_POINT('Ctrl Pts',(205.190085042227,202.404279127988,7.40490045974907));
#2648=CARTESIAN_POINT('Ctrl Pts',(204.926037180856,202.65262821633,7.40050815404993));
#2649=CARTESIAN_POINT('Ctrl Pts',(204.718267271532,202.94538338494,7.40069199355338));
#2650=CARTESIAN_POINT('Ctrl Pts',(204.582637581949,203.136490426242,7.40081200176279));
#2651=CARTESIAN_POINT('Ctrl Pts',(204.472472267169,203.344432782837,7.40287693083736));
#2652=CARTESIAN_POINT('Ctrl Pts',(204.390541807097,203.563955811181,7.40670459838478));
#2653=CARTESIAN_POINT('Ctrl Pts',(204.315998915109,203.763684720019,7.41018712989143));
#2654=CARTESIAN_POINT('Ctrl Pts',(204.26538915118,203.971497779149,7.41510187208944));
#2655=CARTESIAN_POINT('Ctrl Pts',(204.239739090741,204.183041201651,7.42129003774471));
#2656=CARTESIAN_POINT('',(204.239739087592,204.18304120133,4.63039454831959));
#2657=CARTESIAN_POINT('',(204.239739087592,204.18304120133,9.50999279325515E-11));
#2658=CARTESIAN_POINT('',(204.239739087592,204.833041201331,4.63039454831959));
#2659=CARTESIAN_POINT('Origin',(206.920107532413,204.508041201341,4.63039454831959));
#2660=CARTESIAN_POINT('',(204.239739087083,204.833041202317,7.44391316407607));
#2661=CARTESIAN_POINT('',(204.239739087589,204.833041201331,7.44391322780052));
#2662=CARTESIAN_POINT('Ctrl Pts',(204.239739084489,204.833041204289,7.44391316381945));
#2663=CARTESIAN_POINT('Ctrl Pts',(204.266268068552,205.051834032403,7.45274301696148));
#2664=CARTESIAN_POINT('Ctrl Pts',(204.319439373724,205.266159832864,7.46263792386885));
#2665=CARTESIAN_POINT('Ctrl Pts',(204.397785819125,205.471311545264,7.4734269951719));
#2666=CARTESIAN_POINT('Ctrl Pts',(204.439253430912,205.579895304536,7.47913749062636));
#2667=CARTESIAN_POINT('Ctrl Pts',(204.487773612156,205.685908976178,7.4850994273458));
#2668=CARTESIAN_POINT('Ctrl Pts',(204.543128398283,205.788654418432,7.49129323921394));
#2669=CARTESIAN_POINT('Ctrl Pts',(204.694785444342,206.070148962237,7.50826259773719));
#2670=CARTESIAN_POINT('Ctrl Pts',(204.895075906981,206.322162418535,7.52667032021654));
#2671=CARTESIAN_POINT('Ctrl Pts',(205.134377015909,206.533174843581,7.54603064211671));
#2672=CARTESIAN_POINT('Ctrl Pts',(205.161753860211,206.557315368178,7.54824552745792));
#2673=CARTESIAN_POINT('Ctrl Pts',(205.18964127323,206.580919264505,7.55047293087725));
#2674=CARTESIAN_POINT('Ctrl Pts',(205.218024841551,206.603969282591,7.55271215014772));
#2675=CARTESIAN_POINT('Ctrl Pts',(205.412011315365,206.761503799719,7.56801601347655));
#2676=CARTESIAN_POINT('Ctrl Pts',(205.626808488263,206.89124636991,7.58368915940382));
#2677=CARTESIAN_POINT('Ctrl Pts',(205.856195160961,206.989591199334,7.59944908062181));
#2678=CARTESIAN_POINT('Ctrl Pts',(205.883943606756,207.001487776133,7.60135552668734));
#2679=CARTESIAN_POINT('Ctrl Pts',(205.911905547427,207.012924903988,7.60326317860477));
#2680=CARTESIAN_POINT('Ctrl Pts',(205.940069973339,207.023896202069,7.60517147921975));
#2681=CARTESIAN_POINT('Ctrl Pts',(206.072255961668,207.07538853089,7.61412783443195));
#2682=CARTESIAN_POINT('Ctrl Pts',(206.20829814048,207.116384354978,7.62305827957303));
#2683=CARTESIAN_POINT('Ctrl Pts',(206.346932899006,207.146501138476,7.63189927006266));
#2684=CARTESIAN_POINT('Ctrl Pts',(206.428982421252,207.16432543971,7.6371317172034));
#2685=CARTESIAN_POINT('Ctrl Pts',(206.511797624947,207.178308153383,7.64232358206971));
#2686=CARTESIAN_POINT('Ctrl Pts',(206.595107532416,207.188409646167,7.64746042172545));
#2687=CARTESIAN_POINT('',(209.600475977233,204.833041201331,7.76048969053319));
#2688=CARTESIAN_POINT('Ctrl Pts',(207.245107532417,207.188409646165,7.68584192350646));
#2689=CARTESIAN_POINT('Ctrl Pts',(207.463580525423,207.161919361642,7.69817207810807));
#2690=CARTESIAN_POINT('Ctrl Pts',(207.677643295333,207.108859102973,7.70966930803612));
#2691=CARTESIAN_POINT('Ctrl Pts',(207.882595021413,207.030661948859,7.72002709867117));
#2692=CARTESIAN_POINT('Ctrl Pts',(207.997245985966,206.986918091142,7.72582129572259));
#2693=CARTESIAN_POINT('Ctrl Pts',(208.109045901215,206.935308088778,7.73125789577757));
#2694=CARTESIAN_POINT('Ctrl Pts',(208.217172598834,206.876083053504,7.73627629107154));
#2695=CARTESIAN_POINT('Ctrl Pts',(208.491214212086,206.725980215178,7.74899515859066));
#2696=CARTESIAN_POINT('Ctrl Pts',(208.737051084426,206.529483859627,7.75881685700862));
#2697=CARTESIAN_POINT('Ctrl Pts',(208.943774491991,206.295433747941,7.76495149994158));
#2698=CARTESIAN_POINT('Ctrl Pts',(208.96008441698,206.276967818949,7.76543550689195));
#2699=CARTESIAN_POINT('Ctrl Pts',(208.976150873183,206.25826812657,7.7658965393763));
#2700=CARTESIAN_POINT('Ctrl Pts',(208.991968504893,206.239339012464,7.76633420134195));
#2701=CARTESIAN_POINT('Ctrl Pts',(209.153331912102,206.046233849593,7.77079900538324));
#2702=CARTESIAN_POINT('Ctrl Pts',(209.286791092986,205.831655023117,7.77277213097988));
#2703=CARTESIAN_POINT('Ctrl Pts',(209.388597846259,205.601912922123,7.77203381189736));
#2704=CARTESIAN_POINT('Ctrl Pts',(209.404809259039,205.565329454795,7.77191624410323));
#2705=CARTESIAN_POINT('Ctrl Pts',(209.420218069307,205.528361496829,7.77173003102397));
#2706=CARTESIAN_POINT('Ctrl Pts',(209.43480913096,205.491034522922,7.77147441999452));
#2707=CARTESIAN_POINT('Ctrl Pts',(209.48320556591,205.367226365061,7.77062659528834));
#2708=CARTESIAN_POINT('Ctrl Pts',(209.52238918843,205.24002206637,7.7690185388266));
#2709=CARTESIAN_POINT('Ctrl Pts',(209.552044421263,205.110459837439,7.76664735269116));
#2710=CARTESIAN_POINT('Ctrl Pts',(209.573007714988,205.018872255708,7.76497116044153));
#2711=CARTESIAN_POINT('Ctrl Pts',(209.589171411803,204.926273202816,7.76291681020732));
#2712=CARTESIAN_POINT('Ctrl Pts',(209.600475977239,204.833041201332,7.76048969051281));
#2713=CARTESIAN_POINT('',(209.600475977233,204.833041201331,4.63039454831959));
#2714=CARTESIAN_POINT('',(209.600475977237,204.833041201331,4.63039454831959));
#2715=CARTESIAN_POINT('',(209.600475977233,204.18304120133,4.63039454831959));
#2716=CARTESIAN_POINT('Origin',(206.920107532413,204.508041201341,4.63039454831959));
#2717=CARTESIAN_POINT('',(209.600475977233,204.18304120133,7.73786656394244));
#2718=CARTESIAN_POINT('',(209.600475977233,204.18304120133,9.50999279325515E-11));
#2719=CARTESIAN_POINT('',(207.245107532417,201.827672756517,7.49926249502174));
#2720=CARTESIAN_POINT('Ctrl Pts',(209.600475977235,204.183041201337,7.73786656390363));
#2721=CARTESIAN_POINT('Ctrl Pts',(209.575991803051,203.981113199662,7.72906724767651));
#2722=CARTESIAN_POINT('Ctrl Pts',(209.528768153464,203.782603358533,7.7187427928261));
#2723=CARTESIAN_POINT('Ctrl Pts',(209.459707263581,203.591289759845,7.70713640895814));
#2724=CARTESIAN_POINT('Ctrl Pts',(209.375236674924,203.35728796336,7.6929402687234));
#2725=CARTESIAN_POINT('Ctrl Pts',(209.258958412237,203.136436866204,7.67697125964112));
#2726=CARTESIAN_POINT('Ctrl Pts',(209.114434195474,202.934850220915,7.65984870956184));
#2727=CARTESIAN_POINT('Ctrl Pts',(209.07964954382,202.886331561609,7.65572758748774));
#2728=CARTESIAN_POINT('Ctrl Pts',(209.043228618318,202.838928859238,7.65153988507984));
#2729=CARTESIAN_POINT('Ctrl Pts',(209.00522104478,202.792727340685,7.64729464531349));
#2730=CARTESIAN_POINT('Ctrl Pts',(208.799966947016,202.543223093952,7.62436887613349));
#2731=CARTESIAN_POINT('Ctrl Pts',(208.551612328672,202.332604497723,7.60012268675989));
#2732=CARTESIAN_POINT('Ctrl Pts',(208.272012814474,202.170873661702,7.57611055168387));
#2733=CARTESIAN_POINT('Ctrl Pts',(208.105925512052,202.074802542444,7.56184689764424));
#2734=CARTESIAN_POINT('Ctrl Pts',(207.930048448129,201.996696377712,7.5477720855135));
#2735=CARTESIAN_POINT('Ctrl Pts',(207.747358108255,201.937894029523,7.53418917960968));
#2736=CARTESIAN_POINT('Ctrl Pts',(207.583837640851,201.885261868091,7.5220315410415));
#2737=CARTESIAN_POINT('Ctrl Pts',(207.415658522415,201.848352394332,7.51032753486341));
#2738=CARTESIAN_POINT('Ctrl Pts',(207.245107532424,201.827672756514,7.49926249502201));
#2739=CARTESIAN_POINT('',(207.245107532417,201.827672756517,4.63039454831959));
#2740=CARTESIAN_POINT('',(207.245107532417,201.827672756517,9.50999279325515E-11));
#2741=CARTESIAN_POINT('Origin',(206.920107532413,204.508041201341,4.63039454831959));
#2742=CARTESIAN_POINT('',(206.920107532413,201.808041201344,0.2000000000951));
#2743=CARTESIAN_POINT('',(206.920107532413,201.808041201341,9.50999279325515E-11));
#2744=CARTESIAN_POINT('Origin',(206.920107532413,204.508041201341,0.2000000000951));
#2745=CARTESIAN_POINT('Ctrl Pts',(207.245107450541,211.586380947258,7.83891247371606));
#2746=CARTESIAN_POINT('Ctrl Pts',(208.084451135041,211.584611091552,7.88976381843632));
#2747=CARTESIAN_POINT('Ctrl Pts',(208.923333896542,211.582660231536,7.94581571763735));
#2748=CARTESIAN_POINT('Ctrl Pts',(209.761659072155,211.580528662962,8.00705967372455));
#2749=CARTESIAN_POINT('Ctrl Pts',(207.245107492414,209.337082597151,7.76062607472321));
#2750=CARTESIAN_POINT('Ctrl Pts',(208.084451176914,209.335312741445,7.81147741944347));
#2751=CARTESIAN_POINT('Ctrl Pts',(208.923333938415,209.333361881429,7.86752931864451));
#2752=CARTESIAN_POINT('Ctrl Pts',(209.761659114029,209.331230312855,7.9287732747317));
#2753=CARTESIAN_POINT('Ctrl Pts',(207.245107534291,207.087784247044,7.68233967573036));
#2754=CARTESIAN_POINT('Ctrl Pts',(208.08445121879,207.086014391338,7.73319102045062));
#2755=CARTESIAN_POINT('Ctrl Pts',(208.923333980292,207.084063531322,7.78924291965166));
#2756=CARTESIAN_POINT('Ctrl Pts',(209.761659155905,207.081931962748,7.85048687573886));
#2757=CARTESIAN_POINT('Ctrl Pts',(207.245107576164,204.838485896937,7.60405327673751));
#2758=CARTESIAN_POINT('Ctrl Pts',(208.084451260664,204.836716041231,7.65490462145778));
#2759=CARTESIAN_POINT('Ctrl Pts',(208.923334022165,204.834765181215,7.71095652065881));
#2760=CARTESIAN_POINT('Ctrl Pts',(209.761659197778,204.832633612641,7.77220047674601));
#2761=CARTESIAN_POINT('',(209.687424474661,211.572555110259,8.00136606129742));
#2762=CARTESIAN_POINT('Origin',(194.959055515137,194.421485240835,209.526438248739));
#2763=CARTESIAN_POINT('',(209.761659197771,204.833041201331,7.772214662792));
#2764=CARTESIAN_POINT('Ctrl Pts',(209.76165919777,204.833041201324,7.77221466279219));
#2765=CARTESIAN_POINT('Ctrl Pts',(209.749287465223,205.956293603122,7.81040433598679));
#2766=CARTESIAN_POINT('Ctrl Pts',(209.736915372054,207.079545963102,7.84859512237008));
#2767=CARTESIAN_POINT('Ctrl Pts',(209.71217046438,209.326050599418,7.92497892178122));
#2768=CARTESIAN_POINT('Ctrl Pts',(209.699797649877,210.449302875756,7.96317193480922));
#2769=CARTESIAN_POINT('Ctrl Pts',(209.687424474665,211.572555110259,8.00136606129328));
#2770=CARTESIAN_POINT('Origin',(199.771923029909,204.83304142306,107.762849634476));
#2771=CARTESIAN_POINT('Origin',(210.30413246388,205.088959844907,6.09768147436525));
#2772=CARTESIAN_POINT('',(210.779467283512,204.183041201322,4.63039454831959));
#2773=CARTESIAN_POINT('',(209.768818390905,204.183041201322,7.75011531291447));
#2774=CARTESIAN_POINT('',(209.571131436871,204.183041201322,8.36034513645208));
#2775=CARTESIAN_POINT('',(210.779467283512,204.833041201331,4.63039454831969));
#2776=CARTESIAN_POINT('',(210.779467283512,204.961000523122,4.63039454831959));
#2777=CARTESIAN_POINT('',(210.30413246388,204.833041201331,6.09768147436525));
#2778=CARTESIAN_POINT('',(212.279506381754,212.253522434628,9.50999279325515E-11));
#2779=CARTESIAN_POINT('',(210.121763116604,211.686660463973,6.6606281551414));
#2780=CARTESIAN_POINT('',(212.279506381754,196.836584558034,9.50999279325515E-11));
#2781=CARTESIAN_POINT('',(212.279506381754,204.798500523117,9.50999279325515E-11));
#2782=CARTESIAN_POINT('',(209.819620847731,199.570356300967,7.59329578774912));
#2783=CARTESIAN_POINT('',(209.601598665085,199.812653299748,8.26629739623766));
#2784=CARTESIAN_POINT('',(209.81962084773,199.570356300974,7.59329578775042));
#2785=CARTESIAN_POINT('Origin',(204.867778515258,211.825360904746,5.03089797610083));
#2786=CARTESIAN_POINT('',(195.295107532416,211.61795592439,7.46790649521079));
#2787=CARTESIAN_POINT('Origin',(199.649540463718,202.919807127172,109.671267260009));
#2788=CARTESIAN_POINT('',(195.295107532416,211.859446302857,4.63039454831959));
#2789=CARTESIAN_POINT('',(195.295107532416,211.752600798944,5.88582921931364));
#2790=CARTESIAN_POINT('',(194.645107532415,211.859446302857,4.63039454831968));
#2791=CARTESIAN_POINT('',(199.918943023833,211.859446302864,4.63039454831959));
#2792=CARTESIAN_POINT('',(194.645107532411,211.617958179937,7.46787999260117));
#2793=CARTESIAN_POINT('',(194.645107532411,211.825360904746,5.03089797610083));
#2794=CARTESIAN_POINT('',(183.345107532419,211.589663445608,7.80034312101056));
#2795=CARTESIAN_POINT('Ctrl Pts',(194.645107532411,211.61795817993,7.46787999260125));
#2796=CARTESIAN_POINT('Ctrl Pts',(194.052735352287,211.617879513861,7.46880431891301));
#2797=CARTESIAN_POINT('Ctrl Pts',(193.460481674884,211.617580048928,7.47232185778654));
#2798=CARTESIAN_POINT('Ctrl Pts',(192.868327216943,211.617059860043,7.47843381803045));
#2799=CARTESIAN_POINT('Ctrl Pts',(191.576794762408,211.615925289799,7.49176445315441));
#2800=CARTESIAN_POINT('Ctrl Pts',(190.285746735281,211.613740822929,7.51743393745549));
#2801=CARTESIAN_POINT('Ctrl Pts',(188.99498352733,211.61050878176,7.55541042120116));
#2802=CARTESIAN_POINT('Ctrl Pts',(187.110729355479,211.605790652966,7.61084843453254));
#2803=CARTESIAN_POINT('Ctrl Pts',(185.227073911165,211.598839837131,7.6925205206022));
#2804=CARTESIAN_POINT('Ctrl Pts',(183.345107532419,211.589663445607,7.80034312101068));
#2805=CARTESIAN_POINT('',(183.345107532419,211.859446302864,4.63039454831959));
#2806=CARTESIAN_POINT('',(183.345107532419,211.752600798944,5.88582921931403));
#2807=CARTESIAN_POINT('',(182.695107532418,211.859446302864,4.63039454831959));
#2808=CARTESIAN_POINT('',(199.918943023833,211.859446302864,4.63039454831959));
#2809=CARTESIAN_POINT('',(182.695107532418,211.586405231894,7.83862713217684));
#2810=CARTESIAN_POINT('',(182.695107532418,211.752600798944,5.88582921931405));
#2811=CARTESIAN_POINT('',(180.388474985626,211.573407550837,7.99134988453543));
#2812=CARTESIAN_POINT('Origin',(194.979163774928,194.431773062562,209.40556110243));
#2813=CARTESIAN_POINT('',(177.656063114391,212.253522434636,9.50999279325515E-11));
#2814=CARTESIAN_POINT('',(181.037809330897,211.411784057171,9.89042593513695));
#2815=CARTESIAN_POINT('',(204.681443023837,212.253522434628,9.50999279325515E-11));
#2816=CARTESIAN_POINT('Origin',(183.020107532411,204.508041201341,9.50999279325515E-11));
#2817=CARTESIAN_POINT('',(182.695107532418,201.827672756517,4.63039454831959));
#2818=CARTESIAN_POINT('',(183.020107532411,201.808041201341,4.63039454831959));
#2819=CARTESIAN_POINT('Origin',(183.020107532411,204.508041201341,4.63039454831959));
#2820=CARTESIAN_POINT('',(182.695107532418,201.827672756517,7.49897632533834));
#2821=CARTESIAN_POINT('',(182.695107532418,201.827672756517,9.50999279325515E-11));
#2822=CARTESIAN_POINT('',(180.388676373877,203.903417303445,7.72438282408068));
#2823=CARTESIAN_POINT('Ctrl Pts',(182.695107532418,201.827672756517,7.49897632533855));
#2824=CARTESIAN_POINT('Ctrl Pts',(182.475957288516,201.854245159053,7.51320007693099));
#2825=CARTESIAN_POINT('Ctrl Pts',(182.26135961392,201.907537729586,7.52843942060819));
#2826=CARTESIAN_POINT('Ctrl Pts',(182.056023095789,201.986030671312,7.54428279569923));
#2827=CARTESIAN_POINT('Ctrl Pts',(181.939865638135,202.030433589203,7.5532452841449));
#2828=CARTESIAN_POINT('Ctrl Pts',(181.826671721507,202.082900881935,7.5624000226876));
#2829=CARTESIAN_POINT('Ctrl Pts',(181.717292919873,202.143157676649,7.57166529648086));
#2830=CARTESIAN_POINT('Ctrl Pts',(181.435826782283,202.298217405027,7.59550776677075));
#2831=CARTESIAN_POINT('Ctrl Pts',(181.18445548378,202.502197846596,7.61967625821338));
#2832=CARTESIAN_POINT('Ctrl Pts',(180.974903480871,202.745332953217,7.64264369685065));
#2833=CARTESIAN_POINT('Ctrl Pts',(180.956753837585,202.766391284297,7.64463294444881));
#2834=CARTESIAN_POINT('Ctrl Pts',(180.938917899424,202.787743338068,7.64661315445935));
#2835=CARTESIAN_POINT('Ctrl Pts',(180.921403281595,202.809382769635,7.64858332494228));
#2836=CARTESIAN_POINT('Ctrl Pts',(180.764069307335,203.003769983933,7.66628138464755));
#2837=CARTESIAN_POINT('Ctrl Pts',(180.634537954034,203.219033003755,7.68295465188767));
#2838=CARTESIAN_POINT('Ctrl Pts',(180.536487890486,203.44896920363,7.69795811304888));
#2839=CARTESIAN_POINT('Ctrl Pts',(180.524875523203,203.47620124722,7.69973501859298));
#2840=CARTESIAN_POINT('Ctrl Pts',(180.513704730202,203.503639100364,7.70148856382335));
#2841=CARTESIAN_POINT('Ctrl Pts',(180.502981627531,203.531272457476,7.70321773080608));
#2842=CARTESIAN_POINT('Ctrl Pts',(180.455982440461,203.652389018614,7.71079664196551));
#2843=CARTESIAN_POINT('Ctrl Pts',(180.417778542185,203.776759470813,7.71787530829256));
#2844=CARTESIAN_POINT('Ctrl Pts',(180.388676373877,203.903417303445,7.72438282408053));
#2845=CARTESIAN_POINT('',(180.339739087591,204.183041201337,7.59058777298449));
#2846=CARTESIAN_POINT('Origin',(183.020107532411,204.508041201341,15.4643390870539));
#2847=CARTESIAN_POINT('',(180.339739087591,204.183041201337,4.63039454831959));
#2848=CARTESIAN_POINT('',(180.339739087591,204.18304120133,9.50999279325515E-11));
#2849=CARTESIAN_POINT('',(180.339739087591,204.833041201346,4.63039454831959));
#2850=CARTESIAN_POINT('Origin',(183.020107532411,204.508041201341,4.63039454831959));
#2851=CARTESIAN_POINT('',(180.339739087587,204.833041201338,7.61326219158697));
#2852=CARTESIAN_POINT('',(180.339739087587,204.833041201338,7.61326219158697));
#2853=CARTESIAN_POINT('',(180.388644626706,205.112526913246,7.76646794124285));
#2854=CARTESIAN_POINT('Origin',(183.020107532411,204.508041201341,15.4643390870539));
#2855=CARTESIAN_POINT('',(182.695107532418,207.188409646165,7.68555574171361));
#2856=CARTESIAN_POINT('Ctrl Pts',(180.388644626706,205.112526913247,7.76646794124282));
#2857=CARTESIAN_POINT('Ctrl Pts',(180.391311888914,205.124138108382,7.76667966974439));
#2858=CARTESIAN_POINT('Ctrl Pts',(180.394056347075,205.135733152878,7.76688532076844));
#2859=CARTESIAN_POINT('Ctrl Pts',(180.396877886639,205.147311273848,7.76708488514456));
#2860=CARTESIAN_POINT('Ctrl Pts',(180.450327906618,205.366642168577,7.77086534600542));
#2861=CARTESIAN_POINT('Ctrl Pts',(180.531063684902,205.578360140324,7.77243053664242));
#2862=CARTESIAN_POINT('Ctrl Pts',(180.637163522484,205.777520557596,7.77184004110438));
#2863=CARTESIAN_POINT('Ctrl Pts',(180.644195860645,205.790720986875,7.77180090283234));
#2864=CARTESIAN_POINT('Ctrl Pts',(180.651339627281,205.803866249048,7.77175231297064));
#2865=CARTESIAN_POINT('Ctrl Pts',(180.658594263605,205.816954904093,7.77169429648319));
#2866=CARTESIAN_POINT('Ctrl Pts',(180.794392480804,206.061959056107,7.77060829641208));
#2867=CARTESIAN_POINT('Ctrl Pts',(180.967471516153,206.284302213976,7.76622797274609));
#2868=CARTESIAN_POINT('Ctrl Pts',(181.171581679509,206.476022952075,7.75897165545046));
#2869=CARTESIAN_POINT('Ctrl Pts',(181.36251438665,206.655366101571,7.75218380969916));
#2870=CARTESIAN_POINT('Ctrl Pts',(181.578267465196,206.805722787019,7.74296842787174));
#2871=CARTESIAN_POINT('Ctrl Pts',(181.811889952373,206.922623962869,7.73183656786801));
#2872=CARTESIAN_POINT('Ctrl Pts',(181.860222522334,206.946808853324,7.72953357294266));
#2873=CARTESIAN_POINT('Ctrl Pts',(181.909319890487,206.969561831848,7.72714837793513));
#2874=CARTESIAN_POINT('Ctrl Pts',(181.95912046605,206.99084333705,7.72468519672566));
#2875=CARTESIAN_POINT('Ctrl Pts',(182.158250774733,207.075938592523,7.7148360327544));
#2876=CARTESIAN_POINT('Ctrl Pts',(182.366677074365,207.136675490486,7.70384034273792));
#2877=CARTESIAN_POINT('Ctrl Pts',(182.579864657122,207.171907951802,7.69200772120353));
#2878=CARTESIAN_POINT('Ctrl Pts',(182.61813428415,207.178232584487,7.68988362932615));
#2879=CARTESIAN_POINT('Ctrl Pts',(182.656557326166,207.183735357056,7.68773243306497));
#2880=CARTESIAN_POINT('Ctrl Pts',(182.695107532418,207.188409646165,7.68555574171395));
#2881=CARTESIAN_POINT('',(182.695107532418,207.188409646165,4.63039454831959));
#2882=CARTESIAN_POINT('',(182.695107532418,207.188409646165,9.50999279325515E-11));
#2883=CARTESIAN_POINT('',(183.345107532419,207.188409646165,4.63039454831959));
#2884=CARTESIAN_POINT('Origin',(183.020107532411,204.508041201341,4.63039454831959));
#2885=CARTESIAN_POINT('',(183.345107532419,207.188409646165,7.64715832878184));
#2886=CARTESIAN_POINT('',(183.345107532419,207.188409646165,9.50999279325515E-11));
#2887=CARTESIAN_POINT('',(185.700475978029,204.833041201962,7.44357253506616));
#2888=CARTESIAN_POINT('Ctrl Pts',(183.345107532419,207.18840964616,7.64715832878158));
#2889=CARTESIAN_POINT('Ctrl Pts',(183.530325933556,207.165951499344,7.63573361505085));
#2890=CARTESIAN_POINT('Ctrl Pts',(183.712830895757,207.124341480114,7.62405577523241));
#2891=CARTESIAN_POINT('Ctrl Pts',(183.889674309966,207.064181577067,7.61227719543751));
#2892=CARTESIAN_POINT('Ctrl Pts',(184.120351619689,206.985708060538,7.59691303210924));
#2893=CARTESIAN_POINT('Ctrl Pts',(184.339097925425,206.876453631568,7.58153113087324));
#2894=CARTESIAN_POINT('Ctrl Pts',(184.540050028771,206.739581972599,7.56640950126266));
#2895=CARTESIAN_POINT('Ctrl Pts',(184.589153953839,206.706136511845,7.56271443485157));
#2896=CARTESIAN_POINT('Ctrl Pts',(184.637195372528,206.67104203415,7.55903465794159));
#2897=CARTESIAN_POINT('Ctrl Pts',(184.684088715352,206.634344714444,7.55537379168714));
#2898=CARTESIAN_POINT('Ctrl Pts',(184.940320957396,206.433825068393,7.53537027068151));
#2899=CARTESIAN_POINT('Ctrl Pts',(185.158260203356,206.188591265398,7.51624268518938));
#2900=CARTESIAN_POINT('Ctrl Pts',(185.327324450933,205.910449881397,7.49850661155533));
#2901=CARTESIAN_POINT('Ctrl Pts',(185.43429923169,205.734456943804,7.4872841762049));
#2902=CARTESIAN_POINT('Ctrl Pts',(185.520805462301,205.546769503316,7.47671236698129));
#2903=CARTESIAN_POINT('Ctrl Pts',(185.585131430528,205.35104322999,7.46691726779309));
#2904=CARTESIAN_POINT('Ctrl Pts',(185.640502759022,205.182563468644,7.45848571721204));
#2905=CARTESIAN_POINT('Ctrl Pts',(185.679133811497,205.009056345756,7.45067619387602));
#2906=CARTESIAN_POINT('Ctrl Pts',(185.700475980548,204.833041203211,7.44357253483096));
#2907=CARTESIAN_POINT('',(185.700475977232,204.833041201346,4.63039454831959));
#2908=CARTESIAN_POINT('',(185.700475977235,204.833041201338,4.63039454831959));
#2909=CARTESIAN_POINT('',(185.700475977232,204.183041201337,4.63039454831959));
#2910=CARTESIAN_POINT('Origin',(183.020107532411,204.508041201341,4.63039454831959));
#2911=CARTESIAN_POINT('',(185.700475976342,204.18304120142,7.42094941030307));
#2912=CARTESIAN_POINT('',(185.700475977232,204.18304120133,9.50999279325515E-11));
#2913=CARTESIAN_POINT('',(183.345107532419,201.82767275651,7.46057891208482));
#2914=CARTESIAN_POINT('Ctrl Pts',(185.700475975446,204.183041201542,7.4209494098455));
#2915=CARTESIAN_POINT('Ctrl Pts',(185.67387698311,203.963671664475,7.41453254712764));
#2916=CARTESIAN_POINT('Ctrl Pts',(185.620500921368,203.748838733422,7.40950050975403));
#2917=CARTESIAN_POINT('Ctrl Pts',(185.541857364642,203.543274904203,7.40600954942966));
#2918=CARTESIAN_POINT('Ctrl Pts',(185.495343458802,203.421693722039,7.40394481321252));
#2919=CARTESIAN_POINT('Ctrl Pts',(185.439990665217,203.303354979134,7.40242027039824));
#2920=CARTESIAN_POINT('Ctrl Pts',(185.376111962727,203.189237533251,7.40147664575818));
#2921=CARTESIAN_POINT('Ctrl Pts',(185.208657593785,202.890085168831,7.39900298767713));
#2922=CARTESIAN_POINT('Ctrl Pts',(184.985757168828,202.625562382711,7.40056446909801));
#2923=CARTESIAN_POINT('Ctrl Pts',(184.719369219009,202.409825360363,7.40654995425434));
#2924=CARTESIAN_POINT('Ctrl Pts',(184.52711037912,202.254122560496,7.41086982845704));
#2925=CARTESIAN_POINT('Ctrl Pts',(184.31459188687,202.125767183171,7.41744612176463));
#2926=CARTESIAN_POINT('Ctrl Pts',(184.087892575328,202.028155151077,7.42624125542061));
#2927=CARTESIAN_POINT('Ctrl Pts',(184.043353835995,202.008977691633,7.42796920140613));
#2928=CARTESIAN_POINT('Ctrl Pts',(183.998267723705,201.990986898456,7.42978263234549));
#2929=CARTESIAN_POINT('Ctrl Pts',(183.952680322234,201.974208533103,7.43168100573111));
#2930=CARTESIAN_POINT('Ctrl Pts',(183.824400782023,201.926995467134,7.43702288654025));
#2931=CARTESIAN_POINT('Ctrl Pts',(183.692747332851,201.889601696359,7.44301316792283));
#2932=CARTESIAN_POINT('Ctrl Pts',(183.55885780547,201.86233748717,7.44961603518511));
#2933=CARTESIAN_POINT('Ctrl Pts',(183.488073806828,201.847923590997,7.453106803705));
#2934=CARTESIAN_POINT('Ctrl Pts',(183.416766117825,201.836361502385,7.45676366010808));
#2935=CARTESIAN_POINT('Ctrl Pts',(183.345107532419,201.827672756517,7.46057891208489));
#2936=CARTESIAN_POINT('',(183.345107532419,201.827672756517,4.63039454831959));
#2937=CARTESIAN_POINT('',(183.345107532419,201.827672756517,9.50999279325515E-11));
#2938=CARTESIAN_POINT('Origin',(183.020107532411,204.508041201341,4.63039454831959));
#2939=CARTESIAN_POINT('',(183.020107532411,201.808041201344,0.2000000000951));
#2940=CARTESIAN_POINT('',(183.020107532411,201.808041201341,9.50999279325515E-11));
#2941=CARTESIAN_POINT('Origin',(183.020107532411,204.508041201341,0.2000000000951));
#2942=CARTESIAN_POINT('Origin',(208.843461997552,199.892651673654,8.48850004250425));
#2943=CARTESIAN_POINT('',(182.695107532418,198.503639566632,4.63039454831959));
#2944=CARTESIAN_POINT('',(182.695107532418,199.507323673693,7.41821702180023));
#2945=CARTESIAN_POINT('',(182.695107532418,199.781667232332,8.18023081961183));
#2946=CARTESIAN_POINT('',(183.345107532419,198.503639566632,4.63039454831959));
#2947=CARTESIAN_POINT('',(201.906784764982,198.503639566632,4.63039454831959));
#2948=CARTESIAN_POINT('',(183.345107532419,199.493324247131,7.37933236105755));
#2949=CARTESIAN_POINT('',(183.345107532419,199.781667232332,8.18023081961183));
#2950=CARTESIAN_POINT('',(194.645107532415,199.371751478233,7.04165311027105));
#2951=CARTESIAN_POINT('Origin',(189.210333732324,244.977210590662,133.714992208763));
#2952=CARTESIAN_POINT('',(194.645107532415,198.503639566632,4.63039454831955));
#2953=CARTESIAN_POINT('',(194.645107532415,199.892651673654,8.48850004250425));
#2954=CARTESIAN_POINT('',(195.295107532416,198.503639566632,4.63039454831959));
#2955=CARTESIAN_POINT('',(201.906784764982,198.503639566632,4.63039454831959));
#2956=CARTESIAN_POINT('',(195.295107532416,199.371761169248,7.04168002794626));
#2957=CARTESIAN_POINT('',(195.295107532416,199.781667232332,8.18023081961227));
#2958=CARTESIAN_POINT('',(206.595107532416,199.493434382079,7.37963827076726));
#2959=CARTESIAN_POINT('Origin',(199.6503671004,236.721294071673,110.783560197482));
#2960=CARTESIAN_POINT('',(206.595107532416,198.503639566632,4.63039454831959));
#2961=CARTESIAN_POINT('',(206.595107532416,199.781667232332,8.18023081961183));
#2962=CARTESIAN_POINT('',(207.245107532417,198.503639566632,4.63039454831959));
#2963=CARTESIAN_POINT('',(201.906784764982,198.503639566632,4.63039454831959));
#2964=CARTESIAN_POINT('',(207.245107532417,199.507428007237,7.41850681755095));
#2965=CARTESIAN_POINT('',(207.245107532417,199.781667232332,8.18023081961183));
#2966=CARTESIAN_POINT('Origin',(194.949806583514,263.301068598968,184.6110722487));
#2967=CARTESIAN_POINT('',(177.839404077513,196.836584558034,9.51017042893909E-11));
#2968=CARTESIAN_POINT('',(206.669284764983,196.836584558034,9.50981515757121E-11));
#2969=CARTESIAN_POINT('',(180.388790334473,199.563161956627,7.57331285221246));
#2970=CARTESIAN_POINT('',(181.897489626899,201.176721055715,12.0551177219501));
#2971=CARTESIAN_POINT('Origin',(194.988418137029,263.262853453829,184.504925978032));
#2972=CARTESIAN_POINT('Ctrl Pts',(180.388474985477,211.581080408097,7.99161693686571));
#2973=CARTESIAN_POINT('Ctrl Pts',(181.156894751683,211.583007279267,7.93625513692813));
#2974=CARTESIAN_POINT('Ctrl Pts',(181.925797111286,211.584782327998,7.88525544803887));
#2975=CARTESIAN_POINT('Ctrl Pts',(182.695107532425,211.586405231938,7.83862713217825));
#2976=CARTESIAN_POINT('Ctrl Pts',(180.388475025618,209.424895768119,7.91657134274982));
#2977=CARTESIAN_POINT('Ctrl Pts',(181.156894791824,209.426822639281,7.86120954281223));
#2978=CARTESIAN_POINT('Ctrl Pts',(181.925797151427,209.42859768802,7.81020985392297));
#2979=CARTESIAN_POINT('Ctrl Pts',(182.695107572566,209.430220591959,7.76358153806235));
#2980=CARTESIAN_POINT('Ctrl Pts',(180.38847506576,207.268711128141,7.84152574863392));
#2981=CARTESIAN_POINT('Ctrl Pts',(181.156894831965,207.270637999303,7.78616394869634));
#2982=CARTESIAN_POINT('Ctrl Pts',(181.925797191569,207.272413048042,7.73516425980707));
#2983=CARTESIAN_POINT('Ctrl Pts',(182.695107612708,207.274035951981,7.68853594394645));
#2984=CARTESIAN_POINT('Ctrl Pts',(180.388475105901,205.112526488163,7.76648015451803));
#2985=CARTESIAN_POINT('Ctrl Pts',(181.156894872107,205.114453359325,7.71111835458044));
#2986=CARTESIAN_POINT('Ctrl Pts',(181.92579723171,205.116228408064,7.66011866569118));
#2987=CARTESIAN_POINT('Ctrl Pts',(182.695107652849,205.117851312003,7.61349034983056));
#2988=CARTESIAN_POINT('',(182.695107532418,207.188409646136,7.68555574171284));
#2989=CARTESIAN_POINT('',(180.388474985622,211.573407550837,7.99134988453518));
#2990=CARTESIAN_POINT('Ctrl Pts',(180.388676373852,203.903417303445,7.72438282408233));
#2991=CARTESIAN_POINT('Ctrl Pts',(180.388676472182,198.621715765251,7.54055421194614));
#2992=CARTESIAN_POINT('Ctrl Pts',(181.157029082005,203.905343979743,7.66902662304329));
#2993=CARTESIAN_POINT('Ctrl Pts',(181.157029180335,198.623642441549,7.48519801090711));
#2994=CARTESIAN_POINT('Ctrl Pts',(181.925864292723,203.907118860116,7.61803177159647));
#2995=CARTESIAN_POINT('Ctrl Pts',(181.925864391053,198.625417321922,7.43420315946028));
#2996=CARTESIAN_POINT('Ctrl Pts',(182.695107493677,203.908741622276,7.57140752929527));
#2997=CARTESIAN_POINT('Ctrl Pts',(182.695107592007,198.627040084082,7.38757891715908));
#2998=CARTESIAN_POINT('',(182.695107532418,199.507323673701,7.41821702180002));
#2999=CARTESIAN_POINT('',(180.388676373881,203.903417303445,7.72438282407993));
#3000=CARTESIAN_POINT('Ctrl Pts',(183.345107445184,204.178813748666,7.54240992725856));
#3001=CARTESIAN_POINT('Ctrl Pts',(183.34510755283,198.396428912148,7.34115512865869));
#3002=CARTESIAN_POINT('Ctrl Pts',(186.514683489801,204.185145169373,7.36049938321914));
#3003=CARTESIAN_POINT('Ctrl Pts',(186.514683597447,198.402760332855,7.15924458461927));
#3004=CARTESIAN_POINT('Ctrl Pts',(189.690826154962,204.18889396829,7.25279185891109));
#3005=CARTESIAN_POINT('Ctrl Pts',(189.690826262608,198.406509131772,7.05153706031122));
#3006=CARTESIAN_POINT('Ctrl Pts',(193.460554076402,204.190250643915,7.21381432992689));
#3007=CARTESIAN_POINT('Ctrl Pts',(193.460554184048,198.407865807397,7.01255953132702));
#3008=CARTESIAN_POINT('Ctrl Pts',(194.052825354385,204.190373275262,7.21029124436953));
#3009=CARTESIAN_POINT('Ctrl Pts',(194.052825462031,198.407988438744,7.00903644576966));
#3010=CARTESIAN_POINT('Ctrl Pts',(194.645107488432,204.190405508649,7.20936544236613));
#3011=CARTESIAN_POINT('Ctrl Pts',(194.645107596078,198.408020672131,7.00811064376626));
#3012=CARTESIAN_POINT('',(192.289739087616,204.183041201295,7.22651220666696));
#3013=CARTESIAN_POINT('Ctrl Pts',(192.289739087629,204.183041201331,7.22651220712435));
#3014=CARTESIAN_POINT('Ctrl Pts',(191.191109572362,204.183041201332,7.24103101401208));
#3015=CARTESIAN_POINT('Ctrl Pts',(190.092563599174,204.183041201332,7.26450685747624));
#3016=CARTESIAN_POINT('Ctrl Pts',(187.896069253627,204.183041201333,7.32933018818886));
#3017=CARTESIAN_POINT('Ctrl Pts',(186.798050595673,204.183041201333,7.37067974789663));
#3018=CARTESIAN_POINT('Ctrl Pts',(185.700475976342,204.183041201334,7.42094940979727));
#3019=CARTESIAN_POINT('',(194.645107532411,201.827672756517,7.12713098070001));
#3020=CARTESIAN_POINT('Ctrl Pts',(194.645107532411,201.827672756517,7.12713098070035));
#3021=CARTESIAN_POINT('Ctrl Pts',(194.503952025644,201.844788142197,7.12794758735171));
#3022=CARTESIAN_POINT('Ctrl Pts',(194.364314355056,201.873033894041,7.12929778367935));
#3023=CARTESIAN_POINT('Ctrl Pts',(194.227503779838,201.912171469136,7.13115645996793));
#3024=CARTESIAN_POINT('Ctrl Pts',(194.003777042652,201.976173261128,7.13419595878493));
#3025=CARTESIAN_POINT('Ctrl Pts',(193.789430886412,202.068781164584,7.13857283919773));
#3026=CARTESIAN_POINT('Ctrl Pts',(193.589739650763,202.187570467966,7.144061731646));
#3027=CARTESIAN_POINT('Ctrl Pts',(193.558422884175,202.206199712635,7.14492253238706));
#3028=CARTESIAN_POINT('Ctrl Pts',(193.527466543043,202.225472876137,7.14581057839543));
#3029=CARTESIAN_POINT('Ctrl Pts',(193.496890967077,202.245380610057,7.14672489165456));
#3030=CARTESIAN_POINT('Ctrl Pts',(193.258386931853,202.400670403371,7.15385696995142));
#3031=CARTESIAN_POINT('Ctrl Pts',(193.04635509449,202.592420481377,7.1624900024214));
#3032=CARTESIAN_POINT('Ctrl Pts',(192.868327380844,202.813190664741,7.17201683405365));
#3033=CARTESIAN_POINT('Ctrl Pts',(192.821205614291,202.871625842215,7.17453847030322));
#3034=CARTESIAN_POINT('Ctrl Pts',(192.776466166643,202.932094159417,7.1771226795766));
#3035=CARTESIAN_POINT('Ctrl Pts',(192.734248678865,202.994457643296,7.17975828508378));
#3036=CARTESIAN_POINT('Ctrl Pts',(192.608375355601,203.180397152713,7.18761646048598));
#3037=CARTESIAN_POINT('Ctrl Pts',(192.506191430926,203.381307843563,7.19584910447142));
#3038=CARTESIAN_POINT('Ctrl Pts',(192.430060523484,203.592529763697,7.20415388224576));
#3039=CARTESIAN_POINT('Ctrl Pts',(192.361234619082,203.78348426787,7.21166179014268));
#3040=CARTESIAN_POINT('Ctrl Pts',(192.314167283561,203.981574845739,7.21917738128935));
#3041=CARTESIAN_POINT('Ctrl Pts',(192.289739087629,204.183041201223,7.22651220712058));
#3042=CARTESIAN_POINT('',(194.645107532411,199.371751478233,7.04165311027116));
#3043=CARTESIAN_POINT('',(183.345107532419,201.827672756466,7.46057891208307));
#3044=CARTESIAN_POINT('Ctrl Pts',(183.345107450172,211.606366420216,7.80092446955643));
#3045=CARTESIAN_POINT('Ctrl Pts',(183.345107601731,203.465192071871,7.51757245301541));
#3046=CARTESIAN_POINT('Ctrl Pts',(186.514683447233,211.612697840748,7.61901393049365));
#3047=CARTESIAN_POINT('Ctrl Pts',(186.514683598792,203.471523492403,7.33566191395263));
#3048=CARTESIAN_POINT('Ctrl Pts',(189.690826064569,211.616446639586,7.5113064089361));
#3049=CARTESIAN_POINT('Ctrl Pts',(189.690826216128,203.475272291241,7.22795439239508));
#3050=CARTESIAN_POINT('Ctrl Pts',(193.46055399887,211.61780331521,7.47232887981877));
#3051=CARTESIAN_POINT('Ctrl Pts',(193.460554150429,203.476628966865,7.18897686327775));
#3052=CARTESIAN_POINT('Ctrl Pts',(194.052825337618,211.617925946557,7.46880579416677));
#3053=CARTESIAN_POINT('Ctrl Pts',(194.052825489177,203.476751598212,7.18545377762575));
#3054=CARTESIAN_POINT('Ctrl Pts',(194.645107532418,211.61795817993,7.46787999260124));
#3055=CARTESIAN_POINT('Ctrl Pts',(194.645107683977,203.476783831585,7.18452797606022));
#3056=CARTESIAN_POINT('',(194.645107532415,207.188409646158,7.31371040297521));
#3057=CARTESIAN_POINT('',(194.645107532415,207.188409646129,7.31371040297398));
#3058=CARTESIAN_POINT('',(192.289739087614,204.833041201305,7.24913533222224));
#3059=CARTESIAN_POINT('Ctrl Pts',(192.289739087635,204.833041201287,7.24913533267758));
#3060=CARTESIAN_POINT('Ctrl Pts',(192.316232495716,205.051539955138,7.25639001951054));
#3061=CARTESIAN_POINT('Ctrl Pts',(192.369302115045,205.265624708558,7.26314039021188));
#3062=CARTESIAN_POINT('Ctrl Pts',(192.447512878659,205.470596060134,7.26930185184577));
#3063=CARTESIAN_POINT('Ctrl Pts',(192.489797035601,205.581412530891,7.27263300728637));
#3064=CARTESIAN_POINT('Ctrl Pts',(192.539429858941,205.689565160269,7.27579300358551));
#3065=CARTESIAN_POINT('Ctrl Pts',(192.596184669976,205.794311095824,7.27877469178183));
#3066=CARTESIAN_POINT('Ctrl Pts',(192.674487411994,205.938825610446,7.28288842870308));
#3067=CARTESIAN_POINT('Ctrl Pts',(192.765635489087,206.075542727392,7.2866254539272));
#3068=CARTESIAN_POINT('Ctrl Pts',(192.868327317738,206.20289047595,7.28999468784654));
#3069=CARTESIAN_POINT('Ctrl Pts',(192.987808263006,206.351058344564,7.29391475878884));
#3070=CARTESIAN_POINT('Ctrl Pts',(193.122916014989,206.486542796054,7.29733731271892));
#3071=CARTESIAN_POINT('Ctrl Pts',(193.271600165485,206.606867712691,7.30028271453974));
#3072=CARTESIAN_POINT('Ctrl Pts',(193.463083899347,206.761828844979,7.3040759671258));
#3073=CARTESIAN_POINT('Ctrl Pts',(193.674667029091,206.88968932745,7.30703394249987));
#3074=CARTESIAN_POINT('Ctrl Pts',(193.900348092692,206.987076144371,7.30923940810676));
#3075=CARTESIAN_POINT('Ctrl Pts',(193.954687472734,207.010524896213,7.30977043907527));
#3076=CARTESIAN_POINT('Ctrl Pts',(194.009844168089,207.032206952013,7.31025761210083));
#3077=CARTESIAN_POINT('Ctrl Pts',(194.065734385959,207.052075244387,7.31070159361231));
#3078=CARTESIAN_POINT('Ctrl Pts',(194.181361294156,207.093179203291,7.31162011229812));
#3079=CARTESIAN_POINT('Ctrl Pts',(194.299657226139,207.126352879525,7.31235038863813));
#3080=CARTESIAN_POINT('Ctrl Pts',(194.419799027859,207.151364970736,7.31289912236776));
#3081=CARTESIAN_POINT('Ctrl Pts',(194.494362182126,207.166888130774,7.31323968091731));
#3082=CARTESIAN_POINT('Ctrl Pts',(194.56953247379,207.179246020125,7.31350973995149));
#3083=CARTESIAN_POINT('Ctrl Pts',(194.645107532411,207.188409646158,7.31371040297502));
#3084=CARTESIAN_POINT('Ctrl Pts',(185.700475976304,204.833041201338,7.44357253496015));
#3085=CARTESIAN_POINT('Ctrl Pts',(186.798050595743,204.833041201338,7.39330287312003));
#3086=CARTESIAN_POINT('Ctrl Pts',(187.896069253707,204.833041201337,7.35195331347896));
#3087=CARTESIAN_POINT('Ctrl Pts',(190.092563599165,204.833041201336,7.28712998290005));
#3088=CARTESIAN_POINT('Ctrl Pts',(191.191109572356,204.833041201336,7.26365413950141));
#3089=CARTESIAN_POINT('Ctrl Pts',(192.289739087623,204.833041201335,7.24913533267941));
#3090=CARTESIAN_POINT('',(183.345107532419,211.589663445608,7.80034312101083));
#3091=CARTESIAN_POINT('Ctrl Pts',(195.295107449951,211.617955924397,7.4679064950754));
#3092=CARTESIAN_POINT('Ctrl Pts',(195.29510760151,203.476791339934,7.1845548183647));
#3093=CARTESIAN_POINT('Ctrl Pts',(199.064729950413,211.617740226247,7.47410587777242));
#3094=CARTESIAN_POINT('Ctrl Pts',(199.064730101972,203.476575641784,7.19075420106172));
#3095=CARTESIAN_POINT('Ctrl Pts',(202.83429272602,211.613864319959,7.58546912344486));
#3096=CARTESIAN_POINT('Ctrl Pts',(202.834292877579,203.472699735496,7.30211744673416));
#3097=CARTESIAN_POINT('Ctrl Pts',(206.59510753211,211.606355007221,7.80122616997934));
#3098=CARTESIAN_POINT('Ctrl Pts',(206.595107683669,203.465190422758,7.51787449326864));
#3099=CARTESIAN_POINT('',(197.650475975968,204.833041202073,7.24933354384765));
#3100=CARTESIAN_POINT('Ctrl Pts',(197.650475977659,204.833041201334,7.2493335436529));
#3101=CARTESIAN_POINT('Ctrl Pts',(198.74910502683,204.833041201333,7.26391725493153));
#3102=CARTESIAN_POINT('Ctrl Pts',(199.847650628659,204.833041201333,7.28743355018219));
#3103=CARTESIAN_POINT('Ctrl Pts',(202.044144560557,204.833041201332,7.35230047213333));
#3104=CARTESIAN_POINT('Ctrl Pts',(203.142163546297,204.833041201331,7.39365318449173));
#3105=CARTESIAN_POINT('Ctrl Pts',(204.23973908917,204.833041201331,7.44391316393087));
#3106=CARTESIAN_POINT('',(195.295107532416,207.188409646165,7.31373698382362));
#3107=CARTESIAN_POINT('Ctrl Pts',(195.295107532415,207.188409646159,7.31373698382369));
#3108=CARTESIAN_POINT('Ctrl Pts',(195.488577779888,207.164950939736,7.31323906739643));
#3109=CARTESIAN_POINT('Ctrl Pts',(195.679051267402,207.120600175635,7.31228942940863));
#3110=CARTESIAN_POINT('Ctrl Pts',(195.863173566761,207.05606652667,7.31086309478585));
#3111=CARTESIAN_POINT('Ctrl Pts',(196.095221039151,206.974735421321,7.30906549968113));
#3112=CARTESIAN_POINT('Ctrl Pts',(196.314802599099,206.862180889613,7.30652939447575));
#3113=CARTESIAN_POINT('Ctrl Pts',(196.515935166582,206.721729610219,7.30318471827253));
#3114=CARTESIAN_POINT('Ctrl Pts',(196.564774608369,206.687624929064,7.30237255681718));
#3115=CARTESIAN_POINT('Ctrl Pts',(196.61252625818,206.651875391938,7.3015124710287));
#3116=CARTESIAN_POINT('Ctrl Pts',(196.65910447008,206.614528643089,7.30060303335748));
#3117=CARTESIAN_POINT('Ctrl Pts',(196.912607185779,206.41126832309,7.29565340326192));
#3118=CARTESIAN_POINT('Ctrl Pts',(197.127326119983,206.163924991379,7.28931776606521));
#3119=CARTESIAN_POINT('Ctrl Pts',(197.292938751539,205.884433266371,7.28149633166986));
#3120=CARTESIAN_POINT('Ctrl Pts',(197.394663344442,205.712760479826,7.27669215567007));
#3121=CARTESIAN_POINT('Ctrl Pts',(197.477036382738,205.530350583694,7.27136582632869));
#3122=CARTESIAN_POINT('Ctrl Pts',(197.538556137483,205.340550508329,7.26554253715896));
#3123=CARTESIAN_POINT('Ctrl Pts',(197.592110877581,205.175324009152,7.26047319416026));
#3124=CARTESIAN_POINT('Ctrl Pts',(197.629581413197,205.005364551759,7.25505386082347));
#3125=CARTESIAN_POINT('Ctrl Pts',(197.65047597301,204.833041203547,7.24933354366823));
#3126=CARTESIAN_POINT('',(195.295107532416,211.61795592439,7.46790649521084));
#3127=CARTESIAN_POINT('Ctrl Pts',(195.29510744266,204.190416094112,7.2093923912434));
#3128=CARTESIAN_POINT('Ctrl Pts',(195.295107550306,198.40803018421,7.00813755528456));
#3129=CARTESIAN_POINT('Ctrl Pts',(199.064729930924,204.190200396057,7.21559177121298));
#3130=CARTESIAN_POINT('Ctrl Pts',(199.06473003857,198.407814486155,7.01433693525414));
#3131=CARTESIAN_POINT('Ctrl Pts',(202.834292694446,204.18632448987,7.32695501348737));
#3132=CARTESIAN_POINT('Ctrl Pts',(202.834292802092,198.403938579968,7.12570017752853));
#3133=CARTESIAN_POINT('Ctrl Pts',(206.595107488647,204.178815177278,7.54271205596055));
#3134=CARTESIAN_POINT('Ctrl Pts',(206.595107596293,198.396429267376,7.34145722000171));
#3135=CARTESIAN_POINT('',(197.650475977598,204.183041201445,7.22671041834639));
#3136=CARTESIAN_POINT('Ctrl Pts',(204.239739089127,204.183041201326,7.42129003765951));
#3137=CARTESIAN_POINT('Ctrl Pts',(203.142163546362,204.183041201327,7.37103005829117));
#3138=CARTESIAN_POINT('Ctrl Pts',(202.044144560641,204.183041201327,7.32967734599752));
#3139=CARTESIAN_POINT('Ctrl Pts',(199.847650628681,204.183041201328,7.26481042417545));
#3140=CARTESIAN_POINT('Ctrl Pts',(198.749105026865,204.183041201329,7.2412941289904));
#3141=CARTESIAN_POINT('Ctrl Pts',(197.650475977708,204.183041201329,7.22671041777724));
#3142=CARTESIAN_POINT('',(206.595107532416,199.493434382079,7.37963827076725));
#3143=CARTESIAN_POINT('',(195.295107532416,201.827672756517,7.12715756122797));
#3144=CARTESIAN_POINT('',(195.295107532416,201.827672756466,7.12715756122629));
#3145=CARTESIAN_POINT('Ctrl Pts',(197.650475977824,204.183041201438,7.22671041778257));
#3146=CARTESIAN_POINT('Ctrl Pts',(197.623858182126,203.963516588702,7.21871656859932));
#3147=CARTESIAN_POINT('Ctrl Pts',(197.570427058652,203.748549232506,7.21052592038622));
#3148=CARTESIAN_POINT('Ctrl Pts',(197.491704447644,203.542875985882,7.2023841784131));
#3149=CARTESIAN_POINT('Ctrl Pts',(197.44575667289,203.422831339397,7.19763211389822));
#3150=CARTESIAN_POINT('Ctrl Pts',(197.391192906477,203.305952850963,7.1928977960979));
#3151=CARTESIAN_POINT('Ctrl Pts',(197.328315651837,203.193182097255,7.18823812931367));
#3152=CARTESIAN_POINT('Ctrl Pts',(197.170432024719,202.910016813874,7.1765377919298));
#3153=CARTESIAN_POINT('Ctrl Pts',(196.962887566261,202.657694543053,7.16550942856365));
#3154=CARTESIAN_POINT('Ctrl Pts',(196.715735751672,202.448239727009,7.15607873046964));
#3155=CARTESIAN_POINT('Ctrl Pts',(196.701157368138,202.435884921335,7.15552245563899));
#3156=CARTESIAN_POINT('Ctrl Pts',(196.686441179916,202.423679263712,7.15497175190741));
#3157=CARTESIAN_POINT('Ctrl Pts',(196.671589250669,202.411625221788,7.15442681225385));
#3158=CARTESIAN_POINT('Ctrl Pts',(196.478405042349,202.254834106825,7.1473385926831));
#3159=CARTESIAN_POINT('Ctrl Pts',(196.264609994724,202.125607176938,7.1413159042463));
#3160=CARTESIAN_POINT('Ctrl Pts',(196.036349667937,202.027491347817,7.13668955349558));
#3161=CARTESIAN_POINT('Ctrl Pts',(195.997276968582,202.010696268501,7.13589763308377));
#3162=CARTESIAN_POINT('Ctrl Pts',(195.957780423245,201.994812787247,7.13514650322669));
#3163=CARTESIAN_POINT('Ctrl Pts',(195.917890861631,201.979858700053,7.13443765534809));
#3164=CARTESIAN_POINT('Ctrl Pts',(195.79110550151,201.932328487802,7.13218464654272));
#3165=CARTESIAN_POINT('Ctrl Pts',(195.660918817308,201.894400700022,7.1303694860056));
#3166=CARTESIAN_POINT('Ctrl Pts',(195.528431830048,201.866398913203,7.12902405315963));
#3167=CARTESIAN_POINT('Ctrl Pts',(195.451243399009,201.850084752577,7.12824018862623));
#3168=CARTESIAN_POINT('Ctrl Pts',(195.373393747622,201.837165115671,7.12761684347853));
#3169=CARTESIAN_POINT('Ctrl Pts',(195.295107532416,201.827672756518,7.12715756122795));
#3170=CARTESIAN_POINT('Origin',(179.940316414129,204.615585533618,6.43403668661717));
#3171=CARTESIAN_POINT('',(179.330582306447,204.183041201344,4.63039454831959));
#3172=CARTESIAN_POINT('',(180.68099580978,204.183041201337,8.59160749139907));
#3173=CARTESIAN_POINT('',(177.749580424002,204.389755777695,9.51008161109712E-11));
#3174=CARTESIAN_POINT('',(179.322852391015,204.833041201346,4.63039454831954));
#3175=CARTESIAN_POINT('',(179.322852391015,204.833041201338,4.63039454831959));
#3176=CARTESIAN_POINT('',(179.325295166163,204.627630953022,4.63039454831959));
#3177=CARTESIAN_POINT('Ctrl Pts',(207.245107445262,204.188911693644,7.58144496212176));
#3178=CARTESIAN_POINT('Ctrl Pts',(208.103795464864,204.187101048134,7.63346827603773));
#3179=CARTESIAN_POINT('Ctrl Pts',(208.962001070897,204.185100958981,7.69093462080753));
#3180=CARTESIAN_POINT('Ctrl Pts',(209.819620761868,204.182911742828,7.75383489794884));
#3181=CARTESIAN_POINT('Ctrl Pts',(207.245107474311,202.628417131506,7.5271322472648));
#3182=CARTESIAN_POINT('Ctrl Pts',(208.103795493913,202.626606485996,7.57915556118077));
#3183=CARTESIAN_POINT('Ctrl Pts',(208.962001099946,202.624606396843,7.63662190595057));
#3184=CARTESIAN_POINT('Ctrl Pts',(209.819620790917,202.62241718069,7.69952218309188));
#3185=CARTESIAN_POINT('Ctrl Pts',(207.245107503368,201.067922569375,7.47281953240784));
#3186=CARTESIAN_POINT('Ctrl Pts',(208.103795522969,201.066111923865,7.52484284632382));
#3187=CARTESIAN_POINT('Ctrl Pts',(208.962001129003,201.064111834712,7.58230919109361));
#3188=CARTESIAN_POINT('Ctrl Pts',(209.819620819973,201.061922618559,7.64520946823493));
#3189=CARTESIAN_POINT('Ctrl Pts',(207.245107532417,199.507428007237,7.41850681755088));
#3190=CARTESIAN_POINT('Ctrl Pts',(208.103795552019,199.505617361727,7.47053013146686));
#3191=CARTESIAN_POINT('Ctrl Pts',(208.962001158052,199.503617272574,7.52799647623665));
#3192=CARTESIAN_POINT('Ctrl Pts',(209.819620849023,199.501428056421,7.59089675337797));
#3193=CARTESIAN_POINT('Origin',(199.622934119399,204.183040994992,109.24516719186));
#3194=CARTESIAN_POINT('',(207.245107532417,201.82767275651,7.49926249502181));
#3195=CARTESIAN_POINT('Ctrl Pts',(204.920107485777,206.51285031742,7.53467761038905));
#3196=CARTESIAN_POINT('Ctrl Pts',(204.920107575181,201.710387113563,7.36752879684542));
#3197=CARTESIAN_POINT('Ctrl Pts',(206.254507731985,206.510570220264,7.60018930474135));
#3198=CARTESIAN_POINT('Ctrl Pts',(206.254507821389,201.708107016407,7.43304049119772));
#3199=CARTESIAN_POINT('Ctrl Pts',(207.58797018863,206.507832779578,7.67884123847626));
#3200=CARTESIAN_POINT('Ctrl Pts',(207.587970278034,201.705369575721,7.51169242493263));
#3201=CARTESIAN_POINT('Ctrl Pts',(208.920107504553,206.504639182567,7.77059930067895));
#3202=CARTESIAN_POINT('Ctrl Pts',(208.920107593957,201.70217597871,7.60345048713532));
#3203=CARTESIAN_POINT('',(206.420107532449,204.008041201365,7.52679222902568));
#3204=CARTESIAN_POINT('',(206.420107532452,202.508041201365,7.47458501425729));
#3205=CARTESIAN_POINT('',(206.420107532524,204.008041201412,7.52679222789558));
#3206=CARTESIAN_POINT('',(204.920107532413,204.008041201334,7.44749820804193));
#3207=CARTESIAN_POINT('Origin',(194.952341463349,204.008041206534,210.234448497859));
#3208=CARTESIAN_POINT('',(204.920107532413,205.008041201334,7.48230301775001));
#3209=CARTESIAN_POINT('',(204.920107532413,205.008041201363,7.48230301775102));
#3210=CARTESIAN_POINT('',(206.420107532451,205.008041201366,7.56159703887161));
#3211=CARTESIAN_POINT('Origin',(194.952341444901,205.008041201341,210.269253305872));
#3212=CARTESIAN_POINT('',(206.420107532452,206.508041201365,7.61380425364026));
#3213=CARTESIAN_POINT('',(206.420107532528,206.508041201412,7.61380425251011));
#3214=CARTESIAN_POINT('',(207.420107532455,206.508041201365,7.67285284407049));
#3215=CARTESIAN_POINT('Origin',(194.954310711722,206.508041224683,210.286553949052));
#3216=CARTESIAN_POINT('',(207.420107532456,205.008041201365,7.62064562916359));
#3217=CARTESIAN_POINT('',(207.420107532541,205.008041201412,7.62064562803158));
#3218=CARTESIAN_POINT('',(208.920107532413,205.008041201334,7.71851049410275));
#3219=CARTESIAN_POINT('Origin',(194.957965078437,205.008041201341,210.175491460845));
#3220=CARTESIAN_POINT('',(208.920107532409,204.008041201334,7.68370568402651));
#3221=CARTESIAN_POINT('',(208.920107532413,204.00804120137,7.68370568402738));
#3222=CARTESIAN_POINT('',(207.420107532455,204.008041201366,7.58584081922556));
#3223=CARTESIAN_POINT('Origin',(194.957965095846,204.008041196161,210.14068667055));
#3224=CARTESIAN_POINT('',(207.420107532454,202.508041201365,7.53363360431844));
#3225=CARTESIAN_POINT('',(207.420107532538,202.508041201412,7.5336336031866));
#3226=CARTESIAN_POINT('Origin',(194.954310784361,202.508038598666,210.147334746861));
#3227=CARTESIAN_POINT('Ctrl Pts',(181.020107485932,206.504637598438,7.77036162945457));
#3228=CARTESIAN_POINT('Ctrl Pts',(181.020107575339,201.70217333013,7.60321277886311));
#3229=CARTESIAN_POINT('Ctrl Pts',(182.3521821658,206.507832558644,7.67856582533881));
#3230=CARTESIAN_POINT('Ctrl Pts',(182.352182255207,201.705368290336,7.51141697474735));
#3231=CARTESIAN_POINT('Ctrl Pts',(183.685644797992,206.510571318489,7.59987741665617));
#3232=CARTESIAN_POINT('Ctrl Pts',(183.685644887399,201.708107050181,7.43272856606471));
#3233=CARTESIAN_POINT('Ctrl Pts',(185.020107504406,206.512852198401,7.53434465980338));
#3234=CARTESIAN_POINT('Ctrl Pts',(185.020107593813,201.710387930093,7.36719580921192));
#3235=CARTESIAN_POINT('',(183.520107532369,206.508041201363,7.61349821684049));
#3236=CARTESIAN_POINT('',(182.520107532369,206.508041201366,7.67257126276445));
#3237=CARTESIAN_POINT('Origin',(194.979960031955,206.508038603404,210.101741793192));
#3238=CARTESIAN_POINT('',(183.520107532373,205.008041201363,7.56129100523191));
#3239=CARTESIAN_POINT('',(183.520107532295,205.008041201405,7.56129100409375));
#3240=CARTESIAN_POINT('',(185.020107532411,205.008041201341,7.48197000078188));
#3241=CARTESIAN_POINT('Origin',(194.979115702312,205.008041201341,210.034346799303));
#3242=CARTESIAN_POINT('',(185.020107532411,204.008041201349,7.44716519290469));
#3243=CARTESIAN_POINT('',(185.020107532415,204.008041201349,7.4471651929048));
#3244=CARTESIAN_POINT('',(183.520107532373,204.008041201365,7.52648619749396));
#3245=CARTESIAN_POINT('Origin',(194.979115739604,204.008041201341,209.999542337595));
#3246=CARTESIAN_POINT('',(183.520107532373,202.508041201363,7.47427898588532));
#3247=CARTESIAN_POINT('',(183.520107532295,202.508041201411,7.47427898474653));
#3248=CARTESIAN_POINT('',(182.520107532369,202.508041201365,7.53335203217695));
#3249=CARTESIAN_POINT('Origin',(194.97996009743,202.508041201341,209.962522421609));
#3250=CARTESIAN_POINT('',(182.520107532369,204.008041201365,7.58555924364693));
#3251=CARTESIAN_POINT('',(182.520107532285,204.00804120142,7.58555924250929));
#3252=CARTESIAN_POINT('',(181.020107532408,204.008041201341,7.68346806922144));
#3253=CARTESIAN_POINT('Origin',(194.979404655727,204.008041201341,210.005911258468));
#3254=CARTESIAN_POINT('',(181.020107532408,205.008041201334,7.71827287672932));
#3255=CARTESIAN_POINT('',(181.020107532415,205.008041201298,7.71827287672807));
#3256=CARTESIAN_POINT('',(182.520107532369,205.008041201367,7.62036405129431));
#3257=CARTESIAN_POINT('Origin',(194.979404669594,205.008041201341,210.040716568706));
#3258=CARTESIAN_POINT('',(182.520107532285,206.508041201415,7.67257126162578));
#3259=CARTESIAN_POINT('Ctrl Pts',(192.970107485875,206.507722495007,7.29957630050653));
#3260=CARTESIAN_POINT('Ctrl Pts',(192.970107575234,201.707695610393,7.13251228258853));
#3261=CARTESIAN_POINT('Ctrl Pts',(194.303352962197,206.50817896545,7.28646185921437));
#3262=CARTESIAN_POINT('Ctrl Pts',(194.303353051556,201.708152080836,7.11939784129637));
#3263=CARTESIAN_POINT('Ctrl Pts',(195.636814472291,206.508176797695,7.28652485563188));
#3264=CARTESIAN_POINT('Ctrl Pts',(195.63681456165,201.708149913081,7.11946083771388));
#3265=CARTESIAN_POINT('Ctrl Pts',(196.970107504494,206.507717185479,7.29973099161841));
#3266=CARTESIAN_POINT('Ctrl Pts',(196.970107593853,201.707690300865,7.13266697370041));
#3267=CARTESIAN_POINT('',(195.470107532414,206.508041201364,7.29042067421584));
#3268=CARTESIAN_POINT('',(194.47010753241,206.508041201364,7.29037986126993));
#3269=CARTESIAN_POINT('Origin',(194.96184725512,206.508041201341,209.683958963573));
#3270=CARTESIAN_POINT('',(195.470107532416,205.008041201364,7.23821346095692));
#3271=CARTESIAN_POINT('',(195.470107532424,205.008041201419,7.23821345983711));
#3272=CARTESIAN_POINT('',(196.970107532412,205.008041201341,7.24753505573975));
#3273=CARTESIAN_POINT('Origin',(194.961388066259,205.008041201341,209.791839835889));
#3274=CARTESIAN_POINT('',(196.970107532412,204.008041201341,7.21273024676234));
#3275=CARTESIAN_POINT('',(196.970107532412,204.008041201363,7.21273024676352));
#3276=CARTESIAN_POINT('',(195.470107532415,204.008041201364,7.20340865211764));
#3277=CARTESIAN_POINT('Origin',(194.961388084943,204.008041196159,209.757035018974));
#3278=CARTESIAN_POINT('',(195.470107532414,202.508041201364,7.1512014388587));
#3279=CARTESIAN_POINT('',(195.470107532417,202.508041201411,7.1512014377386));
#3280=CARTESIAN_POINT('',(194.47010753241,202.508041201364,7.15116062628061));
#3281=CARTESIAN_POINT('Origin',(194.961847329544,202.508041201341,209.544739723127));
#3282=CARTESIAN_POINT('',(194.470107532412,204.008041201362,7.20336783940165));
#3283=CARTESIAN_POINT('',(194.470107532411,204.008041201419,7.2033678382811));
#3284=CARTESIAN_POINT('',(192.970107532412,204.008041201341,7.21257537103808));
#3285=CARTESIAN_POINT('Origin',(194.961318001614,204.00804120392,209.413726492273));
#3286=CARTESIAN_POINT('',(192.970107532412,205.008041201341,7.24738017964731));
#3287=CARTESIAN_POINT('',(192.970107532408,205.008041201341,7.24738017964711));
#3288=CARTESIAN_POINT('',(194.470107532413,205.008041201364,7.23817264814895));
#3289=CARTESIAN_POINT('Origin',(194.961317983056,205.008041201341,209.44853130244));
#3290=CARTESIAN_POINT('',(194.470107532407,206.508041201419,7.29037986014938));
#3291=CARTESIAN_POINT('Ctrl Pts',(210.568954701645,211.01569497228,9.1091045912403));
#3292=CARTESIAN_POINT('Ctrl Pts',(211.544338978569,211.763143715296,6.0727363941919));
#3293=CARTESIAN_POINT('Ctrl Pts',(212.519723255493,212.510592458311,3.0363681971435));
#3294=CARTESIAN_POINT('Ctrl Pts',(213.495107532417,213.258041201327,9.50999279325515E-11));
#3295=CARTESIAN_POINT('Ctrl Pts',(210.568954701645,210.119273548902,9.07794647846945));
#3296=CARTESIAN_POINT('Ctrl Pts',(211.544338978569,211.121896201745,6.05196431901134));
#3297=CARTESIAN_POINT('Ctrl Pts',(212.519723255493,212.124518854587,3.02598215955322));
#3298=CARTESIAN_POINT('Ctrl Pts',(213.495107532417,213.12714150743,9.50999279325515E-11));
#3299=CARTESIAN_POINT('Ctrl Pts',(210.568954701645,201.246031981565,8.78321703213902));
#3300=CARTESIAN_POINT('Ctrl Pts',(211.544338978569,199.460334952782,5.85547802145771));
#3301=CARTESIAN_POINT('Ctrl Pts',(212.519723255493,197.674637924007,2.92773901077641));
#3302=CARTESIAN_POINT('Ctrl Pts',(213.495107532417,195.888940895224,9.50999279325515E-11));
#3303=CARTESIAN_POINT('Ctrl Pts',(210.568954701645,200.349610558187,8.75205891936816));
#3304=CARTESIAN_POINT('Ctrl Pts',(211.544338978569,198.819087439231,5.83470594627714));
#3305=CARTESIAN_POINT('Ctrl Pts',(212.519723255493,197.288564320283,2.91735297318612));
#3306=CARTESIAN_POINT('Ctrl Pts',(213.495107532417,195.758041201327,9.50999279325515E-11));
#3307=CARTESIAN_POINT('',(210.572071170038,200.344720355388,8.74273763078092));
#3308=CARTESIAN_POINT('',(213.495107532417,195.758041201327,9.50999279325515E-11));
#3309=CARTESIAN_POINT('',(210.495107532432,200.465487759029,8.97293418234134));
#3310=CARTESIAN_POINT('',(213.495107532417,213.258041201327,9.50999279325515E-11));
#3311=CARTESIAN_POINT('',(213.495107532417,195.758041201327,9.50999279325515E-11));
#3312=CARTESIAN_POINT('',(210.568969606349,211.015706393933,9.10905819295087));
#3313=CARTESIAN_POINT('',(210.495107532432,210.959104995272,9.33899059755919));
#3314=CARTESIAN_POINT('Ctrl Pts',(210.572071170041,200.344720355388,8.74273763078199));
#3315=CARTESIAN_POINT('Ctrl Pts',(210.57232067977,201.870606699566,8.79503396606454));
#3316=CARTESIAN_POINT('Ctrl Pts',(210.570721778167,205.425905805874,8.91715170766084));
#3317=CARTESIAN_POINT('Ctrl Pts',(210.568868285482,208.984904633704,9.03878907547407));
#3318=CARTESIAN_POINT('Ctrl Pts',(210.568969606349,211.015706393977,9.10905819295267));
#3319=CARTESIAN_POINT('Ctrl Pts',(181.050252433512,198.827260620807,8.75474739617485));
#3320=CARTESIAN_POINT('Ctrl Pts',(180.832011418794,198.8327257198,8.77005769323447));
#3321=CARTESIAN_POINT('Ctrl Pts',(180.508689536525,198.923870618566,8.79620558886291));
#3322=CARTESIAN_POINT('Ctrl Pts',(180.058369548955,199.237427631786,8.84008123606745));
#3323=CARTESIAN_POINT('Ctrl Pts',(179.723797685538,199.683956655467,8.88080322041688));
#3324=CARTESIAN_POINT('Ctrl Pts',(179.623767234197,200.120193760172,8.90366782473894));
#3325=CARTESIAN_POINT('Ctrl Pts',(179.623820931525,200.339177795992,8.91128539986358));
#3326=CARTESIAN_POINT('Ctrl Pts',(181.048703804822,198.770575649558,8.75288185823107));
#3327=CARTESIAN_POINT('Ctrl Pts',(180.821136264366,198.779126711982,8.76889396918839));
#3328=CARTESIAN_POINT('Ctrl Pts',(180.486815090758,198.876022693517,8.79597711253315));
#3329=CARTESIAN_POINT('Ctrl Pts',(180.021544209725,199.200537867262,8.84137515596632));
#3330=CARTESIAN_POINT('Ctrl Pts',(179.674220281533,199.659813007994,8.88357376240261));
#3331=CARTESIAN_POINT('Ctrl Pts',(179.564965483362,200.11047426183,8.90772749726068));
#3332=CARTESIAN_POINT('Ctrl Pts',(179.561206646855,200.33902686215,8.91606532415451));
#3333=CARTESIAN_POINT('Ctrl Pts',(181.043571163131,198.672936392003,8.71452937699212));
#3334=CARTESIAN_POINT('Ctrl Pts',(180.799997779418,198.686602782601,8.73555466238258));
#3335=CARTESIAN_POINT('Ctrl Pts',(180.446502445379,198.7934425724,8.76708788515764));
#3336=CARTESIAN_POINT('Ctrl Pts',(179.955094420554,199.137059887827,8.81568687061577));
#3337=CARTESIAN_POINT('Ctrl Pts',(179.585231289931,199.618765234733,8.85763051043397));
#3338=CARTESIAN_POINT('Ctrl Pts',(179.459464500289,200.094922816244,8.87723140782139));
#3339=CARTESIAN_POINT('Ctrl Pts',(179.44889654407,200.340272469158,8.88104611891776));
#3340=CARTESIAN_POINT('Ctrl Pts',(181.036195119099,198.615039732226,8.63002771035035));
#3341=CARTESIAN_POINT('Ctrl Pts',(180.782939228088,198.628097419214,8.65897576086359));
#3342=CARTESIAN_POINT('Ctrl Pts',(180.41569268684,198.739174332067,8.69718059826635));
#3343=CARTESIAN_POINT('Ctrl Pts',(179.906121129171,199.095504506709,8.74863076245606));
#3344=CARTESIAN_POINT('Ctrl Pts',(179.52245305587,199.59448862388,8.78625368293922));
#3345=CARTESIAN_POINT('Ctrl Pts',(179.392293740906,200.088954717883,8.79333340930266));
#3346=CARTESIAN_POINT('Ctrl Pts',(179.383276891706,200.343552517127,8.78721634526316));
#3347=CARTESIAN_POINT('Ctrl Pts',(181.03303224195,198.600673864993,8.59006390933943));
#3348=CARTESIAN_POINT('Ctrl Pts',(180.77729450999,198.612116164758,8.62204189055953));
#3349=CARTESIAN_POINT('Ctrl Pts',(180.405618148974,198.723553757575,8.6629529431686));
#3350=CARTESIAN_POINT('Ctrl Pts',(179.890506917452,199.083557928447,8.71538081822768));
#3351=CARTESIAN_POINT('Ctrl Pts',(179.503343427946,199.588424084319,8.75089392253045));
#3352=CARTESIAN_POINT('Ctrl Pts',(179.37445072931,200.088602950965,8.75256415910578));
#3353=CARTESIAN_POINT('Ctrl Pts',(179.368099531035,200.345107520684,8.74262056424174));
#3354=CARTESIAN_POINT('',(179.623820888559,200.338850295382,8.91127400456527));
#3355=CARTESIAN_POINT('',(179.368143893273,200.34472035295,8.74273762613859));
#3356=CARTESIAN_POINT('Ctrl Pts',(179.623820888555,200.338850295375,8.91127400456527));
#3357=CARTESIAN_POINT('Ctrl Pts',(179.561212306311,200.338685053037,8.91605285174112));
#3358=CARTESIAN_POINT('Ctrl Pts',(179.448949176411,200.339905142435,8.88105187912753));
#3359=CARTESIAN_POINT('Ctrl Pts',(179.383333417984,200.343169619497,8.78728694595642));
#3360=CARTESIAN_POINT('Ctrl Pts',(179.368143893269,200.34472035295,8.74273762613843));
#3361=CARTESIAN_POINT('',(181.032657037951,198.60072397672,8.5902033159735));
#3362=CARTESIAN_POINT('Ctrl Pts',(179.368143893271,200.34472035295,8.74273762613789));
#3363=CARTESIAN_POINT('Ctrl Pts',(179.369505375774,200.290289649409,8.74484358603499));
#3364=CARTESIAN_POINT('Ctrl Pts',(179.373550244932,200.236114206598,8.74646405027688));
#3365=CARTESIAN_POINT('Ctrl Pts',(179.380082819005,200.182399972016,8.74763916805671));
#3366=CARTESIAN_POINT('Ctrl Pts',(179.38694915688,200.125941357202,8.7488743252289));
#3367=CARTESIAN_POINT('Ctrl Pts',(179.396563714461,200.069991766293,8.74961744829773));
#3368=CARTESIAN_POINT('Ctrl Pts',(179.408748374934,200.014759273945,8.7499140600116));
#3369=CARTESIAN_POINT('Ctrl Pts',(179.421251646534,199.958082532351,8.75021842768987));
#3370=CARTESIAN_POINT('Ctrl Pts',(179.436461195495,199.90216013063,8.75005260158022));
#3371=CARTESIAN_POINT('Ctrl Pts',(179.454236099882,199.847195039416,8.74946498525442));
#3372=CARTESIAN_POINT('Ctrl Pts',(179.472505889846,199.790699620373,8.74886100862434));
#3373=CARTESIAN_POINT('Ctrl Pts',(179.493485859963,199.735214692926,8.74781139804544));
#3374=CARTESIAN_POINT('Ctrl Pts',(179.51707677979,199.680950365229,8.74636832695554));
#3375=CARTESIAN_POINT('Ctrl Pts',(179.526723940611,199.658759763929,8.74577820418866));
#3376=CARTESIAN_POINT('Ctrl Pts',(179.536808338635,199.636773239137,8.74512228195562));
#3377=CARTESIAN_POINT('Ctrl Pts',(179.547325680176,199.615005208878,8.74440412845209));
#3378=CARTESIAN_POINT('Ctrl Pts',(179.547750877903,199.61412516548,8.74437509476176));
#3379=CARTESIAN_POINT('Ctrl Pts',(179.548176783443,199.613245479225,8.74434595935872));
#3380=CARTESIAN_POINT('Ctrl Pts',(179.548603395975,199.612366150765,8.7443167224683));
#3381=CARTESIAN_POINT('Ctrl Pts',(179.576573720435,199.554714064978,8.74239984181168));
#3382=CARTESIAN_POINT('Ctrl Pts',(179.607544768984,199.498662581937,8.74004354584748));
#3383=CARTESIAN_POINT('Ctrl Pts',(179.641262145961,199.444417797273,8.73728645508164));
#3384=CARTESIAN_POINT('Ctrl Pts',(179.675452321296,199.389412370842,8.73449070330162));
#3385=CARTESIAN_POINT('Ctrl Pts',(179.712466905358,199.336263828411,8.73128280870785));
#3386=CARTESIAN_POINT('Ctrl Pts',(179.752092618518,199.285203755715,8.72770358553227));
#3387=CARTESIAN_POINT('Ctrl Pts',(179.791539833574,199.234373688372,8.72414048533592));
#3388=CARTESIAN_POINT('Ctrl Pts',(179.833575358783,199.185612530196,8.72020936708082));
#3389=CARTESIAN_POINT('Ctrl Pts',(179.878030881102,199.139177312139,8.71595145375594));
#3390=CARTESIAN_POINT('Ctrl Pts',(179.917492935584,199.0979579313,8.71217181066906));
#3391=CARTESIAN_POINT('Ctrl Pts',(179.958862730977,199.058571327449,8.70813466393702));
#3392=CARTESIAN_POINT('Ctrl Pts',(180.002044414754,199.021223895845,8.70386974839961));
#3393=CARTESIAN_POINT('Ctrl Pts',(180.006385504374,199.017469328318,8.70344099298876));
#3394=CARTESIAN_POINT('Ctrl Pts',(180.010744717732,199.013735409191,8.70300973214109));
#3395=CARTESIAN_POINT('Ctrl Pts',(180.015121957408,199.010022355261,8.70257598068921));
#3396=CARTESIAN_POINT('Ctrl Pts',(180.062721532218,198.969645359381,8.69785922167847));
#3397=CARTESIAN_POINT('Ctrl Pts',(180.112451673837,198.931731802138,8.69284781277041));
#3398=CARTESIAN_POINT('Ctrl Pts',(180.164100773874,198.896496095646,8.68755857461802));
#3399=CARTESIAN_POINT('Ctrl Pts',(180.211031861512,198.864479080283,8.682752494762));
#3400=CARTESIAN_POINT('Ctrl Pts',(180.259547980283,198.834673254395,8.67771703291678));
#3401=CARTESIAN_POINT('Ctrl Pts',(180.309494824206,198.807276587705,8.67246607603428));
#3402=CARTESIAN_POINT('Ctrl Pts',(180.315991660059,198.803712966214,8.67178305780417));
#3403=CARTESIAN_POINT('Ctrl Pts',(180.322512074759,198.800190537326,8.67109651743071));
#3404=CARTESIAN_POINT('Ctrl Pts',(180.329055682965,198.796709744836,8.67040643782193));
#3405=CARTESIAN_POINT('Ctrl Pts',(180.3832324049,198.767891099076,8.66469303782908));
#3406=CARTESIAN_POINT('Ctrl Pts',(180.439000007635,198.741922742376,8.65873690347325));
#3407=CARTESIAN_POINT('Ctrl Pts',(180.496106934753,198.718976532644,8.65252553988552));
#3408=CARTESIAN_POINT('Ctrl Pts',(180.551505705775,198.696716679367,8.646499967744));
#3409=CARTESIAN_POINT('Ctrl Pts',(180.608165522153,198.677300879255,8.64023420680853));
#3410=CARTESIAN_POINT('Ctrl Pts',(180.665839145988,198.660929426029,8.63371833041653));
#3411=CARTESIAN_POINT('Ctrl Pts',(180.721761636592,198.645055056112,8.62740029433564));
#3412=CARTESIAN_POINT('Ctrl Pts',(180.778637846599,198.632042973593,8.62084710108741));
#3413=CARTESIAN_POINT('Ctrl Pts',(180.836217062197,198.622117198727,8.61405110912327));
#3414=CARTESIAN_POINT('Ctrl Pts',(180.89145766571,198.612594564765,8.60753114017829));
#3415=CARTESIAN_POINT('Ctrl Pts',(180.947345714453,198.605912703045,8.60078769775238));
#3416=CARTESIAN_POINT('Ctrl Pts',(181.00362962636,198.602307449444,8.5938153218642));
#3417=CARTESIAN_POINT('Ctrl Pts',(181.013294301172,198.601688380825,8.5926180748474));
#3418=CARTESIAN_POINT('Ctrl Pts',(181.022970565394,198.601160119679,8.59141408078516));
#3419=CARTESIAN_POINT('Ctrl Pts',(181.032657037951,198.600723976725,8.59020331597459));
#3420=CARTESIAN_POINT('',(181.049926045496,198.827268835361,8.75477029504879));
#3421=CARTESIAN_POINT('Origin',(181.032657037951,198.835944000683,8.50551836850656));
#3422=CARTESIAN_POINT('Ctrl Pts',(181.049926045496,198.827268835361,8.75477029504878));
#3423=CARTESIAN_POINT('Ctrl Pts',(180.83179648071,198.832786323524,8.77007507634012));
#3424=CARTESIAN_POINT('Ctrl Pts',(180.508599712946,198.923933162565,8.79621434056781));
#3425=CARTESIAN_POINT('Ctrl Pts',(180.058369548955,199.237427631786,8.84008123606745));
#3426=CARTESIAN_POINT('Ctrl Pts',(179.723864421288,199.683867588057,8.88079509776086));
#3427=CARTESIAN_POINT('Ctrl Pts',(179.623817123844,200.119976239628,8.90365642291911));
#3428=CARTESIAN_POINT('Ctrl Pts',(179.623820888555,200.338850295375,8.91127400456527));
#3429=CARTESIAN_POINT('Ctrl Pts',(208.890289019197,198.827268834837,8.75477029535022));
#3430=CARTESIAN_POINT('Ctrl Pts',(199.62732214529,198.592966299642,8.10484609803746));
#3431=CARTESIAN_POINT('Ctrl Pts',(190.312892919486,198.592966300057,8.10484609860167));
#3432=CARTESIAN_POINT('Ctrl Pts',(181.049926045496,198.827268835361,8.75477029504867));
#3433=CARTESIAN_POINT('Ctrl Pts',(208.891851594679,198.770588479478,8.75290580680568));
#3434=CARTESIAN_POINT('Ctrl Pts',(199.627860135799,198.536323132561,8.10283828396898));
#3435=CARTESIAN_POINT('Ctrl Pts',(190.312354928974,198.536323132932,8.10283828457868));
#3436=CARTESIAN_POINT('Ctrl Pts',(181.048363470021,198.770588479878,8.75290580664481));
#3437=CARTESIAN_POINT('Ctrl Pts',(208.897006482239,198.672988856808,8.71457338287158));
#3438=CARTESIAN_POINT('Ctrl Pts',(199.629573045178,198.438786752027,8.06422314698558));
#3439=CARTESIAN_POINT('Ctrl Pts',(190.310642019587,198.438786752296,8.06422314762608));
#3440=CARTESIAN_POINT('Ctrl Pts',(181.043208582461,198.672988856903,8.71457338279635));
#3441=CARTESIAN_POINT('Ctrl Pts',(208.904393853893,198.615097243885,8.63012635245715));
#3442=CARTESIAN_POINT('Ctrl Pts',(199.632041237994,198.380860451245,7.97951189414875));
#3443=CARTESIAN_POINT('Ctrl Pts',(190.308173826779,198.380860451463,7.97951189473487));
#3444=CARTESIAN_POINT('Ctrl Pts',(181.035821210811,198.615097243804,8.63012635221901));
#3445=CARTESIAN_POINT('Ctrl Pts',(208.907558026749,198.600723976837,8.59020331629682));
#3446=CARTESIAN_POINT('Ctrl Pts',(199.633099762079,198.36644911817,7.93948392025415));
#3447=CARTESIAN_POINT('Ctrl Pts',(190.307115302698,198.366449118366,7.93948392081159));
#3448=CARTESIAN_POINT('Ctrl Pts',(181.032657037955,198.60072397672,8.59020331597256));
#3449=CARTESIAN_POINT('',(208.907558026749,198.600723976844,8.59020331629754));
#3450=CARTESIAN_POINT('Origin',(194.970106564452,246.023602650834,140.31149489936));
#3451=CARTESIAN_POINT('',(208.890289019197,198.827268834837,8.75477029535018));
#3452=CARTESIAN_POINT('Origin',(208.907558026749,198.835944000799,8.50551836883071));
#3453=CARTESIAN_POINT('Origin',(194.970106562597,246.25574994513,140.315094479666));
#3454=CARTESIAN_POINT('Ctrl Pts',(210.316394174683,200.338850297107,8.91127400917794));
#3455=CARTESIAN_POINT('Ctrl Pts',(210.316397939612,200.119976241243,8.90365642692137));
#3456=CARTESIAN_POINT('Ctrl Pts',(210.216273095928,199.683898440446,8.88079274926272));
#3457=CARTESIAN_POINT('Ctrl Pts',(209.815452065763,199.14789662019,8.83195489852538));
#3458=CARTESIAN_POINT('Ctrl Pts',(209.325610985954,198.879188545849,8.78700363202134));
#3459=CARTESIAN_POINT('Ctrl Pts',(208.999353801661,198.830027578922,8.76242268601107));
#3460=CARTESIAN_POINT('Ctrl Pts',(208.890289019197,198.827268834844,8.75477029535026));
#3461=CARTESIAN_POINT('Ctrl Pts',(210.379002756941,200.338685054812,8.91605285637472));
#3462=CARTESIAN_POINT('Ctrl Pts',(210.375195090757,200.110249550773,8.90771545662723));
#3463=CARTESIAN_POINT('Ctrl Pts',(210.265857954189,199.659749814855,8.88356575418034));
#3464=CARTESIAN_POINT('Ctrl Pts',(209.849690719009,199.108506322205,8.83294572755489));
#3465=CARTESIAN_POINT('Ctrl Pts',(209.344259644375,198.829356119109,8.7864841243996));
#3466=CARTESIAN_POINT('Ctrl Pts',(209.005576322663,198.774889809101,8.76090889052369));
#3467=CARTESIAN_POINT('Ctrl Pts',(208.891851594679,198.770588479485,8.75290580680572));
#3468=CARTESIAN_POINT('Ctrl Pts',(210.491265886867,200.339905144421,8.88105188378444));
#3469=CARTESIAN_POINT('Ctrl Pts',(210.480653281731,200.094690491074,8.87723162664155));
#3470=CARTESIAN_POINT('Ctrl Pts',(210.354823609348,199.618702053318,8.8576357834294));
#3471=CARTESIAN_POINT('Ctrl Pts',(209.911579665732,199.040669886934,8.80727791894147));
#3472=CARTESIAN_POINT('Ctrl Pts',(209.378898572919,198.743336182182,8.75653347855841));
#3473=CARTESIAN_POINT('Ctrl Pts',(209.018725917726,198.679846492545,8.72507996452132));
#3474=CARTESIAN_POINT('Ctrl Pts',(208.897006482242,198.672988856815,8.71457338287297));
#3475=CARTESIAN_POINT('Ctrl Pts',(210.556881645323,200.343169621796,8.78728695060399));
#3476=CARTESIAN_POINT('Ctrl Pts',(210.547812397177,200.088712082463,8.79338484026075));
#3477=CARTESIAN_POINT('Ctrl Pts',(210.417581698377,199.594408195277,8.78630884091784));
#3478=CARTESIAN_POINT('Ctrl Pts',(209.957854644839,198.995774620031,8.74106339769907));
#3479=CARTESIAN_POINT('Ctrl Pts',(209.40543917616,198.687031702015,8.68520674220538));
#3480=CARTESIAN_POINT('Ctrl Pts',(209.030951322995,198.621653425893,8.64458883843861));
#3481=CARTESIAN_POINT('Ctrl Pts',(208.904393853893,198.615097243892,8.63012635245764));
#3482=CARTESIAN_POINT('Ctrl Pts',(210.572071170041,200.344720355388,8.74273763078084));
#3483=CARTESIAN_POINT('Ctrl Pts',(210.565659132637,200.08835436662,8.75265676265817));
#3484=CARTESIAN_POINT('Ctrl Pts',(210.436677768288,199.588329795624,8.75098633556759));
#3485=CARTESIAN_POINT('Ctrl Pts',(209.972832508243,198.982699341213,8.70826182182975));
#3486=CARTESIAN_POINT('Ctrl Pts',(209.414059775088,198.670907222971,8.65041809215647));
#3487=CARTESIAN_POINT('Ctrl Pts',(209.035356358261,198.606475441724,8.60617852495889));
#3488=CARTESIAN_POINT('Ctrl Pts',(208.907558026749,198.600723976844,8.59020331629742));
#3489=CARTESIAN_POINT('',(210.316394174679,200.338850297107,8.9112740091779));
#3490=CARTESIAN_POINT('Ctrl Pts',(210.316394174683,200.338850297107,8.91127400917794));
#3491=CARTESIAN_POINT('Ctrl Pts',(210.379002756941,200.338685054812,8.91605285637472));
#3492=CARTESIAN_POINT('Ctrl Pts',(210.491265886867,200.339905144421,8.88105188378444));
#3493=CARTESIAN_POINT('Ctrl Pts',(210.556881645323,200.343169621796,8.78728695060399));
#3494=CARTESIAN_POINT('Ctrl Pts',(210.572071170041,200.344720355388,8.74273763078084));
#3495=CARTESIAN_POINT('Ctrl Pts',(210.316394174683,200.338850297107,8.91127400917794));
#3496=CARTESIAN_POINT('Ctrl Pts',(210.316397939612,200.119976241243,8.90365642692137));
#3497=CARTESIAN_POINT('Ctrl Pts',(210.216273095928,199.683898440446,8.88079274926272));
#3498=CARTESIAN_POINT('Ctrl Pts',(209.815452065763,199.14789662019,8.83195489852538));
#3499=CARTESIAN_POINT('Ctrl Pts',(209.325610985954,198.879188545849,8.78700363202134));
#3500=CARTESIAN_POINT('Ctrl Pts',(208.999353801661,198.830027578922,8.76242268601107));
#3501=CARTESIAN_POINT('Ctrl Pts',(208.890289019197,198.827268834844,8.75477029535026));
#3502=CARTESIAN_POINT('Ctrl Pts',(208.907558026749,198.600723976844,8.59020331629742));
#3503=CARTESIAN_POINT('Ctrl Pts',(209.035356358261,198.606475441724,8.60617852495889));
#3504=CARTESIAN_POINT('Ctrl Pts',(209.414059775088,198.670907222971,8.65041809215647));
#3505=CARTESIAN_POINT('Ctrl Pts',(209.972832508243,198.982699341213,8.70826182182975));
#3506=CARTESIAN_POINT('Ctrl Pts',(210.436677768288,199.588329795624,8.75098633556759));
#3507=CARTESIAN_POINT('Ctrl Pts',(210.565659132637,200.08835436662,8.75265676265817));
#3508=CARTESIAN_POINT('Ctrl Pts',(210.572071170041,200.344720355388,8.74273763078084));
#3509=CARTESIAN_POINT('Ctrl Pts',(179.623820888562,200.338850295382,8.91127400456518));
#3510=CARTESIAN_POINT('Ctrl Pts',(179.623847108815,201.863251954113,8.96432850687876));
#3511=CARTESIAN_POINT('Ctrl Pts',(179.625936680444,205.420194055427,9.08796750755932));
#3512=CARTESIAN_POINT('Ctrl Pts',(179.628444208996,208.977137193375,9.21157465170838));
#3513=CARTESIAN_POINT('Ctrl Pts',(179.628473561861,211.009672723609,9.28231441682589));
#3514=CARTESIAN_POINT('Ctrl Pts',(179.561212306318,200.338685053044,8.91605285174105));
#3515=CARTESIAN_POINT('Ctrl Pts',(179.561074710047,201.863464726019,8.96913713734396));
#3516=CARTESIAN_POINT('Ctrl Pts',(179.562871904629,205.419964954679,9.0927813593971));
#3517=CARTESIAN_POINT('Ctrl Pts',(179.564974753383,208.977428634833,9.21643155083168));
#3518=CARTESIAN_POINT('Ctrl Pts',(179.564921596386,211.009504866532,9.28716378600778));
#3519=CARTESIAN_POINT('Ctrl Pts',(179.448949176425,200.339905142449,8.88105187912725));
#3520=CARTESIAN_POINT('Ctrl Pts',(179.448519107555,201.865348874497,8.93394001582474));
#3521=CARTESIAN_POINT('Ctrl Pts',(179.44978585191,205.421097724466,9.05717112878855));
#3522=CARTESIAN_POINT('Ctrl Pts',(179.45115095779,208.979483685871,9.1803138471676));
#3523=CARTESIAN_POINT('Ctrl Pts',(179.450950724004,211.010768421533,9.25090594713148));
#3524=CARTESIAN_POINT('Ctrl Pts',(179.383333417991,200.343169619504,8.78728694595559));
#3525=CARTESIAN_POINT('Ctrl Pts',(179.382969694238,201.868980040264,8.83974772827741));
#3526=CARTESIAN_POINT('Ctrl Pts',(179.384362984496,205.424349102883,8.96217005305421));
#3527=CARTESIAN_POINT('Ctrl Pts',(179.385922538477,208.983244788869,9.08422114828635));
#3528=CARTESIAN_POINT('Ctrl Pts',(179.385760870369,211.014121996654,9.15457618187676));
#3529=CARTESIAN_POINT('Ctrl Pts',(179.368143893276,200.344720352958,8.74273762613742));
#3530=CARTESIAN_POINT('Ctrl Pts',(179.367894382103,201.870606698671,8.79503395722803));
#3531=CARTESIAN_POINT('Ctrl Pts',(179.369493280086,205.425905811135,8.91715168876657));
#3532=CARTESIAN_POINT('Ctrl Pts',(179.371346770295,208.984904640245,9.03878904720289));
#3533=CARTESIAN_POINT('Ctrl Pts',(179.371245447623,211.015706402271,9.10905815904584));
#3534=CARTESIAN_POINT('',(179.628473561865,211.009672723601,9.28231441682537));
#3535=CARTESIAN_POINT('Ctrl Pts',(179.623820888562,200.338850295382,8.91127400456518));
#3536=CARTESIAN_POINT('Ctrl Pts',(179.623847108815,201.863251954113,8.96432850687876));
#3537=CARTESIAN_POINT('Ctrl Pts',(179.625936680444,205.420194055427,9.08796750755932));
#3538=CARTESIAN_POINT('Ctrl Pts',(179.628444208996,208.977137193375,9.21157465170838));
#3539=CARTESIAN_POINT('Ctrl Pts',(179.628473561861,211.009672723609,9.28231441682589));
#3540=CARTESIAN_POINT('',(179.371245447623,211.015706402264,9.10905815904521));
#3541=CARTESIAN_POINT('Origin',(179.609441138389,211.018343423755,9.03319078122316));
#3542=CARTESIAN_POINT('Ctrl Pts',(179.371245447623,211.015706402271,9.10905815904584));
#3543=CARTESIAN_POINT('Ctrl Pts',(179.371346770295,208.984904640245,9.03878904720289));
#3544=CARTESIAN_POINT('Ctrl Pts',(179.369493280086,205.425905811135,8.91715168876657));
#3545=CARTESIAN_POINT('Ctrl Pts',(179.367894382103,201.870606698671,8.79503395722803));
#3546=CARTESIAN_POINT('Ctrl Pts',(179.368143893276,200.344720352958,8.74273762613742));
#3547=CARTESIAN_POINT('Origin',(194.970107428747,197.275393011186,209.860845535243));
#3548=CARTESIAN_POINT('',(210.311741491554,211.009672714565,9.28231445066512));
#3549=CARTESIAN_POINT('Ctrl Pts',(210.311741491554,211.009672714608,9.28231445066675));
#3550=CARTESIAN_POINT('Ctrl Pts',(210.311770846296,208.97713718639,9.21157467998138));
#3551=CARTESIAN_POINT('Ctrl Pts',(210.314278377657,205.420194052058,9.0879675260587));
#3552=CARTESIAN_POINT('Ctrl Pts',(210.316367952924,201.863251954339,8.96432851566163));
#3553=CARTESIAN_POINT('Ctrl Pts',(210.316394174683,200.338850297107,8.9112740091779));
#3554=CARTESIAN_POINT('',(208.91741710815,212.483975456991,9.23197074073843));
#3555=CARTESIAN_POINT('Ctrl Pts',(208.91741710815,212.483975456991,9.23197074073843));
#3556=CARTESIAN_POINT('Ctrl Pts',(209.131051402837,212.482716111226,9.24675719248871));
#3557=CARTESIAN_POINT('Ctrl Pts',(209.556326672413,212.37130205454,9.27313026803615));
#3558=CARTESIAN_POINT('Ctrl Pts',(210.135459479283,211.865874871786,9.29851937694926));
#3559=CARTESIAN_POINT('Ctrl Pts',(210.311736849359,211.331100247691,9.29350132030143));
#3560=CARTESIAN_POINT('Ctrl Pts',(210.311741491554,211.009672714572,9.28231445066549));
#3561=CARTESIAN_POINT('',(181.02279793963,212.483975460549,9.23197070641735));
#3562=CARTESIAN_POINT('Origin',(194.97010747866,199.718870002326,159.111870553736));
#3563=CARTESIAN_POINT('Ctrl Pts',(179.628473561861,211.009672723609,9.28231441682589));
#3564=CARTESIAN_POINT('Ctrl Pts',(179.628478203813,211.331103939017,9.29350141372749));
#3565=CARTESIAN_POINT('Ctrl Pts',(179.80474581389,211.865859607911,9.29851954592447));
#3566=CARTESIAN_POINT('Ctrl Pts',(180.383882931179,212.371306312707,9.27313076442075));
#3567=CARTESIAN_POINT('Ctrl Pts',(180.80916119754,212.482716100414,9.24675732703559));
#3568=CARTESIAN_POINT('Ctrl Pts',(181.02279793963,212.483975460549,9.23197070641746));
#3569=CARTESIAN_POINT('Ctrl Pts',(208.91741710815,212.483975456991,9.23197074073843));
#3570=CARTESIAN_POINT('Ctrl Pts',(209.131051402837,212.482716111226,9.24675719248871));
#3571=CARTESIAN_POINT('Ctrl Pts',(209.556326672413,212.37130205454,9.27313026803615));
#3572=CARTESIAN_POINT('Ctrl Pts',(210.135459479283,211.865874871786,9.29851937694926));
#3573=CARTESIAN_POINT('Ctrl Pts',(210.311736849359,211.331100247691,9.29350132030143));
#3574=CARTESIAN_POINT('Ctrl Pts',(210.311741491554,211.009672714572,9.28231445066549));
#3575=CARTESIAN_POINT('Ctrl Pts',(208.917667880174,212.556349904684,9.23450712799236));
#3576=CARTESIAN_POINT('Ctrl Pts',(209.143269981592,212.551870159499,9.2498944650978));
#3577=CARTESIAN_POINT('Ctrl Pts',(209.588388087599,212.429474414093,9.27729213812992));
#3578=CARTESIAN_POINT('Ctrl Pts',(210.189177165612,211.899386491939,9.30348508035725));
#3579=CARTESIAN_POINT('Ctrl Pts',(210.373289697971,211.344660025956,9.29862278015645));
#3580=CARTESIAN_POINT('Ctrl Pts',(210.375293457124,211.009504857531,9.28716381999878));
#3581=CARTESIAN_POINT('Ctrl Pts',(208.922167859862,212.683796759964,9.18033821302524));
#3582=CARTESIAN_POINT('Ctrl Pts',(209.168047427567,212.673927809075,9.20240320710007));
#3583=CARTESIAN_POINT('Ctrl Pts',(209.647326564973,212.532371153604,9.23958434906536));
#3584=CARTESIAN_POINT('Ctrl Pts',(210.285596399201,211.959433956421,9.27255142035688));
#3585=CARTESIAN_POINT('Ctrl Pts',(210.483702018464,211.369605311273,9.26587694548786));
#3586=CARTESIAN_POINT('Ctrl Pts',(210.489268702007,211.010769661858,9.25087009250277));
#3587=CARTESIAN_POINT('Ctrl Pts',(208.930955927604,212.737155256771,9.05790984844215));
#3588=CARTESIAN_POINT('Ctrl Pts',(209.184511444157,212.73092891484,9.08910557381633));
#3589=CARTESIAN_POINT('Ctrl Pts',(209.682352997024,212.588656594184,9.14134405622128));
#3590=CARTESIAN_POINT('Ctrl Pts',(210.345101715277,211.99593682884,9.18531191162132));
#3591=CARTESIAN_POINT('Ctrl Pts',(210.549822848454,211.385179580502,9.17541250533432));
#3592=CARTESIAN_POINT('Ctrl Pts',(210.554454183581,211.014121988177,9.15457621585377));
#3593=CARTESIAN_POINT('Ctrl Pts',(208.934719770405,212.74175004362,9.00392110298873));
#3594=CARTESIAN_POINT('Ctrl Pts',(209.188593479841,212.738873116854,9.03772499250996));
#3595=CARTESIAN_POINT('Ctrl Pts',(209.690409994764,212.600398351664,9.09504263815801));
#3596=CARTESIAN_POINT('Ctrl Pts',(210.360067831196,212.005147041011,9.14311788656581));
#3597=CARTESIAN_POINT('Ctrl Pts',(210.565799070231,211.389036639543,9.13198883811722));
#3598=CARTESIAN_POINT('Ctrl Pts',(210.568969606349,211.01570639394,9.10905819295154));
#3599=CARTESIAN_POINT('Origin',(210.330773915583,211.018343415424,9.03319081512986));
#3600=CARTESIAN_POINT('',(208.934719770405,212.74175004362,9.00392110298873));
#3601=CARTESIAN_POINT('Ctrl Pts',(210.568969606349,211.01570639394,9.10905819295154));
#3602=CARTESIAN_POINT('Ctrl Pts',(210.565799070231,211.389036639543,9.13198883811722));
#3603=CARTESIAN_POINT('Ctrl Pts',(210.360067831196,212.005147041011,9.14311788656581));
#3604=CARTESIAN_POINT('Ctrl Pts',(209.690409994764,212.600398351664,9.09504263815801));
#3605=CARTESIAN_POINT('Ctrl Pts',(209.188593479841,212.738873116854,9.03772499250996));
#3606=CARTESIAN_POINT('Ctrl Pts',(208.934719770405,212.74175004362,9.00392110298873));
#3607=CARTESIAN_POINT('Origin',(208.934719770405,212.492650541819,8.98272114538845));
#3608=CARTESIAN_POINT('Ctrl Pts',(181.022797939633,212.483975460549,9.23197070641723));
#3609=CARTESIAN_POINT('Ctrl Pts',(190.306084854215,212.53869920021,8.58943871331091));
#3610=CARTESIAN_POINT('Ctrl Pts',(199.634130195154,212.538699199009,8.5894387248708));
#3611=CARTESIAN_POINT('Ctrl Pts',(208.917417108147,212.483975456977,9.23197074073767));
#3612=CARTESIAN_POINT('Ctrl Pts',(181.022547167606,212.556349908125,9.23450709348017));
#3613=CARTESIAN_POINT('Ctrl Pts',(190.30596795553,212.61106719292,8.59195360290077));
#3614=CARTESIAN_POINT('Ctrl Pts',(199.634247093851,212.611067191749,8.59195361452124));
#3615=CARTESIAN_POINT('Ctrl Pts',(208.91766788017,212.556349904669,9.23450712799161));
#3616=CARTESIAN_POINT('Ctrl Pts',(181.01804718807,212.683796763042,9.18033817837069));
#3617=CARTESIAN_POINT('Ctrl Pts',(190.304496996145,212.738510068826,8.537567612565));
#3618=CARTESIAN_POINT('Ctrl Pts',(199.635718053392,212.738510067771,8.53756762423473));
#3619=CARTESIAN_POINT('Ctrl Pts',(208.922167859851,212.683796759928,9.18033821301791));
#3620=CARTESIAN_POINT('Ctrl Pts',(181.009259120659,212.737155259696,9.05790981397398));
#3621=CARTESIAN_POINT('Ctrl Pts',(190.301562988443,212.791892460096,8.41474666150331));
#3622=CARTESIAN_POINT('Ctrl Pts',(199.638652061414,212.791892459099,8.41474667311316));
#3623=CARTESIAN_POINT('Ctrl Pts',(208.930955927601,212.737155256757,9.05790984844176));
#3624=CARTESIAN_POINT('Ctrl Pts',(181.005495277997,212.741750046538,9.00392106860287));
#3625=CARTESIAN_POINT('Ctrl Pts',(190.300298791837,212.796501578181,8.3605905718035));
#3626=CARTESIAN_POINT('Ctrl Pts',(199.639916258155,212.796501577192,8.36059058338526));
#3627=CARTESIAN_POINT('Ctrl Pts',(208.934719770405,212.741750043606,9.00392110298839));
#3628=CARTESIAN_POINT('',(181.00549527799,212.741750046538,9.00392106860354));
#3629=CARTESIAN_POINT('Origin',(194.9701074793,199.970161757265,159.070083462996));
#3630=CARTESIAN_POINT('Origin',(181.005495277994,212.492650544737,8.98272111100228));
#3631=CARTESIAN_POINT('Ctrl Pts',(210.311741491554,211.009672714608,9.28231445066675));
#3632=CARTESIAN_POINT('Ctrl Pts',(210.311770846296,208.97713718639,9.21157467998138));
#3633=CARTESIAN_POINT('Ctrl Pts',(210.314278377657,205.420194052058,9.0879675260587));
#3634=CARTESIAN_POINT('Ctrl Pts',(210.316367952924,201.863251954339,8.96432851566163));
#3635=CARTESIAN_POINT('Ctrl Pts',(210.316394174683,200.338850297107,8.9112740091779));
#3636=CARTESIAN_POINT('Ctrl Pts',(210.375293457124,211.009504857568,9.28716382000004));
#3637=CARTESIAN_POINT('Ctrl Pts',(210.375240301997,208.977428627819,9.21643157923074));
#3638=CARTESIAN_POINT('Ctrl Pts',(210.377343153436,205.41996495067,9.09278137794073));
#3639=CARTESIAN_POINT('Ctrl Pts',(210.379140351713,201.863464726273,8.96913714616677));
#3640=CARTESIAN_POINT('Ctrl Pts',(210.379002756941,200.338685054812,8.91605285637466));
#3641=CARTESIAN_POINT('Ctrl Pts',(210.489264329775,211.010768412758,9.25090598124457));
#3642=CARTESIAN_POINT('Ctrl Pts',(210.489064097837,208.97948367893,9.18031387565216));
#3643=CARTESIAN_POINT('Ctrl Pts',(210.49042920614,205.421097719482,9.05717114748627));
#3644=CARTESIAN_POINT('Ctrl Pts',(210.491695954264,201.865348874941,8.93394002468979));
#3645=CARTESIAN_POINT('Ctrl Pts',(210.491265886867,200.339905144421,8.88105188378488));
#3646=CARTESIAN_POINT('Ctrl Pts',(210.554454183581,211.014121988213,9.15457621585492));
#3647=CARTESIAN_POINT('Ctrl Pts',(210.554292517285,208.983244782197,9.08422117662803));
#3648=CARTESIAN_POINT('Ctrl Pts',(210.555852073689,205.424349097593,8.96217007189991));
#3649=CARTESIAN_POINT('Ctrl Pts',(210.557245367625,201.868980041028,8.83974773712495));
#3650=CARTESIAN_POINT('Ctrl Pts',(210.556881645323,200.343169621796,8.78728695060489));
#3651=CARTESIAN_POINT('Ctrl Pts',(210.568969606349,211.015706393977,9.10905819295267));
#3652=CARTESIAN_POINT('Ctrl Pts',(210.568868285482,208.984904633704,9.03878907547407));
#3653=CARTESIAN_POINT('Ctrl Pts',(210.570721778167,205.425905805874,8.91715170766084));
#3654=CARTESIAN_POINT('Ctrl Pts',(210.57232067977,201.870606699566,8.79503396606454));
#3655=CARTESIAN_POINT('Ctrl Pts',(210.572071170041,200.344720355388,8.74273763078199));
#3656=CARTESIAN_POINT('Ctrl Pts',(179.628473561861,211.009672723609,9.28231441682589));
#3657=CARTESIAN_POINT('Ctrl Pts',(179.628478203813,211.331103939017,9.29350141372749));
#3658=CARTESIAN_POINT('Ctrl Pts',(179.80474581389,211.865859607911,9.29851954592447));
#3659=CARTESIAN_POINT('Ctrl Pts',(180.383882931179,212.371306312707,9.27313076442075));
#3660=CARTESIAN_POINT('Ctrl Pts',(180.80916119754,212.482716100414,9.24675732703559));
#3661=CARTESIAN_POINT('Ctrl Pts',(181.02279793963,212.483975460549,9.23197070641746));
#3662=CARTESIAN_POINT('Ctrl Pts',(179.564921596386,211.009504866532,9.28716378600779));
#3663=CARTESIAN_POINT('Ctrl Pts',(179.566925378225,211.34466387453,9.29862287650794));
#3664=CARTESIAN_POINT('Ctrl Pts',(179.751027748989,211.899370599909,9.30348525782311));
#3665=CARTESIAN_POINT('Ctrl Pts',(180.351821294757,212.429478741797,9.27729264991696));
#3666=CARTESIAN_POINT('Ctrl Pts',(180.796942481673,212.551870111645,9.24989460631197));
#3667=CARTESIAN_POINT('Ctrl Pts',(181.022547167602,212.556349908125,9.23450709348041));
#3668=CARTESIAN_POINT('Ctrl Pts',(179.450946351786,211.010769670655,9.25087005838854));
#3669=CARTESIAN_POINT('Ctrl Pts',(179.456513098874,211.369609430971,9.26587708234361));
#3670=CARTESIAN_POINT('Ctrl Pts',(179.654607858112,211.959416973565,9.27255164258185));
#3671=CARTESIAN_POINT('Ctrl Pts',(180.292882441088,212.532375602932,9.23958504152365));
#3672=CARTESIAN_POINT('Ctrl Pts',(180.772164803529,212.673927699085,9.20240342466948));
#3673=CARTESIAN_POINT('Ctrl Pts',(181.01804718807,212.683796763042,9.18033817837033));
#3674=CARTESIAN_POINT('Ctrl Pts',(179.385760870369,211.014121996654,9.15457618187695));
#3675=CARTESIAN_POINT('Ctrl Pts',(179.390392258305,211.385183839964,9.17541270917095));
#3676=CARTESIAN_POINT('Ctrl Pts',(179.595102153984,211.995919242778,9.18531219607266));
#3677=CARTESIAN_POINT('Ctrl Pts',(180.257855758678,212.588661246533,9.14134503683274));
#3678=CARTESIAN_POINT('Ctrl Pts',(180.755700699272,212.730928846453,9.08910589622955));
#3679=CARTESIAN_POINT('Ctrl Pts',(181.009259120652,212.737155259696,9.05790981397456));
#3680=CARTESIAN_POINT('Ctrl Pts',(179.371245447623,211.015706402271,9.10905815904607));
#3681=CARTESIAN_POINT('Ctrl Pts',(179.374416019793,211.389040924922,9.1319890660493));
#3682=CARTESIAN_POINT('Ctrl Pts',(179.580135943903,212.005129326004,9.14311819264338));
#3683=CARTESIAN_POINT('Ctrl Pts',(180.249798687451,212.600403104487,9.09504372002254));
#3684=CARTESIAN_POINT('Ctrl Pts',(180.751618660051,212.738873086855,9.03772534491008));
#3685=CARTESIAN_POINT('Ctrl Pts',(181.00549527799,212.741750046538,9.0039210686035));
#3686=CARTESIAN_POINT('Ctrl Pts',(181.00549527799,212.741750046538,9.0039210686035));
#3687=CARTESIAN_POINT('Ctrl Pts',(180.751618660051,212.738873086855,9.03772534491008));
#3688=CARTESIAN_POINT('Ctrl Pts',(180.249798687451,212.600403104487,9.09504372002254));
#3689=CARTESIAN_POINT('Ctrl Pts',(179.580135943903,212.005129326004,9.14311819264338));
#3690=CARTESIAN_POINT('Ctrl Pts',(179.374416019793,211.389040924922,9.1319890660493));
#3691=CARTESIAN_POINT('Ctrl Pts',(179.371245447623,211.015706402271,9.10905815904607));
#3692=CARTESIAN_POINT('Ctrl Pts',(181.094197888622,198.644602744818,8.71208052309338));
#3693=CARTESIAN_POINT('Ctrl Pts',(179.627834436553,197.599082230321,5.80805368209395));
#3694=CARTESIAN_POINT('Ctrl Pts',(178.161470984483,196.553561715824,2.90402684109453));
#3695=CARTESIAN_POINT('Ctrl Pts',(176.695107532414,195.508041201327,9.50999279325515E-11));
#3696=CARTESIAN_POINT('Ctrl Pts',(180.837430516629,198.644602744818,8.71208052309338));
#3697=CARTESIAN_POINT('Ctrl Pts',(179.444246830237,197.599230218511,5.80805970547983));
#3698=CARTESIAN_POINT('Ctrl Pts',(178.050891306262,196.553413727634,2.90402081770865));
#3699=CARTESIAN_POINT('Ctrl Pts',(176.65770761987,195.508041201327,9.50999279325515E-11));
#3700=CARTESIAN_POINT('Ctrl Pts',(180.452781757747,198.73285244927,8.71514893994644));
#3701=CARTESIAN_POINT('Ctrl Pts',(179.169089361396,197.662221657018,5.81010006542933));
#3702=CARTESIAN_POINT('Ctrl Pts',(177.885373310692,196.591533955747,2.90504887461221));
#3703=CARTESIAN_POINT('Ctrl Pts',(176.60168091434,195.520903163495,9.51008161109712E-11));
#3704=CARTESIAN_POINT('Ctrl Pts',(179.905559830677,199.076259583249,8.72708910726895));
#3705=CARTESIAN_POINT('Ctrl Pts',(178.777747430522,197.907886750152,5.8180619556974));
#3706=CARTESIAN_POINT('Ctrl Pts',(177.649786722275,196.739325904273,2.90902715166665));
#3707=CARTESIAN_POINT('Ctrl Pts',(176.521974322121,195.570953071176,9.50990397541318E-11));
#3708=CARTESIAN_POINT('Ctrl Pts',(179.495021399747,199.590140999753,8.74495661638409));
#3709=CARTESIAN_POINT('Ctrl Pts',(178.48409970156,198.275422210005,5.82997292086967));
#3710=CARTESIAN_POINT('Ctrl Pts',(177.473098308114,196.960567560287,2.91498369560952));
#3711=CARTESIAN_POINT('Ctrl Pts',(176.462176609926,195.645848770539,9.50999279325515E-11));
#3712=CARTESIAN_POINT('Ctrl Pts',(179.377834436556,200.10331446035,8.76279951007639));
#3713=CARTESIAN_POINT('Ctrl Pts',(178.400311014932,198.642363462066,5.84186390037217));
#3714=CARTESIAN_POINT('Ctrl Pts',(177.422630954039,197.181592287066,2.92093560979932));
#3715=CARTESIAN_POINT('Ctrl Pts',(176.445107532414,195.720641288783,9.50999279325515E-11));
#3716=CARTESIAN_POINT('Ctrl Pts',(179.377834436556,200.359926257828,8.77172182850111));
#3717=CARTESIAN_POINT('Ctrl Pts',(178.400258801841,198.82596457233,5.84781455236578));
#3718=CARTESIAN_POINT('Ctrl Pts',(177.422683167129,197.292002886825,2.92390727623044));
#3719=CARTESIAN_POINT('Ctrl Pts',(176.445107532414,195.758041201327,9.50999279325515E-11));
#3720=CARTESIAN_POINT('',(176.695107532414,195.508041201327,9.50999279325515E-11));
#3721=CARTESIAN_POINT('',(181.195107532432,198.716551552985,8.91192477980491));
#3722=CARTESIAN_POINT('',(176.445107532414,195.758041201327,9.50999279325515E-11));
#3723=CARTESIAN_POINT('',(179.445107532432,200.465487759029,8.97293418234134));
#3724=CARTESIAN_POINT('Ctrl Pts',(176.695107532414,195.508041201327,9.51017042893909E-11));
#3725=CARTESIAN_POINT('Ctrl Pts',(176.662289822177,195.508041201327,9.51017053200925E-11));
#3726=CARTESIAN_POINT('Ctrl Pts',(176.629507698134,195.514643494977,1.2052618957226E-10));
#3727=CARTESIAN_POINT('Ctrl Pts',(176.568918776522,195.539762924589,1.20526191849616E-10));
#3728=CARTESIAN_POINT('Ctrl Pts',(176.541557431433,195.558059555192,1.20524217444154E-10));
#3729=CARTESIAN_POINT('Ctrl Pts',(176.499007109673,195.600671139583,1.20524219415724E-10));
#3730=CARTESIAN_POINT('Ctrl Pts',(176.478689584721,195.627320697423,1.20522341829655E-10));
#3731=CARTESIAN_POINT('Ctrl Pts',(176.45167917299,195.692402292327,1.20522343648119E-10));
#3732=CARTESIAN_POINT('Ctrl Pts',(176.445107532414,195.725223184413,9.5100776536275E-11));
#3733=CARTESIAN_POINT('Ctrl Pts',(176.445107532414,195.758041201327,9.51007770254829E-11));
#3734=CARTESIAN_POINT('Ctrl Pts',(179.371260352589,200.349610541511,8.75205888758438));
#3735=CARTESIAN_POINT('Ctrl Pts',(178.395876079197,198.819087428114,5.83470592508796));
#3736=CARTESIAN_POINT('Ctrl Pts',(177.420491805806,197.288564314724,2.91735296259153));
#3737=CARTESIAN_POINT('Ctrl Pts',(176.445107532414,195.758041201327,9.51008161109712E-11));
#3738=CARTESIAN_POINT('Ctrl Pts',(179.371260352589,201.24603196211,8.78321700024209));
#3739=CARTESIAN_POINT('Ctrl Pts',(178.395876079197,199.460334939809,5.8554780001931));
#3740=CARTESIAN_POINT('Ctrl Pts',(177.420491805806,197.674637917524,2.9277390001441));
#3741=CARTESIAN_POINT('Ctrl Pts',(176.445107532414,195.888940895224,9.51008161109712E-11));
#3742=CARTESIAN_POINT('Ctrl Pts',(179.371260352589,210.119273559809,9.07794644550182));
#3743=CARTESIAN_POINT('Ctrl Pts',(178.395876079197,211.121896209013,6.05196429703291));
#3744=CARTESIAN_POINT('Ctrl Pts',(177.420491805806,212.124518858225,3.02598214856401));
#3745=CARTESIAN_POINT('Ctrl Pts',(176.445107532414,213.12714150743,9.51008161109712E-11));
#3746=CARTESIAN_POINT('Ctrl Pts',(179.371260352589,211.015694980408,9.10910455815939));
#3747=CARTESIAN_POINT('Ctrl Pts',(178.395876079197,211.763143720716,6.07273637213796));
#3748=CARTESIAN_POINT('Ctrl Pts',(177.420491805806,212.510592461018,3.03636818611653));
#3749=CARTESIAN_POINT('Ctrl Pts',(176.445107532414,213.258041201327,9.51008161109712E-11));
#3750=CARTESIAN_POINT('',(176.445107532414,213.258041201327,9.51008161109712E-11));
#3751=CARTESIAN_POINT('',(176.445107532414,213.258041201327,9.51008161109712E-11));
#3752=CARTESIAN_POINT('',(179.445107532432,210.959104995258,9.33899059755868));
#3753=CARTESIAN_POINT('Ctrl Pts',(179.373246993779,211.013723254292,9.11527315652478));
#3754=CARTESIAN_POINT('Ctrl Pts',(178.39720024984,211.761807475919,6.07684877513439));
#3755=CARTESIAN_POINT('Ctrl Pts',(177.421154284876,212.509891396471,3.03842438148969));
#3756=CARTESIAN_POINT('Ctrl Pts',(176.445107541203,213.257975617995,9.51008161097569E-11));
#3757=CARTESIAN_POINT('Ctrl Pts',(179.373178146946,211.270142357592,9.12418673989145));
#3758=CARTESIAN_POINT('Ctrl Pts',(178.397299356938,211.945170151154,6.08278883033505));
#3759=CARTESIAN_POINT('Ctrl Pts',(177.420976452839,212.620369595165,3.04139790726106));
#3760=CARTESIAN_POINT('Ctrl Pts',(176.445097510878,213.295397447458,9.51008174957495E-11));
#3761=CARTESIAN_POINT('Ctrl Pts',(179.461351889185,211.654215863539,9.13753781656465));
#3762=CARTESIAN_POINT('Ctrl Pts',(178.460239483064,212.219952439543,6.09169155766639));
#3763=CARTESIAN_POINT('Ctrl Pts',(177.459070218031,212.785712599195,3.04584625866493));
#3764=CARTESIAN_POINT('Ctrl Pts',(176.457957792454,213.351449183268,9.50990395464677E-11));
#3765=CARTESIAN_POINT('Ctrl Pts',(179.80458822094,212.20050315911,9.15652773278201));
#3766=CARTESIAN_POINT('Ctrl Pts',(178.705794618952,212.610677544033,6.10434981260485));
#3767=CARTESIAN_POINT('Ctrl Pts',(177.606813068562,213.020999976022,3.05217791821055));
#3768=CARTESIAN_POINT('Ctrl Pts',(176.508019402267,213.431174411598,9.50999279325515E-11));
#3769=CARTESIAN_POINT('Ctrl Pts',(180.318214087989,212.610340380364,9.1707744020121));
#3770=CARTESIAN_POINT('Ctrl Pts',(179.073165545544,212.903862433184,6.11384852187681));
#3771=CARTESIAN_POINT('Ctrl Pts',(177.827981201823,213.197464025012,3.05692587912271));
#3772=CARTESIAN_POINT('Ctrl Pts',(176.582932612914,213.490986105046,9.50994837395096E-11));
#3773=CARTESIAN_POINT('Ctrl Pts',(180.831192188039,212.727272401916,9.17483916672115));
#3774=CARTESIAN_POINT('Ctrl Pts',(179.439985235808,212.98747983927,6.11655732175082));
#3775=CARTESIAN_POINT('Ctrl Pts',(178.048958229721,213.247843685091,3.05828184288726));
#3776=CARTESIAN_POINT('Ctrl Pts',(176.657751339059,213.508051175961,9.51008168898559E-11));
#3777=CARTESIAN_POINT('Ctrl Pts',(181.087766291104,212.727203967723,9.17483678766789));
#3778=CARTESIAN_POINT('Ctrl Pts',(179.623568671197,212.98748313417,6.11655786220101));
#3779=CARTESIAN_POINT('Ctrl Pts',(178.159370735716,213.247762026225,3.0582789255658));
#3780=CARTESIAN_POINT('Ctrl Pts',(176.6951731157,213.508041192579,9.51008161102882E-11));
#3781=CARTESIAN_POINT('',(176.695107532414,213.508041201327,9.50999279325515E-11));
#3782=CARTESIAN_POINT('',(181.195107532429,212.708041201302,9.40000000009512));
#3783=CARTESIAN_POINT('Ctrl Pts',(176.445107532414,213.258041201327,9.5100594067685E-11));
#3784=CARTESIAN_POINT('Ctrl Pts',(176.445107532414,213.290858911535,9.51005945568884E-11));
#3785=CARTESIAN_POINT('Ctrl Pts',(176.45170982604,213.323641035551,1.13792289810348E-10));
#3786=CARTESIAN_POINT('Ctrl Pts',(176.476829255653,213.38422995719,1.13792289924605E-10));
#3787=CARTESIAN_POINT('Ctrl Pts',(176.495125886277,213.411591302298,1.13790328814801E-10));
#3788=CARTESIAN_POINT('Ctrl Pts',(176.537737470675,213.454141624061,1.13790328110789E-10));
#3789=CARTESIAN_POINT('Ctrl Pts',(176.56438702853,213.474459149033,1.13790699487687E-10));
#3790=CARTESIAN_POINT('Ctrl Pts',(176.62946862349,213.501469560776,1.13790697846313E-10));
#3791=CARTESIAN_POINT('Ctrl Pts',(176.662289515541,213.508041201327,9.51026167958596E-11));
#3792=CARTESIAN_POINT('Ctrl Pts',(176.695107532414,213.508041201327,9.51026157651484E-11));
#3793=CARTESIAN_POINT('Origin',(200.245107532428,212.708041201302,9.40000000009512));
#3794=CARTESIAN_POINT('',(213.245107532417,213.508041201327,9.50999279325515E-11));
#3795=CARTESIAN_POINT('',(194.195107532418,213.508041201327,9.50999279325515E-11));
#3796=CARTESIAN_POINT('',(208.745107532428,212.708041201317,9.40000000009563));
#3797=CARTESIAN_POINT('Ctrl Pts',(208.852097004364,212.727119896817,9.1758249510208));
#3798=CARTESIAN_POINT('Ctrl Pts',(210.316417807262,212.987427063559,6.117216636764));
#3799=CARTESIAN_POINT('Ctrl Pts',(211.780738840511,213.247734029971,3.05860831435394));
#3800=CARTESIAN_POINT('Ctrl Pts',(213.245059643466,213.508041196663,9.50999279321874E-11));
#3801=CARTESIAN_POINT('Ctrl Pts',(209.108654272598,212.727169863821,9.17582668810605));
#3802=CARTESIAN_POINT('Ctrl Pts',(210.499988000801,212.98741059412,6.11721566976659));
#3803=CARTESIAN_POINT('Ctrl Pts',(211.891141838174,213.247807715959,3.05861101684432));
#3804=CARTESIAN_POINT('Ctrl Pts',(213.282475521436,213.508048485328,9.50999285012328E-11));
#3805=CARTESIAN_POINT('Ctrl Pts',(209.621631063309,212.610219678574,9.17176122812062));
#3806=CARTESIAN_POINT('Ctrl Pts',(210.866804489597,212.903780709778,6.11450640602373));
#3807=CARTESIAN_POINT('Ctrl Pts',(212.112113716232,213.197421281847,3.05725482138321));
#3808=CARTESIAN_POINT('Ctrl Pts',(213.357287176447,213.49098233292,9.50985957407402E-11));
#3809=CARTESIAN_POINT('Ctrl Pts',(210.135271783126,212.200370604662,9.15751392293353));
#3810=CARTESIAN_POINT('Ctrl Pts',(211.234183746424,212.610589180486,6.10500727295348));
#3811=CARTESIAN_POINT('Ctrl Pts',(212.333283652299,213.020955798789,3.05250664856982));
#3812=CARTESIAN_POINT('Ctrl Pts',(213.43219566255,213.431174411598,9.50981515757121E-11));
#3813=CARTESIAN_POINT('Ctrl Pts',(210.478518048087,211.654067520216,9.1385231594313));
#3814=CARTESIAN_POINT('Ctrl Pts',(211.479744443904,212.219855218358,6.09234845284389));
#3815=CARTESIAN_POINT('Ctrl Pts',(212.48102770512,212.785666507255,3.04617470644263));
#3816=CARTESIAN_POINT('Ctrl Pts',(213.482254115144,213.351454211291,9.50990399057683E-11));
#3817=CARTESIAN_POINT('Ctrl Pts',(210.566702996521,211.270004957737,9.12517225330115));
#3818=CARTESIAN_POINT('Ctrl Pts',(211.542692237925,211.94508249582,6.08344583998402));
#3819=CARTESIAN_POINT('Ctrl Pts',(212.519125498331,212.620331647921,3.04172641166722));
#3820=CARTESIAN_POINT('Ctrl Pts',(213.495114850662,213.295409228877,9.50999284380352E-11));
#3821=CARTESIAN_POINT('Ctrl Pts',(210.566652728302,211.013602795525,9.11625911880014));
#3822=CARTESIAN_POINT('Ctrl Pts',(211.54280451771,211.761733041085,6.07750608221441));
#3823=CARTESIAN_POINT('Ctrl Pts',(212.518955738464,212.509863066846,3.03875303668307));
#3824=CARTESIAN_POINT('Ctrl Pts',(213.495107527731,213.257993312352,9.50999279322278E-11));
#3825=CARTESIAN_POINT('Ctrl Pts',(213.245107532417,213.508041201327,9.50994838437074E-11));
#3826=CARTESIAN_POINT('Ctrl Pts',(213.277925549278,213.508041201327,9.50994828129962E-11));
#3827=CARTESIAN_POINT('Ctrl Pts',(213.310746441317,213.501469560783,1.13790978862711E-10));
#3828=CARTESIAN_POINT('Ctrl Pts',(213.37582803633,213.474459149026,1.13790976416066E-10));
#3829=CARTESIAN_POINT('Ctrl Pts',(213.402477594187,213.454141624023,1.13791559531574E-10));
#3830=CARTESIAN_POINT('Ctrl Pts',(213.445089178554,213.411591302286,1.13791557558993E-10));
#3831=CARTESIAN_POINT('Ctrl Pts',(213.463385809188,213.384229957164,1.13791915858358E-10));
#3832=CARTESIAN_POINT('Ctrl Pts',(213.488505238794,213.323641035521,1.13791914166256E-10));
#3833=CARTESIAN_POINT('Ctrl Pts',(213.495107532417,213.290858911519,9.50993980044157E-11));
#3834=CARTESIAN_POINT('Ctrl Pts',(213.495107532417,213.258041201327,9.50993975152123E-11));
#3835=CARTESIAN_POINT('Origin',(204.495107532413,204.508041201327,9.50999279325515E-11));
#3836=CARTESIAN_POINT('',(213.245107532417,195.508041201327,9.50999279325515E-11));
#3837=CARTESIAN_POINT('Ctrl Pts',(213.495107532417,195.758041201327,9.50994838433417E-11));
#3838=CARTESIAN_POINT('Ctrl Pts',(213.495107532417,195.725223491109,9.50994833541383E-11));
#3839=CARTESIAN_POINT('Ctrl Pts',(213.488505238783,195.692441367082,1.20536233515844E-10));
#3840=CARTESIAN_POINT('Ctrl Pts',(213.463385809181,195.631852445456,1.20536233401587E-10));
#3841=CARTESIAN_POINT('Ctrl Pts',(213.445089178553,195.604491100345,1.20536825463356E-10));
#3842=CARTESIAN_POINT('Ctrl Pts',(213.402477594235,195.561940778655,1.20536826167369E-10));
#3843=CARTESIAN_POINT('Ctrl Pts',(213.375828036399,195.541623253651,1.20537402341198E-10));
#3844=CARTESIAN_POINT('Ctrl Pts',(213.31074644139,195.514612841895,1.20537403982571E-10));
#3845=CARTESIAN_POINT('Ctrl Pts',(213.277925549315,195.508041201327,9.51002593046738E-11));
#3846=CARTESIAN_POINT('Ctrl Pts',(213.245107532417,195.508041201327,9.51002603353851E-11));
#3847=CARTESIAN_POINT('',(195.745107532413,195.508041201327,9.50999279325515E-11));
#3848=CARTESIAN_POINT('Ctrl Pts',(210.562380627493,200.359926259101,8.77172183093179));
#3849=CARTESIAN_POINT('Ctrl Pts',(211.539956262466,198.825964573174,5.84781455398623));
#3850=CARTESIAN_POINT('Ctrl Pts',(212.517531897443,197.292002887254,2.92390727704066));
#3851=CARTESIAN_POINT('Ctrl Pts',(213.495107532417,195.758041201327,9.50999279325515E-11));
#3852=CARTESIAN_POINT('Ctrl Pts',(210.562380627493,200.103314461565,8.76279951250459));
#3853=CARTESIAN_POINT('Ctrl Pts',(211.539808169247,198.642480642542,5.84186867141422));
#3854=CARTESIAN_POINT('Ctrl Pts',(212.517679990662,197.181475107805,2.92093084118547));
#3855=CARTESIAN_POINT('Ctrl Pts',(213.495107532417,195.720641288783,9.50999279325515E-11));
#3856=CARTESIAN_POINT('Ctrl Pts',(210.474077420411,199.718898760017,8.74943348907722));
#3857=CARTESIAN_POINT('Ctrl Pts',(211.476781153895,198.36747858028,5.83295598011364));
#3858=CARTESIAN_POINT('Ctrl Pts',(212.479541836779,197.016034762986,2.91647750905868));
#3859=CARTESIAN_POINT('Ctrl Pts',(213.482245570263,195.664614583249,9.51003720217614E-11));
#3860=CARTESIAN_POINT('Ctrl Pts',(210.130462090925,199.172008392816,8.7304182682346));
#3861=CARTESIAN_POINT('Ctrl Pts',(211.230977232735,197.976357659856,5.82028085622966));
#3862=CARTESIAN_POINT('Ctrl Pts',(212.331680520754,196.780558723993,2.91013741210004));
#3863=CARTESIAN_POINT('Ctrl Pts',(213.432195662564,195.584907991033,9.51003720217614E-11));
#3864=CARTESIAN_POINT('Ctrl Pts',(209.616269126465,198.761718705682,8.71615261376688));
#3865=CARTESIAN_POINT('Ctrl Pts',(210.863234086588,197.682875776307,5.81076948968949));
#3866=CARTESIAN_POINT('Ctrl Pts',(212.110335003093,196.603953208207,2.90538312417249));
#3867=CARTESIAN_POINT('Ctrl Pts',(213.357299963216,195.525110278832,9.51003720217614E-11));
#3868=CARTESIAN_POINT('Ctrl Pts',(209.102784547082,198.644602745691,8.71208052550754));
#3869=CARTESIAN_POINT('Ctrl Pts',(210.496085496674,197.599134406963,5.80805580736292));
#3870=CARTESIAN_POINT('Ctrl Pts',(211.889206495369,196.553509540056,2.90402471823972));
#3871=CARTESIAN_POINT('Ctrl Pts',(213.282507444961,195.508041201327,9.50999279325515E-11));
#3872=CARTESIAN_POINT('Ctrl Pts',(208.846017175027,198.644602745691,8.71208052550753));
#3873=CARTESIAN_POINT('Ctrl Pts',(210.312380627493,197.599082230903,5.80805368370339));
#3874=CARTESIAN_POINT('Ctrl Pts',(211.778744079951,196.553561716115,2.90402684189924));
#3875=CARTESIAN_POINT('Ctrl Pts',(213.245107532417,195.508041201327,9.50999279325515E-11));
#3876=CARTESIAN_POINT('',(208.745107532432,198.716551552985,8.91192477980491));
#3877=CARTESIAN_POINT('Origin',(208.745107532432,198.716551552985,8.91192477980491));
#3878=CARTESIAN_POINT('Origin',(206.420107532413,205.008041201341,9.50963752188727E-11));
#3879=CARTESIAN_POINT('',(206.420107532413,202.508041201341,0.200000000095098));
#3880=CARTESIAN_POINT('',(206.420107532413,202.508041201341,9.50972633972924E-11));
#3881=CARTESIAN_POINT('',(206.420107532413,204.008041201341,0.200000000095097));
#3882=CARTESIAN_POINT('',(206.420107532413,200.262027446843,0.200000000095099));
#3883=CARTESIAN_POINT('',(206.420107532413,204.008041201341,9.50972633972924E-11));
#3884=CARTESIAN_POINT('Origin',(207.420107532413,202.508041201341,9.50981515757121E-11));
#3885=CARTESIAN_POINT('',(207.420107532413,202.508041201341,0.200000000095098));
#3886=CARTESIAN_POINT('',(207.420107532413,202.508041201341,9.50972633972924E-11));
#3887=CARTESIAN_POINT('',(202.670107532413,202.508041201341,0.200000000095098));
#3888=CARTESIAN_POINT('Origin',(207.420107532413,204.008041201341,9.50972633972924E-11));
#3889=CARTESIAN_POINT('',(207.420107532413,204.008041201341,0.200000000095097));
#3890=CARTESIAN_POINT('',(207.420107532413,204.008041201341,9.50972633972924E-11));
#3891=CARTESIAN_POINT('',(207.420107532413,199.762027446843,0.200000000095099));
#3892=CARTESIAN_POINT('Origin',(206.420107532413,204.008041201341,9.50972633972924E-11));
#3893=CARTESIAN_POINT('',(204.920107532413,204.008041201341,0.200000000095097));
#3894=CARTESIAN_POINT('',(202.170107532413,204.008041201341,0.200000000095097));
#3895=CARTESIAN_POINT('',(204.920107532413,204.008041201341,9.50972633972924E-11));
#3896=CARTESIAN_POINT('Origin',(206.420107532413,204.008041201341,9.50972633972924E-11));
#3897=CARTESIAN_POINT('',(208.920107532413,204.008041201341,0.200000000095097));
#3898=CARTESIAN_POINT('',(208.920107532413,204.008041201341,9.50972633972924E-11));
#3899=CARTESIAN_POINT('',(202.170107532413,204.008041201341,0.200000000095097));
#3900=CARTESIAN_POINT('Origin',(204.920107532413,204.008041201341,9.50972633972924E-11));
#3901=CARTESIAN_POINT('',(204.920107532413,205.008041201341,0.200000000095097));
#3902=CARTESIAN_POINT('',(204.920107532413,199.762027446843,0.200000000095099));
#3903=CARTESIAN_POINT('',(204.920107532413,205.008041201341,9.50963752188727E-11));
#3904=CARTESIAN_POINT('Origin',(208.920107532413,205.008041201341,9.50963752188727E-11));
#3905=CARTESIAN_POINT('',(208.920107532413,205.008041201341,0.200000000095097));
#3906=CARTESIAN_POINT('',(208.920107532413,205.008041201341,9.50963752188727E-11));
#3907=CARTESIAN_POINT('',(208.920107532413,200.262027446843,0.200000000095099));
#3908=CARTESIAN_POINT('Origin',(204.920107532413,205.008041201341,9.50963752188727E-11));
#3909=CARTESIAN_POINT('',(206.420107532413,205.008041201341,0.200000000095097));
#3910=CARTESIAN_POINT('',(201.420107532413,205.008041201341,0.200000000095097));
#3911=CARTESIAN_POINT('',(206.420107532413,205.008041201341,9.50963752188727E-11));
#3912=CARTESIAN_POINT('Origin',(207.420107532413,205.008041201341,9.50963752188727E-11));
#3913=CARTESIAN_POINT('',(207.420107532413,205.008041201341,0.200000000095097));
#3914=CARTESIAN_POINT('',(207.420107532413,205.008041201341,9.50963752188727E-11));
#3915=CARTESIAN_POINT('',(202.670107532413,205.008041201341,0.200000000095097));
#3916=CARTESIAN_POINT('Origin',(206.420107532413,205.008041201341,9.50963752188727E-11));
#3917=CARTESIAN_POINT('',(206.420107532413,206.508041201341,0.200000000095097));
#3918=CARTESIAN_POINT('',(206.420107532413,200.262027446843,0.200000000095099));
#3919=CARTESIAN_POINT('',(206.420107532413,206.508041201341,9.50963752188727E-11));
#3920=CARTESIAN_POINT('Origin',(207.420107532413,206.508041201341,9.50963752188727E-11));
#3921=CARTESIAN_POINT('',(207.420107532413,206.508041201341,0.200000000095097));
#3922=CARTESIAN_POINT('',(207.420107532413,206.508041201341,9.50963752188727E-11));
#3923=CARTESIAN_POINT('',(207.420107532413,201.012027446843,0.200000000095098));
#3924=CARTESIAN_POINT('Origin',(206.420107532413,206.508041201341,9.50963752188727E-11));
#3925=CARTESIAN_POINT('',(202.170107532413,206.508041201341,0.200000000095097));
#3926=CARTESIAN_POINT('Origin',(197.920107532413,195.516013692344,0.2000000000951));
#3927=CARTESIAN_POINT('Origin',(174.020107532411,195.516013692344,0.2000000000951));
#3928=CARTESIAN_POINT('',(182.520107532411,205.008041201341,0.200000000095097));
#3929=CARTESIAN_POINT('',(182.520107532411,206.508041201341,0.200000000095097));
#3930=CARTESIAN_POINT('',(182.520107532411,200.262027446843,0.200000000095099));
#3931=CARTESIAN_POINT('',(181.020107532411,205.008041201341,0.200000000095097));
#3932=CARTESIAN_POINT('',(177.520107532411,205.008041201341,0.200000000095097));
#3933=CARTESIAN_POINT('',(181.020107532411,204.008041201341,0.200000000095097));
#3934=CARTESIAN_POINT('',(181.020107532411,199.762027446843,0.200000000095099));
#3935=CARTESIAN_POINT('',(182.520107532411,204.008041201341,0.200000000095097));
#3936=CARTESIAN_POINT('',(178.270107532411,204.008041201341,0.200000000095097));
#3937=CARTESIAN_POINT('',(182.520107532411,202.508041201341,0.200000000095098));
#3938=CARTESIAN_POINT('',(182.520107532411,200.262027446843,0.200000000095099));
#3939=CARTESIAN_POINT('',(183.520107532411,202.508041201341,0.200000000095098));
#3940=CARTESIAN_POINT('',(178.770107532411,202.508041201341,0.200000000095098));
#3941=CARTESIAN_POINT('',(183.520107532411,204.008041201341,0.200000000095097));
#3942=CARTESIAN_POINT('',(183.520107532411,199.762027446843,0.200000000095099));
#3943=CARTESIAN_POINT('',(185.020107532411,204.008041201341,0.200000000095097));
#3944=CARTESIAN_POINT('',(178.270107532411,204.008041201341,0.200000000095097));
#3945=CARTESIAN_POINT('',(185.020107532411,205.008041201341,0.200000000095097));
#3946=CARTESIAN_POINT('',(185.020107532411,200.262027446843,0.200000000095099));
#3947=CARTESIAN_POINT('',(183.520107532411,205.008041201341,0.200000000095097));
#3948=CARTESIAN_POINT('',(178.770107532411,205.008041201341,0.200000000095097));
#3949=CARTESIAN_POINT('',(183.520107532411,206.508041201341,0.200000000095097));
#3950=CARTESIAN_POINT('',(183.520107532411,201.012027446843,0.200000000095098));
#3951=CARTESIAN_POINT('',(178.270107532411,206.508041201341,0.200000000095097));
#3952=CARTESIAN_POINT('Origin',(182.520107532411,206.508041201341,9.50963752188727E-11));
#3953=CARTESIAN_POINT('',(182.520107532411,206.508041201341,9.50963752188727E-11));
#3954=CARTESIAN_POINT('',(183.520107532411,206.508041201341,9.50963752188727E-11));
#3955=CARTESIAN_POINT('Origin',(183.520107532411,206.508041201341,9.50963752188727E-11));
#3956=CARTESIAN_POINT('',(183.520107532411,205.008041201341,9.50963752188727E-11));
#3957=CARTESIAN_POINT('Origin',(182.520107532411,205.008041201341,9.50963752188727E-11));
#3958=CARTESIAN_POINT('',(182.520107532411,205.008041201341,9.50963752188727E-11));
#3959=CARTESIAN_POINT('Origin',(183.520107532411,205.008041201341,9.50963752188727E-11));
#3960=CARTESIAN_POINT('',(185.020107532411,205.008041201341,9.50963752188727E-11));
#3961=CARTESIAN_POINT('Origin',(181.020107532411,205.008041201341,9.50963752188727E-11));
#3962=CARTESIAN_POINT('',(181.020107532411,205.008041201341,9.50963752188727E-11));
#3963=CARTESIAN_POINT('Origin',(185.020107532411,205.008041201341,9.50963752188727E-11));
#3964=CARTESIAN_POINT('',(185.020107532411,204.008041201341,9.50972633972924E-11));
#3965=CARTESIAN_POINT('Origin',(181.020107532411,204.008041201341,9.50972633972924E-11));
#3966=CARTESIAN_POINT('',(181.020107532411,204.008041201341,9.50972633972924E-11));
#3967=CARTESIAN_POINT('Origin',(182.520107532411,204.008041201341,9.50972633972924E-11));
#3968=CARTESIAN_POINT('',(183.520107532411,204.008041201341,9.50972633972924E-11));
#3969=CARTESIAN_POINT('Origin',(182.520107532411,204.008041201341,9.50972633972924E-11));
#3970=CARTESIAN_POINT('',(182.520107532411,204.008041201341,9.50972633972924E-11));
#3971=CARTESIAN_POINT('Origin',(183.520107532411,204.008041201341,9.50972633972924E-11));
#3972=CARTESIAN_POINT('',(183.520107532411,202.508041201341,9.50972633972924E-11));
#3973=CARTESIAN_POINT('Origin',(183.520107532411,202.508041201341,9.50981515757121E-11));
#3974=CARTESIAN_POINT('',(182.520107532411,202.508041201341,9.50972633972924E-11));
#3975=CARTESIAN_POINT('Origin',(182.520107532411,205.008041201341,9.50963752188727E-11));
#3976=CARTESIAN_POINT('Origin',(185.970107532412,195.516013692344,0.2000000000951));
#3977=CARTESIAN_POINT('',(194.970107532412,201.808041201344,0.2000000000951));
#3978=CARTESIAN_POINT('Origin',(194.970107532412,204.508041201341,0.2000000000951));
#3979=CARTESIAN_POINT('',(194.470107532412,205.008041201341,0.200000000095097));
#3980=CARTESIAN_POINT('',(194.470107532412,206.508041201341,0.200000000095097));
#3981=CARTESIAN_POINT('',(194.470107532412,200.262027446843,0.200000000095099));
#3982=CARTESIAN_POINT('',(192.970107532412,205.008041201341,0.200000000095097));
#3983=CARTESIAN_POINT('',(189.470107532412,205.008041201341,0.200000000095097));
#3984=CARTESIAN_POINT('',(192.970107532412,204.008041201341,0.200000000095097));
#3985=CARTESIAN_POINT('',(192.970107532412,199.762027446843,0.200000000095099));
#3986=CARTESIAN_POINT('',(194.470107532412,204.008041201341,0.200000000095097));
#3987=CARTESIAN_POINT('',(190.220107532412,204.008041201341,0.200000000095097));
#3988=CARTESIAN_POINT('',(194.470107532412,202.508041201341,0.200000000095098));
#3989=CARTESIAN_POINT('',(194.470107532412,200.262027446843,0.200000000095099));
#3990=CARTESIAN_POINT('',(195.470107532412,202.508041201341,0.200000000095098));
#3991=CARTESIAN_POINT('',(190.720107532412,202.508041201341,0.200000000095098));
#3992=CARTESIAN_POINT('',(195.470107532412,204.008041201341,0.200000000095097));
#3993=CARTESIAN_POINT('',(195.470107532412,199.762027446843,0.200000000095099));
#3994=CARTESIAN_POINT('',(196.970107532412,204.008041201341,0.200000000095097));
#3995=CARTESIAN_POINT('',(190.220107532412,204.008041201341,0.200000000095097));
#3996=CARTESIAN_POINT('',(196.970107532412,205.008041201341,0.200000000095097));
#3997=CARTESIAN_POINT('',(196.970107532412,200.262027446843,0.200000000095099));
#3998=CARTESIAN_POINT('',(195.470107532412,205.008041201341,0.200000000095097));
#3999=CARTESIAN_POINT('',(190.720107532412,205.008041201341,0.200000000095097));
#4000=CARTESIAN_POINT('',(195.470107532412,206.508041201341,0.200000000095097));
#4001=CARTESIAN_POINT('',(195.470107532412,201.012027446843,0.200000000095098));
#4002=CARTESIAN_POINT('',(190.220107532412,206.508041201341,0.200000000095097));
#4003=CARTESIAN_POINT('Origin',(194.970107532412,204.508041201341,9.50999279325515E-11));
#4004=CARTESIAN_POINT('',(194.645107532415,201.827672756524,4.63039454831959));
#4005=CARTESIAN_POINT('',(194.970107532412,201.808041201341,4.63039454831959));
#4006=CARTESIAN_POINT('Origin',(194.970107532412,204.508041201341,4.63039454831959));
#4007=CARTESIAN_POINT('',(194.645107532411,201.827672756517,7.12713098070001));
#4008=CARTESIAN_POINT('',(192.289739087591,204.183041201337,4.63039454831959));
#4009=CARTESIAN_POINT('',(192.289739087591,204.18304120133,9.50999279325515E-11));
#4010=CARTESIAN_POINT('',(192.289739087588,204.833041201338,4.63039454831959));
#4011=CARTESIAN_POINT('Origin',(194.970107532412,204.508041201341,4.63039454831959));
#4012=CARTESIAN_POINT('',(192.289739087588,204.833041201338,7.24913532960574));
#4013=CARTESIAN_POINT('',(194.645107532415,207.188409646165,4.63039454831959));
#4014=CARTESIAN_POINT('',(194.645107532415,207.188409646165,4.63039454831959));
#4015=CARTESIAN_POINT('',(195.295107532416,207.188409646165,4.63039454831959));
#4016=CARTESIAN_POINT('Origin',(194.970107532412,204.508041201341,4.63039454831959));
#4017=CARTESIAN_POINT('',(195.295107532416,207.188409646165,9.50999279325515E-11));
#4018=CARTESIAN_POINT('',(197.650475977236,204.833041201331,4.63039454831959));
#4019=CARTESIAN_POINT('',(197.650475977236,204.833041201331,4.63039454831959));
#4020=CARTESIAN_POINT('',(197.650475977232,204.18304120133,4.63039454831959));
#4021=CARTESIAN_POINT('Origin',(194.970107532412,204.508041201341,4.63039454831959));
#4022=CARTESIAN_POINT('',(197.650475977232,204.18304120133,9.50999279325515E-11));
#4023=CARTESIAN_POINT('',(195.295107532416,201.827672756517,4.63039454831959));
#4024=CARTESIAN_POINT('',(195.295107532416,201.827672756517,9.50999279325515E-11));
#4025=CARTESIAN_POINT('Origin',(194.970107532412,204.508041201341,4.63039454831959));
#4026=CARTESIAN_POINT('',(194.970107532412,201.808041201341,9.50999279325515E-11));
#4027=CARTESIAN_POINT('Origin',(194.470107532412,206.508041201341,9.50963752188727E-11));
#4028=CARTESIAN_POINT('',(194.470107532412,206.508041201341,9.50963752188727E-11));
#4029=CARTESIAN_POINT('',(195.470107532412,206.508041201341,9.50963752188727E-11));
#4030=CARTESIAN_POINT('Origin',(195.470107532412,206.508041201341,9.50963752188727E-11));
#4031=CARTESIAN_POINT('',(195.470107532412,205.008041201341,9.50963752188727E-11));
#4032=CARTESIAN_POINT('Origin',(194.470107532412,205.008041201341,9.50963752188727E-11));
#4033=CARTESIAN_POINT('',(194.470107532412,205.008041201341,9.50963752188727E-11));
#4034=CARTESIAN_POINT('Origin',(195.470107532412,205.008041201341,9.50963752188727E-11));
#4035=CARTESIAN_POINT('',(196.970107532412,205.008041201341,9.50963752188727E-11));
#4036=CARTESIAN_POINT('Origin',(192.970107532412,205.008041201341,9.50963752188727E-11));
#4037=CARTESIAN_POINT('',(192.970107532412,205.008041201341,9.50963752188727E-11));
#4038=CARTESIAN_POINT('Origin',(196.970107532412,205.008041201341,9.50963752188727E-11));
#4039=CARTESIAN_POINT('',(196.970107532412,204.008041201341,9.50972633972924E-11));
#4040=CARTESIAN_POINT('Origin',(192.970107532412,204.008041201341,9.50972633972924E-11));
#4041=CARTESIAN_POINT('',(192.970107532412,204.008041201341,9.50972633972924E-11));
#4042=CARTESIAN_POINT('Origin',(194.470107532412,204.008041201341,9.50972633972924E-11));
#4043=CARTESIAN_POINT('',(195.470107532412,204.008041201341,9.50972633972924E-11));
#4044=CARTESIAN_POINT('Origin',(194.470107532412,204.008041201341,9.50972633972924E-11));
#4045=CARTESIAN_POINT('',(194.470107532412,204.008041201341,9.50972633972924E-11));
#4046=CARTESIAN_POINT('Origin',(195.470107532412,204.008041201341,9.50972633972924E-11));
#4047=CARTESIAN_POINT('',(195.470107532412,202.508041201341,9.50972633972924E-11));
#4048=CARTESIAN_POINT('Origin',(195.470107532412,202.508041201341,9.50981515757121E-11));
#4049=CARTESIAN_POINT('',(194.470107532412,202.508041201341,9.50972633972924E-11));
#4050=CARTESIAN_POINT('Origin',(194.470107532412,205.008041201341,9.50963752188727E-11));
#4051=CARTESIAN_POINT('Origin',(206.595107532416,204.508041201327,6.13039454831959));
#4052=CARTESIAN_POINT('',(206.595107532416,204.508041201327,4.63039454831959));
#4053=CARTESIAN_POINT('Origin',(194.970107532412,204.833041201331,4.63039454831959));
#4054=CARTESIAN_POINT('',(207.245107532417,204.508041201327,4.63039454831959));
#4055=CARTESIAN_POINT('Origin',(207.245107532417,204.508041201327,6.13039454831959));
#4056=CARTESIAN_POINT('Origin',(194.645107532406,172.758041201328,4.63039454831959));
#4057=CARTESIAN_POINT('',(194.645107532415,198.503639566632,4.63039454831959));
#4058=CARTESIAN_POINT('Origin',(194.970107532412,204.833041201331,4.63039454831959));
#4059=CARTESIAN_POINT('',(195.295107532416,204.508041201327,4.63039454831959));
#4060=CARTESIAN_POINT('Origin',(195.295107532416,204.508041201327,6.13039454831959));
#4061=CARTESIAN_POINT('Origin',(183.345107532419,204.508041201327,6.13039454831959));
#4062=CARTESIAN_POINT('',(183.345107532419,204.508041201327,4.63039454831959));
#4063=CARTESIAN_POINT('Origin',(194.970107532412,204.833041201331,4.63039454831959));
#4064=CARTESIAN_POINT('',(182.695107532418,204.508041201327,4.63039454831959));
#4065=CARTESIAN_POINT('Origin',(182.695107532418,204.508041201327,6.13039454831959));
#4066=CARTESIAN_POINT('Origin',(182.695107532418,204.508041201327,6.13039454831959));
#4067=CARTESIAN_POINT('',(182.695107532418,204.508041201327,4.63039454831959));
#4068=CARTESIAN_POINT('Origin',(194.970107532412,204.833041201331,4.63039454831959));
#4069=CARTESIAN_POINT('',(183.345107532419,204.508041201327,4.63039454831959));
#4070=CARTESIAN_POINT('Origin',(183.345107532419,204.508041201327,6.13039454831959));
#4071=CARTESIAN_POINT('Origin',(194.970107532412,204.18304120133,6.13039454831959));
#4072=CARTESIAN_POINT('',(194.970107532412,204.183041201337,4.63039454831959));
#4073=CARTESIAN_POINT('Origin',(170.470107532412,204.833041201345,-109.369605451666));
#4074=CARTESIAN_POINT('',(185.700475977232,204.833041201346,4.63039454831959));
#4075=CARTESIAN_POINT('Origin',(194.970107532412,204.833041201331,4.63039454831959));
#4076=CARTESIAN_POINT('Origin',(194.645107532406,172.758041201328,4.63039454831959));
#4077=CARTESIAN_POINT('',(194.645107532415,207.188409646165,4.63039454831959));
#4078=CARTESIAN_POINT('Origin',(194.970107532412,204.833041201331,4.63039454831959));
#4079=CARTESIAN_POINT('',(195.295107532416,204.508041201327,4.63039454831959));
#4080=CARTESIAN_POINT('Origin',(195.295107532416,204.508041201327,6.13039454831959));
#4081=CARTESIAN_POINT('Origin',(194.970107532412,204.833041201331,4.63039454831959));
#4082=CARTESIAN_POINT('',(194.970107532412,204.183041201337,4.63039454831959));
#4083=CARTESIAN_POINT('',(179.322852391018,204.833041201346,4.63039454831959));
#4084=CARTESIAN_POINT('Origin',(170.470107532412,204.833041201345,-109.369605451666));
#4085=CARTESIAN_POINT('Origin',(194.970107532412,204.18304120133,6.13039454831959));
#4086=CARTESIAN_POINT('Origin',(194.970107532412,204.18304120133,6.13039454831959));
#4087=CARTESIAN_POINT('',(194.970107532412,204.18304120133,4.63039454831959));
#4088=CARTESIAN_POINT('Origin',(219.470107532412,204.833041201324,3.13039454831959));
#4089=CARTESIAN_POINT('',(204.239739087592,204.833041201331,4.63039454831959));
#4090=CARTESIAN_POINT('Origin',(194.970107532412,204.833041201331,4.63039454831959));
#4091=CARTESIAN_POINT('Origin',(219.470107532412,204.833041201324,3.13039454831959));
#4092=CARTESIAN_POINT('',(210.779467283512,204.833041201331,4.63039454831959));
#4093=CARTESIAN_POINT('Origin',(194.970107532412,204.833041201331,4.63039454831959));
#4094=CARTESIAN_POINT('',(194.970107532412,204.18304120133,4.63039454831959));
#4095=CARTESIAN_POINT('Origin',(194.970107532412,204.18304120133,6.13039454831959));
#4096=UNCERTAINTY_MEASURE_WITH_UNIT(LENGTH_MEASURE(0.01),#4100,
'DISTANCE_ACCURACY_VALUE',
'Maximum model space distance between geometric entities at asserted c
onnectivities');
#4097=UNCERTAINTY_MEASURE_WITH_UNIT(LENGTH_MEASURE(0.01),#4100,
'DISTANCE_ACCURACY_VALUE',
'Maximum model space distance between geometric entities at asserted c
onnectivities');
#4098=(
GEOMETRIC_REPRESENTATION_CONTEXT(3)
GLOBAL_UNCERTAINTY_ASSIGNED_CONTEXT((#4096))
GLOBAL_UNIT_ASSIGNED_CONTEXT((#4100,#4102,#4103))
REPRESENTATION_CONTEXT('','3D')
);
#4099=(
GEOMETRIC_REPRESENTATION_CONTEXT(3)
GLOBAL_UNCERTAINTY_ASSIGNED_CONTEXT((#4097))
GLOBAL_UNIT_ASSIGNED_CONTEXT((#4100,#4102,#4103))
REPRESENTATION_CONTEXT('','3D')
);
#4100=(
LENGTH_UNIT()
NAMED_UNIT(*)
SI_UNIT(.MILLI.,.METRE.)
);
#4101=(
LENGTH_UNIT()
NAMED_UNIT(*)
SI_UNIT($,.METRE.)
);
#4102=(
NAMED_UNIT(*)
PLANE_ANGLE_UNIT()
SI_UNIT($,.RADIAN.)
);
#4103=(
NAMED_UNIT(*)
SI_UNIT($,.STERADIAN.)
SOLID_ANGLE_UNIT()
);
#4104=SHAPE_DEFINITION_REPRESENTATION(#4105,#4106);
#4105=PRODUCT_DEFINITION_SHAPE('',$,#4108);
#4106=SHAPE_REPRESENTATION('',(#1998),#4098);
#4107=PRODUCT_DEFINITION_CONTEXT('part definition',#4112,'design');
#4108=PRODUCT_DEFINITION('2026-08-16-11-31-40-281','2u keycap',#4109,#4107);
#4109=PRODUCT_DEFINITION_FORMATION('',$,#4114);
#4110=PRODUCT_RELATED_PRODUCT_CATEGORY('2u keycap','2u keycap',(#4114));
#4111=APPLICATION_PROTOCOL_DEFINITION('international standard',
'automotive_design',2009,#4112);
#4112=APPLICATION_CONTEXT(
'Core Data for Automotive Mechanical Design Process');
#4113=PRODUCT_CONTEXT('part definition',#4112,'mechanical');
#4114=PRODUCT('2026-08-16-11-31-40-281','2u keycap',$,(#4113));
#4115=PRESENTATION_STYLE_ASSIGNMENT((#4117));
#4116=PRESENTATION_STYLE_ASSIGNMENT((#4118));
#4117=SURFACE_STYLE_USAGE(.BOTH.,#4119);
#4118=SURFACE_STYLE_USAGE(.BOTH.,#4120);
#4119=SURFACE_SIDE_STYLE('',(#4121));
#4120=SURFACE_SIDE_STYLE('',(#4122));
#4121=SURFACE_STYLE_FILL_AREA(#4123);
#4122=SURFACE_STYLE_FILL_AREA(#4124);
#4123=FILL_AREA_STYLE('Steel - Satin',(#4125));
#4124=FILL_AREA_STYLE('Opaque(255,255,255)',(#4126));
#4125=FILL_AREA_STYLE_COLOUR('Steel - Satin',#4127);
#4126=FILL_AREA_STYLE_COLOUR('Opaque(255,255,255)',#4128);
#4127=COLOUR_RGB('Steel - Satin',0.627450980392157,0.627450980392157,0.627450980392157);
#4128=COLOUR_RGB('Opaque(255,255,255)',1.,1.,1.);
ENDSEC;
END-ISO-10303-21;
