ISO-10303-21;
HEADER;
/* Generated by software containing ST-Developer
 * from STEP Tools, Inc. (www.steptools.com) 
 */

FILE_DESCRIPTION(
/* description */ (''),
/* implementation_level */ '2;1');

FILE_NAME(
/* name */ '1.25u keycap.step',
/* time_stamp */ '2026-08-16T11:31:18-07:00',
/* author */ (''),
/* organization */ (''),
/* preprocessor_version */ 'ST-DEVELOPER v20.1',
/* originating_system */ 'Autodesk Translation Framework v15.8.0.0',
/* authorisation */ '');

FILE_SCHEMA (('AUTOMOTIVE_DESIGN { 1 0 10303 214 3 1 1 }'));
ENDSEC;

DATA;
#10=MECHANICAL_DESIGN_GEOMETRIC_PRESENTATION_REPRESENTATION('',(#13),#2338);
#11=SHAPE_REPRESENTATION_RELATIONSHIP('SRR','None',#2345,#12);
#12=ADVANCED_BREP_SHAPE_REPRESENTATION('',(#14),#2337);
#13=STYLED_ITEM('',(#2355),#14);
#14=MANIFOLD_SOLID_BREP('Body1',#962);
#15=FACE_BOUND('',#137,.T.);
#16=FACE_BOUND('',#143,.T.);
#17=CYLINDRICAL_SURFACE('',#991,59.0349277880315);
#18=CYLINDRICAL_SURFACE('',#1000,2.7);
#19=ELLIPSE('',#987,47.7623011051015,41.2899676908922);
#20=ELLIPSE('',#989,47.5608911386663,41.139894311028);
#21=ELLIPSE('',#992,51.0986628794813,44.1847728804879);
#22=ELLIPSE('',#995,51.3150545340849,44.371413276209);
#23=CIRCLE('',#978,60.377845664524);
#24=CIRCLE('',#979,60.2605912881034);
#25=CIRCLE('',#980,60.2605912903533);
#26=CIRCLE('',#981,60.3778457687861);
#27=CIRCLE('',#982,60.4185117085148);
#28=CIRCLE('',#983,60.418511708423);
#29=CIRCLE('',#986,0.249999999999729);
#30=CIRCLE('',#988,0.25);
#31=CIRCLE('',#990,0.250000000000002);
#32=CIRCLE('',#993,0.249999999999999);
#33=CIRCLE('',#994,0.250000000002325);
#34=CIRCLE('',#996,0.25);
#35=CIRCLE('',#1001,2.7);
#36=CIRCLE('',#1002,2.7);
#37=CIRCLE('',#1003,2.7);
#38=CIRCLE('',#1004,2.7);
#39=CIRCLE('',#1005,2.7);
#40=CIRCLE('',#1006,2.7);
#41=B_SPLINE_SURFACE_WITH_KNOTS('',3,1,((#1296,#1297),(#1298,#1299),(#1300,
#1301),(#1302,#1303)),.UNSPECIFIED.,.F.,.F.,.F.,(4,4),(2,2),(0.195127270256821,
0.261188263830916),(0.,0.480299422699452),.UNSPECIFIED.);
#42=B_SPLINE_SURFACE_WITH_KNOTS('',3,1,((#1328,#1329),(#1330,#1331),(#1332,
#1333),(#1334,#1335),(#1336,#1337),(#1338,#1339)),.UNSPECIFIED.,.F.,.F.,
 .F.,(4,2,4),(2,2),(0.104502622025255,0.135594538673483,0.222794553122835),
(0.,0.579595821713033),.UNSPECIFIED.);
#43=B_SPLINE_SURFACE_WITH_KNOTS('',3,1,((#1395,#1396),(#1397,#1398),(#1399,
#1400),(#1401,#1402),(#1403,#1404),(#1405,#1406)),.UNSPECIFIED.,.F.,.F.,
 .F.,(4,2,4),(2,2),(0.104499434927685,0.135594538673483,0.222794556132315),
(0.,0.814428886424749),.UNSPECIFIED.);
#44=B_SPLINE_SURFACE_WITH_KNOTS('',3,1,((#1457,#1458),(#1459,#1460),(#1461,
#1462),(#1463,#1464),(#1465,#1466),(#1467,#1468),(#1469,#1470),(#1471,#1472)),
 .UNSPECIFIED.,.F.,.F.,.F.,(4,2,2,4),(2,2),(0.233526655159724,0.271189077347092,
0.338986346683896,0.356134176915453),(0.,0.579710241066063),
 .UNSPECIFIED.);
#45=B_SPLINE_SURFACE_WITH_KNOTS('',3,3,((#1563,#1564,#1565,#1566),(#1567,
#1568,#1569,#1570),(#1571,#1572,#1573,#1574),(#1575,#1576,#1577,#1578)),
 .UNSPECIFIED.,.F.,.F.,.F.,(4,4),(4,4),(-4.54500440457848E-14,1.),(0.0259738184199999,
1.),.UNSPECIFIED.);
#46=B_SPLINE_SURFACE_WITH_KNOTS('',3,3,((#1591,#1592,#1593,#1594,#1595,
#1596,#1597),(#1598,#1599,#1600,#1601,#1602,#1603,#1604),(#1605,#1606,#1607,
#1608,#1609,#1610,#1611),(#1612,#1613,#1614,#1615,#1616,#1617,#1618),(#1619,
#1620,#1621,#1622,#1623,#1624,#1625)),.UNSPECIFIED.,.F.,.F.,.F.,(4,1,4),
(4,1,1,1,4),(0.,0.571428571428571,1.00016364730553),(-0.000163647304805773,
0.65406681010131,1.30813362020262,1.7986837277786,2.28939748266012),
 .UNSPECIFIED.);
#47=B_SPLINE_SURFACE_WITH_KNOTS('',3,3,((#1719,#1720,#1721,#1722),(#1723,
#1724,#1725,#1726),(#1727,#1728,#1729,#1730),(#1731,#1732,#1733,#1734),
(#1735,#1736,#1737,#1738)),.UNSPECIFIED.,.F.,.F.,.F.,(4,1,4),(4,4),(0.,
0.571428571428571,1.),(0.,13.7109358430694),.UNSPECIFIED.);
#48=B_SPLINE_SURFACE_WITH_KNOTS('',3,3,((#1744,#1745,#1746,#1747,#1748,
#1749,#1750),(#1751,#1752,#1753,#1754,#1755,#1756,#1757),(#1758,#1759,#1760,
#1761,#1762,#1763,#1764),(#1765,#1766,#1767,#1768,#1769,#1770,#1771),(#1772,
#1773,#1774,#1775,#1776,#1777,#1778)),.UNSPECIFIED.,.F.,.F.,.F.,(4,1,4),
(4,1,1,1,4),(0.,0.571428571428571,1.),(-4.79620680487552E-14,0.490550108205825,
0.981100216411697,1.63516702735286,2.28923383829402),.UNSPECIFIED.);
#49=B_SPLINE_SURFACE_WITH_KNOTS('',3,3,((#1817,#1818,#1819,#1820,#1821),
(#1822,#1823,#1824,#1825,#1826),(#1827,#1828,#1829,#1830,#1831),(#1832,
#1833,#1834,#1835,#1836),(#1837,#1838,#1839,#1840,#1841)),.UNSPECIFIED.,
 .F.,.F.,.F.,(4,1,4),(4,1,4),(0.,0.571428571428571,1.),(-1.31934944873321E-12,
4.58016628630094,10.6870546680373),.UNSPECIFIED.);
#50=B_SPLINE_SURFACE_WITH_KNOTS('',3,3,((#1877,#1878,#1879,#1880,#1881,
#1882),(#1883,#1884,#1885,#1886,#1887,#1888),(#1889,#1890,#1891,#1892,#1893,
#1894),(#1895,#1896,#1897,#1898,#1899,#1900),(#1901,#1902,#1903,#1904,#1905,
#1906)),.UNSPECIFIED.,.F.,.F.,.F.,(4,1,4),(4,1,1,4),(0.,0.571428571428571,
1.),(0.,0.636757534886097,1.27351506977219,2.22865137210134),
 .UNSPECIFIED.);
#51=B_SPLINE_SURFACE_WITH_KNOTS('',3,3,((#1916,#1917,#1918,#1919),(#1920,
#1921,#1922,#1923),(#1924,#1925,#1926,#1927),(#1928,#1929,#1930,#1931),
(#1932,#1933,#1934,#1935)),.UNSPECIFIED.,.F.,.F.,.F.,(4,1,4),(4,4),(0.,
0.571428571428571,1.),(0.,13.7541235575858),.UNSPECIFIED.);
#52=B_SPLINE_SURFACE_WITH_KNOTS('',3,3,((#1939,#1940,#1941,#1942,#1943),
(#1944,#1945,#1946,#1947,#1948),(#1949,#1950,#1951,#1952,#1953),(#1954,
#1955,#1956,#1957,#1958),(#1959,#1960,#1961,#1962,#1963)),.UNSPECIFIED.,
 .F.,.F.,.F.,(4,1,4),(4,1,4),(0.,0.571428571428571,1.),(6.15147708396707E-14,
6.10688837174124,10.6870546505471),.UNSPECIFIED.);
#53=B_SPLINE_SURFACE_WITH_KNOTS('',3,3,((#1964,#1965,#1966,#1967,#1968,
#1969),(#1970,#1971,#1972,#1973,#1974,#1975),(#1976,#1977,#1978,#1979,#1980,
#1981),(#1982,#1983,#1984,#1985,#1986,#1987),(#1988,#1989,#1990,#1991,#1992,
#1993)),.UNSPECIFIED.,.F.,.F.,.F.,(4,1,4),(4,1,1,4),(0.,0.571428571428571,
1.),(0.,0.955146250317884,1.59191041719647,2.22867458407506),
 .UNSPECIFIED.);
#54=B_SPLINE_SURFACE_WITH_KNOTS('',3,3,((#2000,#2001,#2002,#2003),(#2004,
#2005,#2006,#2007),(#2008,#2009,#2010,#2011),(#2012,#2013,#2014,#2015),
(#2016,#2017,#2018,#2019),(#2020,#2021,#2022,#2023),(#2024,#2025,#2026,
#2027)),.UNSPECIFIED.,.F.,.F.,.F.,(4,1,1,1,4),(4,4),(-1.46613098997075E-15,
0.28571428571429,0.428571428571436,0.714285714285728,1.00000000000002),
(0.0245128938078701,1.),.UNSPECIFIED.);
#55=B_SPLINE_SURFACE_WITH_KNOTS('',3,3,((#2042,#2043,#2044,#2045),(#2046,
#2047,#2048,#2049),(#2050,#2051,#2052,#2053),(#2054,#2055,#2056,#2057)),
 .UNSPECIFIED.,.F.,.F.,.F.,(4,4),(4,4),(-1.41705544058545E-15,1.00000000000012),
(0.0259738247904291,1.),.UNSPECIFIED.);
#56=B_SPLINE_SURFACE_WITH_KNOTS('',3,3,((#2061,#2062,#2063,#2064),(#2065,
#2066,#2067,#2068),(#2069,#2070,#2071,#2072),(#2073,#2074,#2075,#2076),
(#2077,#2078,#2079,#2080),(#2081,#2082,#2083,#2084),(#2085,#2086,#2087,
#2088)),.UNSPECIFIED.,.F.,.F.,.F.,(4,1,1,1,4),(4,4),(-0.000183516386100731,
0.285714285714285,0.428571428571428,0.714285714285714,1.00018351638692),
(0.0253592294306362,1.),.UNSPECIFIED.);
#57=B_SPLINE_SURFACE_WITH_KNOTS('',3,3,((#2105,#2106,#2107,#2108),(#2109,
#2110,#2111,#2112),(#2113,#2114,#2115,#2116),(#2117,#2118,#2119,#2120),
(#2121,#2122,#2123,#2124),(#2125,#2126,#2127,#2128),(#2129,#2130,#2131,
#2132)),.UNSPECIFIED.,.F.,.F.,.F.,(4,1,1,1,4),(4,4),(-0.000118721934266935,
0.285714285714286,0.571428571428571,0.714285714285714,1.00011872193628),
(0.025208052300217,1.),.UNSPECIFIED.);
#58=B_SPLINE_SURFACE_WITH_KNOTS('',3,1,((#2156,#2157),(#2158,#2159),(#2160,
#2161),(#2162,#2163),(#2164,#2165),(#2166,#2167),(#2168,#2169),(#2170,#2171)),
 .UNSPECIFIED.,.F.,.F.,.F.,(4,2,2,4),(2,2),(0.233526657562272,0.271189077347092,
0.338986346683896,0.355179454795208),(0.,0.814429726693805),
 .UNSPECIFIED.);
#59=B_SPLINE_SURFACE_WITH_KNOTS('',3,3,((#2210,#2211,#2212,#2213),(#2214,
#2215,#2216,#2217),(#2218,#2219,#2220,#2221),(#2222,#2223,#2224,#2225),
(#2226,#2227,#2228,#2229),(#2230,#2231,#2232,#2233),(#2234,#2235,#2236,
#2237)),.UNSPECIFIED.,.F.,.F.,.F.,(4,1,1,1,4),(4,4),(-1.97426671188107E-14,
0.285714285714406,0.42857142857162,0.714285714286046,1.00000000000047),
(0.0245128931041076,1.),.UNSPECIFIED.);
#60=FACE_OUTER_BOUND('',#113,.T.);
#61=FACE_OUTER_BOUND('',#114,.T.);
#62=FACE_OUTER_BOUND('',#115,.T.);
#63=FACE_OUTER_BOUND('',#116,.T.);
#64=FACE_OUTER_BOUND('',#117,.T.);
#65=FACE_OUTER_BOUND('',#118,.T.);
#66=FACE_OUTER_BOUND('',#119,.T.);
#67=FACE_OUTER_BOUND('',#120,.T.);
#68=FACE_OUTER_BOUND('',#121,.T.);
#69=FACE_OUTER_BOUND('',#122,.T.);
#70=FACE_OUTER_BOUND('',#123,.T.);
#71=FACE_OUTER_BOUND('',#124,.T.);
#72=FACE_OUTER_BOUND('',#125,.T.);
#73=FACE_OUTER_BOUND('',#126,.T.);
#74=FACE_OUTER_BOUND('',#127,.T.);
#75=FACE_OUTER_BOUND('',#128,.T.);
#76=FACE_OUTER_BOUND('',#129,.T.);
#77=FACE_OUTER_BOUND('',#130,.T.);
#78=FACE_OUTER_BOUND('',#131,.T.);
#79=FACE_OUTER_BOUND('',#132,.T.);
#80=FACE_OUTER_BOUND('',#133,.T.);
#81=FACE_OUTER_BOUND('',#134,.T.);
#82=FACE_OUTER_BOUND('',#135,.T.);
#83=FACE_OUTER_BOUND('',#136,.T.);
#84=FACE_OUTER_BOUND('',#138,.T.);
#85=FACE_OUTER_BOUND('',#139,.T.);
#86=FACE_OUTER_BOUND('',#140,.T.);
#87=FACE_OUTER_BOUND('',#141,.T.);
#88=FACE_OUTER_BOUND('',#142,.T.);
#89=FACE_OUTER_BOUND('',#144,.T.);
#90=FACE_OUTER_BOUND('',#145,.T.);
#91=FACE_OUTER_BOUND('',#146,.T.);
#92=FACE_OUTER_BOUND('',#147,.T.);
#93=FACE_OUTER_BOUND('',#148,.T.);
#94=FACE_OUTER_BOUND('',#149,.T.);
#95=FACE_OUTER_BOUND('',#150,.T.);
#96=FACE_OUTER_BOUND('',#151,.T.);
#97=FACE_OUTER_BOUND('',#152,.T.);
#98=FACE_OUTER_BOUND('',#153,.T.);
#99=FACE_OUTER_BOUND('',#154,.T.);
#100=FACE_OUTER_BOUND('',#155,.T.);
#101=FACE_OUTER_BOUND('',#156,.T.);
#102=FACE_OUTER_BOUND('',#157,.T.);
#103=FACE_OUTER_BOUND('',#158,.T.);
#104=FACE_OUTER_BOUND('',#159,.T.);
#105=FACE_OUTER_BOUND('',#160,.T.);
#106=FACE_OUTER_BOUND('',#161,.T.);
#107=FACE_OUTER_BOUND('',#162,.T.);
#108=FACE_OUTER_BOUND('',#163,.T.);
#109=FACE_OUTER_BOUND('',#164,.T.);
#110=FACE_OUTER_BOUND('',#165,.T.);
#111=FACE_OUTER_BOUND('',#166,.T.);
#112=FACE_OUTER_BOUND('',#167,.T.);
#113=EDGE_LOOP('',(#599,#600,#601,#602,#603,#604,#605,#606));
#114=EDGE_LOOP('',(#607,#608,#609,#610,#611,#612,#613,#614));
#115=EDGE_LOOP('',(#615,#616,#617,#618,#619,#620,#621,#622,#623,#624,#625,
#626));
#116=EDGE_LOOP('',(#627,#628,#629,#630,#631));
#117=EDGE_LOOP('',(#632,#633,#634,#635,#636));
#118=EDGE_LOOP('',(#637,#638,#639,#640,#641));
#119=EDGE_LOOP('',(#642,#643,#644,#645,#646,#647,#648,#649));
#120=EDGE_LOOP('',(#650,#651,#652,#653,#654,#655,#656,#657));
#121=EDGE_LOOP('',(#658,#659,#660,#661));
#122=EDGE_LOOP('',(#662,#663,#664,#665));
#123=EDGE_LOOP('',(#666,#667,#668,#669));
#124=EDGE_LOOP('',(#670,#671,#672,#673));
#125=EDGE_LOOP('',(#674,#675,#676,#677));
#126=EDGE_LOOP('',(#678,#679,#680,#681,#682,#683,#684,#685));
#127=EDGE_LOOP('',(#686,#687,#688,#689));
#128=EDGE_LOOP('',(#690,#691,#692,#693));
#129=EDGE_LOOP('',(#694,#695,#696,#697));
#130=EDGE_LOOP('',(#698,#699,#700,#701));
#131=EDGE_LOOP('',(#702,#703,#704,#705));
#132=EDGE_LOOP('',(#706,#707,#708,#709));
#133=EDGE_LOOP('',(#710,#711,#712,#713));
#134=EDGE_LOOP('',(#714,#715,#716,#717));
#135=EDGE_LOOP('',(#718,#719,#720,#721));
#136=EDGE_LOOP('',(#722,#723,#724,#725,#726,#727,#728,#729));
#137=EDGE_LOOP('',(#730,#731,#732,#733));
#138=EDGE_LOOP('',(#734,#735,#736,#737,#738));
#139=EDGE_LOOP('',(#739,#740,#741,#742));
#140=EDGE_LOOP('',(#743,#744,#745,#746));
#141=EDGE_LOOP('',(#747,#748,#749,#750,#751,#752,#753,#754,#755,#756,#757,
#758,#759,#760,#761,#762,#763,#764,#765,#766));
#142=EDGE_LOOP('',(#767));
#143=EDGE_LOOP('',(#768,#769,#770,#771,#772,#773,#774,#775,#776,#777,#778,
#779));
#144=EDGE_LOOP('',(#780,#781,#782,#783));
#145=EDGE_LOOP('',(#784,#785,#786,#787));
#146=EDGE_LOOP('',(#788,#789,#790,#791));
#147=EDGE_LOOP('',(#792,#793,#794,#795));
#148=EDGE_LOOP('',(#796,#797,#798,#799));
#149=EDGE_LOOP('',(#800,#801,#802,#803));
#150=EDGE_LOOP('',(#804,#805,#806,#807));
#151=EDGE_LOOP('',(#808,#809,#810,#811));
#152=EDGE_LOOP('',(#812,#813,#814,#815));
#153=EDGE_LOOP('',(#816,#817,#818,#819));
#154=EDGE_LOOP('',(#820,#821,#822,#823));
#155=EDGE_LOOP('',(#824,#825,#826,#827));
#156=EDGE_LOOP('',(#828,#829,#830,#831));
#157=EDGE_LOOP('',(#832,#833,#834,#835));
#158=EDGE_LOOP('',(#836,#837,#838,#839));
#159=EDGE_LOOP('',(#840,#841,#842,#843));
#160=EDGE_LOOP('',(#844,#845,#846,#847,#848));
#161=EDGE_LOOP('',(#849,#850,#851,#852));
#162=EDGE_LOOP('',(#853,#854,#855,#856));
#163=EDGE_LOOP('',(#857,#858,#859,#860));
#164=EDGE_LOOP('',(#861,#862,#863,#864));
#165=EDGE_LOOP('',(#865,#866,#867,#868));
#166=EDGE_LOOP('',(#869,#870,#871,#872));
#167=EDGE_LOOP('',(#873,#874,#875,#876));
#168=B_SPLINE_CURVE_WITH_KNOTS('',3,(#1241,#1242,#1243,#1244,#1245,#1246,
#1247,#1248,#1249,#1250,#1251,#1252,#1253,#1254,#1255,#1256),
 .UNSPECIFIED.,.F.,.F.,(4,3,3,3,3,4),(-0.715402757186362,-0.357541775062608,
-0.200073093362481,-0.187805578620039,-0.0300081061998813,0.),
 .UNSPECIFIED.);
#169=B_SPLINE_CURVE_WITH_KNOTS('',3,(#1263,#1264,#1265,#1266,#1267,#1268,
#1269,#1270,#1271,#1272,#1273,#1274,#1275,#1276,#1277,#1278,#1279,#1280,
#1281),.UNSPECIFIED.,.F.,.F.,(4,3,3,3,3,3,4),(-0.728258565645401,-0.637971960027207,
-0.460660878420299,-0.364250920026291,-0.228109912216218,-0.0423519713119867,
-8.24596670897867E-9),.UNSPECIFIED.);
#170=B_SPLINE_CURVE_WITH_KNOTS('',3,(#1341,#1342,#1343,#1344,#1345,#1346,
#1347,#1348,#1349,#1350,#1351,#1352,#1353),.UNSPECIFIED.,.F.,.F.,(4,3,3,
3,4),(2.42443511187851,3.6851012687597,5.34529912057395,6.98972910632075,
7.22373194062081),.UNSPECIFIED.);
#171=B_SPLINE_CURVE_WITH_KNOTS('',3,(#1355,#1356,#1357,#1358,#1359,#1360,
#1361,#1362,#1363,#1364,#1365,#1366,#1367,#1368,#1369,#1370,#1371,#1372,
#1373,#1374,#1375,#1376,#1377,#1378,#1379),.UNSPECIFIED.,.F.,.F.,(4,3,3,
3,3,3,3,3,4),(0.0690336540557831,0.549659690328284,0.796307148341083,1.37625105820575,
1.78335671205219,2.41192049377977,2.7840694356242,3.26934195282962,3.67059703212871),
 .UNSPECIFIED.);
#172=B_SPLINE_CURVE_WITH_KNOTS('',3,(#1382,#1383,#1384,#1385,#1386,#1387,
#1388,#1389,#1390,#1391,#1392,#1393,#1394),.UNSPECIFIED.,.F.,.F.,(4,3,3,
3,4),(0.141889606552091,1.78790321436903,2.02122061329182,3.66617900258892,
7.29703561623201),.UNSPECIFIED.);
#173=B_SPLINE_CURVE_WITH_KNOTS('',3,(#1410,#1411,#1412,#1413,#1414,#1415,
#1416,#1417,#1418,#1419,#1420,#1421,#1422,#1423,#1424,#1425,#1426,#1427,
#1428,#1429,#1430,#1431,#1432,#1433,#1434,#1435,#1436,#1437,#1438,#1439,
#1440,#1441,#1442,#1443),.UNSPECIFIED.,.F.,.F.,(4,3,3,3,3,3,3,3,3,3,3,4),
(0.0539507704193965,0.533119960824509,0.989916047406798,1.03122813386625,
1.06552586201892,1.50866159417663,1.71177323762079,2.13747943163642,2.69095657988486,
2.96404466752161,3.44297546796132,3.65360502061123),.UNSPECIFIED.);
#174=B_SPLINE_CURVE_WITH_KNOTS('',3,(#1444,#1445,#1446,#1447,#1448,#1449,
#1450,#1451,#1452,#1453,#1454,#1455,#1456),.UNSPECIFIED.,.F.,.F.,(4,3,3,
3,4),(0.12586958442567,1.76557263830632,2.00352263531229,3.67086156755983,
4.92321275595088),.UNSPECIFIED.);
#175=B_SPLINE_CURVE_WITH_KNOTS('',3,(#1475,#1476,#1477,#1478,#1479,#1480,
#1481,#1482,#1483,#1484),.UNSPECIFIED.,.F.,.F.,(4,3,3,4),(0.,0.0985252445484574,
0.250677216255077,0.501314358008699),.UNSPECIFIED.);
#176=B_SPLINE_CURVE_WITH_KNOTS('',3,(#1486,#1487,#1488,#1489,#1490,#1491),
 .UNSPECIFIED.,.F.,.F.,(4,2,4),(-0.463301175108053,-0.231650963043186,0.),
 .UNSPECIFIED.);
#177=B_SPLINE_CURVE_WITH_KNOTS('',3,(#1493,#1494,#1495,#1496,#1497,#1498,
#1499,#1500,#1501,#1502,#1503,#1504,#1505,#1506,#1507,#1508,#1509,#1510,
#1511),.UNSPECIFIED.,.F.,.F.,(4,3,3,3,3,3,4),(0.0713216324872178,1.94005125700697,
2.35272616137379,3.81148715690957,5.58228294228676,6.45389935684698,7.48922371880249),
 .UNSPECIFIED.);
#178=B_SPLINE_CURVE_WITH_KNOTS('',3,(#1514,#1515,#1516,#1517,#1518,#1519,
#1520,#1521,#1522,#1523,#1524,#1525,#1526,#1527,#1528,#1529,#1530,#1531,
#1532,#1533,#1534,#1535,#1536,#1537,#1538,#1539,#1540,#1541),
 .UNSPECIFIED.,.F.,.F.,(4,3,3,3,3,3,3,3,3,4),(0.0757914213571877,0.469379134460945,
0.966036696572908,1.08405429699514,1.7289376802975,2.15600357726722,2.7068425787248,
3.03305846009574,3.51106182515226,3.6782875485572),.UNSPECIFIED.);
#179=B_SPLINE_CURVE_WITH_KNOTS('',3,(#1546,#1547,#1548,#1549),
 .UNSPECIFIED.,.F.,.F.,(4,4),(0.0685524618733894,6.81689277640717),
 .UNSPECIFIED.);
#180=B_SPLINE_CURVE_WITH_KNOTS('',3,(#1586,#1587,#1588,#1589,#1590),
 .UNSPECIFIED.,.F.,.F.,(4,1,4),(-10.6870546505471,-6.10688837174124,-6.15147708396707E-14),
 .UNSPECIFIED.);
#181=B_SPLINE_CURVE_WITH_KNOTS('',3,(#1628,#1629,#1630,#1631,#1632),
 .UNSPECIFIED.,.F.,.F.,(4,1,4),(0.,0.571428571428571,1.),.UNSPECIFIED.);
#182=B_SPLINE_CURVE_WITH_KNOTS('',3,(#1634,#1635,#1636,#1637,#1638,#1639,
#1640,#1641,#1642,#1643,#1644,#1645,#1646,#1647,#1648,#1649,#1650,#1651,
#1652,#1653,#1654,#1655,#1656,#1657,#1658,#1659,#1660,#1661,#1662,#1663,
#1664,#1665,#1666,#1667,#1668,#1669,#1670,#1671,#1672,#1673,#1674,#1675,
#1676,#1677,#1678,#1679,#1680,#1681,#1682,#1683,#1684,#1685,#1686,#1687,
#1688,#1689,#1690,#1691),.UNSPECIFIED.,.F.,.F.,(4,3,3,3,3,3,3,3,3,3,3,3,
3,3,3,3,3,3,3,4),(-2.28923383535459,-2.15472041315091,-2.01641105319415,
-1.87281001919127,-1.7986837277786,-1.6425995729291,-1.63247005631745,-1.47030183826003,
-1.30813362020262,-1.14371903709191,-0.983156909103501,-0.955612914262833,
-0.798626860762614,-0.65406681010131,-0.624996643630275,-0.468747482722706,
-0.319970559502831,-0.175726543516805,-0.0374032640481394,0.),
 .UNSPECIFIED.);
#183=B_SPLINE_CURVE_WITH_KNOTS('',3,(#1694,#1695,#1696,#1697,#1698,#1699,
#1700,#1701,#1702,#1703,#1704,#1705,#1706,#1707,#1708,#1709,#1710,#1711,
#1712,#1713,#1714,#1715,#1716,#1717,#1718),.UNSPECIFIED.,.F.,.F.,(4,3,3,
3,3,3,3,3,4),(0.,0.328886650515513,0.65406681010131,1.27524340327268,1.30813362020262,
1.7297834358113,1.7986837277786,2.15922846991901,2.28923383535459),
 .UNSPECIFIED.);
#184=B_SPLINE_CURVE_WITH_KNOTS('',3,(#1780,#1781,#1782,#1783,#1784),
 .UNSPECIFIED.,.F.,.F.,(4,1,4),(0.,0.571428571428571,1.),.UNSPECIFIED.);
#185=B_SPLINE_CURVE_WITH_KNOTS('',3,(#1785,#1786,#1787,#1788,#1789,#1790,
#1791,#1792,#1793,#1794,#1795,#1796,#1797,#1798,#1799,#1800,#1801,#1802,
#1803,#1804,#1805,#1806,#1807,#1808,#1809),.UNSPECIFIED.,.F.,.F.,(4,3,3,
3,3,3,3,3,4),(6.98439439195042E-12,0.360544747065156,0.490550108205825,
0.912199935952931,0.981100216411697,1.602276696534,1.63516702735286,1.96405367235218,
2.28923383829402),.UNSPECIFIED.);
#186=B_SPLINE_CURVE_WITH_KNOTS('',3,(#1810,#1811,#1812,#1813,#1814,#1815,
#1816),.UNSPECIFIED.,.F.,.F.,(4,1,1,1,4),(-2.28923383829402,-1.63516702735286,
-0.981100216411697,-0.490550108205825,4.79620680487552E-14),
 .UNSPECIFIED.);
#187=B_SPLINE_CURVE_WITH_KNOTS('',3,(#1843,#1844,#1845,#1846,#1847),
 .UNSPECIFIED.,.F.,.F.,(4,1,4),(-1.31934944873321E-12,4.58016628630094,
10.6870546680373),.UNSPECIFIED.);
#188=B_SPLINE_CURVE_WITH_KNOTS('',3,(#1850,#1851,#1852,#1853,#1854),
 .UNSPECIFIED.,.F.,.F.,(4,1,4),(-10.6870546680373,-4.58016628630094,1.31934944873321E-12),
 .UNSPECIFIED.);
#189=B_SPLINE_CURVE_WITH_KNOTS('',3,(#1857,#1858,#1859,#1860,#1861),
 .UNSPECIFIED.,.F.,.F.,(4,1,4),(6.15147708396707E-14,6.10688837174124,10.6870546505471),
 .UNSPECIFIED.);
#190=B_SPLINE_CURVE_WITH_KNOTS('',3,(#1863,#1864,#1865,#1866,#1867,#1868),
 .UNSPECIFIED.,.F.,.F.,(4,1,1,4),(0.,0.636757534886097,1.27351506977219,
2.22865137210134),.UNSPECIFIED.);
#191=B_SPLINE_CURVE_WITH_KNOTS('',3,(#1871,#1872,#1873,#1874,#1875,#1876),
 .UNSPECIFIED.,.F.,.F.,(4,1,1,4),(0.,0.955146250317884,1.59191041719647,
2.22867458407506),.UNSPECIFIED.);
#192=B_SPLINE_CURVE_WITH_KNOTS('',3,(#1909,#1910,#1911,#1912,#1913,#1914),
 .UNSPECIFIED.,.F.,.F.,(4,1,1,4),(-2.22865137210134,-1.27351506977219,-0.636757534886097,
0.),.UNSPECIFIED.);
#193=B_SPLINE_CURVE_WITH_KNOTS('',3,(#1994,#1995,#1996,#1997,#1998,#1999),
 .UNSPECIFIED.,.F.,.F.,(4,1,1,4),(-2.22867458407506,-1.59191041719647,-0.955146250317884,
0.),.UNSPECIFIED.);
#194=B_SPLINE_CURVE_WITH_KNOTS('',3,(#2032,#2033,#2034,#2035,#2036,#2037,
#2038,#2039,#2040,#2041),.UNSPECIFIED.,.F.,.F.,(4,2,2,2,4),(0.,0.00984531305540261,
0.0196770213987904,0.0278780324175112,0.0350270427595595),.UNSPECIFIED.);
#195=B_SPLINE_CURVE_WITH_KNOTS('',3,(#2091,#2092,#2093,#2094,#2095,#2096,
#2097,#2098,#2099,#2100),.UNSPECIFIED.,.F.,.F.,(4,2,2,2,4),(0.,0.00984531306322755,
0.0196770213824698,0.0278780324156826,0.035027042818406),.UNSPECIFIED.);
#196=B_SPLINE_CURVE_WITH_KNOTS('',3,(#2133,#2134,#2135,#2136,#2137,#2138,
#2139,#2140,#2141,#2142),.UNSPECIFIED.,.F.,.F.,(4,2,2,2,4),(0.,0.00984540506366808,
0.0211395942002031,0.0346795312762976,0.0482382043970758),.UNSPECIFIED.);
#197=B_SPLINE_CURVE_WITH_KNOTS('',3,(#2145,#2146,#2147,#2148,#2149,#2150,
#2151,#2152,#2153,#2154),.UNSPECIFIED.,.F.,.F.,(4,2,2,2,4),(0.,0.00984531306642636,
0.0196770213948687,0.0278780324361697,0.0350270428346845),.UNSPECIFIED.);
#198=B_SPLINE_CURVE_WITH_KNOTS('',3,(#2175,#2176,#2177,#2178,#2179,#2180,
#2181,#2182,#2183,#2184),.UNSPECIFIED.,.F.,.F.,(4,3,3,4),(-0.500607651225911,
-0.250323420112266,-0.0978157252942747,0.),.UNSPECIFIED.);
#199=B_SPLINE_CURVE_WITH_KNOTS('',3,(#2185,#2186,#2187,#2188,#2189,#2190,
#2191,#2192,#2193,#2194,#2195,#2196,#2197,#2198,#2199,#2200,#2201,#2202,
#2203,#2204,#2205,#2206,#2207,#2208,#2209),.UNSPECIFIED.,.F.,.F.,(4,3,3,
3,3,3,3,3,4),(0.0712075968193528,0.55670193785636,1.00562325494597,1.61162112467455,
2.06978698737972,2.63931140632346,2.91651373945268,3.27767451578141,3.67052689279261),
 .UNSPECIFIED.);
#200=LINE('',#1235,#285);
#201=LINE('',#1237,#286);
#202=LINE('',#1239,#287);
#203=LINE('',#1258,#288);
#204=LINE('',#1260,#289);
#205=LINE('',#1262,#290);
#206=LINE('',#1285,#291);
#207=LINE('',#1287,#292);
#208=LINE('',#1289,#293);
#209=LINE('',#1291,#294);
#210=LINE('',#1293,#295);
#211=LINE('',#1294,#296);
#212=LINE('',#1295,#297);
#213=LINE('',#1308,#298);
#214=LINE('',#1312,#299);
#215=LINE('',#1316,#300);
#216=LINE('',#1320,#301);
#217=LINE('',#1324,#302);
#218=LINE('',#1327,#303);
#219=LINE('',#1381,#304);
#220=LINE('',#1408,#305);
#221=LINE('',#1513,#306);
#222=LINE('',#1545,#307);
#223=LINE('',#1551,#308);
#224=LINE('',#1552,#309);
#225=LINE('',#1554,#310);
#226=LINE('',#1555,#311);
#227=LINE('',#1558,#312);
#228=LINE('',#1559,#313);
#229=LINE('',#1561,#314);
#230=LINE('',#1562,#315);
#231=LINE('',#1581,#316);
#232=LINE('',#1583,#317);
#233=LINE('',#1585,#318);
#234=LINE('',#2029,#319);
#235=LINE('',#2031,#320);
#236=LINE('',#2059,#321);
#237=LINE('',#2060,#322);
#238=LINE('',#2090,#323);
#239=LINE('',#2103,#324);
#240=LINE('',#2104,#325);
#241=LINE('',#2155,#326);
#242=LINE('',#2173,#327);
#243=LINE('',#2238,#328);
#244=LINE('',#2244,#329);
#245=LINE('',#2246,#330);
#246=LINE('',#2249,#331);
#247=LINE('',#2251,#332);
#248=LINE('',#2254,#333);
#249=LINE('',#2256,#334);
#250=LINE('',#2259,#335);
#251=LINE('',#2261,#336);
#252=LINE('',#2264,#337);
#253=LINE('',#2269,#338);
#254=LINE('',#2271,#339);
#255=LINE('',#2273,#340);
#256=LINE('',#2275,#341);
#257=LINE('',#2277,#342);
#258=LINE('',#2279,#343);
#259=LINE('',#2281,#344);
#260=LINE('',#2283,#345);
#261=LINE('',#2285,#346);
#262=LINE('',#2287,#347);
#263=LINE('',#2289,#348);
#264=LINE('',#2290,#349);
#265=LINE('',#2292,#350);
#266=LINE('',#2293,#351);
#267=LINE('',#2295,#352);
#268=LINE('',#2297,#353);
#269=LINE('',#2299,#354);
#270=LINE('',#2301,#355);
#271=LINE('',#2303,#356);
#272=LINE('',#2305,#357);
#273=LINE('',#2307,#358);
#274=LINE('',#2309,#359);
#275=LINE('',#2311,#360);
#276=LINE('',#2313,#361);
#277=LINE('',#2316,#362);
#278=LINE('',#2318,#363);
#279=LINE('',#2321,#364);
#280=LINE('',#2323,#365);
#281=LINE('',#2326,#366);
#282=LINE('',#2328,#367);
#283=LINE('',#2331,#368);
#284=LINE('',#2333,#369);
#285=VECTOR('',#1036,1.);
#286=VECTOR('',#1037,1.);
#287=VECTOR('',#1038,1.);
#288=VECTOR('',#1039,1.);
#289=VECTOR('',#1040,1.);
#290=VECTOR('',#1041,1.);
#291=VECTOR('',#1044,10.);
#292=VECTOR('',#1045,1.);
#293=VECTOR('',#1046,1.);
#294=VECTOR('',#1047,10.);
#295=VECTOR('',#1048,1.);
#296=VECTOR('',#1049,1.);
#297=VECTOR('',#1050,10.);
#298=VECTOR('',#1053,10.);
#299=VECTOR('',#1056,10.);
#300=VECTOR('',#1059,10.);
#301=VECTOR('',#1062,10.);
#302=VECTOR('',#1065,10.);
#303=VECTOR('',#1068,10.);
#304=VECTOR('',#1069,10.);
#305=VECTOR('',#1070,10.);
#306=VECTOR('',#1071,10.);
#307=VECTOR('',#1074,1.);
#308=VECTOR('',#1075,1.);
#309=VECTOR('',#1076,1.);
#310=VECTOR('',#1077,1.);
#311=VECTOR('',#1078,1.);
#312=VECTOR('',#1081,1.);
#313=VECTOR('',#1082,1.);
#314=VECTOR('',#1083,1.);
#315=VECTOR('',#1084,1.);
#316=VECTOR('',#1085,10.5675730862134);
#317=VECTOR('',#1086,1.);
#318=VECTOR('',#1087,10.0748128051564);
#319=VECTOR('',#1110,10.4865123828692);
#320=VECTOR('',#1111,10.5675730862226);
#321=VECTOR('',#1112,1.);
#322=VECTOR('',#1113,10.074812805169);
#323=VECTOR('',#1114,1.);
#324=VECTOR('',#1117,1.);
#325=VECTOR('',#1118,10.45227248018);
#326=VECTOR('',#1121,1.);
#327=VECTOR('',#1122,10.);
#328=VECTOR('',#1123,1.);
#329=VECTOR('',#1130,10.);
#330=VECTOR('',#1131,1.);
#331=VECTOR('',#1134,10.);
#332=VECTOR('',#1135,10.);
#333=VECTOR('',#1138,1.);
#334=VECTOR('',#1139,10.);
#335=VECTOR('',#1142,1.);
#336=VECTOR('',#1143,1.);
#337=VECTOR('',#1146,2.7);
#338=VECTOR('',#1151,1.);
#339=VECTOR('',#1152,1.);
#340=VECTOR('',#1153,1.);
#341=VECTOR('',#1154,1.);
#342=VECTOR('',#1155,1.);
#343=VECTOR('',#1156,1.);
#344=VECTOR('',#1157,1.);
#345=VECTOR('',#1158,1.);
#346=VECTOR('',#1159,1.);
#347=VECTOR('',#1160,1.);
#348=VECTOR('',#1161,1.);
#349=VECTOR('',#1162,1.);
#350=VECTOR('',#1165,1.);
#351=VECTOR('',#1166,1.);
#352=VECTOR('',#1169,1.);
#353=VECTOR('',#1172,1.);
#354=VECTOR('',#1175,1.);
#355=VECTOR('',#1178,1.);
#356=VECTOR('',#1181,1.);
#357=VECTOR('',#1184,1.);
#358=VECTOR('',#1187,1.);
#359=VECTOR('',#1190,1.);
#360=VECTOR('',#1193,1.);
#361=VECTOR('',#1196,1.);
#362=VECTOR('',#1201,10.);
#363=VECTOR('',#1204,1.);
#364=VECTOR('',#1209,1.);
#365=VECTOR('',#1212,10.);
#366=VECTOR('',#1217,10.);
#367=VECTOR('',#1220,1.);
#368=VECTOR('',#1225,1.);
#369=VECTOR('',#1228,10.);
#370=VERTEX_POINT('',#1233);
#371=VERTEX_POINT('',#1234);
#372=VERTEX_POINT('',#1236);
#373=VERTEX_POINT('',#1238);
#374=VERTEX_POINT('',#1240);
#375=VERTEX_POINT('',#1257);
#376=VERTEX_POINT('',#1259);
#377=VERTEX_POINT('',#1261);
#378=VERTEX_POINT('',#1283);
#379=VERTEX_POINT('',#1284);
#380=VERTEX_POINT('',#1286);
#381=VERTEX_POINT('',#1288);
#382=VERTEX_POINT('',#1290);
#383=VERTEX_POINT('',#1292);
#384=VERTEX_POINT('',#1304);
#385=VERTEX_POINT('',#1305);
#386=VERTEX_POINT('',#1307);
#387=VERTEX_POINT('',#1309);
#388=VERTEX_POINT('',#1311);
#389=VERTEX_POINT('',#1313);
#390=VERTEX_POINT('',#1315);
#391=VERTEX_POINT('',#1317);
#392=VERTEX_POINT('',#1319);
#393=VERTEX_POINT('',#1321);
#394=VERTEX_POINT('',#1323);
#395=VERTEX_POINT('',#1325);
#396=VERTEX_POINT('',#1340);
#397=VERTEX_POINT('',#1354);
#398=VERTEX_POINT('',#1380);
#399=VERTEX_POINT('',#1407);
#400=VERTEX_POINT('',#1409);
#401=VERTEX_POINT('',#1473);
#402=VERTEX_POINT('',#1474);
#403=VERTEX_POINT('',#1485);
#404=VERTEX_POINT('',#1492);
#405=VERTEX_POINT('',#1512);
#406=VERTEX_POINT('',#1543);
#407=VERTEX_POINT('',#1544);
#408=VERTEX_POINT('',#1550);
#409=VERTEX_POINT('',#1553);
#410=VERTEX_POINT('',#1557);
#411=VERTEX_POINT('',#1560);
#412=VERTEX_POINT('',#1579);
#413=VERTEX_POINT('',#1580);
#414=VERTEX_POINT('',#1582);
#415=VERTEX_POINT('',#1584);
#416=VERTEX_POINT('',#1626);
#417=VERTEX_POINT('',#1627);
#418=VERTEX_POINT('',#1633);
#419=VERTEX_POINT('',#1692);
#420=VERTEX_POINT('',#1739);
#421=VERTEX_POINT('',#1741);
#422=VERTEX_POINT('',#1779);
#423=VERTEX_POINT('',#1842);
#424=VERTEX_POINT('',#1848);
#425=VERTEX_POINT('',#1856);
#426=VERTEX_POINT('',#1862);
#427=VERTEX_POINT('',#1869);
#428=VERTEX_POINT('',#1908);
#429=VERTEX_POINT('',#1936);
#430=VERTEX_POINT('',#2028);
#431=VERTEX_POINT('',#2030);
#432=VERTEX_POINT('',#2058);
#433=VERTEX_POINT('',#2089);
#434=VERTEX_POINT('',#2102);
#435=VERTEX_POINT('',#2144);
#436=VERTEX_POINT('',#2172);
#437=VERTEX_POINT('',#2174);
#438=VERTEX_POINT('',#2241);
#439=VERTEX_POINT('',#2242);
#440=VERTEX_POINT('',#2245);
#441=VERTEX_POINT('',#2247);
#442=VERTEX_POINT('',#2250);
#443=VERTEX_POINT('',#2252);
#444=VERTEX_POINT('',#2255);
#445=VERTEX_POINT('',#2257);
#446=VERTEX_POINT('',#2260);
#447=VERTEX_POINT('',#2263);
#448=VERTEX_POINT('',#2267);
#449=VERTEX_POINT('',#2268);
#450=VERTEX_POINT('',#2270);
#451=VERTEX_POINT('',#2272);
#452=VERTEX_POINT('',#2274);
#453=VERTEX_POINT('',#2276);
#454=VERTEX_POINT('',#2278);
#455=VERTEX_POINT('',#2280);
#456=VERTEX_POINT('',#2282);
#457=VERTEX_POINT('',#2284);
#458=VERTEX_POINT('',#2286);
#459=VERTEX_POINT('',#2288);
#460=EDGE_CURVE('',#370,#371,#200,.T.);
#461=EDGE_CURVE('',#372,#370,#201,.T.);
#462=EDGE_CURVE('',#373,#372,#202,.T.);
#463=EDGE_CURVE('',#374,#373,#168,.F.);
#464=EDGE_CURVE('',#374,#375,#203,.T.);
#465=EDGE_CURVE('',#376,#375,#204,.F.);
#466=EDGE_CURVE('',#376,#377,#205,.F.);
#467=EDGE_CURVE('',#371,#377,#169,.F.);
#468=EDGE_CURVE('',#378,#379,#206,.T.);
#469=EDGE_CURVE('',#380,#378,#207,.T.);
#470=EDGE_CURVE('',#381,#380,#208,.T.);
#471=EDGE_CURVE('',#382,#381,#209,.F.);
#472=EDGE_CURVE('',#383,#382,#210,.T.);
#473=EDGE_CURVE('',#375,#383,#211,.T.);
#474=EDGE_CURVE('',#379,#374,#212,.F.);
#475=EDGE_CURVE('',#384,#385,#23,.T.);
#476=EDGE_CURVE('',#386,#384,#213,.T.);
#477=EDGE_CURVE('',#387,#386,#24,.T.);
#478=EDGE_CURVE('',#388,#387,#214,.T.);
#479=EDGE_CURVE('',#389,#388,#25,.T.);
#480=EDGE_CURVE('',#390,#389,#215,.T.);
#481=EDGE_CURVE('',#391,#390,#26,.T.);
#482=EDGE_CURVE('',#392,#391,#216,.T.);
#483=EDGE_CURVE('',#393,#392,#27,.T.);
#484=EDGE_CURVE('',#394,#393,#217,.T.);
#485=EDGE_CURVE('',#395,#394,#28,.T.);
#486=EDGE_CURVE('',#385,#395,#218,.T.);
#487=EDGE_CURVE('',#396,#381,#170,.T.);
#488=EDGE_CURVE('',#397,#396,#171,.T.);
#489=EDGE_CURVE('',#398,#397,#219,.T.);
#490=EDGE_CURVE('',#398,#382,#172,.F.);
#491=EDGE_CURVE('',#399,#373,#220,.T.);
#492=EDGE_CURVE('',#400,#399,#173,.T.);
#493=EDGE_CURVE('',#379,#400,#174,.T.);
#494=EDGE_CURVE('',#401,#402,#175,.T.);
#495=EDGE_CURVE('',#401,#403,#176,.F.);
#496=EDGE_CURVE('',#403,#404,#177,.F.);
#497=EDGE_CURVE('',#405,#404,#221,.T.);
#498=EDGE_CURVE('',#402,#405,#178,.T.);
#499=EDGE_CURVE('',#406,#407,#222,.T.);
#500=EDGE_CURVE('',#377,#406,#179,.F.);
#501=EDGE_CURVE('',#408,#376,#223,.F.);
#502=EDGE_CURVE('',#403,#408,#224,.T.);
#503=EDGE_CURVE('',#409,#401,#225,.T.);
#504=EDGE_CURVE('',#407,#409,#226,.T.);
#505=EDGE_CURVE('',#404,#410,#227,.T.);
#506=EDGE_CURVE('',#383,#408,#228,.F.);
#507=EDGE_CURVE('',#411,#398,#229,.T.);
#508=EDGE_CURVE('',#410,#411,#230,.T.);
#509=EDGE_CURVE('',#412,#413,#231,.T.);
#510=EDGE_CURVE('',#414,#413,#232,.T.);
#511=EDGE_CURVE('',#415,#414,#233,.T.);
#512=EDGE_CURVE('',#412,#415,#180,.T.);
#513=EDGE_CURVE('',#416,#417,#181,.T.);
#514=EDGE_CURVE('',#417,#418,#182,.T.);
#515=EDGE_CURVE('',#418,#419,#29,.T.);
#516=EDGE_CURVE('',#419,#416,#183,.T.);
#517=EDGE_CURVE('',#418,#420,#19,.T.);
#518=EDGE_CURVE('',#420,#421,#30,.T.);
#519=EDGE_CURVE('',#421,#419,#20,.T.);
#520=EDGE_CURVE('',#422,#412,#184,.T.);
#521=EDGE_CURVE('',#422,#421,#185,.T.);
#522=EDGE_CURVE('',#420,#412,#186,.T.);
#523=EDGE_CURVE('',#416,#423,#187,.T.);
#524=EDGE_CURVE('',#424,#423,#31,.T.);
#525=EDGE_CURVE('',#424,#417,#188,.T.);
#526=EDGE_CURVE('',#425,#422,#189,.T.);
#527=EDGE_CURVE('',#426,#425,#190,.T.);
#528=EDGE_CURVE('',#427,#426,#21,.T.);
#529=EDGE_CURVE('',#423,#427,#191,.T.);
#530=EDGE_CURVE('',#425,#415,#32,.T.);
#531=EDGE_CURVE('',#415,#428,#192,.T.);
#532=EDGE_CURVE('',#428,#426,#33,.T.);
#533=EDGE_CURVE('',#428,#429,#22,.T.);
#534=EDGE_CURVE('',#429,#427,#34,.T.);
#535=EDGE_CURVE('',#429,#424,#193,.T.);
#536=EDGE_CURVE('',#418,#430,#234,.T.);
#537=EDGE_CURVE('',#417,#431,#235,.T.);
#538=EDGE_CURVE('',#430,#431,#194,.T.);
#539=EDGE_CURVE('',#431,#432,#236,.T.);
#540=EDGE_CURVE('',#424,#432,#237,.T.);
#541=EDGE_CURVE('',#429,#433,#238,.T.);
#542=EDGE_CURVE('',#432,#433,#195,.T.);
#543=EDGE_CURVE('',#433,#434,#239,.T.);
#544=EDGE_CURVE('',#428,#434,#240,.T.);
#545=EDGE_CURVE('',#434,#414,#196,.T.);
#546=EDGE_CURVE('',#413,#435,#197,.T.);
#547=EDGE_CURVE('',#435,#430,#241,.T.);
#548=EDGE_CURVE('',#371,#436,#242,.T.);
#549=EDGE_CURVE('',#437,#406,#198,.T.);
#550=EDGE_CURVE('',#436,#437,#199,.T.);
#551=EDGE_CURVE('',#420,#435,#243,.T.);
#552=EDGE_CURVE('',#438,#439,#35,.T.);
#553=EDGE_CURVE('',#397,#438,#244,.T.);
#554=EDGE_CURVE('',#440,#396,#245,.T.);
#555=EDGE_CURVE('',#441,#440,#36,.T.);
#556=EDGE_CURVE('',#400,#441,#246,.T.);
#557=EDGE_CURVE('',#442,#399,#247,.T.);
#558=EDGE_CURVE('',#443,#442,#37,.T.);
#559=EDGE_CURVE('',#436,#443,#248,.T.);
#560=EDGE_CURVE('',#444,#437,#249,.T.);
#561=EDGE_CURVE('',#445,#444,#38,.T.);
#562=EDGE_CURVE('',#402,#445,#250,.T.);
#563=EDGE_CURVE('',#446,#405,#251,.T.);
#564=EDGE_CURVE('',#439,#446,#39,.T.);
#565=EDGE_CURVE('',#439,#447,#252,.T.);
#566=EDGE_CURVE('',#447,#447,#40,.F.);
#567=EDGE_CURVE('',#448,#449,#253,.F.);
#568=EDGE_CURVE('',#448,#450,#254,.T.);
#569=EDGE_CURVE('',#450,#451,#255,.T.);
#570=EDGE_CURVE('',#451,#452,#256,.T.);
#571=EDGE_CURVE('',#453,#452,#257,.F.);
#572=EDGE_CURVE('',#453,#454,#258,.T.);
#573=EDGE_CURVE('',#454,#455,#259,.T.);
#574=EDGE_CURVE('',#455,#456,#260,.T.);
#575=EDGE_CURVE('',#456,#457,#261,.T.);
#576=EDGE_CURVE('',#457,#458,#262,.T.);
#577=EDGE_CURVE('',#458,#459,#263,.T.);
#578=EDGE_CURVE('',#459,#449,#264,.T.);
#579=EDGE_CURVE('',#449,#385,#265,.T.);
#580=EDGE_CURVE('',#459,#384,#266,.T.);
#581=EDGE_CURVE('',#458,#386,#267,.T.);
#582=EDGE_CURVE('',#448,#395,#268,.T.);
#583=EDGE_CURVE('',#457,#387,#269,.T.);
#584=EDGE_CURVE('',#450,#394,#270,.T.);
#585=EDGE_CURVE('',#456,#388,#271,.T.);
#586=EDGE_CURVE('',#451,#393,#272,.T.);
#587=EDGE_CURVE('',#455,#389,#273,.T.);
#588=EDGE_CURVE('',#452,#392,#274,.T.);
#589=EDGE_CURVE('',#454,#390,#275,.T.);
#590=EDGE_CURVE('',#453,#391,#276,.T.);
#591=EDGE_CURVE('',#444,#407,#277,.T.);
#592=EDGE_CURVE('',#445,#409,#278,.T.);
#593=EDGE_CURVE('',#410,#446,#279,.F.);
#594=EDGE_CURVE('',#411,#438,#280,.T.);
#595=EDGE_CURVE('',#378,#441,#281,.T.);
#596=EDGE_CURVE('',#380,#440,#282,.F.);
#597=EDGE_CURVE('',#443,#370,#283,.F.);
#598=EDGE_CURVE('',#442,#372,#284,.T.);
#599=ORIENTED_EDGE('',*,*,#460,.F.);
#600=ORIENTED_EDGE('',*,*,#461,.F.);
#601=ORIENTED_EDGE('',*,*,#462,.F.);
#602=ORIENTED_EDGE('',*,*,#463,.F.);
#603=ORIENTED_EDGE('',*,*,#464,.T.);
#604=ORIENTED_EDGE('',*,*,#465,.F.);
#605=ORIENTED_EDGE('',*,*,#466,.T.);
#606=ORIENTED_EDGE('',*,*,#467,.F.);
#607=ORIENTED_EDGE('',*,*,#468,.F.);
#608=ORIENTED_EDGE('',*,*,#469,.F.);
#609=ORIENTED_EDGE('',*,*,#470,.F.);
#610=ORIENTED_EDGE('',*,*,#471,.F.);
#611=ORIENTED_EDGE('',*,*,#472,.F.);
#612=ORIENTED_EDGE('',*,*,#473,.F.);
#613=ORIENTED_EDGE('',*,*,#464,.F.);
#614=ORIENTED_EDGE('',*,*,#474,.F.);
#615=ORIENTED_EDGE('',*,*,#475,.F.);
#616=ORIENTED_EDGE('',*,*,#476,.F.);
#617=ORIENTED_EDGE('',*,*,#477,.F.);
#618=ORIENTED_EDGE('',*,*,#478,.F.);
#619=ORIENTED_EDGE('',*,*,#479,.F.);
#620=ORIENTED_EDGE('',*,*,#480,.F.);
#621=ORIENTED_EDGE('',*,*,#481,.F.);
#622=ORIENTED_EDGE('',*,*,#482,.F.);
#623=ORIENTED_EDGE('',*,*,#483,.F.);
#624=ORIENTED_EDGE('',*,*,#484,.F.);
#625=ORIENTED_EDGE('',*,*,#485,.F.);
#626=ORIENTED_EDGE('',*,*,#486,.F.);
#627=ORIENTED_EDGE('',*,*,#487,.F.);
#628=ORIENTED_EDGE('',*,*,#488,.F.);
#629=ORIENTED_EDGE('',*,*,#489,.F.);
#630=ORIENTED_EDGE('',*,*,#490,.T.);
#631=ORIENTED_EDGE('',*,*,#471,.T.);
#632=ORIENTED_EDGE('',*,*,#491,.F.);
#633=ORIENTED_EDGE('',*,*,#492,.F.);
#634=ORIENTED_EDGE('',*,*,#493,.F.);
#635=ORIENTED_EDGE('',*,*,#474,.T.);
#636=ORIENTED_EDGE('',*,*,#463,.T.);
#637=ORIENTED_EDGE('',*,*,#494,.F.);
#638=ORIENTED_EDGE('',*,*,#495,.T.);
#639=ORIENTED_EDGE('',*,*,#496,.T.);
#640=ORIENTED_EDGE('',*,*,#497,.F.);
#641=ORIENTED_EDGE('',*,*,#498,.F.);
#642=ORIENTED_EDGE('',*,*,#499,.F.);
#643=ORIENTED_EDGE('',*,*,#500,.F.);
#644=ORIENTED_EDGE('',*,*,#466,.F.);
#645=ORIENTED_EDGE('',*,*,#501,.F.);
#646=ORIENTED_EDGE('',*,*,#502,.F.);
#647=ORIENTED_EDGE('',*,*,#495,.F.);
#648=ORIENTED_EDGE('',*,*,#503,.F.);
#649=ORIENTED_EDGE('',*,*,#504,.F.);
#650=ORIENTED_EDGE('',*,*,#505,.F.);
#651=ORIENTED_EDGE('',*,*,#496,.F.);
#652=ORIENTED_EDGE('',*,*,#502,.T.);
#653=ORIENTED_EDGE('',*,*,#506,.F.);
#654=ORIENTED_EDGE('',*,*,#472,.T.);
#655=ORIENTED_EDGE('',*,*,#490,.F.);
#656=ORIENTED_EDGE('',*,*,#507,.F.);
#657=ORIENTED_EDGE('',*,*,#508,.F.);
#658=ORIENTED_EDGE('',*,*,#509,.T.);
#659=ORIENTED_EDGE('',*,*,#510,.F.);
#660=ORIENTED_EDGE('',*,*,#511,.F.);
#661=ORIENTED_EDGE('',*,*,#512,.F.);
#662=ORIENTED_EDGE('',*,*,#513,.T.);
#663=ORIENTED_EDGE('',*,*,#514,.T.);
#664=ORIENTED_EDGE('',*,*,#515,.T.);
#665=ORIENTED_EDGE('',*,*,#516,.T.);
#666=ORIENTED_EDGE('',*,*,#515,.F.);
#667=ORIENTED_EDGE('',*,*,#517,.T.);
#668=ORIENTED_EDGE('',*,*,#518,.T.);
#669=ORIENTED_EDGE('',*,*,#519,.T.);
#670=ORIENTED_EDGE('',*,*,#520,.F.);
#671=ORIENTED_EDGE('',*,*,#521,.T.);
#672=ORIENTED_EDGE('',*,*,#518,.F.);
#673=ORIENTED_EDGE('',*,*,#522,.T.);
#674=ORIENTED_EDGE('',*,*,#513,.F.);
#675=ORIENTED_EDGE('',*,*,#523,.T.);
#676=ORIENTED_EDGE('',*,*,#524,.F.);
#677=ORIENTED_EDGE('',*,*,#525,.T.);
#678=ORIENTED_EDGE('',*,*,#516,.F.);
#679=ORIENTED_EDGE('',*,*,#519,.F.);
#680=ORIENTED_EDGE('',*,*,#521,.F.);
#681=ORIENTED_EDGE('',*,*,#526,.F.);
#682=ORIENTED_EDGE('',*,*,#527,.F.);
#683=ORIENTED_EDGE('',*,*,#528,.F.);
#684=ORIENTED_EDGE('',*,*,#529,.F.);
#685=ORIENTED_EDGE('',*,*,#523,.F.);
#686=ORIENTED_EDGE('',*,*,#530,.T.);
#687=ORIENTED_EDGE('',*,*,#531,.T.);
#688=ORIENTED_EDGE('',*,*,#532,.T.);
#689=ORIENTED_EDGE('',*,*,#527,.T.);
#690=ORIENTED_EDGE('',*,*,#532,.F.);
#691=ORIENTED_EDGE('',*,*,#533,.T.);
#692=ORIENTED_EDGE('',*,*,#534,.T.);
#693=ORIENTED_EDGE('',*,*,#528,.T.);
#694=ORIENTED_EDGE('',*,*,#520,.T.);
#695=ORIENTED_EDGE('',*,*,#512,.T.);
#696=ORIENTED_EDGE('',*,*,#530,.F.);
#697=ORIENTED_EDGE('',*,*,#526,.T.);
#698=ORIENTED_EDGE('',*,*,#534,.F.);
#699=ORIENTED_EDGE('',*,*,#535,.T.);
#700=ORIENTED_EDGE('',*,*,#524,.T.);
#701=ORIENTED_EDGE('',*,*,#529,.T.);
#702=ORIENTED_EDGE('',*,*,#536,.F.);
#703=ORIENTED_EDGE('',*,*,#514,.F.);
#704=ORIENTED_EDGE('',*,*,#537,.T.);
#705=ORIENTED_EDGE('',*,*,#538,.F.);
#706=ORIENTED_EDGE('',*,*,#539,.F.);
#707=ORIENTED_EDGE('',*,*,#537,.F.);
#708=ORIENTED_EDGE('',*,*,#525,.F.);
#709=ORIENTED_EDGE('',*,*,#540,.T.);
#710=ORIENTED_EDGE('',*,*,#535,.F.);
#711=ORIENTED_EDGE('',*,*,#541,.T.);
#712=ORIENTED_EDGE('',*,*,#542,.F.);
#713=ORIENTED_EDGE('',*,*,#540,.F.);
#714=ORIENTED_EDGE('',*,*,#543,.F.);
#715=ORIENTED_EDGE('',*,*,#541,.F.);
#716=ORIENTED_EDGE('',*,*,#533,.F.);
#717=ORIENTED_EDGE('',*,*,#544,.T.);
#718=ORIENTED_EDGE('',*,*,#531,.F.);
#719=ORIENTED_EDGE('',*,*,#511,.T.);
#720=ORIENTED_EDGE('',*,*,#545,.F.);
#721=ORIENTED_EDGE('',*,*,#544,.F.);
#722=ORIENTED_EDGE('',*,*,#543,.T.);
#723=ORIENTED_EDGE('',*,*,#545,.T.);
#724=ORIENTED_EDGE('',*,*,#510,.T.);
#725=ORIENTED_EDGE('',*,*,#546,.T.);
#726=ORIENTED_EDGE('',*,*,#547,.T.);
#727=ORIENTED_EDGE('',*,*,#538,.T.);
#728=ORIENTED_EDGE('',*,*,#539,.T.);
#729=ORIENTED_EDGE('',*,*,#542,.T.);
#730=ORIENTED_EDGE('',*,*,#501,.T.);
#731=ORIENTED_EDGE('',*,*,#465,.T.);
#732=ORIENTED_EDGE('',*,*,#473,.T.);
#733=ORIENTED_EDGE('',*,*,#506,.T.);
#734=ORIENTED_EDGE('',*,*,#548,.F.);
#735=ORIENTED_EDGE('',*,*,#467,.T.);
#736=ORIENTED_EDGE('',*,*,#500,.T.);
#737=ORIENTED_EDGE('',*,*,#549,.F.);
#738=ORIENTED_EDGE('',*,*,#550,.F.);
#739=ORIENTED_EDGE('',*,*,#522,.F.);
#740=ORIENTED_EDGE('',*,*,#551,.T.);
#741=ORIENTED_EDGE('',*,*,#546,.F.);
#742=ORIENTED_EDGE('',*,*,#509,.F.);
#743=ORIENTED_EDGE('',*,*,#547,.F.);
#744=ORIENTED_EDGE('',*,*,#551,.F.);
#745=ORIENTED_EDGE('',*,*,#517,.F.);
#746=ORIENTED_EDGE('',*,*,#536,.T.);
#747=ORIENTED_EDGE('',*,*,#552,.F.);
#748=ORIENTED_EDGE('',*,*,#553,.F.);
#749=ORIENTED_EDGE('',*,*,#488,.T.);
#750=ORIENTED_EDGE('',*,*,#554,.F.);
#751=ORIENTED_EDGE('',*,*,#555,.F.);
#752=ORIENTED_EDGE('',*,*,#556,.F.);
#753=ORIENTED_EDGE('',*,*,#492,.T.);
#754=ORIENTED_EDGE('',*,*,#557,.F.);
#755=ORIENTED_EDGE('',*,*,#558,.F.);
#756=ORIENTED_EDGE('',*,*,#559,.F.);
#757=ORIENTED_EDGE('',*,*,#550,.T.);
#758=ORIENTED_EDGE('',*,*,#560,.F.);
#759=ORIENTED_EDGE('',*,*,#561,.F.);
#760=ORIENTED_EDGE('',*,*,#562,.F.);
#761=ORIENTED_EDGE('',*,*,#498,.T.);
#762=ORIENTED_EDGE('',*,*,#563,.F.);
#763=ORIENTED_EDGE('',*,*,#564,.F.);
#764=ORIENTED_EDGE('',*,*,#565,.T.);
#765=ORIENTED_EDGE('',*,*,#566,.T.);
#766=ORIENTED_EDGE('',*,*,#565,.F.);
#767=ORIENTED_EDGE('',*,*,#566,.F.);
#768=ORIENTED_EDGE('',*,*,#567,.F.);
#769=ORIENTED_EDGE('',*,*,#568,.T.);
#770=ORIENTED_EDGE('',*,*,#569,.T.);
#771=ORIENTED_EDGE('',*,*,#570,.T.);
#772=ORIENTED_EDGE('',*,*,#571,.F.);
#773=ORIENTED_EDGE('',*,*,#572,.T.);
#774=ORIENTED_EDGE('',*,*,#573,.T.);
#775=ORIENTED_EDGE('',*,*,#574,.T.);
#776=ORIENTED_EDGE('',*,*,#575,.T.);
#777=ORIENTED_EDGE('',*,*,#576,.T.);
#778=ORIENTED_EDGE('',*,*,#577,.T.);
#779=ORIENTED_EDGE('',*,*,#578,.T.);
#780=ORIENTED_EDGE('',*,*,#475,.T.);
#781=ORIENTED_EDGE('',*,*,#579,.F.);
#782=ORIENTED_EDGE('',*,*,#578,.F.);
#783=ORIENTED_EDGE('',*,*,#580,.T.);
#784=ORIENTED_EDGE('',*,*,#476,.T.);
#785=ORIENTED_EDGE('',*,*,#580,.F.);
#786=ORIENTED_EDGE('',*,*,#577,.F.);
#787=ORIENTED_EDGE('',*,*,#581,.T.);
#788=ORIENTED_EDGE('',*,*,#486,.T.);
#789=ORIENTED_EDGE('',*,*,#582,.F.);
#790=ORIENTED_EDGE('',*,*,#567,.T.);
#791=ORIENTED_EDGE('',*,*,#579,.T.);
#792=ORIENTED_EDGE('',*,*,#477,.T.);
#793=ORIENTED_EDGE('',*,*,#581,.F.);
#794=ORIENTED_EDGE('',*,*,#576,.F.);
#795=ORIENTED_EDGE('',*,*,#583,.T.);
#796=ORIENTED_EDGE('',*,*,#485,.T.);
#797=ORIENTED_EDGE('',*,*,#584,.F.);
#798=ORIENTED_EDGE('',*,*,#568,.F.);
#799=ORIENTED_EDGE('',*,*,#582,.T.);
#800=ORIENTED_EDGE('',*,*,#478,.T.);
#801=ORIENTED_EDGE('',*,*,#583,.F.);
#802=ORIENTED_EDGE('',*,*,#575,.F.);
#803=ORIENTED_EDGE('',*,*,#585,.T.);
#804=ORIENTED_EDGE('',*,*,#484,.T.);
#805=ORIENTED_EDGE('',*,*,#586,.F.);
#806=ORIENTED_EDGE('',*,*,#569,.F.);
#807=ORIENTED_EDGE('',*,*,#584,.T.);
#808=ORIENTED_EDGE('',*,*,#479,.T.);
#809=ORIENTED_EDGE('',*,*,#585,.F.);
#810=ORIENTED_EDGE('',*,*,#574,.F.);
#811=ORIENTED_EDGE('',*,*,#587,.T.);
#812=ORIENTED_EDGE('',*,*,#483,.T.);
#813=ORIENTED_EDGE('',*,*,#588,.F.);
#814=ORIENTED_EDGE('',*,*,#570,.F.);
#815=ORIENTED_EDGE('',*,*,#586,.T.);
#816=ORIENTED_EDGE('',*,*,#480,.T.);
#817=ORIENTED_EDGE('',*,*,#587,.F.);
#818=ORIENTED_EDGE('',*,*,#573,.F.);
#819=ORIENTED_EDGE('',*,*,#589,.T.);
#820=ORIENTED_EDGE('',*,*,#481,.T.);
#821=ORIENTED_EDGE('',*,*,#589,.F.);
#822=ORIENTED_EDGE('',*,*,#572,.F.);
#823=ORIENTED_EDGE('',*,*,#590,.T.);
#824=ORIENTED_EDGE('',*,*,#482,.T.);
#825=ORIENTED_EDGE('',*,*,#590,.F.);
#826=ORIENTED_EDGE('',*,*,#571,.T.);
#827=ORIENTED_EDGE('',*,*,#588,.T.);
#828=ORIENTED_EDGE('',*,*,#560,.T.);
#829=ORIENTED_EDGE('',*,*,#549,.T.);
#830=ORIENTED_EDGE('',*,*,#499,.T.);
#831=ORIENTED_EDGE('',*,*,#591,.F.);
#832=ORIENTED_EDGE('',*,*,#561,.T.);
#833=ORIENTED_EDGE('',*,*,#591,.T.);
#834=ORIENTED_EDGE('',*,*,#504,.T.);
#835=ORIENTED_EDGE('',*,*,#592,.F.);
#836=ORIENTED_EDGE('',*,*,#562,.T.);
#837=ORIENTED_EDGE('',*,*,#592,.T.);
#838=ORIENTED_EDGE('',*,*,#503,.T.);
#839=ORIENTED_EDGE('',*,*,#494,.T.);
#840=ORIENTED_EDGE('',*,*,#563,.T.);
#841=ORIENTED_EDGE('',*,*,#497,.T.);
#842=ORIENTED_EDGE('',*,*,#505,.T.);
#843=ORIENTED_EDGE('',*,*,#593,.T.);
#844=ORIENTED_EDGE('',*,*,#552,.T.);
#845=ORIENTED_EDGE('',*,*,#564,.T.);
#846=ORIENTED_EDGE('',*,*,#593,.F.);
#847=ORIENTED_EDGE('',*,*,#508,.T.);
#848=ORIENTED_EDGE('',*,*,#594,.T.);
#849=ORIENTED_EDGE('',*,*,#489,.T.);
#850=ORIENTED_EDGE('',*,*,#553,.T.);
#851=ORIENTED_EDGE('',*,*,#594,.F.);
#852=ORIENTED_EDGE('',*,*,#507,.T.);
#853=ORIENTED_EDGE('',*,*,#493,.T.);
#854=ORIENTED_EDGE('',*,*,#556,.T.);
#855=ORIENTED_EDGE('',*,*,#595,.F.);
#856=ORIENTED_EDGE('',*,*,#468,.T.);
#857=ORIENTED_EDGE('',*,*,#555,.T.);
#858=ORIENTED_EDGE('',*,*,#596,.F.);
#859=ORIENTED_EDGE('',*,*,#469,.T.);
#860=ORIENTED_EDGE('',*,*,#595,.T.);
#861=ORIENTED_EDGE('',*,*,#554,.T.);
#862=ORIENTED_EDGE('',*,*,#487,.T.);
#863=ORIENTED_EDGE('',*,*,#470,.T.);
#864=ORIENTED_EDGE('',*,*,#596,.T.);
#865=ORIENTED_EDGE('',*,*,#559,.T.);
#866=ORIENTED_EDGE('',*,*,#597,.T.);
#867=ORIENTED_EDGE('',*,*,#460,.T.);
#868=ORIENTED_EDGE('',*,*,#548,.T.);
#869=ORIENTED_EDGE('',*,*,#558,.T.);
#870=ORIENTED_EDGE('',*,*,#598,.T.);
#871=ORIENTED_EDGE('',*,*,#461,.T.);
#872=ORIENTED_EDGE('',*,*,#597,.F.);
#873=ORIENTED_EDGE('',*,*,#557,.T.);
#874=ORIENTED_EDGE('',*,*,#491,.T.);
#875=ORIENTED_EDGE('',*,*,#462,.T.);
#876=ORIENTED_EDGE('',*,*,#598,.F.);
#877=PLANE('',#976);
#878=PLANE('',#977);
#879=PLANE('',#984);
#880=PLANE('',#985);
#881=PLANE('',#997);
#882=PLANE('',#998);
#883=PLANE('',#999);
#884=PLANE('',#1007);
#885=PLANE('',#1008);
#886=PLANE('',#1009);
#887=PLANE('',#1010);
#888=PLANE('',#1011);
#889=PLANE('',#1012);
#890=PLANE('',#1013);
#891=PLANE('',#1014);
#892=PLANE('',#1015);
#893=PLANE('',#1016);
#894=PLANE('',#1017);
#895=PLANE('',#1018);
#896=PLANE('',#1019);
#897=PLANE('',#1020);
#898=PLANE('',#1021);
#899=PLANE('',#1022);
#900=PLANE('',#1023);
#901=PLANE('',#1024);
#902=PLANE('',#1025);
#903=PLANE('',#1026);
#904=PLANE('',#1027);
#905=PLANE('',#1028);
#906=PLANE('',#1029);
#907=PLANE('',#1030);
#908=PLANE('',#1031);
#909=ADVANCED_FACE('',(#60),#877,.F.);
#910=ADVANCED_FACE('',(#61),#878,.T.);
#911=ADVANCED_FACE('',(#62),#41,.T.);
#912=ADVANCED_FACE('',(#63),#42,.T.);
#913=ADVANCED_FACE('',(#64),#43,.T.);
#914=ADVANCED_FACE('',(#65),#44,.T.);
#915=ADVANCED_FACE('',(#66),#879,.F.);
#916=ADVANCED_FACE('',(#67),#880,.F.);
#917=ADVANCED_FACE('',(#68),#45,.T.);
#918=ADVANCED_FACE('',(#69),#46,.F.);
#919=ADVANCED_FACE('',(#70),#47,.F.);
#920=ADVANCED_FACE('',(#71),#48,.F.);
#921=ADVANCED_FACE('',(#72),#49,.F.);
#922=ADVANCED_FACE('',(#73),#17,.F.);
#923=ADVANCED_FACE('',(#74),#50,.F.);
#924=ADVANCED_FACE('',(#75),#51,.F.);
#925=ADVANCED_FACE('',(#76),#52,.F.);
#926=ADVANCED_FACE('',(#77),#53,.F.);
#927=ADVANCED_FACE('',(#78),#54,.T.);
#928=ADVANCED_FACE('',(#79),#55,.T.);
#929=ADVANCED_FACE('',(#80),#56,.T.);
#930=ADVANCED_FACE('',(#81),#881,.T.);
#931=ADVANCED_FACE('',(#82),#57,.T.);
#932=ADVANCED_FACE('',(#83,#15),#882,.F.);
#933=ADVANCED_FACE('',(#84),#58,.T.);
#934=ADVANCED_FACE('',(#85),#59,.T.);
#935=ADVANCED_FACE('',(#86),#883,.T.);
#936=ADVANCED_FACE('',(#87),#18,.T.);
#937=ADVANCED_FACE('',(#88,#16),#884,.T.);
#938=ADVANCED_FACE('',(#89),#885,.T.);
#939=ADVANCED_FACE('',(#90),#886,.T.);
#940=ADVANCED_FACE('',(#91),#887,.T.);
#941=ADVANCED_FACE('',(#92),#888,.T.);
#942=ADVANCED_FACE('',(#93),#889,.T.);
#943=ADVANCED_FACE('',(#94),#890,.T.);
#944=ADVANCED_FACE('',(#95),#891,.T.);
#945=ADVANCED_FACE('',(#96),#892,.T.);
#946=ADVANCED_FACE('',(#97),#893,.T.);
#947=ADVANCED_FACE('',(#98),#894,.T.);
#948=ADVANCED_FACE('',(#99),#895,.T.);
#949=ADVANCED_FACE('',(#100),#896,.T.);
#950=ADVANCED_FACE('',(#101),#897,.F.);
#951=ADVANCED_FACE('',(#102),#898,.F.);
#952=ADVANCED_FACE('',(#103),#899,.T.);
#953=ADVANCED_FACE('',(#104),#900,.T.);
#954=ADVANCED_FACE('',(#105),#901,.F.);
#955=ADVANCED_FACE('',(#106),#902,.F.);
#956=ADVANCED_FACE('',(#107),#903,.F.);
#957=ADVANCED_FACE('',(#108),#904,.F.);
#958=ADVANCED_FACE('',(#109),#905,.T.);
#959=ADVANCED_FACE('',(#110),#906,.T.);
#960=ADVANCED_FACE('',(#111),#907,.F.);
#961=ADVANCED_FACE('',(#112),#908,.F.);
#962=CLOSED_SHELL('',(#909,#910,#911,#912,#913,#914,#915,#916,#917,#918,
#919,#920,#921,#922,#923,#924,#925,#926,#927,#928,#929,#930,#931,#932,#933,
#934,#935,#936,#937,#938,#939,#940,#941,#942,#943,#944,#945,#946,#947,#948,
#949,#950,#951,#952,#953,#954,#955,#956,#957,#958,#959,#960,#961));
#963=DERIVED_UNIT_ELEMENT(#965,1.);
#964=DERIVED_UNIT_ELEMENT(#2340,-3.);
#965=(
MASS_UNIT()
NAMED_UNIT(*)
SI_UNIT(.KILO.,.GRAM.)
);
#966=DERIVED_UNIT((#963,#964));
#967=MEASURE_REPRESENTATION_ITEM('density measure',
POSITIVE_RATIO_MEASURE(7850.),#966);
#968=PROPERTY_DEFINITION_REPRESENTATION(#973,#970);
#969=PROPERTY_DEFINITION_REPRESENTATION(#974,#971);
#970=REPRESENTATION('material name',(#972),#2337);
#971=REPRESENTATION('density',(#967),#2337);
#972=DESCRIPTIVE_REPRESENTATION_ITEM('Steel','Steel');
#973=PROPERTY_DEFINITION('material property','material name',#2347);
#974=PROPERTY_DEFINITION('material property','density of part',#2347);
#975=AXIS2_PLACEMENT_3D('',#1231,#1032,#1033);
#976=AXIS2_PLACEMENT_3D('',#1232,#1034,#1035);
#977=AXIS2_PLACEMENT_3D('',#1282,#1042,#1043);
#978=AXIS2_PLACEMENT_3D('',#1306,#1051,#1052);
#979=AXIS2_PLACEMENT_3D('',#1310,#1054,#1055);
#980=AXIS2_PLACEMENT_3D('',#1314,#1057,#1058);
#981=AXIS2_PLACEMENT_3D('',#1318,#1060,#1061);
#982=AXIS2_PLACEMENT_3D('',#1322,#1063,#1064);
#983=AXIS2_PLACEMENT_3D('',#1326,#1066,#1067);
#984=AXIS2_PLACEMENT_3D('',#1542,#1072,#1073);
#985=AXIS2_PLACEMENT_3D('',#1556,#1079,#1080);
#986=AXIS2_PLACEMENT_3D('',#1693,#1088,#1089);
#987=AXIS2_PLACEMENT_3D('',#1740,#1090,#1091);
#988=AXIS2_PLACEMENT_3D('',#1742,#1092,#1093);
#989=AXIS2_PLACEMENT_3D('',#1743,#1094,#1095);
#990=AXIS2_PLACEMENT_3D('',#1849,#1096,#1097);
#991=AXIS2_PLACEMENT_3D('',#1855,#1098,#1099);
#992=AXIS2_PLACEMENT_3D('',#1870,#1100,#1101);
#993=AXIS2_PLACEMENT_3D('',#1907,#1102,#1103);
#994=AXIS2_PLACEMENT_3D('',#1915,#1104,#1105);
#995=AXIS2_PLACEMENT_3D('',#1937,#1106,#1107);
#996=AXIS2_PLACEMENT_3D('',#1938,#1108,#1109);
#997=AXIS2_PLACEMENT_3D('',#2101,#1115,#1116);
#998=AXIS2_PLACEMENT_3D('',#2143,#1119,#1120);
#999=AXIS2_PLACEMENT_3D('',#2239,#1124,#1125);
#1000=AXIS2_PLACEMENT_3D('',#2240,#1126,#1127);
#1001=AXIS2_PLACEMENT_3D('',#2243,#1128,#1129);
#1002=AXIS2_PLACEMENT_3D('',#2248,#1132,#1133);
#1003=AXIS2_PLACEMENT_3D('',#2253,#1136,#1137);
#1004=AXIS2_PLACEMENT_3D('',#2258,#1140,#1141);
#1005=AXIS2_PLACEMENT_3D('',#2262,#1144,#1145);
#1006=AXIS2_PLACEMENT_3D('',#2265,#1147,#1148);
#1007=AXIS2_PLACEMENT_3D('',#2266,#1149,#1150);
#1008=AXIS2_PLACEMENT_3D('',#2291,#1163,#1164);
#1009=AXIS2_PLACEMENT_3D('',#2294,#1167,#1168);
#1010=AXIS2_PLACEMENT_3D('',#2296,#1170,#1171);
#1011=AXIS2_PLACEMENT_3D('',#2298,#1173,#1174);
#1012=AXIS2_PLACEMENT_3D('',#2300,#1176,#1177);
#1013=AXIS2_PLACEMENT_3D('',#2302,#1179,#1180);
#1014=AXIS2_PLACEMENT_3D('',#2304,#1182,#1183);
#1015=AXIS2_PLACEMENT_3D('',#2306,#1185,#1186);
#1016=AXIS2_PLACEMENT_3D('',#2308,#1188,#1189);
#1017=AXIS2_PLACEMENT_3D('',#2310,#1191,#1192);
#1018=AXIS2_PLACEMENT_3D('',#2312,#1194,#1195);
#1019=AXIS2_PLACEMENT_3D('',#2314,#1197,#1198);
#1020=AXIS2_PLACEMENT_3D('',#2315,#1199,#1200);
#1021=AXIS2_PLACEMENT_3D('',#2317,#1202,#1203);
#1022=AXIS2_PLACEMENT_3D('',#2319,#1205,#1206);
#1023=AXIS2_PLACEMENT_3D('',#2320,#1207,#1208);
#1024=AXIS2_PLACEMENT_3D('',#2322,#1210,#1211);
#1025=AXIS2_PLACEMENT_3D('',#2324,#1213,#1214);
#1026=AXIS2_PLACEMENT_3D('',#2325,#1215,#1216);
#1027=AXIS2_PLACEMENT_3D('',#2327,#1218,#1219);
#1028=AXIS2_PLACEMENT_3D('',#2329,#1221,#1222);
#1029=AXIS2_PLACEMENT_3D('',#2330,#1223,#1224);
#1030=AXIS2_PLACEMENT_3D('',#2332,#1226,#1227);
#1031=AXIS2_PLACEMENT_3D('',#2334,#1229,#1230);
#1032=DIRECTION('axis',(0.,0.,1.));
#1033=DIRECTION('refdir',(1.,0.,0.));
#1034=DIRECTION('center_axis',(3.04878835501587E-13,0.996398007205858,0.0847998304019228));
#1035=DIRECTION('ref_axis',(-1.,3.05980976775075E-13,-5.2635597573922E-29));
#1036=DIRECTION('',(-1.71388881026204E-14,-0.0847998304019228,0.996398007205858));
#1037=DIRECTION('',(1.,-3.05980976775076E-13,0.));
#1038=DIRECTION('',(2.59471349367411E-14,0.0847998304019228,-0.996398007205858));
#1039=DIRECTION('',(-0.322487783801301,0.0802692829415662,-0.943164074546403));
#1040=DIRECTION('',(1.,-3.0597830384993E-13,-3.1406870464246E-17));
#1041=DIRECTION('',(0.307181537659929,0.0806998379269186,-0.948223095626473));
#1042=DIRECTION('center_axis',(0.946450232904348,0.0112553542497395,-0.322653488491939));
#1043=DIRECTION('ref_axis',(-0.0118913367601302,0.999929295555469,-3.74414452072094E-18));
#1044=DIRECTION('',(0.322673927788283,0.,0.946510188178491));
#1045=DIRECTION('',(-0.0118913367601302,0.999929295555469,0.));
#1046=DIRECTION('',(-0.322673927789771,1.30431212322248E-13,-0.946510188177983));
#1047=DIRECTION('',(2.57891680551164E-5,-0.999394750233873,-0.0347869593366976));
#1048=DIRECTION('',(0.301943307514208,0.322929409255919,0.896965348096014));
#1049=DIRECTION('',(0.0118913367601302,-0.999929295555469,-1.52791030950672E-17));
#1050=DIRECTION('',(2.57891460158749E-5,-0.999394750231488,-0.0347869594052212));
#1051=DIRECTION('center_axis',(0.,1.,0.));
#1052=DIRECTION('ref_axis',(-0.00832974247248447,0.,-0.999965307093372));
#1053=DIRECTION('',(-2.39071295729028E-12,0.999394862367981,0.0347837472461537));
#1054=DIRECTION('center_axis',(9.08637630482863E-9,0.999999999999989,-1.48963297654566E-7));
#1055=DIRECTION('ref_axis',(0.00822835148293934,-1.49033020523679E-7,-0.999966146542897));
#1056=DIRECTION('',(0.,0.999394862351874,0.0347837477089371));
#1057=DIRECTION('center_axis',(-9.08637625720021E-9,-0.999999999999989,
1.48963297577665E-7));
#1058=DIRECTION('ref_axis',(0.0331202409774053,-1.49182515426969E-7,-0.999451374323722));
#1059=DIRECTION('',(2.39663056374645E-12,0.99939486236798,0.0347837472461833));
#1060=DIRECTION('center_axis',(0.,-1.,0.));
#1061=DIRECTION('ref_axis',(0.0082326223620816,0.,-0.999966111390303));
#1062=DIRECTION('',(5.91760633036059E-15,-0.999394862378693,-0.0347837469383686));
#1063=DIRECTION('center_axis',(9.0942513873665E-9,-0.999999999999989,1.49128015090701E-7));
#1064=DIRECTION('ref_axis',(-0.00832908296136478,-1.4919858893073E-7,-0.999965312586892));
#1065=DIRECTION('',(0.,-0.999394862394766,-0.0347837464765868));
#1066=DIRECTION('center_axis',(-9.09436223664902E-9,0.999999999999989,-1.49135642838486E-7));
#1067=DIRECTION('ref_axis',(-0.0331559106473537,-1.49355178555333E-7,-0.99945019164995));
#1068=DIRECTION('',(-5.91760633005112E-15,-0.999394862378693,-0.0347837469383774));
#1069=DIRECTION('',(-2.96771915008259E-12,0.999394862376818,0.0347837469922439));
#1070=DIRECTION('',(0.,0.999394862376823,0.0347837469921163));
#1071=DIRECTION('',(-1.4675862112525E-12,-0.999394862369857,-0.0347837471922454));
#1072=DIRECTION('center_axis',(0.951325893333488,-1.05282102480508E-13,
0.308186704244751));
#1073=DIRECTION('ref_axis',(1.10668807837864E-13,1.,-3.52452904494941E-29));
#1074=DIRECTION('',(0.308186704244751,-3.41066551502471E-14,-0.951325893333488));
#1075=DIRECTION('',(-1.10663978743134E-13,-1.,-1.49066873908435E-17));
#1076=DIRECTION('',(0.291559846987972,-0.324022423013051,-0.900001291670797));
#1077=DIRECTION('',(-0.308186704244751,1.24575188741094E-13,0.951325893333488));
#1078=DIRECTION('',(-1.10668807837864E-13,-1.,0.));
#1079=DIRECTION('center_axis',(-2.15465320833926E-17,-0.940880095846728,
0.33873978986746));
#1080=DIRECTION('ref_axis',(-7.72638666601436E-33,-0.33873978986746,-0.940880095846728));
#1081=DIRECTION('',(-6.84626764809178E-14,-0.33873978986746,-0.940880095846728));
#1082=DIRECTION('',(-1.,3.42076412572844E-17,3.14068704642415E-17));
#1083=DIRECTION('',(0.,0.33873978986746,0.940880095846728));
#1084=DIRECTION('',(-1.,2.29004016330074E-17,0.));
#1085=DIRECTION('',(0.283887319776317,-0.445461462087631,-0.849100745179846));
#1086=DIRECTION('',(0.,-1.,0.));
#1087=DIRECTION('',(0.29777228202692,0.228186493438144,-0.926964180682773));
#1088=DIRECTION('center_axis',(-0.992271600173724,0.0420325053455725,0.116749047032735));
#1089=DIRECTION('ref_axis',(8.31416780802396E-13,-0.940880095846864,0.338739789867085));
#1090=DIRECTION('center_axis',(2.16533342622516E-13,-0.940880095846456,
0.338739789868216));
#1091=DIRECTION('ref_axis',(1.,-6.93987386809687E-9,-1.92767602709451E-8));
#1092=DIRECTION('center_axis',(-0.992271600139532,-0.0420325054496579,-0.116749047285866));
#1093=DIRECTION('ref_axis',(1.07610768094548E-11,-0.940880095844998,0.338739789872267));
#1094=DIRECTION('center_axis',(7.31962293962754E-11,0.940384875925466,-0.340112165514035));
#1095=DIRECTION('ref_axis',(1.,-7.15584605456019E-9,-1.95701708132177E-8));
#1096=DIRECTION('center_axis',(1.63258755069983E-5,0.999394941843096,0.0347814598874358));
#1097=DIRECTION('ref_axis',(-0.952782632917831,-0.0105459553277355,0.303469993963803));
#1098=DIRECTION('center_axis',(1.86052958905192E-8,-0.999394862373306,-0.034783747093159));
#1099=DIRECTION('ref_axis',(-0.226143719227026,0.0338826333045008,-0.97350448659188));
#1100=DIRECTION('center_axis',(-7.91362992066378E-11,-0.996380019839781,
-0.0850109173228809));
#1101=DIRECTION('ref_axis',(1.,-6.71872767942244E-10,6.94386463803728E-9));
#1102=DIRECTION('center_axis',(-1.63274554180846E-5,0.999394941669547,0.0347814648733692));
#1103=DIRECTION('ref_axis',(-0.138669162072116,-0.0344476956118635,0.989739470647326));
#1104=DIRECTION('center_axis',(0.993262780706193,-0.00982692415495275,0.115466358847299));
#1105=DIRECTION('ref_axis',(-2.27019718729579E-12,0.996398007205979,0.084799830400499));
#1106=DIRECTION('center_axis',(-2.3131055287382E-13,0.996398007205871,0.0847998304017738));
#1107=DIRECTION('ref_axis',(1.,-5.87377109261835E-10,6.90440875796213E-9));
#1108=DIRECTION('center_axis',(0.993262781660105,0.00982692372640772,-0.11546635067805));
#1109=DIRECTION('ref_axis',(-2.51006295820439E-10,0.996398007195603,0.0847998305224172));
#1110=DIRECTION('',(-0.429122651623377,-0.305965437746469,-0.849846398338155));
#1111=DIRECTION('',(-0.283887319779165,-0.445461462087239,-0.849100745179099));
#1112=DIRECTION('',(0.,1.,0.));
#1113=DIRECTION('',(-0.297772282029797,0.228186493439303,-0.926964180681563));
#1114=DIRECTION('',(-0.430528385912501,0.0765383797198968,-0.899325961680986));
#1115=DIRECTION('center_axis',(0.,0.996398007205757,0.0847998304031115));
#1116=DIRECTION('ref_axis',(0.,-0.0847998304031115,0.996398007205757));
#1117=DIRECTION('',(1.,0.,0.));
#1118=DIRECTION('',(0.430528385910544,0.0765383797185897,-0.899325961682034));
#1119=DIRECTION('center_axis',(3.14068704642415E-17,-1.49066873908469E-17,
1.));
#1120=DIRECTION('ref_axis',(1.,1.74606887910242E-50,-3.14068704642415E-17));
#1121=DIRECTION('',(-1.,0.,0.));
#1122=DIRECTION('',(8.13600031426885E-13,-0.999394862369858,-0.0347837471922299));
#1123=DIRECTION('',(0.42912265162083,-0.305965437746879,-0.849846398339293));
#1124=DIRECTION('center_axis',(-2.15465320833926E-17,-0.940880095846728,
0.33873978986746));
#1125=DIRECTION('ref_axis',(-7.72638666601436E-33,-0.33873978986746,-0.940880095846728));
#1126=DIRECTION('center_axis',(0.,0.,1.));
#1127=DIRECTION('ref_axis',(0.,1.,0.));
#1128=DIRECTION('center_axis',(0.,0.,1.));
#1129=DIRECTION('ref_axis',(0.,1.,0.));
#1130=DIRECTION('',(0.,-2.87240788660193E-12,-1.));
#1131=DIRECTION('',(0.,0.,1.));
#1132=DIRECTION('center_axis',(0.,0.,1.));
#1133=DIRECTION('ref_axis',(0.,1.,0.));
#1134=DIRECTION('',(-2.43464035825405E-12,-2.36559383761306E-12,-1.));
#1135=DIRECTION('',(-1.20932127078808E-12,-2.68076143770756E-12,1.));
#1136=DIRECTION('center_axis',(0.,0.,1.));
#1137=DIRECTION('ref_axis',(0.,1.,0.));
#1138=DIRECTION('',(0.,0.,-1.));
#1139=DIRECTION('',(0.,2.71396805755699E-12,1.));
#1140=DIRECTION('center_axis',(0.,0.,1.));
#1141=DIRECTION('ref_axis',(0.,1.,0.));
#1142=DIRECTION('',(0.,0.,-1.));
#1143=DIRECTION('',(0.,0.,1.));
#1144=DIRECTION('center_axis',(0.,0.,1.));
#1145=DIRECTION('ref_axis',(0.,1.,0.));
#1146=DIRECTION('',(0.,0.,-1.));
#1147=DIRECTION('center_axis',(0.,-3.06161699786838E-16,-1.));
#1148=DIRECTION('ref_axis',(0.,1.,-3.06161699786838E-16));
#1149=DIRECTION('center_axis',(0.,-3.06161699786838E-16,-1.));
#1150=DIRECTION('ref_axis',(0.,1.,-3.06161699786838E-16));
#1151=DIRECTION('',(0.,-1.,3.06161699786838E-16));
#1152=DIRECTION('',(-1.,0.,0.));
#1153=DIRECTION('',(0.,-1.,3.06161699786838E-16));
#1154=DIRECTION('',(1.,0.,0.));
#1155=DIRECTION('',(0.,-1.,3.06161699786838E-16));
#1156=DIRECTION('',(1.,0.,0.));
#1157=DIRECTION('',(0.,1.,-3.06161699786838E-16));
#1158=DIRECTION('',(1.,0.,0.));
#1159=DIRECTION('',(0.,1.,-3.06161699786838E-16));
#1160=DIRECTION('',(-1.,0.,0.));
#1161=DIRECTION('',(0.,1.,-3.06161699786838E-16));
#1162=DIRECTION('',(-1.,0.,0.));
#1163=DIRECTION('center_axis',(0.,-1.,0.));
#1164=DIRECTION('ref_axis',(1.,0.,0.));
#1165=DIRECTION('',(0.,0.,1.));
#1166=DIRECTION('',(0.,0.,1.));
#1167=DIRECTION('center_axis',(-1.,0.,0.));
#1168=DIRECTION('ref_axis',(0.,-1.,3.06161699786838E-16));
#1169=DIRECTION('',(0.,0.,1.));
#1170=DIRECTION('center_axis',(1.,0.,0.));
#1171=DIRECTION('ref_axis',(0.,1.,-3.06161699786838E-16));
#1172=DIRECTION('',(0.,0.,1.));
#1173=DIRECTION('center_axis',(0.,-1.,0.));
#1174=DIRECTION('ref_axis',(1.,0.,0.));
#1175=DIRECTION('',(0.,0.,1.));
#1176=DIRECTION('center_axis',(0.,-1.,0.));
#1177=DIRECTION('ref_axis',(1.,0.,0.));
#1178=DIRECTION('',(0.,0.,1.));
#1179=DIRECTION('center_axis',(-1.,0.,0.));
#1180=DIRECTION('ref_axis',(0.,-1.,3.06161699786838E-16));
#1181=DIRECTION('',(0.,0.,1.));
#1182=DIRECTION('center_axis',(1.,0.,0.));
#1183=DIRECTION('ref_axis',(0.,1.,-3.06161699786838E-16));
#1184=DIRECTION('',(0.,0.,1.));
#1185=DIRECTION('center_axis',(0.,1.,0.));
#1186=DIRECTION('ref_axis',(-1.,0.,0.));
#1187=DIRECTION('',(0.,0.,1.));
#1188=DIRECTION('center_axis',(0.,1.,0.));
#1189=DIRECTION('ref_axis',(-1.,0.,0.));
#1190=DIRECTION('',(0.,0.,1.));
#1191=DIRECTION('center_axis',(-1.,0.,0.));
#1192=DIRECTION('ref_axis',(0.,-1.,3.06161699786838E-16));
#1193=DIRECTION('',(0.,0.,1.));
#1194=DIRECTION('center_axis',(0.,1.,0.));
#1195=DIRECTION('ref_axis',(-1.,0.,0.));
#1196=DIRECTION('',(0.,0.,1.));
#1197=DIRECTION('center_axis',(1.,0.,0.));
#1198=DIRECTION('ref_axis',(0.,1.,-3.06161699786838E-16));
#1199=DIRECTION('center_axis',(-4.53428817974747E-13,-1.,0.));
#1200=DIRECTION('ref_axis',(0.,0.,-1.));
#1201=DIRECTION('',(1.,0.,0.));
#1202=DIRECTION('center_axis',(0.,0.,1.));
#1203=DIRECTION('ref_axis',(1.,0.,0.));
#1204=DIRECTION('',(1.,-4.04219867454635E-13,0.));
#1205=DIRECTION('center_axis',(-4.04219867454635E-13,-1.,0.));
#1206=DIRECTION('ref_axis',(0.,0.,-1.));
#1207=DIRECTION('center_axis',(1.,-2.02109933727317E-13,0.));
#1208=DIRECTION('ref_axis',(0.,0.,-1.));
#1209=DIRECTION('',(-2.02109933727317E-13,-1.,0.));
#1210=DIRECTION('center_axis',(0.,0.,1.));
#1211=DIRECTION('ref_axis',(1.,0.,0.));
#1212=DIRECTION('',(0.,1.,0.));
#1213=DIRECTION('center_axis',(1.,-2.20568779756355E-13,0.));
#1214=DIRECTION('ref_axis',(0.,0.,-1.));
#1215=DIRECTION('center_axis',(-4.32918306014659E-13,-1.,0.));
#1216=DIRECTION('ref_axis',(0.,0.,-1.));
#1217=DIRECTION('',(1.,0.,0.));
#1218=DIRECTION('center_axis',(0.,0.,1.));
#1219=DIRECTION('ref_axis',(1.,0.,0.));
#1220=DIRECTION('',(-1.,4.04219867454635E-13,0.));
#1221=DIRECTION('center_axis',(-4.04219867454635E-13,-1.,0.));
#1222=DIRECTION('ref_axis',(0.,0.,-1.));
#1223=DIRECTION('center_axis',(1.,-2.02109933727317E-13,0.));
#1224=DIRECTION('ref_axis',(0.,0.,-1.));
#1225=DIRECTION('',(-2.02109933727317E-13,-1.,0.));
#1226=DIRECTION('center_axis',(0.,0.,1.));
#1227=DIRECTION('ref_axis',(1.,0.,0.));
#1228=DIRECTION('',(0.,1.,0.));
#1229=DIRECTION('center_axis',(1.,-2.20568779756355E-13,0.));
#1230=DIRECTION('ref_axis',(0.,0.,-1.));
#1231=CARTESIAN_POINT('',(0.,0.,0.));
#1232=CARTESIAN_POINT('Origin',(50.8552785152424,211.825360904724,5.03089797610032));
#1233=CARTESIAN_POINT('',(48.4263575323967,211.884777830164,4.33274910222286));
#1234=CARTESIAN_POINT('',(48.4263575323967,211.617886189684,7.4687258778008));
#1235=CARTESIAN_POINT('',(48.4263575323967,211.765175482935,5.73807668213854));
#1236=CARTESIAN_POINT('',(47.7763575323952,211.884777830164,4.33274910222279));
#1237=CARTESIAN_POINT('',(49.4783180238192,211.884777830164,4.33274910222286));
#1238=CARTESIAN_POINT('',(47.7763575323916,211.617883488369,7.46875761829553));
#1239=CARTESIAN_POINT('',(47.7763575323916,211.825360904724,5.03089797610032));
#1240=CARTESIAN_POINT('',(40.6424271481264,211.578646492904,7.9297923150663));
#1241=CARTESIAN_POINT('Ctrl Pts',(47.7763575323908,211.617883488363,7.46875761829528));
#1242=CARTESIAN_POINT('Ctrl Pts',(46.5832975319721,211.617333658634,7.47521811761247));
#1243=CARTESIAN_POINT('Ctrl Pts',(45.3899364121528,211.613784070205,7.51692578167541));
#1244=CARTESIAN_POINT('Ctrl Pts',(44.1993629192891,211.607236424283,7.59386062126762));
#1245=CARTESIAN_POINT('Ctrl Pts',(43.6754778137496,211.604355279863,7.62771406819971));
#1246=CARTESIAN_POINT('Ctrl Pts',(43.1525108664515,211.600895852235,7.66835957779155));
#1247=CARTESIAN_POINT('Ctrl Pts',(42.6302295393434,211.596856298986,7.7158238357678));
#1248=CARTESIAN_POINT('Ctrl Pts',(42.58954148753,211.596541599717,7.71952151379606));
#1249=CARTESIAN_POINT('Ctrl Pts',(42.5488576002481,211.5962233787,7.72326060151223));
#1250=CARTESIAN_POINT('Ctrl Pts',(42.5081777694502,211.595901634604,7.72704112469414));
#1251=CARTESIAN_POINT('Ctrl Pts',(41.9849116790345,211.591763029022,7.77567012698654));
#1252=CARTESIAN_POINT('Ctrl Pts',(41.4623464912112,211.587041727198,7.83114850931777));
#1253=CARTESIAN_POINT('Ctrl Pts',(40.940242069901,211.581736521508,7.89348455427201));
#1254=CARTESIAN_POINT('Ctrl Pts',(40.8409542633106,211.580727638582,7.90533890547534));
#1255=CARTESIAN_POINT('Ctrl Pts',(40.7416831553926,211.579697634206,7.91744140465437));
#1256=CARTESIAN_POINT('Ctrl Pts',(40.642427148132,211.578646492894,7.92979231506621));
#1257=CARTESIAN_POINT('',(37.9310631143671,212.253522434614,9.45892253412239E-11));
#1258=CARTESIAN_POINT('',(40.5698709701792,211.596706192118,7.71759084925885));
#1259=CARTESIAN_POINT('',(58.2670063817386,212.253522434607,9.45883371628042E-11));
#1260=CARTESIAN_POINT('',(50.6689430238221,212.253522434607,9.45883371628042E-11));
#1261=CARTESIAN_POINT('',(55.6926839580156,211.577220714302,7.94654521357257));
#1262=CARTESIAN_POINT('',(56.1092631165884,211.686660463958,6.66062815513287));
#1263=CARTESIAN_POINT('Ctrl Pts',(55.6926839580732,211.577220714334,7.94654521312041));
#1264=CARTESIAN_POINT('Ctrl Pts',(55.3935806410978,211.580445929145,7.90864893909149));
#1265=CARTESIAN_POINT('Ctrl Pts',(55.0943105634362,211.583479406604,7.87300538976624));
#1266=CARTESIAN_POINT('Ctrl Pts',(54.7948643858611,211.586321283636,7.83961385195996));
#1267=CARTESIAN_POINT('Ctrl Pts',(54.2067912684221,211.591902358336,7.7740372401867));
#1268=CARTESIAN_POINT('Ctrl Pts',(53.6180624280227,211.59674451282,7.71714497152353));
#1269=CARTESIAN_POINT('Ctrl Pts',(53.0286227568522,211.600849581844,7.66890872731794));
#1270=CARTESIAN_POINT('Ctrl Pts',(52.7081247165812,211.603081645008,7.64268106994425));
#1271=CARTESIAN_POINT('Ctrl Pts',(52.3874163081662,211.605095761094,7.61901341370393));
#1272=CARTESIAN_POINT('Ctrl Pts',(52.0664875106066,211.606892003865,7.59790756114599));
#1273=CARTESIAN_POINT('Ctrl Pts',(51.6133022726617,211.609428487701,7.56810387607246));
#1274=CARTESIAN_POINT('Ctrl Pts',(51.1599854260879,211.611528198943,7.54342826595401));
#1275=CARTESIAN_POINT('Ctrl Pts',(50.7065424959154,211.613191740406,7.52388095213179));
#1276=CARTESIAN_POINT('Ctrl Pts',(50.0878411480897,211.615461563743,7.49720957056769));
#1277=CARTESIAN_POINT('Ctrl Pts',(49.4689377325589,211.616919366154,7.48008541545289));
#1278=CARTESIAN_POINT('Ctrl Pts',(48.8498411672859,211.617568389396,7.47245990520523));
#1279=CARTESIAN_POINT('Ctrl Pts',(48.7086899748302,211.617716363734,7.47072132365767));
#1280=CARTESIAN_POINT('Ctrl Pts',(48.5675287314608,211.617822288738,7.46947671367614));
#1281=CARTESIAN_POINT('Ctrl Pts',(48.4263575323967,211.617886189662,7.46872587780016));
#1282=CARTESIAN_POINT('Origin',(40.2153164141055,204.615585533596,6.43403668661659));
#1283=CARTESIAN_POINT('',(39.4963823525504,204.833041201309,4.33274910222311));
#1284=CARTESIAN_POINT('',(40.6426012168813,204.833041201317,7.6949911042456));
#1285=CARTESIAN_POINT('',(39.4963823525504,204.833041201317,4.33274910222286));
#1286=CARTESIAN_POINT('',(39.5041122679831,204.183041201315,4.33274910222286));
#1287=CARTESIAN_POINT('',(39.4983343989406,204.668895789277,4.33274910222286));
#1288=CARTESIAN_POINT('',(40.64261798999,204.183041201308,7.67236588675055));
#1289=CARTESIAN_POINT('',(40.5386451053528,204.183041201308,7.36737875848323));
#1290=CARTESIAN_POINT('',(40.6427377860055,199.540646183406,7.51077327614855));
#1291=CARTESIAN_POINT('',(40.64261798999,204.183041201301,7.67236588675139));
#1292=CARTESIAN_POINT('',(38.1144040774889,196.836584558012,9.45892253412239E-11));
#1293=CARTESIAN_POINT('',(41.5211956470703,200.480159896979,10.1203567361276));
#1294=CARTESIAN_POINT('',(38.0235702699392,204.474698508398,9.45883371628042E-11));
#1295=CARTESIAN_POINT('',(40.6424271481264,211.578646492897,7.92979231506643));
#1296=CARTESIAN_POINT('Ctrl Pts',(46.1013574858625,206.506959268474,7.32319943706458));
#1297=CARTESIAN_POINT('Ctrl Pts',(46.1013575752259,201.706871514007,7.15613330058292));
#1298=CARTESIAN_POINT('Ctrl Pts',(47.4337386843399,206.508495838476,7.27905193999394));
#1299=CARTESIAN_POINT('Ctrl Pts',(47.4337387737033,201.708408084009,7.11198580351228));
#1300=CARTESIAN_POINT('Ctrl Pts',(48.7685055339243,206.508500298674,7.27892450498712));
#1301=CARTESIAN_POINT('Ctrl Pts',(48.7685056232877,201.708412544207,7.11185836850546));
#1302=CARTESIAN_POINT('Ctrl Pts',(50.101357504489,206.506964589375,7.32304869831539));
#1303=CARTESIAN_POINT('Ctrl Pts',(50.1013575938524,201.706876834908,7.15598256183373));
#1304=CARTESIAN_POINT('',(48.6013575334628,206.508041201482,7.2920656913715));
#1305=CARTESIAN_POINT('',(47.6013575313106,206.508041201482,7.29211425264226));
#1306=CARTESIAN_POINT('Origin',(48.1042894567852,206.508041201319,67.6678652335513));
#1307=CARTESIAN_POINT('',(48.6013575334626,205.008041205385,7.23985847756393));
#1308=CARTESIAN_POINT('',(48.6013575345273,205.008041210336,7.23985847747538));
#1309=CARTESIAN_POINT('',(50.1013575323923,205.008041201312,7.27087895639891));
#1310=CARTESIAN_POINT('Origin',(48.1055122088354,205.008050191146,67.4984097362363));
#1311=CARTESIAN_POINT('',(50.1013575323923,204.008041201319,7.23607414698962));
#1312=CARTESIAN_POINT('',(50.1013575323923,204.008041201349,7.23607414699066));
#1313=CARTESIAN_POINT('',(48.6013575334626,204.008041205385,7.20505366861808));
#1314=CARTESIAN_POINT('Origin',(48.1055122274112,204.008050191146,67.4636049296933));
#1315=CARTESIAN_POINT('',(48.6013575334633,202.508041201482,7.15284645558807));
#1316=CARTESIAN_POINT('',(48.6013575345237,202.508041210328,7.15284645511044));
#1317=CARTESIAN_POINT('',(47.6013575313107,202.508041201482,7.15289501809232));
#1318=CARTESIAN_POINT('Origin',(48.1042895312732,202.508041201319,67.5286461026466));
#1319=CARTESIAN_POINT('',(47.6013575313125,204.008041205381,7.20510223065991));
#1320=CARTESIAN_POINT('',(47.6013575302386,204.008041210327,7.20510223057152));
#1321=CARTESIAN_POINT('',(46.1013575323923,204.008041201319,7.23622507154896));
#1322=CARTESIAN_POINT('Origin',(48.104588326661,204.008050224676,67.621518177211));
#1323=CARTESIAN_POINT('',(46.1013575323923,205.008041201319,7.27102987972388));
#1324=CARTESIAN_POINT('',(46.1013575323923,205.00804120129,7.2710298797227));
#1325=CARTESIAN_POINT('',(47.6013575313125,205.008041205381,7.23990703929743));
#1326=CARTESIAN_POINT('Origin',(48.1045883080429,205.008050225137,67.6563229859118));
#1327=CARTESIAN_POINT('',(47.6013575302386,206.508041210318,7.29211425216494));
#1328=CARTESIAN_POINT('Ctrl Pts',(40.6426179899863,204.183041201308,7.67236588675139));
#1329=CARTESIAN_POINT('Ctrl Pts',(40.6426180978203,198.390590336578,7.47076074196404));
#1330=CARTESIAN_POINT('Ctrl Pts',(41.2627601005515,204.185731633093,7.59506564187095));
#1331=CARTESIAN_POINT('Ctrl Pts',(41.2627602083855,198.393280768363,7.3934604970836));
#1332=CARTESIAN_POINT('Ctrl Pts',(41.8847537914226,204.188089438707,7.52732230057648));
#1333=CARTESIAN_POINT('Ctrl Pts',(41.8847538992566,198.395638573977,7.32571715578913));
#1334=CARTESIAN_POINT('Ctrl Pts',(44.2566256639875,204.195774803375,7.3065102700504));
#1335=CARTESIAN_POINT('Ctrl Pts',(44.2566257718215,198.403323938645,7.10490512526305));
#1336=CARTESIAN_POINT('Ctrl Pts',(46.0159823390604,204.198782398162,7.22009801482145));
#1337=CARTESIAN_POINT('Ctrl Pts',(46.0159824468944,198.406331533432,7.0184928700341));
#1338=CARTESIAN_POINT('Ctrl Pts',(47.7763574882483,204.199114789764,7.21054879325417));
#1339=CARTESIAN_POINT('Ctrl Pts',(47.7763575960823,198.406663925034,7.00894364846682));
#1340=CARTESIAN_POINT('',(45.4209890699732,204.183041210801,7.26872598462522));
#1341=CARTESIAN_POINT('Ctrl Pts',(45.4209890597828,204.183041226994,7.26872598519551));
#1342=CARTESIAN_POINT('Ctrl Pts',(45.0010952294528,204.183041227977,7.2873969310824));
#1343=CARTESIAN_POINT('Ctrl Pts',(44.581417525639,204.183041224263,7.31045199447661));
#1344=CARTESIAN_POINT('Ctrl Pts',(44.162093428156,204.183041217919,7.3378900240561));
#1345=CARTESIAN_POINT('Ctrl Pts',(43.6098766798477,204.183041209565,7.3740237439289));
#1346=CARTESIAN_POINT('Ctrl Pts',(43.05863288066,204.183041518516,7.4177306548042));
#1347=CARTESIAN_POINT('Ctrl Pts',(42.5081779074495,204.183041500224,7.46903794511105));
#1348=CARTESIAN_POINT('Ctrl Pts',(41.9629509257608,204.183041482105,7.51985794019526));
#1349=CARTESIAN_POINT('Ctrl Pts',(41.4185308100658,204.183041220333,7.57813240611783));
#1350=CARTESIAN_POINT('Ctrl Pts',(40.8747298894308,204.183041203711,7.64385572631952));
#1351=CARTESIAN_POINT('Ctrl Pts',(40.7973468704963,204.183041201346,7.6532081726627));
#1352=CARTESIAN_POINT('Ctrl Pts',(40.7199764103809,204.183041201033,7.66271153723504));
#1353=CARTESIAN_POINT('Ctrl Pts',(40.64261798999,204.183041201297,7.67236588675055));
#1354=CARTESIAN_POINT('',(47.7763575323916,201.827672756503,7.12801120672419));
#1355=CARTESIAN_POINT('Ctrl Pts',(47.7763575323922,201.827672756507,7.12801120672401));
#1356=CARTESIAN_POINT('Ctrl Pts',(47.6174613608979,201.846939147832,7.12954475231253));
#1357=CARTESIAN_POINT('Ctrl Pts',(47.4607296961864,201.880280011337,7.13218796165569));
#1358=CARTESIAN_POINT('Ctrl Pts',(47.3079950243055,201.927231946382,7.13583596357368));
#1359=CARTESIAN_POINT('Ctrl Pts',(47.2296147125313,201.951326719768,7.13770804359431));
#1360=CARTESIAN_POINT('Ctrl Pts',(47.1522869809996,201.979006043953,7.13984385634721));
#1361=CARTESIAN_POINT('Ctrl Pts',(47.0762591717807,202.010207473888,7.14222397041036));
#1362=CARTESIAN_POINT('Ctrl Pts',(46.8974944470516,202.083571616441,7.14782034941556));
#1363=CARTESIAN_POINT('Ctrl Pts',(46.7275196769899,202.175750000601,7.15472106988809));
#1364=CARTESIAN_POINT('Ctrl Pts',(46.56911192263,202.284930009139,7.16254802354532));
#1365=CARTESIAN_POINT('Ctrl Pts',(46.4579137682636,202.361571556721,7.16804234296492));
#1366=CARTESIAN_POINT('Ctrl Pts',(46.3524152743172,202.446591014571,7.17399141518076));
#1367=CARTESIAN_POINT('Ctrl Pts',(46.2535746026739,202.53936188946,7.18024979966434));
#1368=CARTESIAN_POINT('Ctrl Pts',(46.1009663896225,202.682598445875,7.18991263234999));
#1369=CARTESIAN_POINT('Ctrl Pts',(45.9658418017034,202.84280117758,7.20020641597386));
#1370=CARTESIAN_POINT('Ctrl Pts',(45.8506900563967,203.016567282147,7.21055313719375));
#1371=CARTESIAN_POINT('Ctrl Pts',(45.7825130449092,203.119447648186,7.21667904114411));
#1372=CARTESIAN_POINT('Ctrl Pts',(45.7213371383229,203.227082472331,7.22282398820394));
#1373=CARTESIAN_POINT('Ctrl Pts',(45.6676784791843,203.338765215365,7.22887723788579));
#1374=CARTESIAN_POINT('Ctrl Pts',(45.5977089866984,203.484396600401,7.23677051764585));
#1375=CARTESIAN_POINT('Ctrl Pts',(45.5410702946368,203.635769983294,7.24444337405041));
#1376=CARTESIAN_POINT('Ctrl Pts',(45.4983055247506,203.791022084274,7.25169354223946));
#1377=CARTESIAN_POINT('Ctrl Pts',(45.4629448139674,203.91939468293,7.25768845583643));
#1378=CARTESIAN_POINT('Ctrl Pts',(45.4370697985728,204.050419162563,7.26339505561829));
#1379=CARTESIAN_POINT('Ctrl Pts',(45.4209890618712,204.183041209824,7.26872598450504));
#1380=CARTESIAN_POINT('',(47.7763575323952,199.372072402482,7.04254450617973));
#1381=CARTESIAN_POINT('',(47.7763575323916,199.372072402482,7.04254450617973));
#1382=CARTESIAN_POINT('Ctrl Pts',(40.6427377860067,199.540646183404,7.51077327614315));
#1383=CARTESIAN_POINT('Ctrl Pts',(41.1864604757938,199.515906500163,7.44205659084525));
#1384=CARTESIAN_POINT('Ctrl Pts',(41.7308943405635,199.493879667492,7.38087509090149));
#1385=CARTESIAN_POINT('Ctrl Pts',(42.2762259899746,199.474568306583,7.32723605690909));
#1386=CARTESIAN_POINT('Ctrl Pts',(42.3535250848221,199.471830980187,7.31963288775398));
#1387=CARTESIAN_POINT('Ctrl Pts',(42.4308422369537,199.469148239826,7.31218133619967));
#1388=CARTESIAN_POINT('Ctrl Pts',(42.5081779952526,199.466520119094,7.3048814955544));
#1389=CARTESIAN_POINT('Ctrl Pts',(43.0534185345086,199.447991071256,7.25341540616114));
#1390=CARTESIAN_POINT('Ctrl Pts',(43.5995501082182,199.4321764111,7.20948877159365));
#1391=CARTESIAN_POINT('Ctrl Pts',(44.1467510611128,199.419070847326,7.17308689478977));
#1392=CARTESIAN_POINT('Ctrl Pts',(45.3545678244625,199.390143413018,7.09273835594274));
#1393=CARTESIAN_POINT('Ctrl Pts',(46.5655298023115,199.374470016489,7.04920409374657));
#1394=CARTESIAN_POINT('Ctrl Pts',(47.7763575323944,199.372072402486,7.04254450618043));
#1395=CARTESIAN_POINT('Ctrl Pts',(40.6424271476972,211.601809072527,7.93059848422193));
#1396=CARTESIAN_POINT('Ctrl Pts',(40.6424272992219,203.462448623914,7.64730960011418));
#1397=CARTESIAN_POINT('Ctrl Pts',(41.2626324467055,211.604499848298,7.85328835611664));
#1398=CARTESIAN_POINT('Ctrl Pts',(41.2626325982302,203.465139399685,7.5699994720089));
#1399=CARTESIAN_POINT('Ctrl Pts',(41.8846897488111,211.606857930237,7.78553707586957));
#1400=CARTESIAN_POINT('Ctrl Pts',(41.8846899003358,203.467497481624,7.50224819176183));
#1401=CARTESIAN_POINT('Ctrl Pts',(44.2566255862184,211.614543502146,7.56471909045709));
#1402=CARTESIAN_POINT('Ctrl Pts',(44.2566257377431,203.475183053533,7.28143020634935));
#1403=CARTESIAN_POINT('Ctrl Pts',(46.0159823223839,211.617551096948,7.47830683488702));
#1404=CARTESIAN_POINT('Ctrl Pts',(46.0159824739086,203.478190648335,7.19501795077928));
#1405=CARTESIAN_POINT('Ctrl Pts',(47.7763575323988,211.617883488383,7.46875761829594));
#1406=CARTESIAN_POINT('Ctrl Pts',(47.7763576839235,203.47852303977,7.18546873418819));
#1407=CARTESIAN_POINT('',(47.7763575323952,207.188409646136,7.31459062861277));
#1408=CARTESIAN_POINT('',(47.7763575323952,207.188409646158,7.31459062861383));
#1409=CARTESIAN_POINT('',(45.4209890791986,204.833041217216,7.29134911029147));
#1410=CARTESIAN_POINT('Ctrl Pts',(45.4209890902372,204.833041223317,7.29134911037099));
#1411=CARTESIAN_POINT('Ctrl Pts',(45.4401885785508,204.99138491285,7.2960065039467));
#1412=CARTESIAN_POINT('Ctrl Pts',(45.473344675064,205.147416699842,7.29996753735348));
#1413=CARTESIAN_POINT('Ctrl Pts',(45.5199177616817,205.299349428367,7.30326114885951));
#1414=CARTESIAN_POINT('Ctrl Pts',(45.5643162834001,205.444188197644,7.30640097687184));
#1415=CARTESIAN_POINT('Ctrl Pts',(45.6209076405398,205.585300668404,7.30893442220819));
#1416=CARTESIAN_POINT('Ctrl Pts',(45.6892237434177,205.721140778471,7.31092937919468));
#1417=CARTESIAN_POINT('Ctrl Pts',(45.6954021692658,205.73342599399,7.3111098006955));
#1418=CARTESIAN_POINT('Ctrl Pts',(45.7016764818493,205.745668049394,7.31128581780578));
#1419=CARTESIAN_POINT('Ctrl Pts',(45.7080463250693,205.75786577497,7.31145748074794));
#1420=CARTESIAN_POINT('Ctrl Pts',(45.7133346358243,205.767992454877,7.3115999971258));
#1421=CARTESIAN_POINT('Ctrl Pts',(45.7186888069418,205.778088611108,7.31173953264825));
#1422=CARTESIAN_POINT('Ctrl Pts',(45.7241086430974,205.788153586364,7.31187612485649));
#1423=CARTESIAN_POINT('Ctrl Pts',(45.794134361778,205.918195732585,7.31364093236606));
#1424=CARTESIAN_POINT('Ctrl Pts',(45.8745467805065,206.041965713384,7.31489752745538));
#1425=CARTESIAN_POINT('Ctrl Pts',(45.9643982304911,206.158315403389,7.31576274318972));
#1426=CARTESIAN_POINT('Ctrl Pts',(46.0055817197651,206.211644383736,7.31615931556468));
#1427=CARTESIAN_POINT('Ctrl Pts',(46.0487486799981,206.26341515316,7.31647366480831));
#1428=CARTESIAN_POINT('Ctrl Pts',(46.0938090837728,206.313518763197,7.31671704111221));
#1429=CARTESIAN_POINT('Ctrl Pts',(46.1882521824867,206.418532029664,7.31722713890026));
#1430=CARTESIAN_POINT('Ctrl Pts',(46.2910098340195,206.516218451403,7.31742704563549));
#1431=CARTESIAN_POINT('Ctrl Pts',(46.4012438454279,206.605566755727,7.31742786795236));
#1432=CARTESIAN_POINT('Ctrl Pts',(46.5445633628133,206.721731954575,7.31742893707845));
#1433=CARTESIAN_POINT('Ctrl Pts',(46.6992254536348,206.822751998981,7.31709721260508));
#1434=CARTESIAN_POINT('Ctrl Pts',(46.862732200015,206.907167560224,7.31667390628125));
#1435=CARTESIAN_POINT('Ctrl Pts',(46.9434071562005,206.948818573748,7.31646504505757));
#1436=CARTESIAN_POINT('Ctrl Pts',(47.0262352095189,206.986427320778,7.31623321382066));
#1437=CARTESIAN_POINT('Ctrl Pts',(47.1109157658962,207.019818481888,7.3160025374593));
#1438=CARTESIAN_POINT('Ctrl Pts',(47.259425087553,207.078378544526,7.31559798662244));
#1439=CARTESIAN_POINT('Ctrl Pts',(47.4126648832765,207.123585317364,7.31520281444064));
#1440=CARTESIAN_POINT('Ctrl Pts',(47.5688111741836,207.155000660087,7.31491162831466));
#1441=CARTESIAN_POINT('Ctrl Pts',(47.6374829392308,207.16881685144,7.31478356721815));
#1442=CARTESIAN_POINT('Ctrl Pts',(47.7067168295357,207.17996557254,7.31467496143571));
#1443=CARTESIAN_POINT('Ctrl Pts',(47.7763575323945,207.188409646142,7.31459062861301));
#1444=CARTESIAN_POINT('Ctrl Pts',(40.6426012168814,204.83304120131,7.6949911042463));
#1445=CARTESIAN_POINT('Ctrl Pts',(41.1849070433401,204.833041199222,7.62731105190418));
#1446=CARTESIAN_POINT('Ctrl Pts',(41.7277926024006,204.833041362781,7.56704829674608));
#1447=CARTESIAN_POINT('Ctrl Pts',(42.2714469819268,204.83304146678,7.51419998554727));
#1448=CARTESIAN_POINT('Ctrl Pts',(42.3503408753512,204.833041481872,7.50653075820653));
#1449=CARTESIAN_POINT('Ctrl Pts',(42.4292509805123,204.833041492682,7.49901775981177));
#1450=CARTESIAN_POINT('Ctrl Pts',(42.5081778953486,204.833041495423,7.49166107065916));
#1451=CARTESIAN_POINT('Ctrl Pts',(43.061226517179,204.833041514629,7.44011202930205));
#1452=CARTESIAN_POINT('Ctrl Pts',(43.6150656021685,204.83304120969,7.39623561174819));
#1453=CARTESIAN_POINT('Ctrl Pts',(44.1698868315837,204.833041218049,7.36000370317258));
#1454=CARTESIAN_POINT('Ctrl Pts',(44.5866173550329,204.833041224328,7.33278963596359));
#1455=CARTESIAN_POINT('Ctrl Pts',(45.0036964096326,204.833041227986,7.30990439242511));
#1456=CARTESIAN_POINT('Ctrl Pts',(45.4209890597833,204.833041227008,7.29134911037094));
#1457=CARTESIAN_POINT('Ctrl Pts',(48.4263574425167,204.200056099784,7.21054971865014));
#1458=CARTESIAN_POINT('Ctrl Pts',(48.4263575503727,198.406461733918,7.00890477452438));
#1459=CARTESIAN_POINT('Ctrl Pts',(49.1867219060478,204.19991511415,7.21460087701765));
#1460=CARTESIAN_POINT('Ctrl Pts',(49.1867220139038,198.406320748284,7.01295593289189));
#1461=CARTESIAN_POINT('Ctrl Pts',(49.9470493122426,204.199274636434,7.23300327287477));
#1462=CARTESIAN_POINT('Ctrl Pts',(49.9470494200986,198.405680270568,7.03135832874901));
#1463=CARTESIAN_POINT('Ctrl Pts',(52.0737296150546,204.19607825025,7.32484189779649));
#1464=CARTESIAN_POINT('Ctrl Pts',(52.0737297229106,198.402483884384,7.12319695367073));
#1465=CARTESIAN_POINT('Ctrl Pts',(53.4380540069433,204.192400086278,7.43052239100766));
#1466=CARTESIAN_POINT('Ctrl Pts',(53.4380541147993,198.398805720412,7.2288774468819));
#1467=CARTESIAN_POINT('Ctrl Pts',(55.1380399438858,204.185790733645,7.62042098589005));
#1468=CARTESIAN_POINT('Ctrl Pts',(55.1380400517418,198.392196367779,7.41877604176429));
#1469=CARTESIAN_POINT('Ctrl Pts',(55.4807269232078,204.18435436859,7.66169032425582));
#1470=CARTESIAN_POINT('Ctrl Pts',(55.4807270310638,198.390760002724,7.46004538013006));
#1471=CARTESIAN_POINT('Ctrl Pts',(55.8228553425288,204.182816712411,7.70586992482278));
#1472=CARTESIAN_POINT('Ctrl Pts',(55.8228554503848,198.389222346545,7.50422498069702));
#1473=CARTESIAN_POINT('',(55.7727414005785,204.183041201308,7.69941995796411));
#1474=CARTESIAN_POINT('',(50.7817259766445,204.183041201024,7.26857383106811));
#1475=CARTESIAN_POINT('Ctrl Pts',(55.7727414005598,204.183041201304,7.69941995774281));
#1476=CARTESIAN_POINT('Ctrl Pts',(55.4469996111051,204.183041201304,7.65758302461878));
#1477=CARTESIAN_POINT('Ctrl Pts',(55.1210578666371,204.183041215612,7.61842599188885));
#1478=CARTESIAN_POINT('Ctrl Pts',(54.7948645237098,204.183041215482,7.58194410532297));
#1479=CARTESIAN_POINT('Ctrl Pts',(54.2911260096729,204.183041215282,7.52560533653315));
#1480=CARTESIAN_POINT('Ctrl Pts',(53.786804484252,204.183041201306,7.47564578314163));
#1481=CARTESIAN_POINT('Ctrl Pts',(53.2817184809511,204.183041201306,7.43204409765594));
#1482=CARTESIAN_POINT('Ctrl Pts',(52.4496996067482,204.183041201306,7.36021984389704));
#1483=CARTESIAN_POINT('Ctrl Pts',(51.6160148295134,204.183041201307,7.3056928632423));
#1484=CARTESIAN_POINT('Ctrl Pts',(50.7817259766221,204.183041201307,7.26857383157217));
#1485=CARTESIAN_POINT('',(55.8228554287198,199.552869815358,7.54472550835041));
#1486=CARTESIAN_POINT('Ctrl Pts',(55.8228554287162,199.552869815358,7.54472550835029));
#1487=CARTESIAN_POINT('Ctrl Pts',(55.8145041889852,200.324565814654,7.57050452635519));
#1488=CARTESIAN_POINT('Ctrl Pts',(55.8061524068691,201.0962608144,7.59628521859443));
#1489=CARTESIAN_POINT('Ctrl Pts',(55.7894477114072,202.639653081916,7.64785009506189));
#1490=CARTESIAN_POINT('Ctrl Pts',(55.781094832117,203.411347199691,7.6736341740516));
#1491=CARTESIAN_POINT('Ctrl Pts',(55.7727414006062,204.183041201348,7.69941995775031));
#1492=CARTESIAN_POINT('',(48.4263575323967,199.372060794951,7.0425122652142));
#1493=CARTESIAN_POINT('Ctrl Pts',(48.4263575323999,199.372060794951,7.04251226521421));
#1494=CARTESIAN_POINT('Ctrl Pts',(49.0492424988151,199.37327222923,7.04587713239161));
#1495=CARTESIAN_POINT('Ctrl Pts',(49.6718824946391,199.377997487907,7.05900196144775));
#1496=CARTESIAN_POINT('Ctrl Pts',(50.2942595274996,199.386247938932,7.0819183278841));
#1497=CARTESIAN_POINT('Ctrl Pts',(50.4317001605082,199.388069900784,7.08697899005987));
#1498=CARTESIAN_POINT('Ctrl Pts',(50.5691279632159,199.390063837879,7.09251732887169));
#1499=CARTESIAN_POINT('Ctrl Pts',(50.7065427234212,199.392229980465,7.09853398385264));
#1500=CARTESIAN_POINT('Ctrl Pts',(51.1922889858596,199.399887059396,7.11980220616744));
#1501=CARTESIAN_POINT('Ctrl Pts',(51.6778523298596,199.409695122128,7.14704497858468));
#1502=CARTESIAN_POINT('Ctrl Pts',(52.1632216682229,199.421653885629,7.1802615149516));
#1503=CARTESIAN_POINT('Ctrl Pts',(52.752413445465,199.436170676378,7.2205832010349));
#1504=CARTESIAN_POINT('Ctrl Pts',(53.3406800445699,199.453839276565,7.26965932003401));
#1505=CARTESIAN_POINT('Ctrl Pts',(53.928087014749,199.474655853107,7.32747922521747));
#1506=CARTESIAN_POINT('Ctrl Pts',(54.2172189188698,199.484902133315,7.35593918590994));
#1507=CARTESIAN_POINT('Ctrl Pts',(54.5061424511565,199.495911347339,7.38651826358328));
#1508=CARTESIAN_POINT('Ctrl Pts',(54.7948646107482,199.507684474471,7.41921917831477));
#1509=CARTESIAN_POINT('Ctrl Pts',(55.1378148818403,199.521668843205,7.45806201458332));
#1510=CARTESIAN_POINT('Ctrl Pts',(55.4804733383813,199.536730774259,7.49989787667377));
#1511=CARTESIAN_POINT('Ctrl Pts',(55.8228554287203,199.552869815355,7.54472550834628));
#1512=CARTESIAN_POINT('',(48.4263575323967,201.827672756495,7.12797937024822));
#1513=CARTESIAN_POINT('',(48.4263575324003,201.827672756503,7.12797937024845));
#1514=CARTESIAN_POINT('Ctrl Pts',(50.7817259761337,204.183041200457,7.26857383152086));
#1515=CARTESIAN_POINT('Ctrl Pts',(50.7659668986569,204.05307155717,7.26334911274989));
#1516=CARTESIAN_POINT('Ctrl Pts',(50.7408046030484,203.924666052089,7.25776464771852));
#1517=CARTESIAN_POINT('Ctrl Pts',(50.706542641385,203.798813784035,7.25190302163749));
#1518=CARTESIAN_POINT('Ctrl Pts',(50.6633084097603,203.640004251733,7.24450639612685));
#1519=CARTESIAN_POINT('Ctrl Pts',(50.6055847337814,203.485260342459,7.23666711391509));
#1520=CARTESIAN_POINT('Ctrl Pts',(50.5339794294034,203.336567682717,7.22860219575267));
#1521=CARTESIAN_POINT('Ctrl Pts',(50.516964313064,203.301234784878,7.22668578017434));
#1522=CARTESIAN_POINT('Ctrl Pts',(50.4991653622211,203.26624356283,7.22475685706246));
#1523=CARTESIAN_POINT('Ctrl Pts',(50.4805907199282,203.231620643908,7.22281875955758));
#1524=CARTESIAN_POINT('Ctrl Pts',(50.3790933320592,203.042430683979,7.21222841649308));
#1525=CARTESIAN_POINT('Ctrl Pts',(50.2556256220676,202.866454807195,7.20148362664659));
#1526=CARTESIAN_POINT('Ctrl Pts',(50.1130729635367,202.707208323692,7.19118832908706));
#1527=CARTESIAN_POINT('Ctrl Pts',(50.0186692611663,202.601749346027,7.18437039796855));
#1528=CARTESIAN_POINT('Ctrl Pts',(49.9158957272539,202.503627128376,7.17775119195193));
#1529=CARTESIAN_POINT('Ctrl Pts',(49.8055919512546,202.413862354287,7.17151378820131));
#1530=CARTESIAN_POINT('Ctrl Pts',(49.6633197111634,202.298081771299,7.16346864744422));
#1531=CARTESIAN_POINT('Ctrl Pts',(49.5098134295331,202.197258098557,7.15613553078895));
#1532=CARTESIAN_POINT('Ctrl Pts',(49.3475258763188,202.112824123764,7.14985180410915));
#1533=CARTESIAN_POINT('Ctrl Pts',(49.2514165284563,202.062820940562,7.14613047821952));
#1534=CARTESIAN_POINT('Ctrl Pts',(49.1522275353066,202.018565982574,7.1427764380036));
#1535=CARTESIAN_POINT('Ctrl Pts',(49.0504694024495,201.98035715181,7.1398508843828));
#1536=CARTESIAN_POINT('Ctrl Pts',(48.9013634492902,201.924369841801,7.1355640775311));
#1537=CARTESIAN_POINT('Ctrl Pts',(48.7477288007992,201.881735166457,7.13222847390254));
#1538=CARTESIAN_POINT('Ctrl Pts',(48.5913753103852,201.8528796891,7.12996256844111));
#1539=CARTESIAN_POINT('Ctrl Pts',(48.5366762696404,201.842784826955,7.12916985921005));
#1540=CARTESIAN_POINT('Ctrl Pts',(48.4816444929592,201.834376410321,7.12850761078135));
#1541=CARTESIAN_POINT('Ctrl Pts',(48.4263575324039,201.827672756495,7.12797937024815));
#1542=CARTESIAN_POINT('Origin',(56.2916324638682,205.088959844885,6.09768147434898));
#1543=CARTESIAN_POINT('',(55.7657051511014,204.833041201317,7.72113979929949));
#1544=CARTESIAN_POINT('',(56.8633909903547,204.833041201309,4.3327491022228));
#1545=CARTESIAN_POINT('',(56.2916324638682,204.833041201317,6.09768147434898));
#1546=CARTESIAN_POINT('Ctrl Pts',(55.7657051511014,204.833041201317,7.72113979929981));
#1547=CARTESIAN_POINT('Ctrl Pts',(55.7413694466335,207.081101573983,7.79626045011338));
#1548=CARTESIAN_POINT('Ctrl Pts',(55.717029050226,209.329161411935,7.87139558419653));
#1549=CARTESIAN_POINT('Ctrl Pts',(55.6926839580156,211.577220714411,7.94654521357643));
#1550=CARTESIAN_POINT('',(58.267006381735,196.836584558012,9.45883371628042E-11));
#1551=CARTESIAN_POINT('',(58.267006381735,204.798500523095,9.45874489843845E-11));
#1552=CARTESIAN_POINT('',(55.5890986650702,199.812653299727,8.26629739622978));
#1553=CARTESIAN_POINT('',(56.8633909903547,204.183041201308,4.33274910222286));
#1554=CARTESIAN_POINT('',(55.9415174496971,204.183041201308,7.17843373924926));
#1555=CARTESIAN_POINT('',(56.8633909903547,204.961000523101,4.33274910222286));
#1556=CARTESIAN_POINT('Origin',(54.8309619975371,199.892651673632,8.48850004250373));
#1557=CARTESIAN_POINT('',(48.4263575323967,198.396479944138,4.33274910222286));
#1558=CARTESIAN_POINT('',(48.4263575323967,199.734235417505,8.04848470712315));
#1559=CARTESIAN_POINT('',(52.6567847649676,196.836584558012,9.45874489843845E-11));
#1560=CARTESIAN_POINT('',(47.7763575323952,198.396479944138,4.33274910222339));
#1561=CARTESIAN_POINT('',(47.7763575323952,199.892651673632,8.48850004250373));
#1562=CARTESIAN_POINT('',(51.4661597649647,198.396479944138,4.33274910222286));
#1563=CARTESIAN_POINT('Ctrl Pts',(56.5605289876767,211.018817146825,9.09642135155407));
#1564=CARTESIAN_POINT('Ctrl Pts',(57.5345551692517,211.765225164985,6.06428090106757));
#1565=CARTESIAN_POINT('Ctrl Pts',(58.5085813508267,212.511633183145,3.03214045058108));
#1566=CARTESIAN_POINT('Ctrl Pts',(59.4826075324017,213.258041201305,9.45883371628042E-11));
#1567=CARTESIAN_POINT('Ctrl Pts',(56.5605289876767,210.123461612573,9.06530662239005));
#1568=CARTESIAN_POINT('Ctrl Pts',(57.5345551692517,211.124688244185,6.04353774829156));
#1569=CARTESIAN_POINT('Ctrl Pts',(58.5085813508267,212.125914875796,3.02176887419308));
#1570=CARTESIAN_POINT('Ctrl Pts',(59.4826075324017,213.127141507408,9.45883371628042E-11));
#1571=CARTESIAN_POINT('Ctrl Pts',(56.5605289876767,201.238572931143,8.77098754836056));
#1572=CARTESIAN_POINT('Ctrl Pts',(57.5345551692517,199.455362252498,5.8473250322719));
#1573=CARTESIAN_POINT('Ctrl Pts',(58.5085813508267,197.672151573846,2.92366251618324));
#1574=CARTESIAN_POINT('Ctrl Pts',(59.4826075324017,195.888940895202,9.45883371628042E-11));
#1575=CARTESIAN_POINT('Ctrl Pts',(56.5605289876767,200.343217396898,8.73987281919656));
#1576=CARTESIAN_POINT('Ctrl Pts',(57.5345551692517,198.814825331698,5.8265818794959));
#1577=CARTESIAN_POINT('Ctrl Pts',(58.5085813508267,197.286433266505,2.91329093979525));
#1578=CARTESIAN_POINT('Ctrl Pts',(59.4826075324017,195.758041201305,9.45883371628042E-11));
#1579=CARTESIAN_POINT('',(56.5638186741999,200.33805538906,8.7300334389781));
#1580=CARTESIAN_POINT('',(59.4826075324017,195.758041201305,9.45883371628042E-11));
#1581=CARTESIAN_POINT('',(56.4826075324163,200.465487759007,8.97293418234083));
#1582=CARTESIAN_POINT('',(59.4826075324017,213.258041201305,9.45883371628042E-11));
#1583=CARTESIAN_POINT('',(59.4826075324017,195.758041201305,9.45883371628042E-11));
#1584=CARTESIAN_POINT('',(56.5605442212727,211.018828820517,9.09637392941104));
#1585=CARTESIAN_POINT('',(56.4826075324163,210.959104995251,9.33899059755868));
#1586=CARTESIAN_POINT('Ctrl Pts',(56.5638186741999,200.338055389053,8.73003343897738));
#1587=CARTESIAN_POINT('Ctrl Pts',(56.5640799733992,201.865425341595,8.78233542436737));
#1588=CARTESIAN_POINT('Ctrl Pts',(56.5623935867116,205.42388744132,8.90445715839956));
#1589=CARTESIAN_POINT('Ctrl Pts',(56.5604404689911,208.986266177832,9.02606562249057));
#1590=CARTESIAN_POINT('Ctrl Pts',(56.5605442212727,211.018828820525,9.09637392941165));
#1591=CARTESIAN_POINT('Ctrl Pts',(41.2925012304346,198.795818603501,8.66624036517936));
#1592=CARTESIAN_POINT('Ctrl Pts',(41.077020221982,198.804959776475,8.69159332409891));
#1593=CARTESIAN_POINT('Ctrl Pts',(40.6544223474475,198.938476526549,8.74793612687002));
#1594=CARTESIAN_POINT('Ctrl Pts',(40.211378244916,199.353353184626,8.82109224162311));
#1595=CARTESIAN_POINT('Ctrl Pts',(39.96461836429,199.842848382558,8.87218866531522));
#1596=CARTESIAN_POINT('Ctrl Pts',(39.9102016651088,200.168934578721,8.89119796965561));
#1597=CARTESIAN_POINT('Ctrl Pts',(39.9102229654603,200.332407131598,8.89688460365382));
#1598=CARTESIAN_POINT('Ctrl Pts',(41.2899086663466,198.73908648916,8.66456705875675));
#1599=CARTESIAN_POINT('Ctrl Pts',(41.0647242069108,198.751172277715,8.69111081778876));
#1600=CARTESIAN_POINT('Ctrl Pts',(40.6269986056665,198.89222107223,8.74960329293026));
#1601=CARTESIAN_POINT('Ctrl Pts',(40.1683202727509,199.31938961101,8.82552394793409));
#1602=CARTESIAN_POINT('Ctrl Pts',(39.9090343564647,199.82330190861,8.87910961724057));
#1603=CARTESIAN_POINT('Ctrl Pts',(39.8478778999094,200.161238817061,8.89958367389659));
#1604=CARTESIAN_POINT('Ctrl Pts',(39.8450667919397,200.332098281142,8.90600822613117));
#1605=CARTESIAN_POINT('Ctrl Pts',(41.2813181536392,198.641368114102,8.62662428060243));
#1606=CARTESIAN_POINT('Ctrl Pts',(41.039508965014,198.658349372374,8.65861047551936));
#1607=CARTESIAN_POINT('Ctrl Pts',(40.5753586043959,198.812448204993,8.7236289799222));
#1608=CARTESIAN_POINT('Ctrl Pts',(40.0888840535551,199.261202945963,8.80246119784568));
#1609=CARTESIAN_POINT('Ctrl Pts',(39.8069260213374,199.790543226828,8.85464262861463));
#1610=CARTESIAN_POINT('Ctrl Pts',(39.7332491200977,200.149408390661,8.87131035589568));
#1611=CARTESIAN_POINT('Ctrl Pts',(39.7251190979429,200.333211610989,8.87445311485611));
#1612=CARTESIAN_POINT('Ctrl Pts',(41.2689771394939,198.583534258683,8.54248735596317));
#1613=CARTESIAN_POINT('Ctrl Pts',(41.0170830262874,198.600181144247,8.58213411659872));
#1614=CARTESIAN_POINT('Ctrl Pts',(40.5342539439803,198.760633551044,8.65505161062705));
#1615=CARTESIAN_POINT('Ctrl Pts',(40.029633164041,199.225607455365,8.7328477697667));
#1616=CARTESIAN_POINT('Ctrl Pts',(39.737066507167,199.773935742774,8.77580633050936));
#1617=CARTESIAN_POINT('Ctrl Pts',(39.6616735968453,200.14623215306,8.78120228312387));
#1618=CARTESIAN_POINT('Ctrl Pts',(39.6547813526531,200.336622213373,8.77667384777936));
#1619=CARTESIAN_POINT('Ctrl Pts',(41.2636897560037,198.569215482334,8.50268559665058));
#1620=CARTESIAN_POINT('Ctrl Pts',(41.0091839823364,198.584479973039,8.54518497504511));
#1621=CARTESIAN_POINT('Ctrl Pts',(40.520449641877,198.745928286191,8.6211391474542));
#1622=CARTESIAN_POINT('Ctrl Pts',(40.0107938478932,199.216288807946,8.69801881524746));
#1623=CARTESIAN_POINT('Ctrl Pts',(39.7170177115726,199.770807999299,8.73670893632881));
#1624=CARTESIAN_POINT('Ctrl Pts',(39.6436454744805,200.14672886975,8.73740940423933));
#1625=CARTESIAN_POINT('Ctrl Pts',(39.6388733781102,200.338248853809,8.72997252097));
#1626=CARTESIAN_POINT('',(39.91022295324,200.332243583216,8.89687891310245));
#1627=CARTESIAN_POINT('',(39.6388963878526,200.338055384716,8.73003343069059));
#1628=CARTESIAN_POINT('Ctrl Pts',(39.9102229532364,200.332243583172,8.89687891310142));
#1629=CARTESIAN_POINT('Ctrl Pts',(39.8450696136206,200.331927342857,8.90600179731924));
#1630=CARTESIAN_POINT('Ctrl Pts',(39.7251468663599,200.333027543711,8.87445513143038));
#1631=CARTESIAN_POINT('Ctrl Pts',(39.6548112775126,200.336430622323,8.77671036901594));
#1632=CARTESIAN_POINT('Ctrl Pts',(39.6388963878526,200.338055384665,8.73003343069256));
#1633=CARTESIAN_POINT('',(41.2635048306947,198.569243351383,8.50276306048318));
#1634=CARTESIAN_POINT('Ctrl Pts',(39.6388963878522,200.338055384665,8.73003343069271));
#1635=CARTESIAN_POINT('Ctrl Pts',(39.6402110836698,200.285557330748,8.73206965041619));
#1636=CARTESIAN_POINT('Ctrl Pts',(39.6439774911792,200.233306144163,8.73351484078809));
#1637=CARTESIAN_POINT('Ctrl Pts',(39.6500034659045,200.181479175664,8.73441873989745));
#1638=CARTESIAN_POINT('Ctrl Pts',(39.6561994922469,200.128189662066,8.73534814683121));
#1639=CARTESIAN_POINT('Ctrl Pts',(39.6647844052129,200.075348036708,8.73570526024609));
#1640=CARTESIAN_POINT('Ctrl Pts',(39.6755975958355,200.023117512252,8.73554309582684));
#1641=CARTESIAN_POINT('Ctrl Pts',(39.6868244958426,199.968888663817,8.73537472704623));
#1642=CARTESIAN_POINT('Ctrl Pts',(39.7004533465848,199.915317882975,8.73464656178912));
#1643=CARTESIAN_POINT('Ctrl Pts',(39.716356618339,199.862566451037,8.73341716261814));
#1644=CARTESIAN_POINT('Ctrl Pts',(39.7245658249415,199.835336368444,8.73278255158039));
#1645=CARTESIAN_POINT('Ctrl Pts',(39.7333819148565,199.808324332047,8.73201437244468));
#1646=CARTESIAN_POINT('Ctrl Pts',(39.7427925954057,199.78155136844,8.73112063668851));
#1647=CARTESIAN_POINT('Ctrl Pts',(39.7626082113239,199.725176830906,8.72923874043412));
#1648=CARTESIAN_POINT('Ctrl Pts',(39.7850345769804,199.669881661561,8.72677045952184));
#1649=CARTESIAN_POINT('Ctrl Pts',(39.8099718134666,199.615880833157,8.72377655524835));
#1650=CARTESIAN_POINT('Ctrl Pts',(39.8115901849886,199.612376298767,8.7235822574793));
#1651=CARTESIAN_POINT('Ctrl Pts',(39.8132191497134,199.608877215049,8.72338574589072));
#1652=CARTESIAN_POINT('Ctrl Pts',(39.8148586878244,199.605383640703,8.72318703708272));
#1653=CARTESIAN_POINT('Ctrl Pts',(39.8411068281946,199.549453358128,8.72000581387715));
#1654=CARTESIAN_POINT('Ctrl Pts',(39.8700598795371,199.494933985176,8.71626139976686));
#1655=CARTESIAN_POINT('Ctrl Pts',(39.9015233448907,199.441996193796,8.71201944558844));
#1656=CARTESIAN_POINT('Ctrl Pts',(39.9329868102444,199.389058402416,8.70777749141002));
#1657=CARTESIAN_POINT('Ctrl Pts',(39.9669613514525,199.337701315652,8.70303796664735));
#1658=CARTESIAN_POINT('Ctrl Pts',(40.0033076587726,199.288117430726,8.69786723524782));
#1659=CARTESIAN_POINT('Ctrl Pts',(40.0401574375839,199.237846706495,8.69262487852949));
#1660=CARTESIAN_POINT('Ctrl Pts',(40.0794305237791,199.189419274869,8.68694103787994));
#1661=CARTESIAN_POINT('Ctrl Pts',(40.1209898840434,199.143063760545,8.68084431866993));
#1662=CARTESIAN_POINT('Ctrl Pts',(40.1615754525229,199.097794418355,8.6748904538023));
#1663=CARTESIAN_POINT('Ctrl Pts',(40.2043420877334,199.054500446524,8.66854281196796));
#1664=CARTESIAN_POINT('Ctrl Pts',(40.2491905522298,199.013435382384,8.66182941125069));
#1665=CARTESIAN_POINT('Ctrl Pts',(40.256884183911,199.006390782709,8.66067774568026));
#1666=CARTESIAN_POINT('Ctrl Pts',(40.264639135856,198.999411887389,8.65951532015789));
#1667=CARTESIAN_POINT('Ctrl Pts',(40.272454971658,198.992500119851,8.65834228100444));
#1668=CARTESIAN_POINT('Ctrl Pts',(40.3170010596327,198.953106737925,8.65165658459889));
#1669=CARTESIAN_POINT('Ctrl Pts',(40.3635242618081,198.915890087649,8.64462598526769));
#1670=CARTESIAN_POINT('Ctrl Pts',(40.4118671777168,198.881062746699,8.63727578377917));
#1671=CARTESIAN_POINT('Ctrl Pts',(40.4563835803975,198.84899211329,8.63050737680377));
#1672=CARTESIAN_POINT('Ctrl Pts',(40.5024435939148,198.818947667951,8.62346796575336));
#1673=CARTESIAN_POINT('Ctrl Pts',(40.54992570622,198.791134520724,8.61617863803032));
#1674=CARTESIAN_POINT('Ctrl Pts',(40.5594740766224,198.785541462225,8.61471279757578));
#1675=CARTESIAN_POINT('Ctrl Pts',(40.5690788837175,198.780039496029,8.61323719942035));
#1676=CARTESIAN_POINT('Ctrl Pts',(40.578738950436,198.774630402386,8.61175188326022));
#1677=CARTESIAN_POINT('Ctrl Pts',(40.6306608175014,198.745557079266,8.6037684613581));
#1678=CARTESIAN_POINT('Ctrl Pts',(40.6841806560134,198.719163059584,8.59550416393026));
#1679=CARTESIAN_POINT('Ctrl Pts',(40.7390802458903,198.695652745477,8.5869626334171));
#1680=CARTESIAN_POINT('Ctrl Pts',(40.7913543958472,198.6732667552,8.57882958091329));
#1681=CARTESIAN_POINT('Ctrl Pts',(40.8448799852964,198.653495362774,8.57044518127223));
#1682=CARTESIAN_POINT('Ctrl Pts',(40.8994467666973,198.636556451741,8.56181398374089));
#1683=CARTESIAN_POINT('Ctrl Pts',(40.952351017695,198.620133632255,8.55344575990789));
#1684=CARTESIAN_POINT('Ctrl Pts',(41.006234451816,198.606373314211,8.54484554778294));
#1685=CARTESIAN_POINT('Ctrl Pts',(41.0608773880216,198.595513455717,8.53601882529965));
#1686=CARTESIAN_POINT('Ctrl Pts',(41.1132774136593,198.585099358251,8.52755441038093));
#1687=CARTESIAN_POINT('Ctrl Pts',(41.1663761994135,198.57735256268,8.51888170087999));
#1688=CARTESIAN_POINT('Ctrl Pts',(41.2199482013906,198.57251919722,8.51000675082398));
#1689=CARTESIAN_POINT('Ctrl Pts',(41.2344343221884,198.571212232512,8.50760692267044));
#1690=CARTESIAN_POINT('Ctrl Pts',(41.2489548422981,198.570118503671,8.50519231400647));
#1691=CARTESIAN_POINT('Ctrl Pts',(41.2635048306938,198.569243351379,8.50276306048194));
#1692=CARTESIAN_POINT('',(41.2923395318358,198.795825473957,8.66625939085533));
#1693=CARTESIAN_POINT('Origin',(41.2635048306947,198.804463375345,8.4180781130165));
#1694=CARTESIAN_POINT('Ctrl Pts',(41.2923395318358,198.795825473957,8.66625939085534));
#1695=CARTESIAN_POINT('Ctrl Pts',(41.1840166279656,198.800435303323,8.67900522663701));
#1696=CARTESIAN_POINT('Ctrl Pts',(41.0767427973851,198.8196076424,8.69244521638958));
#1697=CARTESIAN_POINT('Ctrl Pts',(40.9731831440222,198.851364619242,8.70615461438882));
#1698=CARTESIAN_POINT('Ctrl Pts',(40.8707905885493,198.882763700904,8.71970951004125));
#1699=CARTESIAN_POINT('Ctrl Pts',(40.7720289154282,198.926465391487,8.73352703405001));
#1700=CARTESIAN_POINT('Ctrl Pts',(40.6794674851602,198.980559673705,8.74714679869426));
#1701=CARTESIAN_POINT('Ctrl Pts',(40.5026516733155,199.083893474823,8.77316400408675));
#1702=CARTESIAN_POINT('Ctrl Pts',(40.3484605065485,199.225150778301,8.79845332176502));
#1703=CARTESIAN_POINT('Ctrl Pts',(40.2259519403228,199.390306294318,8.82070185016623));
#1704=CARTESIAN_POINT('Ctrl Pts',(40.2194653254644,199.399050990767,8.82187987093122));
#1705=CARTESIAN_POINT('Ctrl Pts',(40.2130675301929,199.407862686529,8.82304935963834));
#1706=CARTESIAN_POINT('Ctrl Pts',(40.2067598983945,199.416739299668,8.82420997301615));
#1707=CARTESIAN_POINT('Ctrl Pts',(40.125896589088,199.530536733751,8.83908893893447));
#1708=CARTESIAN_POINT('Ctrl Pts',(40.0598515603683,199.655003487235,8.85250542996039));
#1709=CARTESIAN_POINT('Ctrl Pts',(40.0107506015114,199.786106177518,8.86386582378137));
#1710=CARTESIAN_POINT('Ctrl Pts',(40.0027271890115,199.807529200377,8.86572218520299));
#1711=CARTESIAN_POINT('Ctrl Pts',(39.9951562245532,199.829129409868,8.86752375772368));
#1712=CARTESIAN_POINT('Ctrl Pts',(39.9880470013715,199.85088920235,8.86926809757268));
#1713=CARTESIAN_POINT('Ctrl Pts',(39.9508455183923,199.964754884854,8.87839596253671));
#1714=CARTESIAN_POINT('Ctrl Pts',(39.9262873198428,200.082990508745,8.88595294106057));
#1715=CARTESIAN_POINT('Ctrl Pts',(39.9158840725901,200.202545112758,8.89157142644315));
#1716=CARTESIAN_POINT('Ctrl Pts',(39.9121328655893,200.245654159064,8.89359734212013));
#1717=CARTESIAN_POINT('Ctrl Pts',(39.9102221223569,200.288934681042,8.89537167163811));
#1718=CARTESIAN_POINT('Ctrl Pts',(39.9102229532364,200.332243583172,8.89687891310115));
#1719=CARTESIAN_POINT('Ctrl Pts',(54.9103755327706,198.795825473018,8.66625939118994));
#1720=CARTESIAN_POINT('Ctrl Pts',(50.3945084919796,198.6036465734,8.13489900680478));
#1721=CARTESIAN_POINT('Ctrl Pts',(45.8082065728122,198.603646574047,8.13489900759669));
#1722=CARTESIAN_POINT('Ctrl Pts',(41.2923395318394,198.795825473957,8.66625939085539));
#1723=CARTESIAN_POINT('Ctrl Pts',(54.9129753780617,198.739095568715,8.6645869780995));
#1724=CARTESIAN_POINT('Ctrl Pts',(50.3954220538617,198.547020580496,8.1328277483575));
#1725=CARTESIAN_POINT('Ctrl Pts',(45.8072930109192,198.547020581063,8.13282774922848));
#1726=CARTESIAN_POINT('Ctrl Pts',(41.2897396865737,198.739095569443,8.66458697800087));
#1727=CARTESIAN_POINT('Ctrl Pts',(54.9215785883061,198.641410069969,8.62663587661055));
#1728=CARTESIAN_POINT('Ctrl Pts',(50.3983049805756,198.449511818268,8.09408799179393));
#1729=CARTESIAN_POINT('Ctrl Pts',(45.8044100841907,198.449511818668,8.09408799271849));
#1730=CARTESIAN_POINT('Ctrl Pts',(41.2811364763402,198.641410070188,8.62663587665536));
#1731=CARTESIAN_POINT('Ctrl Pts',(54.9339229064972,198.583565689478,8.54254463690971));
#1732=CARTESIAN_POINT('Ctrl Pts',(50.4024442547015,198.391570414416,8.00925834276091));
#1733=CARTESIAN_POINT('Ctrl Pts',(45.8002708100721,198.391570414715,8.00925834359245));
#1734=CARTESIAN_POINT('Ctrl Pts',(41.2687921581382,198.583565689391,8.54254463668018));
#1735=CARTESIAN_POINT('Ctrl Pts',(54.9392102339298,198.569243351514,8.50276306085691));
#1736=CARTESIAN_POINT('Ctrl Pts',(50.4042194844515,198.377141689722,7.96918349516551));
#1737=CARTESIAN_POINT('Ctrl Pts',(45.7984955803222,198.377141689998,7.96918349594793));
#1738=CARTESIAN_POINT('Ctrl Pts',(41.2635048306984,198.569243351376,8.50276306048238));
#1739=CARTESIAN_POINT('',(54.9392102339334,198.569243351514,8.50276306085868));
#1740=CARTESIAN_POINT('Origin',(48.1013572476686,212.411722084535,46.9514871453387));
#1741=CARTESIAN_POINT('',(54.9103755327778,198.795825473018,8.66625939119056));
#1742=CARTESIAN_POINT('Origin',(54.9392102339334,198.804463375476,8.41807811339061));
#1743=CARTESIAN_POINT('Origin',(48.1013572468208,212.643869841807,46.955073510419));
#1744=CARTESIAN_POINT('Ctrl Pts',(56.2924921085687,200.332243586279,8.89687892131134));
#1745=CARTESIAN_POINT('Ctrl Pts',(56.2924952440408,200.168825818415,8.89119163628484));
#1746=CARTESIAN_POINT('Ctrl Pts',(56.2380720054534,199.842799401311,8.87218355784359));
#1747=CARTESIAN_POINT('Ctrl Pts',(55.991336819563,199.353353185914,8.82109224486809));
#1748=CARTESIAN_POINT('Ctrl Pts',(55.5483330231073,198.938514268906,8.74794278325251));
#1749=CARTESIAN_POINT('Ctrl Pts',(55.1258005619566,198.804993179838,8.69160741965917));
#1750=CARTESIAN_POINT('Ctrl Pts',(54.9103755327815,198.795825473018,8.66625939119115));
#1751=CARTESIAN_POINT('Ctrl Pts',(56.3576454482245,200.331927346029,8.90600180560326));
#1752=CARTESIAN_POINT('Ctrl Pts',(56.3548167612353,200.161126104205,8.89957685199024));
#1753=CARTESIAN_POINT('Ctrl Pts',(56.2936547598183,199.823251484791,8.87910426063713));
#1754=CARTESIAN_POINT('Ctrl Pts',(56.034394791739,199.319389612494,8.82552395105406));
#1755=CARTESIAN_POINT('Ctrl Pts',(55.5757581871949,198.892259933047,8.7496102006289));
#1756=CARTESIAN_POINT('Ctrl Pts',(55.1381003614661,198.75120756559,8.69112545089669));
#1757=CARTESIAN_POINT('Ctrl Pts',(54.9129753780726,198.739095568715,8.66458697810064));
#1758=CARTESIAN_POINT('Ctrl Pts',(56.4775681956016,200.33302754724,8.87445513978665));
#1759=CARTESIAN_POINT('Ctrl Pts',(56.4694226100437,200.149290634705,8.87130942940349));
#1760=CARTESIAN_POINT('Ctrl Pts',(56.3957441195453,199.790495619309,8.85464141575069));
#1761=CARTESIAN_POINT('Ctrl Pts',(56.1138180135458,199.261212468489,8.80246497438692));
#1762=CARTESIAN_POINT('Ctrl Pts',(55.6273922674009,198.812502082263,8.7236404022264));
#1763=CARTESIAN_POINT('Ctrl Pts',(55.1633180870886,198.658403112713,8.65863205848218));
#1764=CARTESIAN_POINT('Ctrl Pts',(54.9215769579023,198.641396856212,8.6266544910086));
#1765=CARTESIAN_POINT('Ctrl Pts',(56.5479037845289,200.336430626463,8.77671037732735));
#1766=CARTESIAN_POINT('Ctrl Pts',(56.54099289242,200.146109022106,8.78122997438574));
#1767=CARTESIAN_POINT('Ctrl Pts',(56.4655964174635,199.773886311006,8.77582783408305));
#1768=CARTESIAN_POINT('Ctrl Pts',(56.1730625107375,199.225619106779,8.73287055207497));
#1769=CARTESIAN_POINT('Ctrl Pts',(55.6684935765697,198.760692808224,8.6550811292754));
#1770=CARTESIAN_POINT('Ctrl Pts',(55.1857454851051,198.600240322703,8.58217738270755));
#1771=CARTESIAN_POINT('Ctrl Pts',(54.9339229065044,198.583565689478,8.54254463691045));
#1772=CARTESIAN_POINT('Ctrl Pts',(56.5638186741999,200.338055389067,8.73003343897842));
#1773=CARTESIAN_POINT('Ctrl Pts',(56.5590244619452,200.146602922454,8.73745932031852));
#1774=CARTESIAN_POINT('Ctrl Pts',(56.4856449915715,199.770756096557,8.73674983775052));
#1775=CARTESIAN_POINT('Ctrl Pts',(56.1918996411805,199.21629948396,8.69805869877804));
#1776=CARTESIAN_POINT('Ctrl Pts',(55.682295979339,198.745987918985,8.62118497373323));
#1777=CARTESIAN_POINT('Ctrl Pts',(55.1936442990554,198.584538348376,8.54524628409308));
#1778=CARTESIAN_POINT('Ctrl Pts',(54.939210233937,198.569243351514,8.50276306085756));
#1779=CARTESIAN_POINT('',(56.2924921085687,200.332243586272,8.8968789213113));
#1780=CARTESIAN_POINT('Ctrl Pts',(56.2924921085687,200.332243586279,8.89687892131134));
#1781=CARTESIAN_POINT('Ctrl Pts',(56.3576454482245,200.331927346029,8.90600180560326));
#1782=CARTESIAN_POINT('Ctrl Pts',(56.4775681956016,200.33302754724,8.87445513978665));
#1783=CARTESIAN_POINT('Ctrl Pts',(56.5479037845289,200.336430626463,8.77671037732735));
#1784=CARTESIAN_POINT('Ctrl Pts',(56.5638186741999,200.338055389067,8.73003343897842));
#1785=CARTESIAN_POINT('Ctrl Pts',(56.2924921085687,200.332243586272,8.89687892131131));
#1786=CARTESIAN_POINT('Ctrl Pts',(56.2924944130789,200.212134719117,8.89269887791307));
#1787=CARTESIAN_POINT('Ctrl Pts',(56.2777949349369,200.092244273452,8.88646048438267));
#1788=CARTESIAN_POINT('Ctrl Pts',(56.2499079087531,199.975623857812,8.87851275223704));
#1789=CARTESIAN_POINT('Ctrl Pts',(56.2398523943135,199.933572824271,8.8756469559766));
#1790=CARTESIAN_POINT('Ctrl Pts',(56.2280821864501,199.891946936147,8.87255943260012));
#1791=CARTESIAN_POINT('Ctrl Pts',(56.2146680616103,199.850889204741,8.86926810335286));
#1792=CARTESIAN_POINT('Ctrl Pts',(56.1711616755778,199.717725578077,8.8585932481162));
#1793=CARTESIAN_POINT('Ctrl Pts',(56.1103632597969,199.590538633878,8.84577029164364));
#1794=CARTESIAN_POINT('Ctrl Pts',(56.0343995962556,199.473362049161,8.83138440740113));
#1795=CARTESIAN_POINT('Ctrl Pts',(56.0219866474572,199.454214645275,8.82903366184468));
#1796=CARTESIAN_POINT('Ctrl Pts',(56.009168748425,199.435334530641,8.82664129500494));
#1797=CARTESIAN_POINT('Ctrl Pts',(55.995955165837,199.416739301029,8.82420997658503));
#1798=CARTESIAN_POINT('Ctrl Pts',(55.876826961029,199.249092388695,8.80229021358725));
#1799=CARTESIAN_POINT('Ctrl Pts',(55.7255369817308,199.104601105461,8.77720605641625));
#1800=CARTESIAN_POINT('Ctrl Pts',(55.5511423245474,198.997290643463,8.75127299670024));
#1801=CARTESIAN_POINT('Ctrl Pts',(55.5419083980364,198.991608721001,8.74989988142544));
#1802=CARTESIAN_POINT('Ctrl Pts',(55.5326097010706,198.986031036939,8.74852437046218));
#1803=CARTESIAN_POINT('Ctrl Pts',(55.5232475798949,198.980559673481,8.7471468000286));
#1804=CARTESIAN_POINT('Ctrl Pts',(55.4296311112589,198.925848810849,8.73337179360969));
#1805=CARTESIAN_POINT('Ctrl Pts',(55.3296722379087,198.881768801737,8.71939458292335));
#1806=CARTESIAN_POINT('Ctrl Pts',(55.2260292217103,198.850295732627,8.70569121027604));
#1807=CARTESIAN_POINT('Ctrl Pts',(55.1235542391637,198.819177357979,8.69214227157888));
#1808=CARTESIAN_POINT('Ctrl Pts',(55.0174776599088,198.800383350555,8.67886158406467));
#1809=CARTESIAN_POINT('Ctrl Pts',(54.9103755327815,198.795825473018,8.66625939119118));
#1810=CARTESIAN_POINT('Ctrl Pts',(54.939210233937,198.569243351514,8.50276306085756));
#1811=CARTESIAN_POINT('Ctrl Pts',(55.1936442990554,198.584538348376,8.54524628409308));
#1812=CARTESIAN_POINT('Ctrl Pts',(55.682295979339,198.745987918985,8.62118497373323));
#1813=CARTESIAN_POINT('Ctrl Pts',(56.1918996411805,199.21629948396,8.69805869877804));
#1814=CARTESIAN_POINT('Ctrl Pts',(56.4856449915715,199.770756096557,8.73674983775052));
#1815=CARTESIAN_POINT('Ctrl Pts',(56.5590244619452,200.146602922454,8.73745932031852));
#1816=CARTESIAN_POINT('Ctrl Pts',(56.5638186741999,200.338055389067,8.73003343897842));
#1817=CARTESIAN_POINT('Ctrl Pts',(39.9102229532327,200.332243583209,8.89687891310307));
#1818=CARTESIAN_POINT('Ctrl Pts',(39.9102522256653,201.858041944222,8.94997992560981));
#1819=CARTESIAN_POINT('Ctrl Pts',(39.9124097547829,205.418247767753,9.07358974413592));
#1820=CARTESIAN_POINT('Ctrl Pts',(39.9150006777236,208.978455616001,9.19713905385369));
#1821=CARTESIAN_POINT('Ctrl Pts',(39.9150337708561,211.012853401684,9.26794123791566));
#1822=CARTESIAN_POINT('Ctrl Pts',(39.8450696136169,200.331927342901,8.90600179732));
#1823=CARTESIAN_POINT('Ctrl Pts',(39.8449273101432,201.858138942007,8.9591462833301));
#1824=CARTESIAN_POINT('Ctrl Pts',(39.8468030222248,205.417860722606,9.08277481237111));
#1825=CARTESIAN_POINT('Ctrl Pts',(39.848998487043,208.978637778368,9.20639014212757));
#1826=CARTESIAN_POINT('Ctrl Pts',(39.848945671507,211.012532619861,9.27718946023731));
#1827=CARTESIAN_POINT('Ctrl Pts',(39.7251468663526,200.333027543755,8.87445513142971));
#1828=CARTESIAN_POINT('Ctrl Pts',(39.7246824450558,201.859963858602,8.92739882585907));
#1829=CARTESIAN_POINT('Ctrl Pts',(39.7260208965999,205.418863032457,9.05063101578155));
#1830=CARTESIAN_POINT('Ctrl Pts',(39.7274580564954,208.980645229341,9.17376274742523));
#1831=CARTESIAN_POINT('Ctrl Pts',(39.7272441247333,211.01367519069,9.2444164649693));
#1832=CARTESIAN_POINT('Ctrl Pts',(39.6548112775126,200.336430622367,8.77671036901457));
#1833=CARTESIAN_POINT('Ctrl Pts',(39.6544217101728,201.863736802225,8.82918860152156));
#1834=CARTESIAN_POINT('Ctrl Pts',(39.6558947025951,205.422254273632,8.95161010387022));
#1835=CARTESIAN_POINT('Ctrl Pts',(39.6575395081527,208.984547952503,9.07363268264349));
#1836=CARTESIAN_POINT('Ctrl Pts',(39.6573685489711,211.017169984734,9.14403141141434));
#1837=CARTESIAN_POINT('Ctrl Pts',(39.6388963878526,200.338055384709,8.73003343069111));
#1838=CARTESIAN_POINT('Ctrl Pts',(39.6386350860557,201.865425340155,8.78233540854828));
#1839=CARTESIAN_POINT('Ctrl Pts',(39.6403214666898,205.423887447592,8.90445712486113));
#1840=CARTESIAN_POINT('Ctrl Pts',(39.6422745794916,208.986266189604,9.02606557166495));
#1841=CARTESIAN_POINT('Ctrl Pts',(39.642170823965,211.018828835469,9.09637386844108));
#1842=CARTESIAN_POINT('',(39.9150337708597,211.01285340172,9.26794123791633));
#1843=CARTESIAN_POINT('Ctrl Pts',(39.9102229532327,200.332243583209,8.89687891310307));
#1844=CARTESIAN_POINT('Ctrl Pts',(39.9102522256653,201.858041944222,8.94997992560981));
#1845=CARTESIAN_POINT('Ctrl Pts',(39.9124097547829,205.418247767753,9.07358974413592));
#1846=CARTESIAN_POINT('Ctrl Pts',(39.9150006777236,208.978455616001,9.19713905385369));
#1847=CARTESIAN_POINT('Ctrl Pts',(39.9150337708561,211.012853401684,9.26794123791566));
#1848=CARTESIAN_POINT('',(39.642170823965,211.018828835513,9.09637386844159));
#1849=CARTESIAN_POINT('Origin',(39.8803664821935,211.021465324346,9.02050636995063));
#1850=CARTESIAN_POINT('Ctrl Pts',(39.642170823965,211.018828835469,9.09637386844108));
#1851=CARTESIAN_POINT('Ctrl Pts',(39.6422745794916,208.986266189604,9.02606557166495));
#1852=CARTESIAN_POINT('Ctrl Pts',(39.6403214666898,205.423887447592,8.90445712486113));
#1853=CARTESIAN_POINT('Ctrl Pts',(39.6386350860557,201.865425340155,8.78233540854828));
#1854=CARTESIAN_POINT('Ctrl Pts',(39.6388963878526,200.338055384709,8.73003343069111));
#1855=CARTESIAN_POINT('Origin',(48.1013574287882,202.23154746422,67.4622874622759));
#1856=CARTESIAN_POINT('',(56.2876812725262,211.012853385444,9.26794129858322));
#1857=CARTESIAN_POINT('Ctrl Pts',(56.2876812725262,211.012853385451,9.26794129858322));
#1858=CARTESIAN_POINT('Ctrl Pts',(56.2877143691803,208.978455603414,9.19713910452897));
#1859=CARTESIAN_POINT('Ctrl Pts',(56.2903052977017,205.418247761598,9.07358977725948));
#1860=CARTESIAN_POINT('Ctrl Pts',(56.2924628333203,201.858041944441,8.94997994128792));
#1861=CARTESIAN_POINT('Ctrl Pts',(56.2924921085687,200.332243586265,8.89687892131045));
#1862=CARTESIAN_POINT('',(54.9340747501992,212.491264608616,9.1456848886096));
#1863=CARTESIAN_POINT('Ctrl Pts',(54.9340747501992,212.491264608609,9.14568488860934));
#1864=CARTESIAN_POINT('Ctrl Pts',(55.1440082476875,212.489182422571,9.17008938410217));
#1865=CARTESIAN_POINT('Ctrl Pts',(55.5611219970015,212.372973118261,9.21712770343166));
#1866=CARTESIAN_POINT('Ctrl Pts',(56.1199141331817,211.861070302504,9.2735507024531));
#1867=CARTESIAN_POINT('Ctrl Pts',(56.287676096108,211.331039515062,9.27901498156344));
#1868=CARTESIAN_POINT('Ctrl Pts',(56.2876812725262,211.012853385451,9.26794129858322));
#1869=CARTESIAN_POINT('',(41.2686402856634,212.49126461448,9.14568483234262));
#1870=CARTESIAN_POINT('Origin',(48.101357378598,208.768808343979,52.7751523044657));
#1871=CARTESIAN_POINT('Ctrl Pts',(39.9150337708634,211.012853401713,9.26794123791633));
#1872=CARTESIAN_POINT('Ctrl Pts',(39.9150389467868,211.331042845355,9.27901503465056));
#1873=CARTESIAN_POINT('Ctrl Pts',(40.0827942466567,211.861057147689,9.27355111177255));
#1874=CARTESIAN_POINT('Ctrl Pts',(40.6415869051962,212.372975494647,9.21712847874005));
#1875=CARTESIAN_POINT('Ctrl Pts',(41.0587046013134,212.489182406935,9.17008958030866));
#1876=CARTESIAN_POINT('Ctrl Pts',(41.2686402855179,212.49126461448,9.14568483235944));
#1877=CARTESIAN_POINT('Ctrl Pts',(54.9340747501992,212.491264608609,9.14568488860934));
#1878=CARTESIAN_POINT('Ctrl Pts',(55.1440082476875,212.489182422571,9.17008938410217));
#1879=CARTESIAN_POINT('Ctrl Pts',(55.5611219970015,212.372973118261,9.21712770343166));
#1880=CARTESIAN_POINT('Ctrl Pts',(56.1199141331817,211.861070302504,9.2735507024531));
#1881=CARTESIAN_POINT('Ctrl Pts',(56.287676096108,211.331039515062,9.27901498156344));
#1882=CARTESIAN_POINT('Ctrl Pts',(56.2876812725262,211.012853385451,9.26794129858322));
#1883=CARTESIAN_POINT('Ctrl Pts',(54.9344923515746,212.563647502364,9.14825285131739));
#1884=CARTESIAN_POINT('Ctrl Pts',(55.1567633516388,212.55862364934,9.17388875396083));
#1885=CARTESIAN_POINT('Ctrl Pts',(55.5944900307404,212.43171032286,9.22317830811521));
#1886=CARTESIAN_POINT('Ctrl Pts',(56.1758793556801,211.895130634788,9.28214584269464));
#1887=CARTESIAN_POINT('Ctrl Pts',(56.3517955723546,211.344796115663,9.28841715611684));
#1888=CARTESIAN_POINT('Ctrl Pts',(56.3537693721591,211.012532603672,9.27718952145239));
#1889=CARTESIAN_POINT('Ctrl Pts',(54.9420166162745,212.691100065334,9.094374774021));
#1890=CARTESIAN_POINT('Ctrl Pts',(55.1851593637075,212.681150825927,9.12718230869295));
#1891=CARTESIAN_POINT('Ctrl Pts',(55.6583721709758,212.535549387714,9.18720115149535));
#1892=CARTESIAN_POINT('Ctrl Pts',(56.2790377851561,211.956153793013,9.25406466892444));
#1893=CARTESIAN_POINT('Ctrl Pts',(56.4697897474944,211.370174612726,9.25905047021352));
#1894=CARTESIAN_POINT('Ctrl Pts',(56.4754562340459,211.013677983254,9.24433582395281));
#1895=CARTESIAN_POINT('Ctrl Pts',(54.9567147489215,212.744426126294,8.97247713135133));
#1896=CARTESIAN_POINT('Ctrl Pts',(55.2078100795152,212.73769907614,9.01394056746032));
#1897=CARTESIAN_POINT('Ctrl Pts',(55.6997177321828,212.590468978,9.08785716610156));
#1898=CARTESIAN_POINT('Ctrl Pts',(56.3439582700194,211.99098228597,9.16368062680312));
#1899=CARTESIAN_POINT('Ctrl Pts',(56.540663424119,211.385128871261,9.16466409337748));
#1900=CARTESIAN_POINT('Ctrl Pts',(56.5453464961902,211.01716996952,9.14403147263167));
#1901=CARTESIAN_POINT('Ctrl Pts',(54.963009813433,212.749001606804,8.91871523531616));
#1902=CARTESIAN_POINT('Ctrl Pts',(55.2144907606234,212.745271206928,8.96254743385581));
#1903=CARTESIAN_POINT('Ctrl Pts',(55.7102130471358,212.601136229176,9.0409207814355));
#1904=CARTESIAN_POINT('Ctrl Pts',(56.3603258147596,211.998867913164,9.11972764989572));
#1905=CARTESIAN_POINT('Ctrl Pts',(56.5574005832168,211.388465946802,9.11908912533876));
#1906=CARTESIAN_POINT('Ctrl Pts',(56.5605442212764,211.018828820525,9.09637392941177));
#1907=CARTESIAN_POINT('Origin',(56.3223485630442,211.02146530935,9.02050643092139));
#1908=CARTESIAN_POINT('',(54.963009813433,212.749001606811,8.91871523531519));
#1909=CARTESIAN_POINT('Ctrl Pts',(56.5605442212764,211.018828820525,9.09637392941177));
#1910=CARTESIAN_POINT('Ctrl Pts',(56.5574005832168,211.388465946802,9.11908912533876));
#1911=CARTESIAN_POINT('Ctrl Pts',(56.3603258147596,211.998867913164,9.11972764989572));
#1912=CARTESIAN_POINT('Ctrl Pts',(55.7102130471358,212.601136229176,9.0409207814355));
#1913=CARTESIAN_POINT('Ctrl Pts',(55.2144907606234,212.745271206928,8.96254743385581));
#1914=CARTESIAN_POINT('Ctrl Pts',(54.963009813433,212.749001606804,8.91871523531616));
#1915=CARTESIAN_POINT('Origin',(54.963009813433,212.49990210501,8.89751527771487));
#1916=CARTESIAN_POINT('Ctrl Pts',(41.2686402856598,212.49126461448,9.14568483234262));
#1917=CARTESIAN_POINT('Ctrl Pts',(45.8032568515664,212.536240354821,8.618541603907));
#1918=CARTESIAN_POINT('Ctrl Pts',(50.3994581886509,212.536240352827,8.61854162294621));
#1919=CARTESIAN_POINT('Ctrl Pts',(54.9340747501956,212.491264608594,9.14568488860898));
#1920=CARTESIAN_POINT('Ctrl Pts',(41.2682226842771,212.563647508046,9.14825279472621));
#1921=CARTESIAN_POINT('Ctrl Pts',(45.8030588520487,212.608605155008,8.62104963235786));
#1922=CARTESIAN_POINT('Ctrl Pts',(50.3996561882122,212.60860515308,8.62104965150581));
#1923=CARTESIAN_POINT('Ctrl Pts',(54.934492351571,212.563647502357,9.14825285131914));
#1924=CARTESIAN_POINT('Ctrl Pts',(41.2606984200902,212.691100070413,9.094374717154));
#1925=CARTESIAN_POINT('Ctrl Pts',(45.8005833650714,212.736046559134,8.5665637616898));
#1926=CARTESIAN_POINT('Ctrl Pts',(50.4021316757317,212.736046557409,8.56656378093836));
#1927=CARTESIAN_POINT('Ctrl Pts',(54.9420166162708,212.69110006532,9.09437477402073));
#1928=CARTESIAN_POINT('Ctrl Pts',(41.2460002885236,212.744426131103,8.97247707470518));
#1929=CARTESIAN_POINT('Ctrl Pts',(45.7956503435307,212.789439558299,8.44356636905193));
#1930=CARTESIAN_POINT('Ctrl Pts',(50.4070646983164,212.789439556669,8.44356638822229));
#1931=CARTESIAN_POINT('Ctrl Pts',(54.9567147489215,212.744426126286,8.97247713135173));
#1932=CARTESIAN_POINT('Ctrl Pts',(41.2397052244778,212.749001611606,8.91871517877239));
#1933=CARTESIAN_POINT('Ctrl Pts',(45.7935248991889,212.794055184771,8.38933569407288));
#1934=CARTESIAN_POINT('Ctrl Pts',(50.4091901431057,212.794055183149,8.3893357132056));
#1935=CARTESIAN_POINT('Ctrl Pts',(54.963009813433,212.749001606797,8.91871523531544));
#1936=CARTESIAN_POINT('',(41.239705224416,212.749001611606,8.91871517880219));
#1937=CARTESIAN_POINT('Origin',(48.1013573785881,209.020103469761,52.7332683448132));
#1938=CARTESIAN_POINT('Origin',(41.2397052244778,212.499902109805,8.89751522117158));
#1939=CARTESIAN_POINT('Ctrl Pts',(56.2876812725262,211.012853385451,9.26794129858322));
#1940=CARTESIAN_POINT('Ctrl Pts',(56.2877143691803,208.978455603414,9.19713910452897));
#1941=CARTESIAN_POINT('Ctrl Pts',(56.2903052977017,205.418247761598,9.07358977725948));
#1942=CARTESIAN_POINT('Ctrl Pts',(56.2924628333203,201.858041944441,8.94997994128792));
#1943=CARTESIAN_POINT('Ctrl Pts',(56.2924921085687,200.332243586265,8.89687892131045));
#1944=CARTESIAN_POINT('Ctrl Pts',(56.3537693721591,211.012532603672,9.27718952145132));
#1945=CARTESIAN_POINT('Ctrl Pts',(56.3537165601192,208.9786377657,9.2063901932584));
#1946=CARTESIAN_POINT('Ctrl Pts',(56.355912030358,205.417860716123,9.08277484576604));
#1947=CARTESIAN_POINT('Ctrl Pts',(56.3577877489151,201.858138942254,8.95914629915168));
#1948=CARTESIAN_POINT('Ctrl Pts',(56.3576454482245,200.331927346015,8.90600180560237));
#1949=CARTESIAN_POINT('Ctrl Pts',(56.4754709198569,211.013675174836,9.24441652664378));
#1950=CARTESIAN_POINT('Ctrl Pts',(56.4752569914708,208.98064521679,9.17376279891423));
#1951=CARTESIAN_POINT('Ctrl Pts',(56.4766941563794,205.418863025676,9.05063104948671));
#1952=CARTESIAN_POINT('Ctrl Pts',(56.4780326142209,201.859963859184,8.92739884181646));
#1953=CARTESIAN_POINT('Ctrl Pts',(56.4775681956089,200.333027547233,8.87445513978601));
#1954=CARTESIAN_POINT('Ctrl Pts',(56.5453464961865,211.01716996952,9.14403147263095));
#1955=CARTESIAN_POINT('Ctrl Pts',(56.5451755402755,208.984547940476,9.07363273369456));
#1956=CARTESIAN_POINT('Ctrl Pts',(56.5468203507189,205.422254267141,8.95161013748261));
#1957=CARTESIAN_POINT('Ctrl Pts',(56.5482933492567,201.863736803403,8.82918861739192));
#1958=CARTESIAN_POINT('Ctrl Pts',(56.5479037845289,200.336430626448,8.77671037732634));
#1959=CARTESIAN_POINT('Ctrl Pts',(56.5605442212727,211.018828820525,9.09637392941165));
#1960=CARTESIAN_POINT('Ctrl Pts',(56.5604404689911,208.986266177832,9.02606562249057));
#1961=CARTESIAN_POINT('Ctrl Pts',(56.5623935867116,205.42388744132,8.90445715839956));
#1962=CARTESIAN_POINT('Ctrl Pts',(56.5640799733992,201.865425341595,8.78233542436737));
#1963=CARTESIAN_POINT('Ctrl Pts',(56.5638186741999,200.338055389053,8.73003343897738));
#1964=CARTESIAN_POINT('Ctrl Pts',(39.9150337708634,211.012853401713,9.26794123791633));
#1965=CARTESIAN_POINT('Ctrl Pts',(39.9150389467868,211.331042845355,9.27901503465056));
#1966=CARTESIAN_POINT('Ctrl Pts',(40.0827942466567,211.861057147689,9.27355111177255));
#1967=CARTESIAN_POINT('Ctrl Pts',(40.6415869051962,212.372975494647,9.21712847874005));
#1968=CARTESIAN_POINT('Ctrl Pts',(41.0587046013134,212.489182406935,9.17008958030866));
#1969=CARTESIAN_POINT('Ctrl Pts',(41.2686402855179,212.49126461448,9.14568483235944));
#1970=CARTESIAN_POINT('Ctrl Pts',(39.8489456715142,211.01253261989,9.2771894602401));
#1971=CARTESIAN_POINT('Ctrl Pts',(39.850919491375,211.344799592545,9.28841721018317));
#1972=CARTESIAN_POINT('Ctrl Pts',(40.0268287487379,211.895116950851,9.28214627925551));
#1973=CARTESIAN_POINT('Ctrl Pts',(40.6082186075873,212.431712704783,9.22317911516374));
#1974=CARTESIAN_POINT('Ctrl Pts',(41.045949368865,212.558623602803,9.17388896256199));
#1975=CARTESIAN_POINT('Ctrl Pts',(41.2682226841353,212.563647508046,9.14825279474307));
#1976=CARTESIAN_POINT('Ctrl Pts',(39.7272588105516,211.013677999137,9.24433576228145));
#1977=CARTESIAN_POINT('Ctrl Pts',(39.7329253557036,211.370178341705,9.2590505600991));
#1978=CARTESIAN_POINT('Ctrl Pts',(39.9236698341338,211.956139191519,9.25406512205119));
#1979=CARTESIAN_POINT('Ctrl Pts',(40.5443360196223,212.535551779416,9.18720214801986));
#1980=CARTESIAN_POINT('Ctrl Pts',(41.0175531399145,212.681150727367,9.12718259166471));
#1981=CARTESIAN_POINT('Ctrl Pts',(41.260698419952,212.691100070413,9.09437471717027));
#1982=CARTESIAN_POINT('Ctrl Pts',(39.6573685489711,211.017169984778,9.14403141141647));
#1983=CARTESIAN_POINT('Ctrl Pts',(39.6620516693692,211.385132719144,9.16466424547164));
#1984=CARTESIAN_POINT('Ctrl Pts',(39.8587490983191,211.990967170786,9.16368104894519));
#1985=CARTESIAN_POINT('Ctrl Pts',(40.502990172572,212.590471477139,9.08785843092008));
#1986=CARTESIAN_POINT('Ctrl Pts',(40.9949023422523,212.737699010955,9.01394094095623));
#1987=CARTESIAN_POINT('Ctrl Pts',(41.2460002883781,212.744426131103,8.97247707472236));
#1988=CARTESIAN_POINT('Ctrl Pts',(39.642170823965,211.018828835513,9.09637386844204));
#1989=CARTESIAN_POINT('Ctrl Pts',(39.6453144942789,211.388469811987,9.1190892994308));
#1990=CARTESIAN_POINT('Ctrl Pts',(39.8423815084243,211.998852685472,9.11972805648468));
#1991=CARTESIAN_POINT('Ctrl Pts',(40.4924947775762,212.601138793972,9.04092213724748));
#1992=CARTESIAN_POINT('Ctrl Pts',(40.9882216575425,212.745271173015,8.96254783219518));
#1993=CARTESIAN_POINT('Ctrl Pts',(41.2397052243323,212.749001611606,8.91871517878962));
#1994=CARTESIAN_POINT('Ctrl Pts',(41.2397052243323,212.749001611606,8.91871517878962));
#1995=CARTESIAN_POINT('Ctrl Pts',(40.9882216575425,212.745271173015,8.96254783219518));
#1996=CARTESIAN_POINT('Ctrl Pts',(40.4924947775762,212.601138793972,9.04092213724748));
#1997=CARTESIAN_POINT('Ctrl Pts',(39.8423815084243,211.998852685472,9.11972805648468));
#1998=CARTESIAN_POINT('Ctrl Pts',(39.6453144942789,211.388469811987,9.1190892994308));
#1999=CARTESIAN_POINT('Ctrl Pts',(39.642170823965,211.018828835513,9.09637386844204));
#2000=CARTESIAN_POINT('Ctrl Pts',(41.3597995102718,198.637901679431,8.69346771405565));
#2001=CARTESIAN_POINT('Ctrl Pts',(39.8965688509779,197.594614853391,5.79564514273529));
#2002=CARTESIAN_POINT('Ctrl Pts',(38.433338191684,196.551328027344,2.89782257141494));
#2003=CARTESIAN_POINT('Ctrl Pts',(36.9701075323901,195.508041201305,9.45883371628042E-11));
#2004=CARTESIAN_POINT('Ctrl Pts',(41.1035008029794,198.637901679431,8.69346771405565));
#2005=CARTESIAN_POINT('Ctrl Pts',(39.713293565419,197.594762525412,5.79565115325259));
#2006=CARTESIAN_POINT('Ctrl Pts',(38.3229148574064,196.551180355324,2.89781656089765));
#2007=CARTESIAN_POINT('Ctrl Pts',(36.932707619846,195.508041201305,9.45883371628042E-11));
#2008=CARTESIAN_POINT('Ctrl Pts',(40.7195541244255,198.725990322884,8.69652957543528));
#2009=CARTESIAN_POINT('Ctrl Pts',(39.4386042556907,197.657646865606,5.79768715410721));
#2010=CARTESIAN_POINT('Ctrl Pts',(38.1576307830583,196.589246620752,2.89884242142266));
#2011=CARTESIAN_POINT('Ctrl Pts',(36.8766809143235,195.520903163473,9.45878930735944E-11));
#2012=CARTESIAN_POINT('Ctrl Pts',(40.1733310143245,199.068770717713,8.7084442333451));
#2013=CARTESIAN_POINT('Ctrl Pts',(39.0479281140324,197.902894039282,5.80563203429992));
#2014=CARTESIAN_POINT('Ctrl Pts',(37.9223772224104,196.736829749629,2.90281219913978));
#2015=CARTESIAN_POINT('Ctrl Pts',(36.7969743221183,195.570953071197,9.45892253412239E-11));
#2016=CARTESIAN_POINT('Ctrl Pts',(39.76354191879,199.581714269007,8.72627356965805));
#2017=CARTESIAN_POINT('Ctrl Pts',(38.7547799908752,198.269804292802,5.8175175524494));
#2018=CARTESIAN_POINT('Ctrl Pts',(37.7459385378352,196.957758746743,2.90875601730324));
#2019=CARTESIAN_POINT('Ctrl Pts',(36.7371766099204,195.645848770539,9.45883371628042E-11));
#2020=CARTESIAN_POINT('Ctrl Pts',(39.6465688509816,200.093951156283,8.74407834313071));
#2021=CARTESIAN_POINT('Ctrl Pts',(38.6711338463247,198.636121387404,5.82938312762051));
#2022=CARTESIAN_POINT('Ctrl Pts',(37.695542537047,197.178471057639,2.9146952156048));
#2023=CARTESIAN_POINT('Ctrl Pts',(36.7201075323901,195.720641288761,9.45883371628042E-11));
#2024=CARTESIAN_POINT('Ctrl Pts',(39.6465688509816,200.350094621434,8.75298159958643));
#2025=CARTESIAN_POINT('Ctrl Pts',(38.671081744782,198.819410148055,5.83532106642248));
#2026=CARTESIAN_POINT('Ctrl Pts',(37.6955946385897,197.288725674684,2.91766053325853));
#2027=CARTESIAN_POINT('Ctrl Pts',(36.7201075323901,195.758041201305,9.45883371628042E-11));
#2028=CARTESIAN_POINT('',(36.9701075323901,195.508041201305,9.45883371628042E-11));
#2029=CARTESIAN_POINT('',(41.4701075324083,198.716551552963,8.9119247798044));
#2030=CARTESIAN_POINT('',(36.7201075323901,195.758041201305,9.45883371628042E-11));
#2031=CARTESIAN_POINT('',(39.7201075324083,200.465487759007,8.97293418234083));
#2032=CARTESIAN_POINT('Ctrl Pts',(36.9701075323901,195.508041201305,9.45887812520141E-11));
#2033=CARTESIAN_POINT('Ctrl Pts',(36.9372898222054,195.508041201305,9.45887822827157E-11));
#2034=CARTESIAN_POINT('Ctrl Pts',(36.9045076982173,195.514643494934,1.20023882634566E-10));
#2035=CARTESIAN_POINT('Ctrl Pts',(36.8439187765948,195.539762924526,1.20023884911922E-10));
#2036=CARTESIAN_POINT('Ctrl Pts',(36.8165574314561,195.558059555176,1.20022626319618E-10));
#2037=CARTESIAN_POINT('Ctrl Pts',(36.7740071096552,195.600671139608,1.20022628291188E-10));
#2038=CARTESIAN_POINT('Ctrl Pts',(36.7536895846703,195.627320697485,1.20022629984803E-10));
#2039=CARTESIAN_POINT('Ctrl Pts',(36.726679172954,195.692402292405,1.20022631803266E-10));
#2040=CARTESIAN_POINT('Ctrl Pts',(36.7201075323901,195.725223184439,9.45897175134832E-11));
#2041=CARTESIAN_POINT('Ctrl Pts',(36.7201075323901,195.758041201305,9.45897180026911E-11));
#2042=CARTESIAN_POINT('Ctrl Pts',(39.642186058034,200.343217366906,8.73987276203512));
#2043=CARTESIAN_POINT('Ctrl Pts',(38.6681598828181,198.814825311703,5.82658184138827));
#2044=CARTESIAN_POINT('Ctrl Pts',(37.6941337076059,197.286433256508,2.91329092074143));
#2045=CARTESIAN_POINT('Ctrl Pts',(36.7201075323901,195.758041201305,9.45892253412239E-11));
#2046=CARTESIAN_POINT('Ctrl Pts',(39.642186058034,201.238572896153,8.77098749099562));
#2047=CARTESIAN_POINT('Ctrl Pts',(38.6681598828181,199.455362229164,5.84732499402861));
#2048=CARTESIAN_POINT('Ctrl Pts',(37.6941337076059,197.67215156219,2.9236624970616));
#2049=CARTESIAN_POINT('Ctrl Pts',(36.7201075323901,195.888940895202,9.45892253412239E-11));
#2050=CARTESIAN_POINT('Ctrl Pts',(39.642186058034,210.123461632211,9.06530656309979));
#2051=CARTESIAN_POINT('Ctrl Pts',(38.6681598828181,211.124688257281,6.04353770876472));
#2052=CARTESIAN_POINT('Ctrl Pts',(37.6941337076059,212.125914882337,3.02176885442966));
#2053=CARTESIAN_POINT('Ctrl Pts',(36.7201075323901,213.127141507408,9.45892253412239E-11));
#2054=CARTESIAN_POINT('Ctrl Pts',(39.642186058034,211.018817161457,9.0964212920602));
#2055=CARTESIAN_POINT('Ctrl Pts',(38.6681598828181,211.765225174742,6.06428086140499));
#2056=CARTESIAN_POINT('Ctrl Pts',(37.6941337076059,212.51163318802,3.03214043074979));
#2057=CARTESIAN_POINT('Ctrl Pts',(36.7201075323901,213.258041201305,9.45892253412239E-11));
#2058=CARTESIAN_POINT('',(36.7201075323901,213.258041201305,9.45892253412239E-11));
#2059=CARTESIAN_POINT('',(36.7201075323901,213.258041201305,9.45892253412239E-11));
#2060=CARTESIAN_POINT('',(39.7201075324083,210.959104995236,9.33899059755817));
#2061=CARTESIAN_POINT('Ctrl Pts',(39.6440299169532,211.016911042667,9.10214385133315));
#2062=CARTESIAN_POINT('Ctrl Pts',(38.6693888405706,211.763930516801,6.06809590540474));
#2063=CARTESIAN_POINT('Ctrl Pts',(37.6947486190637,212.510949660519,3.03404794602806));
#2064=CARTESIAN_POINT('Ctrl Pts',(36.720107543003,213.257969134529,9.45892253412239E-11));
#2065=CARTESIAN_POINT('Ctrl Pts',(39.6439543523959,211.273029577428,9.11104511283743));
#2066=CARTESIAN_POINT('Ctrl Pts',(38.669482973116,211.94709359912,6.0740277486329));
#2067=CARTESIAN_POINT('Ctrl Pts',(37.6945680667006,212.62132904429,3.0370173616721));
#2068=CARTESIAN_POINT('Ctrl Pts',(36.7200965204275,213.295393130525,9.45892253413216E-11));
#2069=CARTESIAN_POINT('Ctrl Pts',(39.7320184957832,211.656647601004,9.12437754983802));
#2070=CARTESIAN_POINT('Ctrl Pts',(38.7323501418633,212.221572995316,6.08291804698665));
#2071=CARTESIAN_POINT('Ctrl Pts',(37.7326250109006,212.786521937737,3.0414595025851));
#2072=CARTESIAN_POINT('Ctrl Pts',(36.7329566356034,213.351447340916,9.45892251130305E-11));
#2073=CARTESIAN_POINT('Ctrl Pts',(40.0748405186749,212.202275567099,9.14334055517218));
#2074=CARTESIAN_POINT('Ctrl Pts',(38.9776293992624,212.611859216182,6.0955583635851));
#2075=CARTESIAN_POINT('Ctrl Pts',(37.8802305923509,213.021590706844,3.04778218941605));
#2076=CARTESIAN_POINT('Ctrl Pts',(36.7830194022717,213.431174411591,9.45901135196436E-11));
#2077=CARTESIAN_POINT('Ctrl Pts',(40.5878464097604,212.611618141486,9.15756703512831));
#2078=CARTESIAN_POINT('Ctrl Pts',(39.3445876087467,212.904714771052,6.10504361210281));
#2079=CARTESIAN_POINT('Ctrl Pts',(38.1011931961204,213.197890827704,3.05252342190289));
#2080=CARTESIAN_POINT('Ctrl Pts',(36.8579343440472,213.490987487175,9.45892251130305E-11));
#2081=CARTESIAN_POINT('Ctrl Pts',(41.100211223272,212.728403624034,9.16162585156876));
#2082=CARTESIAN_POINT('Ctrl Pts',(39.7109994418598,212.988234385097,6.10774844779728));
#2083=CARTESIAN_POINT('Ctrl Pts',(38.3219673749124,213.248221341854,3.05387740147242));
#2084=CARTESIAN_POINT('Ctrl Pts',(36.9327556611648,213.508052161725,9.45892253412971E-11));
#2085=CARTESIAN_POINT('Ctrl Pts',(41.3564845016044,212.728328512475,9.16162324093186));
#2086=CARTESIAN_POINT('Ctrl Pts',(39.8943829829254,212.988232838973,6.10774883140639));
#2087=CARTESIAN_POINT('Ctrl Pts',(38.4322811179197,213.248136864357,3.05387440962468));
#2088=CARTESIAN_POINT('Ctrl Pts',(36.9701795991103,213.508041190742,9.45892253412238E-11));
#2089=CARTESIAN_POINT('',(36.9701075323901,213.508041201305,9.45883371628042E-11));
#2090=CARTESIAN_POINT('',(41.4701075324047,212.70804120128,9.40000000009461));
#2091=CARTESIAN_POINT('Ctrl Pts',(36.7201075323901,213.258041201305,9.45898914750386E-11));
#2092=CARTESIAN_POINT('Ctrl Pts',(36.7201075323901,213.290858911516,9.45898919642419E-11));
#2093=CARTESIAN_POINT('Ctrl Pts',(36.7267098260283,213.323641035532,1.13269633098874E-10));
#2094=CARTESIAN_POINT('Ctrl Pts',(36.7518292556486,213.384229957158,1.13269633213132E-10));
#2095=CARTESIAN_POINT('Ctrl Pts',(36.7701258862585,213.411591302261,1.13269560485577E-10));
#2096=CARTESIAN_POINT('Ctrl Pts',(36.8127374707545,213.454141624127,1.13269559781565E-10));
#2097=CARTESIAN_POINT('Ctrl Pts',(36.8393870286176,213.474459149038,1.13268728631627E-10));
#2098=CARTESIAN_POINT('Ctrl Pts',(36.9044686234441,213.501469560746,1.13268726990253E-10));
#2099=CARTESIAN_POINT('Ctrl Pts',(36.9372895155035,213.508041201305,9.45886043044885E-11));
#2100=CARTESIAN_POINT('Ctrl Pts',(36.9701075323901,213.508041201305,9.45886032737773E-11));
#2101=CARTESIAN_POINT('Origin',(46.2326075324127,212.70804120128,9.40000000009461));
#2102=CARTESIAN_POINT('',(59.2326075324017,213.508041201305,9.45883371628042E-11));
#2103=CARTESIAN_POINT('',(54.4701075323937,213.508041201305,9.45883371628042E-11));
#2104=CARTESIAN_POINT('',(54.7326075324127,212.708041201295,9.40000000009511));
#2105=CARTESIAN_POINT('Ctrl Pts',(54.8457244653157,212.728207612853,9.16304430742043));
#2106=CARTESIAN_POINT('Ctrl Pts',(56.3080032056817,212.988152205796,6.10869620762124));
#2107=CARTESIAN_POINT('Ctrl Pts',(57.770282169985,213.248096603989,3.05434809989572));
#2108=CARTESIAN_POINT('Ctrl Pts',(59.2325609104055,213.508041196884,9.45883371626891E-11));
#2109=CARTESIAN_POINT('Ctrl Pts',(55.1019736080622,212.728256199503,9.16304599617475));
#2110=CARTESIAN_POINT('Ctrl Pts',(56.4913677536323,212.988134827416,6.10869521147999));
#2111=CARTESIAN_POINT('Ctrl Pts',(57.880582264191,213.248169626687,3.05435078324121));
#2112=CARTESIAN_POINT('Ctrl Pts',(59.2699763660101,213.508048292636,9.4588337347385E-11));
#2113=CARTESIAN_POINT('Ctrl Pts',(55.6143366272133,212.611444608955,9.15898618039491));
#2114=CARTESIAN_POINT('Ctrl Pts',(56.8577750419389,212.9045972772,6.10598970905434));
#2115=CARTESIAN_POINT('Ctrl Pts',(58.1013490669468,213.1978293752,3.05299647064776));
#2116=CARTESIAN_POINT('Ctrl Pts',(59.3447875147008,213.490982062791,9.45878929259696E-11));
#2117=CARTESIAN_POINT('Ctrl Pts',(56.1273639372726,212.202084942025,9.1447587839597));
#2118=CARTESIAN_POINT('Ctrl Pts',(57.2247452707373,212.611732141544,6.09650384979937));
#2119=CARTESIAN_POINT('Ctrl Pts',(58.3223142833526,213.021527176059,3.04825493278942));
#2120=CARTESIAN_POINT('Ctrl Pts',(59.4196956625274,213.431174411584,9.45887812520141E-11));
#2121=CARTESIAN_POINT('Ctrl Pts',(56.4702002846667,211.65643420701,9.12579455760001));
#2122=CARTESIAN_POINT('Ctrl Pts',(57.4700325527264,212.221433140418,6.08386271873181));
#2123=CARTESIAN_POINT('Ctrl Pts',(58.4699216071631,212.786455632139,3.04193183872926));
#2124=CARTESIAN_POINT('Ctrl Pts',(59.4697538890533,213.351454571286,9.45883370889918E-11));
#2125=CARTESIAN_POINT('Ctrl Pts',(56.5582805384069,211.272831836573,9.11246236243333));
#2126=CARTESIAN_POINT('Ctrl Pts',(57.5329107451134,211.946967444228,6.0749725827158));
#2127=CARTESIAN_POINT('Ctrl Pts',(58.5079843423744,212.621274423031,3.0374897781133));
#2128=CARTESIAN_POINT('Ctrl Pts',(59.4826146570705,213.295410072424,9.45883371628247E-11));
#2129=CARTESIAN_POINT('Ctrl Pts',(56.5582316588311,211.01673759009,9.10356174342436));
#2130=CARTESIAN_POINT('Ctrl Pts',(57.5330237995238,211.763823324399,6.069041165214));
#2131=CARTESIAN_POINT('Ctrl Pts',(58.507815387402,212.510908845027,3.03452057830707));
#2132=CARTESIAN_POINT('Ctrl Pts',(59.4826075279601,213.257994579285,9.45883371628042E-11));
#2133=CARTESIAN_POINT('Ctrl Pts',(59.2326075324017,213.508041201305,9.45887812521278E-11));
#2134=CARTESIAN_POINT('Ctrl Pts',(59.2654255492806,213.508041201305,9.45887802214166E-11));
#2135=CARTESIAN_POINT('Ctrl Pts',(59.2982464413317,213.501469560749,1.13275483719474E-10));
#2136=CARTESIAN_POINT('Ctrl Pts',(59.3633280361772,213.474459149039,1.13275481272829E-10));
#2137=CARTESIAN_POINT('Ctrl Pts',(59.3899775940467,213.454141624116,1.13278384981837E-10));
#2138=CARTESIAN_POINT('Ctrl Pts',(59.4325891785356,213.411591302262,1.13278383009256E-10));
#2139=CARTESIAN_POINT('Ctrl Pts',(59.4508858091508,213.384229957159,1.13279900077722E-10));
#2140=CARTESIAN_POINT('Ctrl Pts',(59.4760052387672,213.323641035527,1.13279898385619E-10));
#2141=CARTESIAN_POINT('Ctrl Pts',(59.4826075324017,213.290858911511,9.45886631566611E-11));
#2142=CARTESIAN_POINT('Ctrl Pts',(59.4826075324017,213.258041201305,9.45886626674577E-11));
#2143=CARTESIAN_POINT('Origin',(50.4826075323981,204.508041201305,9.45883371628042E-11));
#2144=CARTESIAN_POINT('',(59.2326075324017,195.508041201305,9.45883371628042E-11));
#2145=CARTESIAN_POINT('Ctrl Pts',(59.4826075324017,195.758041201305,9.45887812520141E-11));
#2146=CARTESIAN_POINT('Ctrl Pts',(59.4826075324017,195.725223491084,9.45887807628107E-11));
#2147=CARTESIAN_POINT('Ctrl Pts',(59.4760052387533,195.692441367063,1.20020316393085E-10));
#2148=CARTESIAN_POINT('Ctrl Pts',(59.4508858091391,195.631852445455,1.20020316278828E-10));
#2149=CARTESIAN_POINT('Ctrl Pts',(59.4325891785282,195.604491100355,1.20020695507458E-10));
#2150=CARTESIAN_POINT('Ctrl Pts',(59.3899775940283,195.56194077849,1.2002069621147E-10));
#2151=CARTESIAN_POINT('Ctrl Pts',(59.3633280361604,195.541623253577,1.20021235820206E-10));
#2152=CARTESIAN_POINT('Ctrl Pts',(59.2982464413694,195.514612841887,1.2002123746158E-10));
#2153=CARTESIAN_POINT('Ctrl Pts',(59.2654255493014,195.508041201305,9.4588711916566E-11));
#2154=CARTESIAN_POINT('Ctrl Pts',(59.2326075324017,195.508041201305,9.45887129472772E-11));
#2155=CARTESIAN_POINT('',(41.7326075323981,195.508041201305,9.45883371628042E-11));
#2156=CARTESIAN_POINT('Ctrl Pts',(48.4263574499382,211.617886189699,7.46872587736159));
#2157=CARTESIAN_POINT('Ctrl Pts',(48.4263576014629,203.47851734348,7.1854367009768));
#2158=CARTESIAN_POINT('Ctrl Pts',(49.1867218649568,211.617745204006,7.47277703730168));
#2159=CARTESIAN_POINT('Ctrl Pts',(49.1867220164815,203.478376357787,7.18948786091689));
#2160=CARTESIAN_POINT('Ctrl Pts',(49.9470492226101,211.61710472632,7.49117943285523));
#2161=CARTESIAN_POINT('Ctrl Pts',(49.9470493741348,203.477735880101,7.20789025647044));
#2162=CARTESIAN_POINT('Ctrl Pts',(52.0737294769569,211.613908340201,7.58301805551227));
#2163=CARTESIAN_POINT('Ctrl Pts',(52.0737296284816,203.474539493982,7.29972887912748));
#2164=CARTESIAN_POINT('Ctrl Pts',(53.4380538689074,211.610230176244,7.68869854882111));
#2165=CARTESIAN_POINT('Ctrl Pts',(53.4380540204321,203.470861330025,7.40540937243632));
#2166=CARTESIAN_POINT('Ctrl Pts',(55.118933180569,211.60369510801,7.87646281885925));
#2167=CARTESIAN_POINT('Ctrl Pts',(55.1189333320937,203.464326261791,7.59317364247446));
#2168=CARTESIAN_POINT('Ctrl Pts',(55.4425664097434,211.602344083854,7.91528016117798));
#2169=CARTESIAN_POINT('Ctrl Pts',(55.4425665612681,203.462975237635,7.63199098479319));
#2170=CARTESIAN_POINT('Ctrl Pts',(55.7657050251073,211.60090269176,7.95669392440916));
#2171=CARTESIAN_POINT('Ctrl Pts',(55.765705176632,203.461533845541,7.67340474802437));
#2172=CARTESIAN_POINT('',(48.4263575323967,207.188409646144,7.31455879321199));
#2173=CARTESIAN_POINT('',(48.4263575323967,211.617886189684,7.46872587780088));
#2174=CARTESIAN_POINT('',(50.7817259779814,204.833041201381,7.29119695761574));
#2175=CARTESIAN_POINT('Ctrl Pts',(50.7817259779745,204.833041201312,7.29119695776999));
#2176=CARTESIAN_POINT('Ctrl Pts',(51.6148339073986,204.833041201311,7.328263448127));
#2177=CARTESIAN_POINT('Ctrl Pts',(52.4473392255275,204.833041201311,7.38268863002726));
#2178=CARTESIAN_POINT('Ctrl Pts',(53.2781846180753,204.833041201311,7.45436226736579));
#2179=CARTESIAN_POINT('Ctrl Pts',(53.7844502945176,204.833041201311,7.49803573876702));
#2180=CARTESIAN_POINT('Ctrl Pts',(54.2899527445507,204.83304120131,7.54809724321621));
#2181=CARTESIAN_POINT('Ctrl Pts',(54.7948645115821,204.83304120131,7.60456722997199));
#2182=CARTESIAN_POINT('Ctrl Pts',(55.118705946342,204.83304120131,7.64078607596836));
#2183=CARTESIAN_POINT('Ctrl Pts',(55.4423042704279,204.83304120131,7.6796422157917));
#2184=CARTESIAN_POINT('Ctrl Pts',(55.765705151096,204.833041201309,7.72113979929901));
#2185=CARTESIAN_POINT('Ctrl Pts',(48.426357532402,207.188409646144,7.31455879321203));
#2186=CARTESIAN_POINT('Ctrl Pts',(48.5868294875463,207.16895217207,7.31473759670771));
#2187=CARTESIAN_POINT('Ctrl Pts',(48.7449807441168,207.135152892442,7.31504952226405));
#2188=CARTESIAN_POINT('Ctrl Pts',(48.8989364416471,207.087550237492,7.31541997942585));
#2189=CARTESIAN_POINT('Ctrl Pts',(49.0412944233305,207.04353356263,7.31576252948862));
#2190=CARTESIAN_POINT('Ctrl Pts',(49.1800651204078,206.987714871036,7.31615420068422));
#2191=CARTESIAN_POINT('Ctrl Pts',(49.3137684137329,206.920521225694,7.3164964470843));
#2192=CARTESIAN_POINT('Ctrl Pts',(49.494254186732,206.82981667595,7.31695844472504));
#2193=CARTESIAN_POINT('Ctrl Pts',(49.6635618718564,206.719361114028,7.3173248730735));
#2194=CARTESIAN_POINT('Ctrl Pts',(49.8187004568685,206.591483530387,7.31728649332829));
#2195=CARTESIAN_POINT('Ctrl Pts',(49.9359932844369,206.494801435687,7.31725747624762));
#2196=CARTESIAN_POINT('Ctrl Pts',(50.0451870785304,206.388160722757,7.31699526839294));
#2197=CARTESIAN_POINT('Ctrl Pts',(50.1449924880281,206.272568383467,7.31635269751411));
#2198=CARTESIAN_POINT('Ctrl Pts',(50.2690558949263,206.128880987204,7.31555394789921));
#2199=CARTESIAN_POINT('Ctrl Pts',(50.3774466462372,205.972710397009,7.31417082968761));
#2200=CARTESIAN_POINT('Ctrl Pts',(50.4685058144265,205.806735996174,7.31196944266025));
#2201=CARTESIAN_POINT('Ctrl Pts',(50.5128266776508,205.725951942636,7.31089797039356));
#2202=CARTESIAN_POINT('Ctrl Pts',(50.5530416860008,205.642845322574,7.30963329145036));
#2203=CARTESIAN_POINT('Ctrl Pts',(50.5889596086385,205.557724922141,7.3081531460686));
#2204=CARTESIAN_POINT('Ctrl Pts',(50.635756274011,205.446823438901,7.30622469745449));
#2205=CARTESIAN_POINT('Ctrl Pts',(50.6750154928017,205.333080034,7.30393974768827));
#2206=CARTESIAN_POINT('Ctrl Pts',(50.7065426149798,205.217272929638,7.30127222087011));
#2207=CARTESIAN_POINT('Ctrl Pts',(50.740836219656,205.091303834417,7.29837062047512));
#2208=CARTESIAN_POINT('Ctrl Pts',(50.7659811653967,204.962892988601,7.2950159090942));
#2209=CARTESIAN_POINT('Ctrl Pts',(50.7817259790976,204.833041201511,7.29119695782687));
#2210=CARTESIAN_POINT('Ctrl Pts',(56.5561462117294,200.350094624744,8.75298160590124));
#2211=CARTESIAN_POINT('Ctrl Pts',(57.5316333186202,198.819410150267,5.83532107063236));
#2212=CARTESIAN_POINT('Ctrl Pts',(58.5071204255109,197.288725675782,2.91766053536347));
#2213=CARTESIAN_POINT('Ctrl Pts',(59.4826075324017,195.758041201305,9.45883371628042E-11));
#2214=CARTESIAN_POINT('Ctrl Pts',(56.5561462117294,200.093951159441,8.7440783494391));
#2215=CARTESIAN_POINT('Ctrl Pts',(57.5314855417892,198.636238318832,5.82938789105977));
#2216=CARTESIAN_POINT('Ctrl Pts',(58.5072682023419,197.17835412937,2.91469045847392));
#2217=CARTESIAN_POINT('Ctrl Pts',(59.4826075324017,195.720641288761,9.45883371628042E-11));
#2218=CARTESIAN_POINT('Ctrl Pts',(56.4680041799038,199.71023704017,8.73074088167307));
#2219=CARTESIAN_POINT('Ctrl Pts',(57.4685657007249,198.361704083574,5.82049424116008));
#2220=CARTESIAN_POINT('Ctrl Pts',(58.4691840494015,197.013147539845,2.91024664060758));
#2221=CARTESIAN_POINT('Ctrl Pts',(59.4697455702226,195.664614583249,9.45878930735944E-11));
#2222=CARTESIAN_POINT('Ctrl Pts',(56.1250160342533,199.164344781355,8.71176628563908));
#2223=CARTESIAN_POINT('Ctrl Pts',(57.2231799955553,197.971248480033,5.80784619687136));
#2224=CARTESIAN_POINT('Ctrl Pts',(58.3215317012291,196.778004292355,2.90392008886231));
#2225=CARTESIAN_POINT('Ctrl Pts',(59.419695662531,195.584907991033,9.45874489843845E-11));
#2226=CARTESIAN_POINT('Ctrl Pts',(55.6117616003976,198.754803898053,8.69753110883513));
#2227=CARTESIAN_POINT('Ctrl Pts',(56.8560624993006,197.678265847884,5.79835515076161));
#2228=CARTESIAN_POINT('Ctrl Pts',(58.1004990642723,196.601648329015,2.89917595816811));
#2229=CARTESIAN_POINT('Ctrl Pts',(59.3447999631753,195.525110278846,9.45887812520141E-11));
#2230=CARTESIAN_POINT('Ctrl Pts',(55.0992142588329,198.637901681686,8.69346772032753));
#2231=CARTESIAN_POINT('Ctrl Pts',(56.4895385096861,197.594666919482,5.79564726603901));
#2232=CARTESIAN_POINT('Ctrl Pts',(57.8796831940926,196.551275963509,2.89782045438311));
#2233=CARTESIAN_POINT('Ctrl Pts',(59.2700074449458,195.508041201305,9.45883371628042E-11));
#2234=CARTESIAN_POINT('Ctrl Pts',(54.8429155513841,198.637901681686,8.69346772032753));
#2235=CARTESIAN_POINT('Ctrl Pts',(56.3061462117221,197.59461485489,5.79564514691655));
#2236=CARTESIAN_POINT('Ctrl Pts',(57.7693768720637,196.551328028101,2.89782257350557));
#2237=CARTESIAN_POINT('Ctrl Pts',(59.2326075324017,195.508041201305,9.45883371628042E-11));
#2238=CARTESIAN_POINT('',(54.7326075324163,198.716551552963,8.9119247798044));
#2239=CARTESIAN_POINT('Origin',(54.7326075324163,198.716551552963,8.9119247798044));
#2240=CARTESIAN_POINT('Origin',(48.1013575323923,204.508041201319,9.38191746513439E-11));
#2241=CARTESIAN_POINT('',(47.7763575323952,201.827672756495,4.33274910222286));
#2242=CARTESIAN_POINT('',(48.1013575323923,201.808041201319,4.33274910222286));
#2243=CARTESIAN_POINT('Origin',(48.1013575323923,204.508041201319,4.33274910222286));
#2244=CARTESIAN_POINT('',(47.7763575323916,201.827672756503,7.12801120672419));
#2245=CARTESIAN_POINT('',(45.4209890875718,204.183041201315,4.33274910222286));
#2246=CARTESIAN_POINT('',(45.4209890875718,204.183041201308,9.38191746513439E-11));
#2247=CARTESIAN_POINT('',(45.4209890875682,204.833041201309,4.33274910222286));
#2248=CARTESIAN_POINT('Origin',(48.1013575323923,204.508041201319,4.33274910222286));
#2249=CARTESIAN_POINT('',(45.4209890875754,204.833041201324,7.29134911037092));
#2250=CARTESIAN_POINT('',(47.7763575323952,207.188409646144,4.33274910222286));
#2251=CARTESIAN_POINT('',(47.7763575323952,207.188409646144,4.33274910222286));
#2252=CARTESIAN_POINT('',(48.4263575323967,207.188409646144,4.33274910222286));
#2253=CARTESIAN_POINT('Origin',(48.1013575323923,204.508041201319,4.33274910222286));
#2254=CARTESIAN_POINT('',(48.4263575323967,207.188409646144,9.38191746513439E-11));
#2255=CARTESIAN_POINT('',(50.7817259772164,204.833041201309,4.33274910222286));
#2256=CARTESIAN_POINT('',(50.7817259772164,204.833041201309,4.33274910222286));
#2257=CARTESIAN_POINT('',(50.7817259772128,204.183041201308,4.33274910222286));
#2258=CARTESIAN_POINT('Origin',(48.1013575323923,204.508041201319,4.33274910222286));
#2259=CARTESIAN_POINT('',(50.7817259772128,204.183041201308,9.38191746513439E-11));
#2260=CARTESIAN_POINT('',(48.4263575323967,201.827672756495,4.33274910222286));
#2261=CARTESIAN_POINT('',(48.4263575323967,201.827672756495,9.38191746513439E-11));
#2262=CARTESIAN_POINT('Origin',(48.1013575323923,204.508041201319,4.33274910222286));
#2263=CARTESIAN_POINT('',(48.1013575323923,201.808041201322,0.200000000093819));
#2264=CARTESIAN_POINT('',(48.1013575323923,201.808041201319,9.38191746513439E-11));
#2265=CARTESIAN_POINT('Origin',(48.1013575323923,204.508041201319,0.200000000093819));
#2266=CARTESIAN_POINT('Origin',(39.1013575323923,195.516013692322,0.200000000093819));
#2267=CARTESIAN_POINT('',(47.6013575323923,205.008041201319,0.200000000093816));
#2268=CARTESIAN_POINT('',(47.6013575323923,206.508041201319,0.200000000093816));
#2269=CARTESIAN_POINT('',(47.6013575323923,200.262027446821,0.200000000093818));
#2270=CARTESIAN_POINT('',(46.1013575323923,205.008041201319,0.200000000093816));
#2271=CARTESIAN_POINT('',(42.6013575323923,205.008041201319,0.200000000093817));
#2272=CARTESIAN_POINT('',(46.1013575323923,204.008041201319,0.200000000093817));
#2273=CARTESIAN_POINT('',(46.1013575323923,199.762027446821,0.200000000093818));
#2274=CARTESIAN_POINT('',(47.6013575323923,204.008041201319,0.200000000093817));
#2275=CARTESIAN_POINT('',(43.3513575323923,204.008041201319,0.200000000093817));
#2276=CARTESIAN_POINT('',(47.6013575323923,202.508041201319,0.200000000093817));
#2277=CARTESIAN_POINT('',(47.6013575323923,200.262027446821,0.200000000093818));
#2278=CARTESIAN_POINT('',(48.6013575323923,202.508041201319,0.200000000093817));
#2279=CARTESIAN_POINT('',(43.8513575323923,202.508041201319,0.200000000093818));
#2280=CARTESIAN_POINT('',(48.6013575323923,204.008041201319,0.200000000093817));
#2281=CARTESIAN_POINT('',(48.6013575323923,199.762027446821,0.200000000093818));
#2282=CARTESIAN_POINT('',(50.1013575323923,204.008041201319,0.200000000093817));
#2283=CARTESIAN_POINT('',(43.3513575323923,204.008041201319,0.200000000093817));
#2284=CARTESIAN_POINT('',(50.1013575323923,205.008041201319,0.200000000093816));
#2285=CARTESIAN_POINT('',(50.1013575323923,200.262027446821,0.200000000093818));
#2286=CARTESIAN_POINT('',(48.6013575323923,205.008041201319,0.200000000093816));
#2287=CARTESIAN_POINT('',(43.8513575323923,205.008041201319,0.200000000093817));
#2288=CARTESIAN_POINT('',(48.6013575323923,206.508041201319,0.200000000093816));
#2289=CARTESIAN_POINT('',(48.6013575323923,201.012027446821,0.200000000093818));
#2290=CARTESIAN_POINT('',(43.3513575323923,206.508041201319,0.200000000093816));
#2291=CARTESIAN_POINT('Origin',(47.6013575323923,206.508041201319,9.38156219376651E-11));
#2292=CARTESIAN_POINT('',(47.6013575323923,206.508041201319,9.38156219376651E-11));
#2293=CARTESIAN_POINT('',(48.6013575323923,206.508041201319,9.38156219376651E-11));
#2294=CARTESIAN_POINT('Origin',(48.6013575323923,206.508041201319,9.38156219376651E-11));
#2295=CARTESIAN_POINT('',(48.6013575323923,205.008041201319,9.38156219376651E-11));
#2296=CARTESIAN_POINT('Origin',(47.6013575323923,205.008041201319,9.38156219376651E-11));
#2297=CARTESIAN_POINT('',(47.6013575323923,205.008041201319,9.38156219376651E-11));
#2298=CARTESIAN_POINT('Origin',(48.6013575323923,205.008041201319,9.38156219376651E-11));
#2299=CARTESIAN_POINT('',(50.1013575323923,205.008041201319,9.38156219376651E-11));
#2300=CARTESIAN_POINT('Origin',(46.1013575323923,205.008041201319,9.38156219376651E-11));
#2301=CARTESIAN_POINT('',(46.1013575323923,205.008041201319,9.38156219376651E-11));
#2302=CARTESIAN_POINT('Origin',(50.1013575323923,205.008041201319,9.38156219376651E-11));
#2303=CARTESIAN_POINT('',(50.1013575323923,204.008041201319,9.38165101160848E-11));
#2304=CARTESIAN_POINT('Origin',(46.1013575323923,204.008041201319,9.38165101160848E-11));
#2305=CARTESIAN_POINT('',(46.1013575323923,204.008041201319,9.38165101160848E-11));
#2306=CARTESIAN_POINT('Origin',(47.6013575323923,204.008041201319,9.38165101160848E-11));
#2307=CARTESIAN_POINT('',(48.6013575323923,204.008041201319,9.38165101160848E-11));
#2308=CARTESIAN_POINT('Origin',(47.6013575323923,204.008041201319,9.38165101160848E-11));
#2309=CARTESIAN_POINT('',(47.6013575323923,204.008041201319,9.38165101160848E-11));
#2310=CARTESIAN_POINT('Origin',(48.6013575323923,204.008041201319,9.38165101160848E-11));
#2311=CARTESIAN_POINT('',(48.6013575323923,202.508041201319,9.38165101160848E-11));
#2312=CARTESIAN_POINT('Origin',(48.6013575323923,202.508041201319,9.38173982945045E-11));
#2313=CARTESIAN_POINT('',(47.6013575323923,202.508041201319,9.38165101160848E-11));
#2314=CARTESIAN_POINT('Origin',(47.6013575323923,205.008041201319,9.38156219376651E-11));
#2315=CARTESIAN_POINT('Origin',(72.3513575323922,204.833041201302,4.33274910222286));
#2316=CARTESIAN_POINT('',(50.7817259772164,204.833041201309,4.33274910222286));
#2317=CARTESIAN_POINT('Origin',(48.1013575323923,204.833041201309,4.33274910222286));
#2318=CARTESIAN_POINT('',(48.1013575323923,204.183041201308,4.33274910222286));
#2319=CARTESIAN_POINT('Origin',(48.1013575323923,204.183041201308,5.83274910222286));
#2320=CARTESIAN_POINT('Origin',(48.4263575323967,204.508041201305,5.83274910222286));
#2321=CARTESIAN_POINT('',(48.4263575323967,204.508041201305,4.33274910222286));
#2322=CARTESIAN_POINT('Origin',(48.1013575323923,204.833041201309,4.33274910222286));
#2323=CARTESIAN_POINT('',(47.7763575323952,198.396479944138,4.33274910222286));
#2324=CARTESIAN_POINT('Origin',(47.7763575323866,172.758041201306,4.33274910222286));
#2325=CARTESIAN_POINT('Origin',(23.8513575323923,204.833041201324,-109.667250897763));
#2326=CARTESIAN_POINT('',(39.4963823525504,204.833041201309,4.33274910222286));
#2327=CARTESIAN_POINT('Origin',(48.1013575323923,204.833041201309,4.33274910222286));
#2328=CARTESIAN_POINT('',(48.1013575323923,204.183041201315,4.33274910222286));
#2329=CARTESIAN_POINT('Origin',(48.1013575323923,204.183041201308,5.83274910222286));
#2330=CARTESIAN_POINT('Origin',(48.4263575323967,204.508041201305,5.83274910222286));
#2331=CARTESIAN_POINT('',(48.4263575323967,204.508041201305,4.33274910222286));
#2332=CARTESIAN_POINT('Origin',(48.1013575323923,204.833041201309,4.33274910222286));
#2333=CARTESIAN_POINT('',(47.7763575323952,207.188409646144,4.33274910222286));
#2334=CARTESIAN_POINT('Origin',(47.7763575323866,172.758041201306,4.33274910222286));
#2335=UNCERTAINTY_MEASURE_WITH_UNIT(LENGTH_MEASURE(0.01),#2339,
'DISTANCE_ACCURACY_VALUE',
'Maximum model space distance between geometric entities at asserted c
onnectivities');
#2336=UNCERTAINTY_MEASURE_WITH_UNIT(LENGTH_MEASURE(0.01),#2339,
'DISTANCE_ACCURACY_VALUE',
'Maximum model space distance between geometric entities at asserted c
onnectivities');
#2337=(
GEOMETRIC_REPRESENTATION_CONTEXT(3)
GLOBAL_UNCERTAINTY_ASSIGNED_CONTEXT((#2335))
GLOBAL_UNIT_ASSIGNED_CONTEXT((#2339,#2341,#2342))
REPRESENTATION_CONTEXT('','3D')
);
#2338=(
GEOMETRIC_REPRESENTATION_CONTEXT(3)
GLOBAL_UNCERTAINTY_ASSIGNED_CONTEXT((#2336))
GLOBAL_UNIT_ASSIGNED_CONTEXT((#2339,#2341,#2342))
REPRESENTATION_CONTEXT('','3D')
);
#2339=(
LENGTH_UNIT()
NAMED_UNIT(*)
SI_UNIT(.MILLI.,.METRE.)
);
#2340=(
LENGTH_UNIT()
NAMED_UNIT(*)
SI_UNIT($,.METRE.)
);
#2341=(
NAMED_UNIT(*)
PLANE_ANGLE_UNIT()
SI_UNIT($,.RADIAN.)
);
#2342=(
NAMED_UNIT(*)
SI_UNIT($,.STERADIAN.)
SOLID_ANGLE_UNIT()
);
#2343=SHAPE_DEFINITION_REPRESENTATION(#2344,#2345);
#2344=PRODUCT_DEFINITION_SHAPE('',$,#2347);
#2345=SHAPE_REPRESENTATION('',(#975),#2337);
#2346=PRODUCT_DEFINITION_CONTEXT('part definition',#2351,'design');
#2347=PRODUCT_DEFINITION('2026-08-16-11-31-18-944','1.25u keycap',#2348,
#2346);
#2348=PRODUCT_DEFINITION_FORMATION('',$,#2353);
#2349=PRODUCT_RELATED_PRODUCT_CATEGORY('1.25u keycap','1.25u keycap',(#2353));
#2350=APPLICATION_PROTOCOL_DEFINITION('international standard',
'automotive_design',2009,#2351);
#2351=APPLICATION_CONTEXT(
'Core Data for Automotive Mechanical Design Process');
#2352=PRODUCT_CONTEXT('part definition',#2351,'mechanical');
#2353=PRODUCT('2026-08-16-11-31-18-944','1.25u keycap',$,(#2352));
#2354=PRESENTATION_STYLE_ASSIGNMENT((#2356));
#2355=PRESENTATION_STYLE_ASSIGNMENT((#2357));
#2356=SURFACE_STYLE_USAGE(.BOTH.,#2358);
#2357=SURFACE_STYLE_USAGE(.BOTH.,#2359);
#2358=SURFACE_SIDE_STYLE('',(#2360));
#2359=SURFACE_SIDE_STYLE('',(#2361));
#2360=SURFACE_STYLE_FILL_AREA(#2362);
#2361=SURFACE_STYLE_FILL_AREA(#2363);
#2362=FILL_AREA_STYLE('Steel - Satin',(#2364));
#2363=FILL_AREA_STYLE('Opaque(255,255,255)',(#2365));
#2364=FILL_AREA_STYLE_COLOUR('Steel - Satin',#2366);
#2365=FILL_AREA_STYLE_COLOUR('Opaque(255,255,255)',#2367);
#2366=COLOUR_RGB('Steel - Satin',0.627450980392157,0.627450980392157,0.627450980392157);
#2367=COLOUR_RGB('Opaque(255,255,255)',1.,1.,1.);
ENDSEC;
END-ISO-10303-21;
