ISO-10303-21;
HEADER;
/* Generated by software containing ST-Developer
 * from STEP Tools, Inc. (www.steptools.com) 
 */

FILE_DESCRIPTION(
/* description */ (''),
/* implementation_level */ '2;1');

FILE_NAME(
/* name */ '1.5u keycap.step',
/* time_stamp */ '2026-08-16T11:31:29-07:00',
/* author */ (''),
/* organization */ (''),
/* preprocessor_version */ 'ST-DEVELOPER v20.1',
/* originating_system */ 'Autodesk Translation Framework v15.8.0.0',
/* authorisation */ '');

FILE_SCHEMA (('AUTOMOTIVE_DESIGN { 1 0 10303 214 3 1 1 }'));
ENDSEC;

DATA;
#10=MECHANICAL_DESIGN_GEOMETRIC_PRESENTATION_REPRESENTATION('',(#13),#2232);
#11=SHAPE_REPRESENTATION_RELATIONSHIP('SRR','None',#2239,#12);
#12=ADVANCED_BREP_SHAPE_REPRESENTATION('',(#14),#2231);
#13=STYLED_ITEM('',(#2249),#14);
#14=MANIFOLD_SOLID_BREP('Body1',#962);
#15=FACE_BOUND('',#139,.T.);
#16=FACE_BOUND('',#145,.T.);
#17=CYLINDRICAL_SURFACE('',#993,97.0792688408495);
#18=CYLINDRICAL_SURFACE('',#1002,2.7);
#19=ELLIPSE('',#984,70.3844695945007,50.27296534124);
#20=ELLIPSE('',#985,70.3844542618144,50.2729433249094);
#21=ELLIPSE('',#989,78.3638148743672,67.7842933597897);
#22=ELLIPSE('',#991,78.1625295488894,67.6342078885401);
#23=ELLIPSE('',#994,84.008285236799,72.678466432556);
#24=ELLIPSE('',#997,84.2246246408309,72.8651577101597);
#25=CIRCLE('',#978,98.1201889777679);
#26=CIRCLE('',#979,98.2501402644316);
#27=CIRCLE('',#980,98.250140262213);
#28=CIRCLE('',#981,98.1201889422654);
#29=CIRCLE('',#982,97.9566147599514);
#30=CIRCLE('',#983,97.9566147352964);
#31=CIRCLE('',#988,0.24999999999993);
#32=CIRCLE('',#990,0.250000000000001);
#33=CIRCLE('',#992,0.249999999999999);
#34=CIRCLE('',#995,0.250000000000001);
#35=CIRCLE('',#996,0.250000000000554);
#36=CIRCLE('',#998,0.25);
#37=CIRCLE('',#1003,2.7);
#38=CIRCLE('',#1004,2.7);
#39=CIRCLE('',#1005,2.7);
#40=CIRCLE('',#1006,2.7);
#41=CIRCLE('',#1007,2.7);
#42=CIRCLE('',#1008,2.7);
#43=B_SPLINE_SURFACE_WITH_KNOTS('',3,1,((#1300,#1301),(#1302,#1303),(#1304,
#1305),(#1306,#1307),(#1308,#1309),(#1310,#1311)),.UNSPECIFIED.,.F.,.F.,
 .F.,(4,2,4),(2,2),(0.137444176950338,0.142637671797849,0.178034681499343),
(0.,0.48029598558372),.UNSPECIFIED.);
#44=B_SPLINE_SURFACE_WITH_KNOTS('',3,1,((#1336,#1337),(#1338,#1339),(#1340,
#1341),(#1342,#1343),(#1344,#1345),(#1346,#1347)),.UNSPECIFIED.,.F.,.F.,
 .F.,(4,2,4),(2,2),(0.0577248995037658,0.142637671797849,0.154442592070463),
(0.,0.81452879505055),.UNSPECIFIED.);
#45=B_SPLINE_SURFACE_WITH_KNOTS('',3,1,((#1391,#1392),(#1393,#1394),(#1395,
#1396),(#1397,#1398),(#1399,#1400),(#1401,#1402)),.UNSPECIFIED.,.F.,.F.,
 .F.,(4,2,4),(2,2),(0.161037884442656,0.237729452996441,0.259833011826832),
(0.,0.814528828357043),.UNSPECIFIED.);
#46=B_SPLINE_SURFACE_WITH_KNOTS('',3,1,((#1441,#1442),(#1443,#1444),(#1445,
#1446),(#1447,#1448),(#1449,#1450),(#1451,#1452)),.UNSPECIFIED.,.F.,.F.,
 .F.,(4,2,4),(2,2),(0.057726864955881,0.142637671797849,0.154442590221041),
(0.,0.579745014781636),.UNSPECIFIED.);
#47=B_SPLINE_SURFACE_WITH_KNOTS('',3,3,((#1532,#1533,#1534,#1535),(#1536,
#1537,#1538,#1539),(#1540,#1541,#1542,#1543),(#1544,#1545,#1546,#1547)),
 .UNSPECIFIED.,.F.,.F.,.F.,(4,4),(4,4),(-4.27945789287342E-14,1.00000000000001),
(0.0253151342305038,1.),.UNSPECIFIED.);
#48=B_SPLINE_SURFACE_WITH_KNOTS('',3,3,((#1561,#1562,#1563,#1564,#1565,
#1566,#1567),(#1568,#1569,#1570,#1571,#1572,#1573,#1574),(#1575,#1576,#1577,
#1578,#1579,#1580,#1581),(#1582,#1583,#1584,#1585,#1586,#1587,#1588),(#1589,
#1590,#1591,#1592,#1593,#1594,#1595)),.UNSPECIFIED.,.F.,.F.,.F.,(4,1,4),
(4,1,1,1,4),(0.,0.571428571428571,1.),(0.,0.327640340626392,0.982921021879176,
1.63820170313196,2.29348238438474),.UNSPECIFIED.);
#49=B_SPLINE_SURFACE_WITH_KNOTS('',3,3,((#1620,#1621,#1622,#1623),(#1624,
#1625,#1626,#1627),(#1628,#1629,#1630,#1631),(#1632,#1633,#1634,#1635),
(#1636,#1637,#1638,#1639)),.UNSPECIFIED.,.F.,.F.,.F.,(4,1,4),(4,4),(0.,
0.571428571428571,1.),(0.,18.429072974144),.UNSPECIFIED.);
#50=B_SPLINE_SURFACE_WITH_KNOTS('',3,3,((#1645,#1646,#1647,#1648,#1649,
#1650),(#1651,#1652,#1653,#1654,#1655,#1656),(#1657,#1658,#1659,#1660,#1661,
#1662),(#1663,#1664,#1665,#1666,#1667,#1668),(#1669,#1670,#1671,#1672,#1673,
#1674)),.UNSPECIFIED.,.F.,.F.,.F.,(4,1,4),(4,1,1,4),(0.,0.571428571428571,
1.),(-4.16794948936821E-14,0.98292102282959,1.63820170471601,2.29348238660243),
 .UNSPECIFIED.);
#51=B_SPLINE_SURFACE_WITH_KNOTS('',3,3,((#1693,#1694,#1695,#1696,#1697),
(#1698,#1699,#1700,#1701,#1702),(#1703,#1704,#1705,#1706,#1707),(#1708,
#1709,#1710,#1711,#1712),(#1713,#1714,#1715,#1716,#1717)),.UNSPECIFIED.,
 .F.,.F.,.F.,(4,1,4),(4,1,4),(0.,0.571428571428571,1.),(-1.31625828583926E-12,
4.57813311087329,10.6823105920394),.UNSPECIFIED.);
#52=B_SPLINE_SURFACE_WITH_KNOTS('',3,3,((#1755,#1756,#1757,#1758,#1759,
#1760,#1761),(#1762,#1763,#1764,#1765,#1766,#1767,#1768),(#1769,#1770,#1771,
#1772,#1773,#1774,#1775),(#1776,#1777,#1778,#1779,#1780,#1781,#1782),(#1783,
#1784,#1785,#1786,#1787,#1788,#1789)),.UNSPECIFIED.,.F.,.F.,.F.,(4,1,4),
(4,1,1,1,4),(0.,0.571428571428571,1.),(0.,0.319819612457575,0.959458837372724,
1.59909806228787,2.23873728720302),.UNSPECIFIED.);
#53=B_SPLINE_SURFACE_WITH_KNOTS('',3,3,((#1800,#1801,#1802,#1803),(#1804,
#1805,#1806,#1807),(#1808,#1809,#1810,#1811),(#1812,#1813,#1814,#1815),
(#1816,#1817,#1818,#1819)),.UNSPECIFIED.,.F.,.F.,.F.,(4,1,4),(4,4),(0.,
0.571428571428571,1.),(0.,18.4756835665187),.UNSPECIFIED.);
#54=B_SPLINE_SURFACE_WITH_KNOTS('',3,3,((#1823,#1824,#1825,#1826,#1827,
#1828),(#1829,#1830,#1831,#1832,#1833,#1834),(#1835,#1836,#1837,#1838,#1839,
#1840),(#1841,#1842,#1843,#1844,#1845,#1846),(#1847,#1848,#1849,#1850,#1851,
#1852)),.UNSPECIFIED.,.F.,.F.,.F.,(4,1,4),(4,1,1,4),(0.,0.571428571428571,
1.),(5.20359562641525E-14,4.57813310495183,7.63022184158634,10.6823105782209),
 .UNSPECIFIED.);
#55=B_SPLINE_SURFACE_WITH_KNOTS('',3,3,((#1853,#1854,#1855,#1856,#1857,
#1858),(#1859,#1860,#1861,#1862,#1863,#1864),(#1865,#1866,#1867,#1868,#1869,
#1870),(#1871,#1872,#1873,#1874,#1875,#1876),(#1877,#1878,#1879,#1880,#1881,
#1882)),.UNSPECIFIED.,.F.,.F.,.F.,(4,1,4),(4,1,1,4),(0.,0.571428571428571,
1.),(0.,0.959469325857935,1.59911554309656,2.23876176033518),
 .UNSPECIFIED.);
#56=B_SPLINE_SURFACE_WITH_KNOTS('',3,3,((#1889,#1890,#1891,#1892),(#1893,
#1894,#1895,#1896),(#1897,#1898,#1899,#1900),(#1901,#1902,#1903,#1904),
(#1905,#1906,#1907,#1908),(#1909,#1910,#1911,#1912),(#1913,#1914,#1915,
#1916)),.UNSPECIFIED.,.F.,.F.,.F.,(4,1,1,1,4),(4,4),(-9.98412936013388E-5,
0.285714285714289,0.428571428571435,0.714285714285727,1.00009984127898),
(0.0235959062737504,1.),.UNSPECIFIED.);
#57=B_SPLINE_SURFACE_WITH_KNOTS('',3,3,((#1931,#1932,#1933,#1934),(#1935,
#1936,#1937,#1938),(#1939,#1940,#1941,#1942),(#1943,#1944,#1945,#1946)),
 .UNSPECIFIED.,.F.,.F.,.F.,(4,4),(4,4),(-1.79109587125235E-15,1.00000000000012),
(0.0253151392610662,1.),.UNSPECIFIED.);
#58=B_SPLINE_SURFACE_WITH_KNOTS('',3,3,((#1950,#1951,#1952,#1953),(#1954,
#1955,#1956,#1957),(#1958,#1959,#1960,#1961),(#1962,#1963,#1964,#1965),
(#1966,#1967,#1968,#1969),(#1970,#1971,#1972,#1973),(#1974,#1975,#1976,
#1977)),.UNSPECIFIED.,.F.,.F.,.F.,(4,1,1,1,4),(4,4),(-0.000175280285456264,
0.285714285714285,0.428571428571428,0.714285714285714,1.00017528028557),
(0.0246773543406035,1.),.UNSPECIFIED.);
#59=B_SPLINE_SURFACE_WITH_KNOTS('',3,3,((#1994,#1995,#1996,#1997),(#1998,
#1999,#2000,#2001),(#2002,#2003,#2004,#2005),(#2006,#2007,#2008,#2009),
(#2010,#2011,#2012,#2013),(#2014,#2015,#2016,#2017),(#2018,#2019,#2020,
#2021)),.UNSPECIFIED.,.F.,.F.,.F.,(4,1,1,1,4),(4,4),(-1.59303410709583E-5,
0.285714285714286,0.571428571428572,0.714285714285714,1.00001593034107),
(0.0246561404849779,1.),.UNSPECIFIED.);
#60=B_SPLINE_SURFACE_WITH_KNOTS('',3,1,((#2045,#2046),(#2047,#2048),(#2049,
#2050),(#2051,#2052),(#2053,#2054),(#2055,#2056)),.UNSPECIFIED.,.F.,.F.,
 .F.,(4,2,4),(2,2),(0.161037882962035,0.237729452996441,0.26042103478904),
(0.,0.579834926349685),.UNSPECIFIED.);
#61=B_SPLINE_SURFACE_WITH_KNOTS('',3,3,((#2104,#2105,#2106,#2107),(#2108,
#2109,#2110,#2111),(#2112,#2113,#2114,#2115),(#2116,#2117,#2118,#2119),
(#2120,#2121,#2122,#2123),(#2124,#2125,#2126,#2127),(#2128,#2129,#2130,
#2131)),.UNSPECIFIED.,.F.,.F.,.F.,(4,1,1,1,4),(4,4),(-0.000322807727983531,
0.285714285714275,0.42857142857142,0.714285714285712,1.00032280774349),
(0.0233729392627287,1.),.UNSPECIFIED.);
#62=FACE_OUTER_BOUND('',#115,.T.);
#63=FACE_OUTER_BOUND('',#116,.T.);
#64=FACE_OUTER_BOUND('',#117,.T.);
#65=FACE_OUTER_BOUND('',#118,.T.);
#66=FACE_OUTER_BOUND('',#119,.T.);
#67=FACE_OUTER_BOUND('',#120,.T.);
#68=FACE_OUTER_BOUND('',#121,.T.);
#69=FACE_OUTER_BOUND('',#122,.T.);
#70=FACE_OUTER_BOUND('',#123,.T.);
#71=FACE_OUTER_BOUND('',#124,.T.);
#72=FACE_OUTER_BOUND('',#125,.T.);
#73=FACE_OUTER_BOUND('',#126,.T.);
#74=FACE_OUTER_BOUND('',#127,.T.);
#75=FACE_OUTER_BOUND('',#128,.T.);
#76=FACE_OUTER_BOUND('',#129,.T.);
#77=FACE_OUTER_BOUND('',#130,.T.);
#78=FACE_OUTER_BOUND('',#131,.T.);
#79=FACE_OUTER_BOUND('',#132,.T.);
#80=FACE_OUTER_BOUND('',#133,.T.);
#81=FACE_OUTER_BOUND('',#134,.T.);
#82=FACE_OUTER_BOUND('',#135,.T.);
#83=FACE_OUTER_BOUND('',#136,.T.);
#84=FACE_OUTER_BOUND('',#137,.T.);
#85=FACE_OUTER_BOUND('',#138,.T.);
#86=FACE_OUTER_BOUND('',#140,.T.);
#87=FACE_OUTER_BOUND('',#141,.T.);
#88=FACE_OUTER_BOUND('',#142,.T.);
#89=FACE_OUTER_BOUND('',#143,.T.);
#90=FACE_OUTER_BOUND('',#144,.T.);
#91=FACE_OUTER_BOUND('',#146,.T.);
#92=FACE_OUTER_BOUND('',#147,.T.);
#93=FACE_OUTER_BOUND('',#148,.T.);
#94=FACE_OUTER_BOUND('',#149,.T.);
#95=FACE_OUTER_BOUND('',#150,.T.);
#96=FACE_OUTER_BOUND('',#151,.T.);
#97=FACE_OUTER_BOUND('',#152,.T.);
#98=FACE_OUTER_BOUND('',#153,.T.);
#99=FACE_OUTER_BOUND('',#154,.T.);
#100=FACE_OUTER_BOUND('',#155,.T.);
#101=FACE_OUTER_BOUND('',#156,.T.);
#102=FACE_OUTER_BOUND('',#157,.T.);
#103=FACE_OUTER_BOUND('',#158,.T.);
#104=FACE_OUTER_BOUND('',#159,.T.);
#105=FACE_OUTER_BOUND('',#160,.T.);
#106=FACE_OUTER_BOUND('',#161,.T.);
#107=FACE_OUTER_BOUND('',#162,.T.);
#108=FACE_OUTER_BOUND('',#163,.T.);
#109=FACE_OUTER_BOUND('',#164,.T.);
#110=FACE_OUTER_BOUND('',#165,.T.);
#111=FACE_OUTER_BOUND('',#166,.T.);
#112=FACE_OUTER_BOUND('',#167,.T.);
#113=FACE_OUTER_BOUND('',#168,.T.);
#114=FACE_OUTER_BOUND('',#169,.T.);
#115=EDGE_LOOP('',(#599,#600,#601,#602,#603,#604,#605,#606));
#116=EDGE_LOOP('',(#607,#608,#609,#610,#611,#612,#613,#614));
#117=EDGE_LOOP('',(#615,#616,#617,#618,#619,#620,#621,#622,#623,#624,#625,
#626));
#118=EDGE_LOOP('',(#627,#628,#629,#630,#631));
#119=EDGE_LOOP('',(#632,#633,#634,#635,#636));
#120=EDGE_LOOP('',(#637,#638,#639,#640,#641));
#121=EDGE_LOOP('',(#642,#643,#644,#645,#646,#647,#648,#649));
#122=EDGE_LOOP('',(#650,#651,#652,#653,#654,#655,#656,#657));
#123=EDGE_LOOP('',(#658,#659,#660,#661));
#124=EDGE_LOOP('',(#662,#663,#664,#665));
#125=EDGE_LOOP('',(#666,#667,#668,#669));
#126=EDGE_LOOP('',(#670,#671,#672,#673));
#127=EDGE_LOOP('',(#674,#675,#676,#677));
#128=EDGE_LOOP('',(#678,#679,#680,#681,#682,#683,#684,#685));
#129=EDGE_LOOP('',(#686,#687,#688,#689));
#130=EDGE_LOOP('',(#690,#691,#692,#693));
#131=EDGE_LOOP('',(#694,#695,#696,#697));
#132=EDGE_LOOP('',(#698,#699,#700,#701));
#133=EDGE_LOOP('',(#702,#703,#704,#705));
#134=EDGE_LOOP('',(#706,#707,#708,#709));
#135=EDGE_LOOP('',(#710,#711,#712,#713));
#136=EDGE_LOOP('',(#714,#715,#716,#717));
#137=EDGE_LOOP('',(#718,#719,#720,#721));
#138=EDGE_LOOP('',(#722,#723,#724,#725,#726,#727,#728,#729));
#139=EDGE_LOOP('',(#730,#731,#732,#733));
#140=EDGE_LOOP('',(#734,#735,#736,#737,#738));
#141=EDGE_LOOP('',(#739,#740,#741,#742));
#142=EDGE_LOOP('',(#743,#744,#745,#746));
#143=EDGE_LOOP('',(#747,#748,#749,#750,#751,#752,#753,#754,#755,#756,#757,
#758,#759,#760,#761,#762,#763,#764,#765,#766));
#144=EDGE_LOOP('',(#767));
#145=EDGE_LOOP('',(#768,#769,#770,#771,#772,#773,#774,#775,#776,#777,#778,
#779));
#146=EDGE_LOOP('',(#780,#781,#782,#783));
#147=EDGE_LOOP('',(#784,#785,#786,#787));
#148=EDGE_LOOP('',(#788,#789,#790,#791));
#149=EDGE_LOOP('',(#792,#793,#794,#795));
#150=EDGE_LOOP('',(#796,#797,#798,#799));
#151=EDGE_LOOP('',(#800,#801,#802,#803));
#152=EDGE_LOOP('',(#804,#805,#806,#807));
#153=EDGE_LOOP('',(#808,#809,#810,#811));
#154=EDGE_LOOP('',(#812,#813,#814,#815));
#155=EDGE_LOOP('',(#816,#817,#818,#819));
#156=EDGE_LOOP('',(#820,#821,#822,#823));
#157=EDGE_LOOP('',(#824,#825,#826,#827));
#158=EDGE_LOOP('',(#828,#829,#830,#831));
#159=EDGE_LOOP('',(#832,#833,#834,#835));
#160=EDGE_LOOP('',(#836,#837,#838,#839));
#161=EDGE_LOOP('',(#840,#841,#842,#843,#844));
#162=EDGE_LOOP('',(#845,#846,#847,#848));
#163=EDGE_LOOP('',(#849,#850,#851,#852));
#164=EDGE_LOOP('',(#853,#854,#855,#856));
#165=EDGE_LOOP('',(#857,#858,#859,#860));
#166=EDGE_LOOP('',(#861,#862,#863,#864));
#167=EDGE_LOOP('',(#865,#866,#867,#868));
#168=EDGE_LOOP('',(#869,#870,#871,#872));
#169=EDGE_LOOP('',(#873,#874,#875,#876));
#170=B_SPLINE_CURVE_WITH_KNOTS('',3,(#1247,#1248,#1249,#1250,#1251,#1252),
 .UNSPECIFIED.,.F.,.F.,(4,2,4),(-0.674619811847672,-0.337310259260275,-1.00000590658178E-6),
 .UNSPECIFIED.);
#171=B_SPLINE_CURVE_WITH_KNOTS('',3,(#1259,#1260,#1261,#1262,#1263,#1264),
 .UNSPECIFIED.,.F.,.F.,(4,2,4),(-0.462466629261659,-0.231233832990412,0.),
 .UNSPECIFIED.);
#172=B_SPLINE_CURVE_WITH_KNOTS('',3,(#1274,#1275,#1276,#1277,#1278,#1279,
#1280,#1281,#1282,#1283,#1284,#1285,#1286),.UNSPECIFIED.,.F.,.F.,(4,3,3,
3,4),(-0.951862575002912,-0.835646385357153,-0.545524405789481,-0.476357595729698,
0.),.UNSPECIFIED.);
#173=B_SPLINE_CURVE_WITH_KNOTS('',3,(#1290,#1291,#1292,#1293,#1294,#1295,
#1296,#1297,#1298,#1299),.UNSPECIFIED.,.F.,.F.,(4,3,3,4),(-0.965607852010004,
-0.755539853730006,-0.48284946248841,-8.24625464336596E-9),
 .UNSPECIFIED.);
#174=B_SPLINE_CURVE_WITH_KNOTS('',3,(#1351,#1352,#1353,#1354,#1355,#1356,
#1357,#1358,#1359,#1360,#1361,#1362,#1363,#1364,#1365,#1366,#1367,#1368,
#1369,#1370,#1371,#1372,#1373,#1374,#1375,#1376,#1377,#1378,#1379,#1380,
#1381,#1382,#1383,#1384,#1385,#1386,#1387),.UNSPECIFIED.,.F.,.F.,(4,3,3,
3,3,3,3,3,3,3,3,3,4),(0.0539676170744416,0.540881969450558,0.606080438613709,
1.04214222762309,1.08283040603254,1.5345044635241,1.83486767998795,2.15322809549701,
2.40086715335823,2.94838256181808,3.0227873166165,3.56092651856938,3.65399464516559),
 .UNSPECIFIED.);
#175=B_SPLINE_CURVE_WITH_KNOTS('',3,(#1404,#1405,#1406,#1407,#1408,#1409,
#1410,#1411,#1412,#1413),.UNSPECIFIED.,.F.,.F.,(4,3,3,4),(-0.737346665366527,
-0.36864866268087,-0.217494678034559,0.),.UNSPECIFIED.);
#176=B_SPLINE_CURVE_WITH_KNOTS('',3,(#1415,#1416,#1417,#1418,#1419,#1420,
#1421,#1422,#1423,#1424,#1425,#1426,#1427,#1428,#1429,#1430,#1431,#1432,
#1433,#1434,#1435,#1436,#1437,#1438,#1439),.UNSPECIFIED.,.F.,.F.,(4,3,3,
3,3,3,3,3,4),(0.0957274728585241,0.636514383026438,0.795723243562181,1.44201199962319,
1.77315667942831,2.49672980351412,2.77176441636494,3.32022247481729,3.69520642403446),
 .UNSPECIFIED.);
#177=B_SPLINE_CURVE_WITH_KNOTS('',3,(#1457,#1458,#1459,#1460,#1461,#1462,
#1463,#1464,#1465,#1466,#1467,#1468,#1469),.UNSPECIFIED.,.F.,.F.,(4,3,3,
3,4),(-0.95330904918075,-0.476135140977106,-0.185636869273566,-0.116364596444599,
-4.57150819919147E-9),.UNSPECIFIED.);
#178=B_SPLINE_CURVE_WITH_KNOTS('',3,(#1474,#1475,#1476,#1477,#1478,#1479,
#1480,#1481,#1482,#1483,#1484,#1485,#1486,#1487,#1488,#1489,#1490,#1491,
#1492,#1493,#1494,#1495,#1496,#1497,#1498,#1499,#1500,#1501),
 .UNSPECIFIED.,.F.,.F.,(4,3,3,3,3,3,3,3,3,4),(0.0935892415143781,0.626358279829831,
1.22108011617953,1.3468823539855,1.50682049439433,2.46272182911044,3.05461203188631,
3.10924809205303,3.64718538059869,3.69170560114356),.UNSPECIFIED.);
#179=B_SPLINE_CURVE_WITH_KNOTS('',3,(#1506,#1507,#1508,#1509,#1510,#1511,
#1512,#1513,#1514,#1515,#1516,#1517,#1518),.UNSPECIFIED.,.F.,.F.,(4,3,3,
3,4),(-0.979375122337901,-0.489775972497324,-0.241868631050213,-0.223485132590285,
0.),.UNSPECIFIED.);
#180=B_SPLINE_CURVE_WITH_KNOTS('',3,(#1555,#1556,#1557,#1558,#1559,#1560),
 .UNSPECIFIED.,.F.,.F.,(4,1,1,4),(-10.6823105782209,-7.63022184158634,-4.57813310495183,
-5.20359562641525E-14),.UNSPECIFIED.);
#181=B_SPLINE_CURVE_WITH_KNOTS('',3,(#1598,#1599,#1600,#1601,#1602),
 .UNSPECIFIED.,.F.,.F.,(4,1,4),(0.,0.571428571428571,1.),.UNSPECIFIED.);
#182=B_SPLINE_CURVE_WITH_KNOTS('',3,(#1604,#1605,#1606,#1607,#1608,#1609,
#1610),.UNSPECIFIED.,.F.,.F.,(4,1,1,1,4),(-2.29348238438474,-1.63820170313196,
-0.982921021879176,-0.327640340626392,0.),.UNSPECIFIED.);
#183=B_SPLINE_CURVE_WITH_KNOTS('',3,(#1613,#1614,#1615,#1616,#1617,#1618,
#1619),.UNSPECIFIED.,.F.,.F.,(4,1,1,1,4),(0.,0.327640340626392,0.982921021879176,
1.63820170313196,2.29348238438474),.UNSPECIFIED.);
#184=B_SPLINE_CURVE_WITH_KNOTS('',3,(#1676,#1677,#1678,#1679,#1680),
 .UNSPECIFIED.,.F.,.F.,(4,1,4),(0.,0.571428571428571,1.),.UNSPECIFIED.);
#185=B_SPLINE_CURVE_WITH_KNOTS('',3,(#1681,#1682,#1683,#1684,#1685,#1686),
 .UNSPECIFIED.,.F.,.F.,(4,1,1,4),(-4.16794948936821E-14,0.98292102282959,
1.63820170471601,2.29348238660243),.UNSPECIFIED.);
#186=B_SPLINE_CURVE_WITH_KNOTS('',3,(#1687,#1688,#1689,#1690,#1691,#1692),
 .UNSPECIFIED.,.F.,.F.,(4,1,1,4),(-2.29348238660243,-1.63820170471601,-0.98292102282959,
4.16794948936821E-14),.UNSPECIFIED.);
#187=B_SPLINE_CURVE_WITH_KNOTS('',3,(#1719,#1720,#1721,#1722,#1723),
 .UNSPECIFIED.,.F.,.F.,(4,1,4),(-1.31625828583926E-12,4.57813311087329,
10.6823105920394),.UNSPECIFIED.);
#188=B_SPLINE_CURVE_WITH_KNOTS('',3,(#1726,#1727,#1728,#1729,#1730),
 .UNSPECIFIED.,.F.,.F.,(4,1,4),(-10.6823105920394,-4.57813311087329,1.31625828583926E-12),
 .UNSPECIFIED.);
#189=B_SPLINE_CURVE_WITH_KNOTS('',3,(#1733,#1734,#1735,#1736,#1737,#1738),
 .UNSPECIFIED.,.F.,.F.,(4,1,1,4),(5.20359562641525E-14,4.57813310495183,
7.63022184158634,10.6823105782209),.UNSPECIFIED.);
#190=B_SPLINE_CURVE_WITH_KNOTS('',3,(#1740,#1741,#1742,#1743,#1744,#1745,
#1746),.UNSPECIFIED.,.F.,.F.,(4,1,1,1,4),(0.,0.319819612457575,0.959458837372724,
1.59909806228787,2.23873728720302),.UNSPECIFIED.);
#191=B_SPLINE_CURVE_WITH_KNOTS('',3,(#1749,#1750,#1751,#1752,#1753,#1754),
 .UNSPECIFIED.,.F.,.F.,(4,1,1,4),(0.,0.959469325857935,1.59911554309656,
2.23876176033518),.UNSPECIFIED.);
#192=B_SPLINE_CURVE_WITH_KNOTS('',3,(#1792,#1793,#1794,#1795,#1796,#1797,
#1798),.UNSPECIFIED.,.F.,.F.,(4,1,1,1,4),(-2.23873728720302,-1.59909806228787,
-0.959458837372724,-0.319819612457575,0.),.UNSPECIFIED.);
#193=B_SPLINE_CURVE_WITH_KNOTS('',3,(#1883,#1884,#1885,#1886,#1887,#1888),
 .UNSPECIFIED.,.F.,.F.,(4,1,1,4),(-2.23876176033518,-1.59911554309656,-0.959469325857935,
0.),.UNSPECIFIED.);
#194=B_SPLINE_CURVE_WITH_KNOTS('',3,(#1921,#1922,#1923,#1924,#1925,#1926,
#1927,#1928,#1929,#1930),.UNSPECIFIED.,.F.,.F.,(4,2,2,2,4),(0.,0.00984531306818024,
0.0196770213954592,0.0278780324238143,0.0350270428090799),.UNSPECIFIED.);
#195=B_SPLINE_CURVE_WITH_KNOTS('',3,(#1980,#1981,#1982,#1983,#1984,#1985,
#1986,#1987,#1988,#1989),.UNSPECIFIED.,.F.,.F.,(4,2,2,2,4),(0.,0.00984531306231686,
0.0196770213837651,0.0278780323858927,0.0350270427380307),.UNSPECIFIED.);
#196=B_SPLINE_CURVE_WITH_KNOTS('',3,(#2022,#2023,#2024,#2025,#2026,#2027,
#2028,#2029,#2030,#2031),.UNSPECIFIED.,.F.,.F.,(4,2,2,2,4),(0.,0.00984540506361917,
0.021139594238913,0.0346795314277761,0.0482382046592227),.UNSPECIFIED.);
#197=B_SPLINE_CURVE_WITH_KNOTS('',3,(#2034,#2035,#2036,#2037,#2038,#2039,
#2040,#2041,#2042,#2043),.UNSPECIFIED.,.F.,.F.,(4,2,2,2,4),(0.,0.0098453130643907,
0.0196770213962514,0.0278780324159882,0.0350270427764157),.UNSPECIFIED.);
#198=B_SPLINE_CURVE_WITH_KNOTS('',3,(#2058,#2059,#2060,#2061,#2062,#2063,
#2064,#2065,#2066,#2067),.UNSPECIFIED.,.F.,.F.,(4,3,3,4),(0.,0.218207453600823,
0.369004078578753,0.738056718199039),.UNSPECIFIED.);
#199=B_SPLINE_CURVE_WITH_KNOTS('',3,(#2070,#2071,#2072,#2073,#2074,#2075,
#2076,#2077,#2078,#2079,#2080,#2081,#2082,#2083,#2084,#2085,#2086,#2087,
#2088,#2089,#2090,#2091,#2092,#2093,#2094,#2095,#2096,#2097,#2098,#2099,
#2100,#2101,#2102,#2103),.UNSPECIFIED.,.F.,.F.,(4,3,3,3,3,3,3,3,3,3,3,4),
(0.0775243110282853,0.573564645786029,0.629174184786393,1.07343554268517,
1.5322636771401,1.80221918273574,2.1203915449933,2.66122521464774,2.75329188805535,
2.98470162054827,3.40348479758961,3.67804376191761),.UNSPECIFIED.);
#200=LINE('',#1241,#285);
#201=LINE('',#1243,#286);
#202=LINE('',#1245,#287);
#203=LINE('',#1254,#288);
#204=LINE('',#1256,#289);
#205=LINE('',#1258,#290);
#206=LINE('',#1268,#291);
#207=LINE('',#1270,#292);
#208=LINE('',#1272,#293);
#209=LINE('',#1288,#294);
#210=LINE('',#1289,#295);
#211=LINE('',#1316,#296);
#212=LINE('',#1320,#297);
#213=LINE('',#1324,#298);
#214=LINE('',#1328,#299);
#215=LINE('',#1332,#300);
#216=LINE('',#1335,#301);
#217=LINE('',#1349,#302);
#218=LINE('',#1390,#303);
#219=LINE('',#1440,#304);
#220=LINE('',#1455,#305);
#221=LINE('',#1471,#306);
#222=LINE('',#1505,#307);
#223=LINE('',#1520,#308);
#224=LINE('',#1521,#309);
#225=LINE('',#1523,#310);
#226=LINE('',#1524,#311);
#227=LINE('',#1527,#312);
#228=LINE('',#1528,#313);
#229=LINE('',#1530,#314);
#230=LINE('',#1531,#315);
#231=LINE('',#1550,#316);
#232=LINE('',#1552,#317);
#233=LINE('',#1554,#318);
#234=LINE('',#1918,#319);
#235=LINE('',#1920,#320);
#236=LINE('',#1948,#321);
#237=LINE('',#1949,#322);
#238=LINE('',#1979,#323);
#239=LINE('',#1992,#324);
#240=LINE('',#1993,#325);
#241=LINE('',#2044,#326);
#242=LINE('',#2069,#327);
#243=LINE('',#2132,#328);
#244=LINE('',#2138,#329);
#245=LINE('',#2140,#330);
#246=LINE('',#2143,#331);
#247=LINE('',#2145,#332);
#248=LINE('',#2148,#333);
#249=LINE('',#2150,#334);
#250=LINE('',#2153,#335);
#251=LINE('',#2155,#336);
#252=LINE('',#2158,#337);
#253=LINE('',#2163,#338);
#254=LINE('',#2165,#339);
#255=LINE('',#2167,#340);
#256=LINE('',#2169,#341);
#257=LINE('',#2171,#342);
#258=LINE('',#2173,#343);
#259=LINE('',#2175,#344);
#260=LINE('',#2177,#345);
#261=LINE('',#2179,#346);
#262=LINE('',#2181,#347);
#263=LINE('',#2183,#348);
#264=LINE('',#2184,#349);
#265=LINE('',#2186,#350);
#266=LINE('',#2187,#351);
#267=LINE('',#2189,#352);
#268=LINE('',#2191,#353);
#269=LINE('',#2193,#354);
#270=LINE('',#2195,#355);
#271=LINE('',#2197,#356);
#272=LINE('',#2199,#357);
#273=LINE('',#2201,#358);
#274=LINE('',#2203,#359);
#275=LINE('',#2205,#360);
#276=LINE('',#2207,#361);
#277=LINE('',#2210,#362);
#278=LINE('',#2212,#363);
#279=LINE('',#2215,#364);
#280=LINE('',#2216,#365);
#281=LINE('',#2220,#366);
#282=LINE('',#2222,#367);
#283=LINE('',#2225,#368);
#284=LINE('',#2227,#369);
#285=VECTOR('',#1038,1.);
#286=VECTOR('',#1039,1.);
#287=VECTOR('',#1040,1.);
#288=VECTOR('',#1041,1.);
#289=VECTOR('',#1042,1.);
#290=VECTOR('',#1043,1.);
#291=VECTOR('',#1046,1.);
#292=VECTOR('',#1047,1.);
#293=VECTOR('',#1048,1.);
#294=VECTOR('',#1049,1.);
#295=VECTOR('',#1050,1.);
#296=VECTOR('',#1053,10.);
#297=VECTOR('',#1056,10.);
#298=VECTOR('',#1059,10.);
#299=VECTOR('',#1062,10.);
#300=VECTOR('',#1065,10.);
#301=VECTOR('',#1068,10.);
#302=VECTOR('',#1069,10.);
#303=VECTOR('',#1072,10.);
#304=VECTOR('',#1073,10.);
#305=VECTOR('',#1074,10.);
#306=VECTOR('',#1075,10.);
#307=VECTOR('',#1080,1.);
#308=VECTOR('',#1081,1.);
#309=VECTOR('',#1082,1.);
#310=VECTOR('',#1083,1.);
#311=VECTOR('',#1084,1.);
#312=VECTOR('',#1087,1.);
#313=VECTOR('',#1088,1.);
#314=VECTOR('',#1089,10.);
#315=VECTOR('',#1090,1.);
#316=VECTOR('',#1091,10.5675730862134);
#317=VECTOR('',#1092,1.);
#318=VECTOR('',#1093,10.0748128051564);
#319=VECTOR('',#1116,10.4865123828692);
#320=VECTOR('',#1117,10.5675730862226);
#321=VECTOR('',#1118,1.);
#322=VECTOR('',#1119,10.074812805169);
#323=VECTOR('',#1120,1.);
#324=VECTOR('',#1123,1.);
#325=VECTOR('',#1124,10.45227248018);
#326=VECTOR('',#1127,1.);
#327=VECTOR('',#1128,10.);
#328=VECTOR('',#1129,1.);
#329=VECTOR('',#1136,10.);
#330=VECTOR('',#1137,1.);
#331=VECTOR('',#1140,10.);
#332=VECTOR('',#1141,10.);
#333=VECTOR('',#1144,1.);
#334=VECTOR('',#1145,10.);
#335=VECTOR('',#1148,1.);
#336=VECTOR('',#1149,1.);
#337=VECTOR('',#1152,2.7);
#338=VECTOR('',#1157,1.);
#339=VECTOR('',#1158,1.);
#340=VECTOR('',#1159,1.);
#341=VECTOR('',#1160,1.);
#342=VECTOR('',#1161,1.);
#343=VECTOR('',#1162,1.);
#344=VECTOR('',#1163,1.);
#345=VECTOR('',#1164,1.);
#346=VECTOR('',#1165,1.);
#347=VECTOR('',#1166,1.);
#348=VECTOR('',#1167,1.);
#349=VECTOR('',#1168,1.);
#350=VECTOR('',#1171,1.);
#351=VECTOR('',#1172,1.);
#352=VECTOR('',#1175,1.);
#353=VECTOR('',#1178,1.);
#354=VECTOR('',#1181,1.);
#355=VECTOR('',#1184,1.);
#356=VECTOR('',#1187,1.);
#357=VECTOR('',#1190,1.);
#358=VECTOR('',#1193,1.);
#359=VECTOR('',#1196,1.);
#360=VECTOR('',#1199,1.);
#361=VECTOR('',#1202,1.);
#362=VECTOR('',#1207,10.);
#363=VECTOR('',#1210,1.);
#364=VECTOR('',#1215,1.);
#365=VECTOR('',#1216,10.);
#366=VECTOR('',#1223,10.);
#367=VECTOR('',#1226,1.);
#368=VECTOR('',#1231,1.);
#369=VECTOR('',#1234,10.);
#370=VERTEX_POINT('',#1239);
#371=VERTEX_POINT('',#1240);
#372=VERTEX_POINT('',#1242);
#373=VERTEX_POINT('',#1244);
#374=VERTEX_POINT('',#1246);
#375=VERTEX_POINT('',#1253);
#376=VERTEX_POINT('',#1255);
#377=VERTEX_POINT('',#1257);
#378=VERTEX_POINT('',#1266);
#379=VERTEX_POINT('',#1267);
#380=VERTEX_POINT('',#1269);
#381=VERTEX_POINT('',#1271);
#382=VERTEX_POINT('',#1273);
#383=VERTEX_POINT('',#1287);
#384=VERTEX_POINT('',#1312);
#385=VERTEX_POINT('',#1313);
#386=VERTEX_POINT('',#1315);
#387=VERTEX_POINT('',#1317);
#388=VERTEX_POINT('',#1319);
#389=VERTEX_POINT('',#1321);
#390=VERTEX_POINT('',#1323);
#391=VERTEX_POINT('',#1325);
#392=VERTEX_POINT('',#1327);
#393=VERTEX_POINT('',#1329);
#394=VERTEX_POINT('',#1331);
#395=VERTEX_POINT('',#1333);
#396=VERTEX_POINT('',#1348);
#397=VERTEX_POINT('',#1350);
#398=VERTEX_POINT('',#1388);
#399=VERTEX_POINT('',#1403);
#400=VERTEX_POINT('',#1414);
#401=VERTEX_POINT('',#1453);
#402=VERTEX_POINT('',#1454);
#403=VERTEX_POINT('',#1456);
#404=VERTEX_POINT('',#1470);
#405=VERTEX_POINT('',#1472);
#406=VERTEX_POINT('',#1503);
#407=VERTEX_POINT('',#1504);
#408=VERTEX_POINT('',#1519);
#409=VERTEX_POINT('',#1522);
#410=VERTEX_POINT('',#1526);
#411=VERTEX_POINT('',#1529);
#412=VERTEX_POINT('',#1548);
#413=VERTEX_POINT('',#1549);
#414=VERTEX_POINT('',#1551);
#415=VERTEX_POINT('',#1553);
#416=VERTEX_POINT('',#1596);
#417=VERTEX_POINT('',#1597);
#418=VERTEX_POINT('',#1603);
#419=VERTEX_POINT('',#1611);
#420=VERTEX_POINT('',#1640);
#421=VERTEX_POINT('',#1642);
#422=VERTEX_POINT('',#1675);
#423=VERTEX_POINT('',#1718);
#424=VERTEX_POINT('',#1724);
#425=VERTEX_POINT('',#1732);
#426=VERTEX_POINT('',#1739);
#427=VERTEX_POINT('',#1747);
#428=VERTEX_POINT('',#1791);
#429=VERTEX_POINT('',#1820);
#430=VERTEX_POINT('',#1917);
#431=VERTEX_POINT('',#1919);
#432=VERTEX_POINT('',#1947);
#433=VERTEX_POINT('',#1978);
#434=VERTEX_POINT('',#1991);
#435=VERTEX_POINT('',#2033);
#436=VERTEX_POINT('',#2057);
#437=VERTEX_POINT('',#2068);
#438=VERTEX_POINT('',#2135);
#439=VERTEX_POINT('',#2136);
#440=VERTEX_POINT('',#2139);
#441=VERTEX_POINT('',#2141);
#442=VERTEX_POINT('',#2144);
#443=VERTEX_POINT('',#2146);
#444=VERTEX_POINT('',#2149);
#445=VERTEX_POINT('',#2151);
#446=VERTEX_POINT('',#2154);
#447=VERTEX_POINT('',#2157);
#448=VERTEX_POINT('',#2161);
#449=VERTEX_POINT('',#2162);
#450=VERTEX_POINT('',#2164);
#451=VERTEX_POINT('',#2166);
#452=VERTEX_POINT('',#2168);
#453=VERTEX_POINT('',#2170);
#454=VERTEX_POINT('',#2172);
#455=VERTEX_POINT('',#2174);
#456=VERTEX_POINT('',#2176);
#457=VERTEX_POINT('',#2178);
#458=VERTEX_POINT('',#2180);
#459=VERTEX_POINT('',#2182);
#460=EDGE_CURVE('',#370,#371,#200,.T.);
#461=EDGE_CURVE('',#372,#370,#201,.T.);
#462=EDGE_CURVE('',#373,#372,#202,.T.);
#463=EDGE_CURVE('',#374,#373,#170,.F.);
#464=EDGE_CURVE('',#375,#374,#203,.F.);
#465=EDGE_CURVE('',#376,#375,#204,.F.);
#466=EDGE_CURVE('',#377,#376,#205,.T.);
#467=EDGE_CURVE('',#371,#377,#171,.F.);
#468=EDGE_CURVE('',#378,#379,#206,.T.);
#469=EDGE_CURVE('',#380,#378,#207,.T.);
#470=EDGE_CURVE('',#381,#380,#208,.T.);
#471=EDGE_CURVE('',#382,#381,#172,.F.);
#472=EDGE_CURVE('',#382,#383,#209,.T.);
#473=EDGE_CURVE('',#375,#383,#210,.F.);
#474=EDGE_CURVE('',#379,#374,#173,.F.);
#475=EDGE_CURVE('',#384,#385,#25,.T.);
#476=EDGE_CURVE('',#386,#384,#211,.T.);
#477=EDGE_CURVE('',#387,#386,#26,.T.);
#478=EDGE_CURVE('',#388,#387,#212,.T.);
#479=EDGE_CURVE('',#389,#388,#27,.T.);
#480=EDGE_CURVE('',#390,#389,#213,.T.);
#481=EDGE_CURVE('',#391,#390,#28,.T.);
#482=EDGE_CURVE('',#392,#391,#214,.T.);
#483=EDGE_CURVE('',#393,#392,#29,.T.);
#484=EDGE_CURVE('',#394,#393,#215,.T.);
#485=EDGE_CURVE('',#395,#394,#30,.T.);
#486=EDGE_CURVE('',#385,#395,#216,.T.);
#487=EDGE_CURVE('',#396,#381,#217,.T.);
#488=EDGE_CURVE('',#397,#396,#174,.T.);
#489=EDGE_CURVE('',#398,#397,#19,.T.);
#490=EDGE_CURVE('',#398,#382,#218,.F.);
#491=EDGE_CURVE('',#399,#373,#175,.T.);
#492=EDGE_CURVE('',#400,#399,#176,.T.);
#493=EDGE_CURVE('',#379,#400,#219,.T.);
#494=EDGE_CURVE('',#401,#402,#220,.T.);
#495=EDGE_CURVE('',#401,#403,#177,.F.);
#496=EDGE_CURVE('',#403,#404,#221,.F.);
#497=EDGE_CURVE('',#405,#404,#20,.T.);
#498=EDGE_CURVE('',#402,#405,#178,.T.);
#499=EDGE_CURVE('',#406,#407,#222,.T.);
#500=EDGE_CURVE('',#377,#406,#179,.F.);
#501=EDGE_CURVE('',#408,#376,#223,.F.);
#502=EDGE_CURVE('',#408,#403,#224,.T.);
#503=EDGE_CURVE('',#409,#401,#225,.T.);
#504=EDGE_CURVE('',#407,#409,#226,.T.);
#505=EDGE_CURVE('',#404,#410,#227,.T.);
#506=EDGE_CURVE('',#383,#408,#228,.T.);
#507=EDGE_CURVE('',#411,#398,#229,.T.);
#508=EDGE_CURVE('',#410,#411,#230,.T.);
#509=EDGE_CURVE('',#412,#413,#231,.T.);
#510=EDGE_CURVE('',#414,#413,#232,.T.);
#511=EDGE_CURVE('',#415,#414,#233,.T.);
#512=EDGE_CURVE('',#412,#415,#180,.T.);
#513=EDGE_CURVE('',#416,#417,#181,.T.);
#514=EDGE_CURVE('',#417,#418,#182,.T.);
#515=EDGE_CURVE('',#418,#419,#31,.T.);
#516=EDGE_CURVE('',#419,#416,#183,.T.);
#517=EDGE_CURVE('',#418,#420,#21,.T.);
#518=EDGE_CURVE('',#420,#421,#32,.T.);
#519=EDGE_CURVE('',#421,#419,#22,.T.);
#520=EDGE_CURVE('',#422,#412,#184,.T.);
#521=EDGE_CURVE('',#422,#421,#185,.T.);
#522=EDGE_CURVE('',#420,#412,#186,.T.);
#523=EDGE_CURVE('',#416,#423,#187,.T.);
#524=EDGE_CURVE('',#424,#423,#33,.T.);
#525=EDGE_CURVE('',#424,#417,#188,.T.);
#526=EDGE_CURVE('',#425,#422,#189,.T.);
#527=EDGE_CURVE('',#426,#425,#190,.T.);
#528=EDGE_CURVE('',#427,#426,#23,.T.);
#529=EDGE_CURVE('',#423,#427,#191,.T.);
#530=EDGE_CURVE('',#425,#415,#34,.T.);
#531=EDGE_CURVE('',#415,#428,#192,.T.);
#532=EDGE_CURVE('',#428,#426,#35,.T.);
#533=EDGE_CURVE('',#428,#429,#24,.T.);
#534=EDGE_CURVE('',#429,#427,#36,.T.);
#535=EDGE_CURVE('',#429,#424,#193,.T.);
#536=EDGE_CURVE('',#418,#430,#234,.T.);
#537=EDGE_CURVE('',#417,#431,#235,.T.);
#538=EDGE_CURVE('',#430,#431,#194,.T.);
#539=EDGE_CURVE('',#431,#432,#236,.T.);
#540=EDGE_CURVE('',#424,#432,#237,.T.);
#541=EDGE_CURVE('',#429,#433,#238,.T.);
#542=EDGE_CURVE('',#432,#433,#195,.T.);
#543=EDGE_CURVE('',#433,#434,#239,.T.);
#544=EDGE_CURVE('',#428,#434,#240,.T.);
#545=EDGE_CURVE('',#434,#414,#196,.T.);
#546=EDGE_CURVE('',#413,#435,#197,.T.);
#547=EDGE_CURVE('',#435,#430,#241,.T.);
#548=EDGE_CURVE('',#371,#436,#198,.T.);
#549=EDGE_CURVE('',#437,#406,#242,.T.);
#550=EDGE_CURVE('',#436,#437,#199,.T.);
#551=EDGE_CURVE('',#420,#435,#243,.T.);
#552=EDGE_CURVE('',#438,#439,#37,.T.);
#553=EDGE_CURVE('',#402,#438,#244,.T.);
#554=EDGE_CURVE('',#440,#405,#245,.T.);
#555=EDGE_CURVE('',#441,#440,#38,.T.);
#556=EDGE_CURVE('',#397,#441,#246,.T.);
#557=EDGE_CURVE('',#442,#396,#247,.T.);
#558=EDGE_CURVE('',#443,#442,#39,.T.);
#559=EDGE_CURVE('',#400,#443,#248,.T.);
#560=EDGE_CURVE('',#444,#399,#249,.T.);
#561=EDGE_CURVE('',#445,#444,#40,.T.);
#562=EDGE_CURVE('',#436,#445,#250,.T.);
#563=EDGE_CURVE('',#446,#437,#251,.T.);
#564=EDGE_CURVE('',#439,#446,#41,.T.);
#565=EDGE_CURVE('',#439,#447,#252,.T.);
#566=EDGE_CURVE('',#447,#447,#42,.F.);
#567=EDGE_CURVE('',#448,#449,#253,.F.);
#568=EDGE_CURVE('',#448,#450,#254,.T.);
#569=EDGE_CURVE('',#450,#451,#255,.T.);
#570=EDGE_CURVE('',#451,#452,#256,.T.);
#571=EDGE_CURVE('',#453,#452,#257,.F.);
#572=EDGE_CURVE('',#453,#454,#258,.T.);
#573=EDGE_CURVE('',#454,#455,#259,.T.);
#574=EDGE_CURVE('',#455,#456,#260,.T.);
#575=EDGE_CURVE('',#456,#457,#261,.T.);
#576=EDGE_CURVE('',#457,#458,#262,.T.);
#577=EDGE_CURVE('',#458,#459,#263,.T.);
#578=EDGE_CURVE('',#459,#449,#264,.T.);
#579=EDGE_CURVE('',#449,#385,#265,.T.);
#580=EDGE_CURVE('',#459,#384,#266,.T.);
#581=EDGE_CURVE('',#458,#386,#267,.T.);
#582=EDGE_CURVE('',#448,#395,#268,.T.);
#583=EDGE_CURVE('',#457,#387,#269,.T.);
#584=EDGE_CURVE('',#450,#394,#270,.T.);
#585=EDGE_CURVE('',#456,#388,#271,.T.);
#586=EDGE_CURVE('',#451,#393,#272,.T.);
#587=EDGE_CURVE('',#455,#389,#273,.T.);
#588=EDGE_CURVE('',#452,#392,#274,.T.);
#589=EDGE_CURVE('',#454,#390,#275,.T.);
#590=EDGE_CURVE('',#453,#391,#276,.T.);
#591=EDGE_CURVE('',#444,#372,#277,.T.);
#592=EDGE_CURVE('',#445,#370,#278,.T.);
#593=EDGE_CURVE('',#407,#446,#279,.F.);
#594=EDGE_CURVE('',#409,#438,#280,.T.);
#595=EDGE_CURVE('',#411,#441,#281,.T.);
#596=EDGE_CURVE('',#410,#440,#282,.F.);
#597=EDGE_CURVE('',#443,#378,#283,.F.);
#598=EDGE_CURVE('',#442,#380,#284,.T.);
#599=ORIENTED_EDGE('',*,*,#460,.F.);
#600=ORIENTED_EDGE('',*,*,#461,.F.);
#601=ORIENTED_EDGE('',*,*,#462,.F.);
#602=ORIENTED_EDGE('',*,*,#463,.F.);
#603=ORIENTED_EDGE('',*,*,#464,.F.);
#604=ORIENTED_EDGE('',*,*,#465,.F.);
#605=ORIENTED_EDGE('',*,*,#466,.F.);
#606=ORIENTED_EDGE('',*,*,#467,.F.);
#607=ORIENTED_EDGE('',*,*,#468,.F.);
#608=ORIENTED_EDGE('',*,*,#469,.F.);
#609=ORIENTED_EDGE('',*,*,#470,.F.);
#610=ORIENTED_EDGE('',*,*,#471,.F.);
#611=ORIENTED_EDGE('',*,*,#472,.T.);
#612=ORIENTED_EDGE('',*,*,#473,.F.);
#613=ORIENTED_EDGE('',*,*,#464,.T.);
#614=ORIENTED_EDGE('',*,*,#474,.F.);
#615=ORIENTED_EDGE('',*,*,#475,.F.);
#616=ORIENTED_EDGE('',*,*,#476,.F.);
#617=ORIENTED_EDGE('',*,*,#477,.F.);
#618=ORIENTED_EDGE('',*,*,#478,.F.);
#619=ORIENTED_EDGE('',*,*,#479,.F.);
#620=ORIENTED_EDGE('',*,*,#480,.F.);
#621=ORIENTED_EDGE('',*,*,#481,.F.);
#622=ORIENTED_EDGE('',*,*,#482,.F.);
#623=ORIENTED_EDGE('',*,*,#483,.F.);
#624=ORIENTED_EDGE('',*,*,#484,.F.);
#625=ORIENTED_EDGE('',*,*,#485,.F.);
#626=ORIENTED_EDGE('',*,*,#486,.F.);
#627=ORIENTED_EDGE('',*,*,#487,.F.);
#628=ORIENTED_EDGE('',*,*,#488,.F.);
#629=ORIENTED_EDGE('',*,*,#489,.F.);
#630=ORIENTED_EDGE('',*,*,#490,.T.);
#631=ORIENTED_EDGE('',*,*,#471,.T.);
#632=ORIENTED_EDGE('',*,*,#491,.F.);
#633=ORIENTED_EDGE('',*,*,#492,.F.);
#634=ORIENTED_EDGE('',*,*,#493,.F.);
#635=ORIENTED_EDGE('',*,*,#474,.T.);
#636=ORIENTED_EDGE('',*,*,#463,.T.);
#637=ORIENTED_EDGE('',*,*,#494,.F.);
#638=ORIENTED_EDGE('',*,*,#495,.T.);
#639=ORIENTED_EDGE('',*,*,#496,.T.);
#640=ORIENTED_EDGE('',*,*,#497,.F.);
#641=ORIENTED_EDGE('',*,*,#498,.F.);
#642=ORIENTED_EDGE('',*,*,#499,.F.);
#643=ORIENTED_EDGE('',*,*,#500,.F.);
#644=ORIENTED_EDGE('',*,*,#466,.T.);
#645=ORIENTED_EDGE('',*,*,#501,.F.);
#646=ORIENTED_EDGE('',*,*,#502,.T.);
#647=ORIENTED_EDGE('',*,*,#495,.F.);
#648=ORIENTED_EDGE('',*,*,#503,.F.);
#649=ORIENTED_EDGE('',*,*,#504,.F.);
#650=ORIENTED_EDGE('',*,*,#505,.F.);
#651=ORIENTED_EDGE('',*,*,#496,.F.);
#652=ORIENTED_EDGE('',*,*,#502,.F.);
#653=ORIENTED_EDGE('',*,*,#506,.F.);
#654=ORIENTED_EDGE('',*,*,#472,.F.);
#655=ORIENTED_EDGE('',*,*,#490,.F.);
#656=ORIENTED_EDGE('',*,*,#507,.F.);
#657=ORIENTED_EDGE('',*,*,#508,.F.);
#658=ORIENTED_EDGE('',*,*,#509,.T.);
#659=ORIENTED_EDGE('',*,*,#510,.F.);
#660=ORIENTED_EDGE('',*,*,#511,.F.);
#661=ORIENTED_EDGE('',*,*,#512,.F.);
#662=ORIENTED_EDGE('',*,*,#513,.T.);
#663=ORIENTED_EDGE('',*,*,#514,.T.);
#664=ORIENTED_EDGE('',*,*,#515,.T.);
#665=ORIENTED_EDGE('',*,*,#516,.T.);
#666=ORIENTED_EDGE('',*,*,#515,.F.);
#667=ORIENTED_EDGE('',*,*,#517,.T.);
#668=ORIENTED_EDGE('',*,*,#518,.T.);
#669=ORIENTED_EDGE('',*,*,#519,.T.);
#670=ORIENTED_EDGE('',*,*,#520,.F.);
#671=ORIENTED_EDGE('',*,*,#521,.T.);
#672=ORIENTED_EDGE('',*,*,#518,.F.);
#673=ORIENTED_EDGE('',*,*,#522,.T.);
#674=ORIENTED_EDGE('',*,*,#513,.F.);
#675=ORIENTED_EDGE('',*,*,#523,.T.);
#676=ORIENTED_EDGE('',*,*,#524,.F.);
#677=ORIENTED_EDGE('',*,*,#525,.T.);
#678=ORIENTED_EDGE('',*,*,#516,.F.);
#679=ORIENTED_EDGE('',*,*,#519,.F.);
#680=ORIENTED_EDGE('',*,*,#521,.F.);
#681=ORIENTED_EDGE('',*,*,#526,.F.);
#682=ORIENTED_EDGE('',*,*,#527,.F.);
#683=ORIENTED_EDGE('',*,*,#528,.F.);
#684=ORIENTED_EDGE('',*,*,#529,.F.);
#685=ORIENTED_EDGE('',*,*,#523,.F.);
#686=ORIENTED_EDGE('',*,*,#530,.T.);
#687=ORIENTED_EDGE('',*,*,#531,.T.);
#688=ORIENTED_EDGE('',*,*,#532,.T.);
#689=ORIENTED_EDGE('',*,*,#527,.T.);
#690=ORIENTED_EDGE('',*,*,#532,.F.);
#691=ORIENTED_EDGE('',*,*,#533,.T.);
#692=ORIENTED_EDGE('',*,*,#534,.T.);
#693=ORIENTED_EDGE('',*,*,#528,.T.);
#694=ORIENTED_EDGE('',*,*,#520,.T.);
#695=ORIENTED_EDGE('',*,*,#512,.T.);
#696=ORIENTED_EDGE('',*,*,#530,.F.);
#697=ORIENTED_EDGE('',*,*,#526,.T.);
#698=ORIENTED_EDGE('',*,*,#534,.F.);
#699=ORIENTED_EDGE('',*,*,#535,.T.);
#700=ORIENTED_EDGE('',*,*,#524,.T.);
#701=ORIENTED_EDGE('',*,*,#529,.T.);
#702=ORIENTED_EDGE('',*,*,#536,.F.);
#703=ORIENTED_EDGE('',*,*,#514,.F.);
#704=ORIENTED_EDGE('',*,*,#537,.T.);
#705=ORIENTED_EDGE('',*,*,#538,.F.);
#706=ORIENTED_EDGE('',*,*,#539,.F.);
#707=ORIENTED_EDGE('',*,*,#537,.F.);
#708=ORIENTED_EDGE('',*,*,#525,.F.);
#709=ORIENTED_EDGE('',*,*,#540,.T.);
#710=ORIENTED_EDGE('',*,*,#535,.F.);
#711=ORIENTED_EDGE('',*,*,#541,.T.);
#712=ORIENTED_EDGE('',*,*,#542,.F.);
#713=ORIENTED_EDGE('',*,*,#540,.F.);
#714=ORIENTED_EDGE('',*,*,#543,.F.);
#715=ORIENTED_EDGE('',*,*,#541,.F.);
#716=ORIENTED_EDGE('',*,*,#533,.F.);
#717=ORIENTED_EDGE('',*,*,#544,.T.);
#718=ORIENTED_EDGE('',*,*,#531,.F.);
#719=ORIENTED_EDGE('',*,*,#511,.T.);
#720=ORIENTED_EDGE('',*,*,#545,.F.);
#721=ORIENTED_EDGE('',*,*,#544,.F.);
#722=ORIENTED_EDGE('',*,*,#543,.T.);
#723=ORIENTED_EDGE('',*,*,#545,.T.);
#724=ORIENTED_EDGE('',*,*,#510,.T.);
#725=ORIENTED_EDGE('',*,*,#546,.T.);
#726=ORIENTED_EDGE('',*,*,#547,.T.);
#727=ORIENTED_EDGE('',*,*,#538,.T.);
#728=ORIENTED_EDGE('',*,*,#539,.T.);
#729=ORIENTED_EDGE('',*,*,#542,.T.);
#730=ORIENTED_EDGE('',*,*,#465,.T.);
#731=ORIENTED_EDGE('',*,*,#473,.T.);
#732=ORIENTED_EDGE('',*,*,#506,.T.);
#733=ORIENTED_EDGE('',*,*,#501,.T.);
#734=ORIENTED_EDGE('',*,*,#548,.F.);
#735=ORIENTED_EDGE('',*,*,#467,.T.);
#736=ORIENTED_EDGE('',*,*,#500,.T.);
#737=ORIENTED_EDGE('',*,*,#549,.F.);
#738=ORIENTED_EDGE('',*,*,#550,.F.);
#739=ORIENTED_EDGE('',*,*,#522,.F.);
#740=ORIENTED_EDGE('',*,*,#551,.T.);
#741=ORIENTED_EDGE('',*,*,#546,.F.);
#742=ORIENTED_EDGE('',*,*,#509,.F.);
#743=ORIENTED_EDGE('',*,*,#547,.F.);
#744=ORIENTED_EDGE('',*,*,#551,.F.);
#745=ORIENTED_EDGE('',*,*,#517,.F.);
#746=ORIENTED_EDGE('',*,*,#536,.T.);
#747=ORIENTED_EDGE('',*,*,#552,.F.);
#748=ORIENTED_EDGE('',*,*,#553,.F.);
#749=ORIENTED_EDGE('',*,*,#498,.T.);
#750=ORIENTED_EDGE('',*,*,#554,.F.);
#751=ORIENTED_EDGE('',*,*,#555,.F.);
#752=ORIENTED_EDGE('',*,*,#556,.F.);
#753=ORIENTED_EDGE('',*,*,#488,.T.);
#754=ORIENTED_EDGE('',*,*,#557,.F.);
#755=ORIENTED_EDGE('',*,*,#558,.F.);
#756=ORIENTED_EDGE('',*,*,#559,.F.);
#757=ORIENTED_EDGE('',*,*,#492,.T.);
#758=ORIENTED_EDGE('',*,*,#560,.F.);
#759=ORIENTED_EDGE('',*,*,#561,.F.);
#760=ORIENTED_EDGE('',*,*,#562,.F.);
#761=ORIENTED_EDGE('',*,*,#550,.T.);
#762=ORIENTED_EDGE('',*,*,#563,.F.);
#763=ORIENTED_EDGE('',*,*,#564,.F.);
#764=ORIENTED_EDGE('',*,*,#565,.T.);
#765=ORIENTED_EDGE('',*,*,#566,.T.);
#766=ORIENTED_EDGE('',*,*,#565,.F.);
#767=ORIENTED_EDGE('',*,*,#566,.F.);
#768=ORIENTED_EDGE('',*,*,#567,.F.);
#769=ORIENTED_EDGE('',*,*,#568,.T.);
#770=ORIENTED_EDGE('',*,*,#569,.T.);
#771=ORIENTED_EDGE('',*,*,#570,.T.);
#772=ORIENTED_EDGE('',*,*,#571,.F.);
#773=ORIENTED_EDGE('',*,*,#572,.T.);
#774=ORIENTED_EDGE('',*,*,#573,.T.);
#775=ORIENTED_EDGE('',*,*,#574,.T.);
#776=ORIENTED_EDGE('',*,*,#575,.T.);
#777=ORIENTED_EDGE('',*,*,#576,.T.);
#778=ORIENTED_EDGE('',*,*,#577,.T.);
#779=ORIENTED_EDGE('',*,*,#578,.T.);
#780=ORIENTED_EDGE('',*,*,#475,.T.);
#781=ORIENTED_EDGE('',*,*,#579,.F.);
#782=ORIENTED_EDGE('',*,*,#578,.F.);
#783=ORIENTED_EDGE('',*,*,#580,.T.);
#784=ORIENTED_EDGE('',*,*,#476,.T.);
#785=ORIENTED_EDGE('',*,*,#580,.F.);
#786=ORIENTED_EDGE('',*,*,#577,.F.);
#787=ORIENTED_EDGE('',*,*,#581,.T.);
#788=ORIENTED_EDGE('',*,*,#486,.T.);
#789=ORIENTED_EDGE('',*,*,#582,.F.);
#790=ORIENTED_EDGE('',*,*,#567,.T.);
#791=ORIENTED_EDGE('',*,*,#579,.T.);
#792=ORIENTED_EDGE('',*,*,#477,.T.);
#793=ORIENTED_EDGE('',*,*,#581,.F.);
#794=ORIENTED_EDGE('',*,*,#576,.F.);
#795=ORIENTED_EDGE('',*,*,#583,.T.);
#796=ORIENTED_EDGE('',*,*,#485,.T.);
#797=ORIENTED_EDGE('',*,*,#584,.F.);
#798=ORIENTED_EDGE('',*,*,#568,.F.);
#799=ORIENTED_EDGE('',*,*,#582,.T.);
#800=ORIENTED_EDGE('',*,*,#478,.T.);
#801=ORIENTED_EDGE('',*,*,#583,.F.);
#802=ORIENTED_EDGE('',*,*,#575,.F.);
#803=ORIENTED_EDGE('',*,*,#585,.T.);
#804=ORIENTED_EDGE('',*,*,#484,.T.);
#805=ORIENTED_EDGE('',*,*,#586,.F.);
#806=ORIENTED_EDGE('',*,*,#569,.F.);
#807=ORIENTED_EDGE('',*,*,#584,.T.);
#808=ORIENTED_EDGE('',*,*,#479,.T.);
#809=ORIENTED_EDGE('',*,*,#585,.F.);
#810=ORIENTED_EDGE('',*,*,#574,.F.);
#811=ORIENTED_EDGE('',*,*,#587,.T.);
#812=ORIENTED_EDGE('',*,*,#483,.T.);
#813=ORIENTED_EDGE('',*,*,#588,.F.);
#814=ORIENTED_EDGE('',*,*,#570,.F.);
#815=ORIENTED_EDGE('',*,*,#586,.T.);
#816=ORIENTED_EDGE('',*,*,#480,.T.);
#817=ORIENTED_EDGE('',*,*,#587,.F.);
#818=ORIENTED_EDGE('',*,*,#573,.F.);
#819=ORIENTED_EDGE('',*,*,#589,.T.);
#820=ORIENTED_EDGE('',*,*,#481,.T.);
#821=ORIENTED_EDGE('',*,*,#589,.F.);
#822=ORIENTED_EDGE('',*,*,#572,.F.);
#823=ORIENTED_EDGE('',*,*,#590,.T.);
#824=ORIENTED_EDGE('',*,*,#482,.T.);
#825=ORIENTED_EDGE('',*,*,#590,.F.);
#826=ORIENTED_EDGE('',*,*,#571,.T.);
#827=ORIENTED_EDGE('',*,*,#588,.T.);
#828=ORIENTED_EDGE('',*,*,#560,.T.);
#829=ORIENTED_EDGE('',*,*,#491,.T.);
#830=ORIENTED_EDGE('',*,*,#462,.T.);
#831=ORIENTED_EDGE('',*,*,#591,.F.);
#832=ORIENTED_EDGE('',*,*,#561,.T.);
#833=ORIENTED_EDGE('',*,*,#591,.T.);
#834=ORIENTED_EDGE('',*,*,#461,.T.);
#835=ORIENTED_EDGE('',*,*,#592,.F.);
#836=ORIENTED_EDGE('',*,*,#562,.T.);
#837=ORIENTED_EDGE('',*,*,#592,.T.);
#838=ORIENTED_EDGE('',*,*,#460,.T.);
#839=ORIENTED_EDGE('',*,*,#548,.T.);
#840=ORIENTED_EDGE('',*,*,#552,.T.);
#841=ORIENTED_EDGE('',*,*,#564,.T.);
#842=ORIENTED_EDGE('',*,*,#593,.F.);
#843=ORIENTED_EDGE('',*,*,#504,.T.);
#844=ORIENTED_EDGE('',*,*,#594,.T.);
#845=ORIENTED_EDGE('',*,*,#563,.T.);
#846=ORIENTED_EDGE('',*,*,#549,.T.);
#847=ORIENTED_EDGE('',*,*,#499,.T.);
#848=ORIENTED_EDGE('',*,*,#593,.T.);
#849=ORIENTED_EDGE('',*,*,#553,.T.);
#850=ORIENTED_EDGE('',*,*,#594,.F.);
#851=ORIENTED_EDGE('',*,*,#503,.T.);
#852=ORIENTED_EDGE('',*,*,#494,.T.);
#853=ORIENTED_EDGE('',*,*,#556,.T.);
#854=ORIENTED_EDGE('',*,*,#595,.F.);
#855=ORIENTED_EDGE('',*,*,#507,.T.);
#856=ORIENTED_EDGE('',*,*,#489,.T.);
#857=ORIENTED_EDGE('',*,*,#555,.T.);
#858=ORIENTED_EDGE('',*,*,#596,.F.);
#859=ORIENTED_EDGE('',*,*,#508,.T.);
#860=ORIENTED_EDGE('',*,*,#595,.T.);
#861=ORIENTED_EDGE('',*,*,#554,.T.);
#862=ORIENTED_EDGE('',*,*,#497,.T.);
#863=ORIENTED_EDGE('',*,*,#505,.T.);
#864=ORIENTED_EDGE('',*,*,#596,.T.);
#865=ORIENTED_EDGE('',*,*,#559,.T.);
#866=ORIENTED_EDGE('',*,*,#597,.T.);
#867=ORIENTED_EDGE('',*,*,#468,.T.);
#868=ORIENTED_EDGE('',*,*,#493,.T.);
#869=ORIENTED_EDGE('',*,*,#558,.T.);
#870=ORIENTED_EDGE('',*,*,#598,.T.);
#871=ORIENTED_EDGE('',*,*,#469,.T.);
#872=ORIENTED_EDGE('',*,*,#597,.F.);
#873=ORIENTED_EDGE('',*,*,#557,.T.);
#874=ORIENTED_EDGE('',*,*,#487,.T.);
#875=ORIENTED_EDGE('',*,*,#470,.T.);
#876=ORIENTED_EDGE('',*,*,#598,.F.);
#877=PLANE('',#976);
#878=PLANE('',#977);
#879=PLANE('',#986);
#880=PLANE('',#987);
#881=PLANE('',#999);
#882=PLANE('',#1000);
#883=PLANE('',#1001);
#884=PLANE('',#1009);
#885=PLANE('',#1010);
#886=PLANE('',#1011);
#887=PLANE('',#1012);
#888=PLANE('',#1013);
#889=PLANE('',#1014);
#890=PLANE('',#1015);
#891=PLANE('',#1016);
#892=PLANE('',#1017);
#893=PLANE('',#1018);
#894=PLANE('',#1019);
#895=PLANE('',#1020);
#896=PLANE('',#1021);
#897=PLANE('',#1022);
#898=PLANE('',#1023);
#899=PLANE('',#1024);
#900=PLANE('',#1025);
#901=PLANE('',#1026);
#902=PLANE('',#1027);
#903=PLANE('',#1028);
#904=PLANE('',#1029);
#905=PLANE('',#1030);
#906=PLANE('',#1031);
#907=PLANE('',#1032);
#908=PLANE('',#1033);
#909=ADVANCED_FACE('',(#62),#877,.F.);
#910=ADVANCED_FACE('',(#63),#878,.F.);
#911=ADVANCED_FACE('',(#64),#43,.T.);
#912=ADVANCED_FACE('',(#65),#44,.T.);
#913=ADVANCED_FACE('',(#66),#45,.T.);
#914=ADVANCED_FACE('',(#67),#46,.T.);
#915=ADVANCED_FACE('',(#68),#879,.F.);
#916=ADVANCED_FACE('',(#69),#880,.T.);
#917=ADVANCED_FACE('',(#70),#47,.T.);
#918=ADVANCED_FACE('',(#71),#48,.F.);
#919=ADVANCED_FACE('',(#72),#49,.F.);
#920=ADVANCED_FACE('',(#73),#50,.F.);
#921=ADVANCED_FACE('',(#74),#51,.F.);
#922=ADVANCED_FACE('',(#75),#17,.F.);
#923=ADVANCED_FACE('',(#76),#52,.F.);
#924=ADVANCED_FACE('',(#77),#53,.F.);
#925=ADVANCED_FACE('',(#78),#54,.F.);
#926=ADVANCED_FACE('',(#79),#55,.F.);
#927=ADVANCED_FACE('',(#80),#56,.T.);
#928=ADVANCED_FACE('',(#81),#57,.T.);
#929=ADVANCED_FACE('',(#82),#58,.T.);
#930=ADVANCED_FACE('',(#83),#881,.T.);
#931=ADVANCED_FACE('',(#84),#59,.T.);
#932=ADVANCED_FACE('',(#85,#15),#882,.F.);
#933=ADVANCED_FACE('',(#86),#60,.T.);
#934=ADVANCED_FACE('',(#87),#61,.T.);
#935=ADVANCED_FACE('',(#88),#883,.T.);
#936=ADVANCED_FACE('',(#89),#18,.T.);
#937=ADVANCED_FACE('',(#90,#16),#884,.T.);
#938=ADVANCED_FACE('',(#91),#885,.T.);
#939=ADVANCED_FACE('',(#92),#886,.T.);
#940=ADVANCED_FACE('',(#93),#887,.T.);
#941=ADVANCED_FACE('',(#94),#888,.T.);
#942=ADVANCED_FACE('',(#95),#889,.T.);
#943=ADVANCED_FACE('',(#96),#890,.T.);
#944=ADVANCED_FACE('',(#97),#891,.T.);
#945=ADVANCED_FACE('',(#98),#892,.T.);
#946=ADVANCED_FACE('',(#99),#893,.T.);
#947=ADVANCED_FACE('',(#100),#894,.T.);
#948=ADVANCED_FACE('',(#101),#895,.T.);
#949=ADVANCED_FACE('',(#102),#896,.T.);
#950=ADVANCED_FACE('',(#103),#897,.F.);
#951=ADVANCED_FACE('',(#104),#898,.F.);
#952=ADVANCED_FACE('',(#105),#899,.T.);
#953=ADVANCED_FACE('',(#106),#900,.F.);
#954=ADVANCED_FACE('',(#107),#901,.T.);
#955=ADVANCED_FACE('',(#108),#902,.F.);
#956=ADVANCED_FACE('',(#109),#903,.F.);
#957=ADVANCED_FACE('',(#110),#904,.F.);
#958=ADVANCED_FACE('',(#111),#905,.T.);
#959=ADVANCED_FACE('',(#112),#906,.T.);
#960=ADVANCED_FACE('',(#113),#907,.F.);
#961=ADVANCED_FACE('',(#114),#908,.F.);
#962=CLOSED_SHELL('',(#909,#910,#911,#912,#913,#914,#915,#916,#917,#918,
#919,#920,#921,#922,#923,#924,#925,#926,#927,#928,#929,#930,#931,#932,#933,
#934,#935,#936,#937,#938,#939,#940,#941,#942,#943,#944,#945,#946,#947,#948,
#949,#950,#951,#952,#953,#954,#955,#956,#957,#958,#959,#960,#961));
#963=DERIVED_UNIT_ELEMENT(#965,1.);
#964=DERIVED_UNIT_ELEMENT(#2234,-3.);
#965=(
MASS_UNIT()
NAMED_UNIT(*)
SI_UNIT(.KILO.,.GRAM.)
);
#966=DERIVED_UNIT((#963,#964));
#967=MEASURE_REPRESENTATION_ITEM('density measure',
POSITIVE_RATIO_MEASURE(7850.),#966);
#968=PROPERTY_DEFINITION_REPRESENTATION(#973,#970);
#969=PROPERTY_DEFINITION_REPRESENTATION(#974,#971);
#970=REPRESENTATION('material name',(#972),#2231);
#971=REPRESENTATION('density',(#967),#2231);
#972=DESCRIPTIVE_REPRESENTATION_ITEM('Steel','Steel');
#973=PROPERTY_DEFINITION('material property','material name',#2241);
#974=PROPERTY_DEFINITION('material property','density of part',#2241);
#975=AXIS2_PLACEMENT_3D('',#1237,#1034,#1035);
#976=AXIS2_PLACEMENT_3D('',#1238,#1036,#1037);
#977=AXIS2_PLACEMENT_3D('',#1265,#1044,#1045);
#978=AXIS2_PLACEMENT_3D('',#1314,#1051,#1052);
#979=AXIS2_PLACEMENT_3D('',#1318,#1054,#1055);
#980=AXIS2_PLACEMENT_3D('',#1322,#1057,#1058);
#981=AXIS2_PLACEMENT_3D('',#1326,#1060,#1061);
#982=AXIS2_PLACEMENT_3D('',#1330,#1063,#1064);
#983=AXIS2_PLACEMENT_3D('',#1334,#1066,#1067);
#984=AXIS2_PLACEMENT_3D('',#1389,#1070,#1071);
#985=AXIS2_PLACEMENT_3D('',#1473,#1076,#1077);
#986=AXIS2_PLACEMENT_3D('',#1502,#1078,#1079);
#987=AXIS2_PLACEMENT_3D('',#1525,#1085,#1086);
#988=AXIS2_PLACEMENT_3D('',#1612,#1094,#1095);
#989=AXIS2_PLACEMENT_3D('',#1641,#1096,#1097);
#990=AXIS2_PLACEMENT_3D('',#1643,#1098,#1099);
#991=AXIS2_PLACEMENT_3D('',#1644,#1100,#1101);
#992=AXIS2_PLACEMENT_3D('',#1725,#1102,#1103);
#993=AXIS2_PLACEMENT_3D('',#1731,#1104,#1105);
#994=AXIS2_PLACEMENT_3D('',#1748,#1106,#1107);
#995=AXIS2_PLACEMENT_3D('',#1790,#1108,#1109);
#996=AXIS2_PLACEMENT_3D('',#1799,#1110,#1111);
#997=AXIS2_PLACEMENT_3D('',#1821,#1112,#1113);
#998=AXIS2_PLACEMENT_3D('',#1822,#1114,#1115);
#999=AXIS2_PLACEMENT_3D('',#1990,#1121,#1122);
#1000=AXIS2_PLACEMENT_3D('',#2032,#1125,#1126);
#1001=AXIS2_PLACEMENT_3D('',#2133,#1130,#1131);
#1002=AXIS2_PLACEMENT_3D('',#2134,#1132,#1133);
#1003=AXIS2_PLACEMENT_3D('',#2137,#1134,#1135);
#1004=AXIS2_PLACEMENT_3D('',#2142,#1138,#1139);
#1005=AXIS2_PLACEMENT_3D('',#2147,#1142,#1143);
#1006=AXIS2_PLACEMENT_3D('',#2152,#1146,#1147);
#1007=AXIS2_PLACEMENT_3D('',#2156,#1150,#1151);
#1008=AXIS2_PLACEMENT_3D('',#2159,#1153,#1154);
#1009=AXIS2_PLACEMENT_3D('',#2160,#1155,#1156);
#1010=AXIS2_PLACEMENT_3D('',#2185,#1169,#1170);
#1011=AXIS2_PLACEMENT_3D('',#2188,#1173,#1174);
#1012=AXIS2_PLACEMENT_3D('',#2190,#1176,#1177);
#1013=AXIS2_PLACEMENT_3D('',#2192,#1179,#1180);
#1014=AXIS2_PLACEMENT_3D('',#2194,#1182,#1183);
#1015=AXIS2_PLACEMENT_3D('',#2196,#1185,#1186);
#1016=AXIS2_PLACEMENT_3D('',#2198,#1188,#1189);
#1017=AXIS2_PLACEMENT_3D('',#2200,#1191,#1192);
#1018=AXIS2_PLACEMENT_3D('',#2202,#1194,#1195);
#1019=AXIS2_PLACEMENT_3D('',#2204,#1197,#1198);
#1020=AXIS2_PLACEMENT_3D('',#2206,#1200,#1201);
#1021=AXIS2_PLACEMENT_3D('',#2208,#1203,#1204);
#1022=AXIS2_PLACEMENT_3D('',#2209,#1205,#1206);
#1023=AXIS2_PLACEMENT_3D('',#2211,#1208,#1209);
#1024=AXIS2_PLACEMENT_3D('',#2213,#1211,#1212);
#1025=AXIS2_PLACEMENT_3D('',#2214,#1213,#1214);
#1026=AXIS2_PLACEMENT_3D('',#2217,#1217,#1218);
#1027=AXIS2_PLACEMENT_3D('',#2218,#1219,#1220);
#1028=AXIS2_PLACEMENT_3D('',#2219,#1221,#1222);
#1029=AXIS2_PLACEMENT_3D('',#2221,#1224,#1225);
#1030=AXIS2_PLACEMENT_3D('',#2223,#1227,#1228);
#1031=AXIS2_PLACEMENT_3D('',#2224,#1229,#1230);
#1032=AXIS2_PLACEMENT_3D('',#2226,#1232,#1233);
#1033=AXIS2_PLACEMENT_3D('',#2228,#1235,#1236);
#1034=DIRECTION('axis',(0.,0.,1.));
#1035=DIRECTION('refdir',(1.,0.,0.));
#1036=DIRECTION('center_axis',(0.951325893333488,-1.05283837203984E-13,
0.308186704244751));
#1037=DIRECTION('ref_axis',(1.10670458125224E-13,1.,5.34618710809825E-19));
#1038=DIRECTION('',(-0.308186704244751,1.24575188741094E-13,0.951325893333488));
#1039=DIRECTION('',(-1.10670631317587E-13,-1.,0.));
#1040=DIRECTION('',(0.308186704244751,-3.41066551502471E-14,-0.951325893333488));
#1041=DIRECTION('',(0.307181537659929,0.0806998379269186,-0.948223095626473));
#1042=DIRECTION('',(-1.10665802222857E-13,-1.,-1.49066873908435E-17));
#1043=DIRECTION('',(0.291559846987972,-0.324022423013051,-0.900001291670797));
#1044=DIRECTION('center_axis',(3.04878835501587E-13,0.996398007205858,0.0847998304019228));
#1045=DIRECTION('ref_axis',(-1.,3.05980976775075E-13,-5.2635597573922E-29));
#1046=DIRECTION('',(-1.71388881026204E-14,-0.0847998304019228,0.996398007205858));
#1047=DIRECTION('',(1.,-3.05980976775076E-13,0.));
#1048=DIRECTION('',(2.59471349367411E-14,0.0847998304019228,-0.996398007205858));
#1049=DIRECTION('',(-0.322487783801301,0.0802692829415662,-0.943164074546403));
#1050=DIRECTION('',(1.,-3.0597830384993E-13,-3.1406870464246E-17));
#1051=DIRECTION('center_axis',(-3.05155612077002E-10,0.999999999999996,
8.66039010511335E-8));
#1052=DIRECTION('ref_axis',(-0.00508579545772423,8.66012290085439E-8,-0.999987067258649));
#1053=DIRECTION('',(4.85243719082775E-12,0.999394862370005,0.0347837471880144));
#1054=DIRECTION('center_axis',(4.63537413217231E-10,1.,-3.34832493441241E-10));
#1055=DIRECTION('ref_axis',(0.00510653362632059,-3.37195257851959E-10,-0.999986961572161));
#1056=DIRECTION('',(0.,0.999394862360118,0.034783747472084));
#1057=DIRECTION('center_axis',(-4.63640139707654E-10,-1.,3.41035978083502E-10));
#1058=DIRECTION('ref_axis',(0.0203736872125626,-3.50411333877372E-10,-0.999792434893046));
#1059=DIRECTION('',(0.,0.999394862370006,0.0347837471879855));
#1060=DIRECTION('center_axis',(3.10082505694319E-10,-0.999999999999997,
-7.8363218052573E-8));
#1061=DIRECTION('ref_axis',(0.00510578627776676,7.83637796557976E-8,-0.999986965388289));
#1062=DIRECTION('',(1.18352126606966E-14,-0.999394862376599,-0.0347837469985555));
#1063=DIRECTION('center_axis',(-7.72342223197635E-8,-0.99999999998151,-6.08066354271476E-6));
#1064=DIRECTION('ref_axis',(-0.00508442873750091,6.08097763723065E-6,-0.999987074190179));
#1065=DIRECTION('',(0.,-0.999394862386509,-0.0347837467138274));
#1066=DIRECTION('center_axis',(7.71317124855266E-8,0.999999999981556,6.07303699924761E-6));
#1067=DIRECTION('ref_axis',(-0.0203973301077736,6.07334680214528E-6,-0.999791952801976));
#1068=DIRECTION('',(-1.18352126602944E-14,-0.999394862376598,-0.0347837469985642));
#1069=DIRECTION('',(8.33631516117655E-13,0.99939486237544,0.0347837470318448));
#1070=DIRECTION('center_axis',(-2.17102178697229E-8,-0.99999999999994,-3.44727394237538E-7));
#1071=DIRECTION('ref_axis',(0.996607040256039,6.73684849963351E-9,-0.0823067877644224));
#1072=DIRECTION('',(2.59957832841915E-5,-0.999394771298867,-0.0347863540013078));
#1073=DIRECTION('',(0.,-0.999394862371159,-0.0347837471548495));
#1074=DIRECTION('',(0.,0.999394862375434,0.034783747032016));
#1075=DIRECTION('',(2.59957971038719E-5,-0.999394771300347,-0.0347863539587919));
#1076=DIRECTION('center_axis',(2.1707203448997E-8,0.99999999999994,3.44710935323682E-7));
#1077=DIRECTION('ref_axis',(0.996607039470068,6.73850130985786E-9,-0.0823067972813092));
#1078=DIRECTION('center_axis',(-2.15465320833926E-17,-0.940880095846728,
0.33873978986746));
#1079=DIRECTION('ref_axis',(-7.72638666601436E-33,-0.33873978986746,-0.940880095846728));
#1080=DIRECTION('',(-6.84626764809178E-14,-0.33873978986746,-0.940880095846728));
#1081=DIRECTION('',(-1.,3.42076412572844E-17,3.14068704642415E-17));
#1082=DIRECTION('',(0.301943307514208,0.322929409255919,0.896965348096014));
#1083=DIRECTION('',(0.,0.33873978986746,0.940880095846728));
#1084=DIRECTION('',(-1.,2.29004016330074E-17,0.));
#1085=DIRECTION('center_axis',(0.946450232904348,0.0112553542497395,-0.322653488491939));
#1086=DIRECTION('ref_axis',(-0.0118913367601302,0.999929295555469,-3.74414452072094E-18));
#1087=DIRECTION('',(-0.322673927789771,1.30431212322248E-13,-0.946510188177983));
#1088=DIRECTION('',(0.0118913367601302,-0.999929295555469,-1.52791030950672E-17));
#1089=DIRECTION('',(0.322673927790721,1.95301935930936E-12,0.94651018817766));
#1090=DIRECTION('',(-0.0118913367601302,0.999929295555469,0.));
#1091=DIRECTION('',(0.283887319776317,-0.445461462087631,-0.849100745179846));
#1092=DIRECTION('',(0.,-1.,0.));
#1093=DIRECTION('',(0.29777228202692,0.228186493438144,-0.926964180682773));
#1094=DIRECTION('center_axis',(-0.994813819726965,0.0344541232038967,0.0956994120906515));
#1095=DIRECTION('ref_axis',(-3.55342513105502E-13,-0.940880095846672,0.338739789867618));
#1096=DIRECTION('center_axis',(-2.42645000276462E-14,-0.940880095845893,
0.338739789869781));
#1097=DIRECTION('ref_axis',(1.,-6.97588304024133E-9,-1.93760681068354E-8));
#1098=DIRECTION('center_axis',(-0.994813819708137,-0.0344541232665919,-0.0956994122637981));
#1099=DIRECTION('ref_axis',(6.78468431966111E-13,-0.94088009584662,0.338739789867762));
#1100=DIRECTION('center_axis',(4.41998764427949E-11,0.940579116939933,-0.339574623281093));
#1101=DIRECTION('ref_axis',(1.,-7.08740172390472E-9,-1.95010513872954E-8));
#1102=DIRECTION('center_axis',(1.54229290011481E-5,0.999394921100944,0.0347820562901446));
#1103=DIRECTION('ref_axis',(-0.952782696081291,-0.0105469893257358,0.303469759719531));
#1104=DIRECTION('center_axis',(1.86053070593771E-8,-0.999394862373306,-0.0347837470931635));
#1105=DIRECTION('ref_axis',(-0.157067384290201,0.0343520044126633,-0.98699026164652));
#1106=DIRECTION('center_axis',(-4.78946981864274E-11,-0.996387074182055,
-0.0849281955708677));
#1107=DIRECTION('ref_axis',(1.,-5.03548203909492E-10,5.34374032517718E-9));
#1108=DIRECTION('center_axis',(-1.54241769311753E-5,0.99939492096388,0.0347820602278694));
#1109=DIRECTION('ref_axis',(-0.108911380467582,-0.0345768367136436,0.993449925042789));
#1110=DIRECTION('center_axis',(0.995487877889394,-0.0080465544182008,0.0945470144280915));
#1111=DIRECTION('ref_axis',(-1.25765658865116E-12,0.996398007205938,0.0847998304009824));
#1112=DIRECTION('center_axis',(-1.21623613873361E-13,0.996398007205888,
0.0847998304015732));
#1113=DIRECTION('ref_axis',(1.,-4.52342020950831E-10,5.31645298970316E-9));
#1114=DIRECTION('center_axis',(0.99548787836893,0.0080465540454671,-0.094547009410763));
#1115=DIRECTION('ref_axis',(-5.05622183409609E-11,0.996398007203712,0.0847998304271442));
#1116=DIRECTION('',(-0.429122651623377,-0.305965437746469,-0.849846398338155));
#1117=DIRECTION('',(-0.283887319779165,-0.445461462087239,-0.849100745179099));
#1118=DIRECTION('',(0.,1.,0.));
#1119=DIRECTION('',(-0.297772282029797,0.228186493439303,-0.926964180681563));
#1120=DIRECTION('',(-0.430528385912501,0.0765383797198968,-0.899325961680986));
#1121=DIRECTION('center_axis',(0.,0.996398007205757,0.0847998304031115));
#1122=DIRECTION('ref_axis',(0.,-0.0847998304031115,0.996398007205757));
#1123=DIRECTION('',(1.,0.,0.));
#1124=DIRECTION('',(0.430528385910544,0.0765383797185897,-0.899325961682034));
#1125=DIRECTION('center_axis',(3.14068704642415E-17,-1.49066873908469E-17,
1.));
#1126=DIRECTION('ref_axis',(1.,1.74606887910242E-50,-3.14068704642415E-17));
#1127=DIRECTION('',(-1.,0.,0.));
#1128=DIRECTION('',(1.46025058562303E-12,-0.999394862371155,-0.0347837471549606));
#1129=DIRECTION('',(0.42912265162083,-0.305965437746879,-0.849846398339293));
#1130=DIRECTION('center_axis',(-2.15465320833926E-17,-0.940880095846728,
0.33873978986746));
#1131=DIRECTION('ref_axis',(-7.72638666601436E-33,-0.33873978986746,-0.940880095846728));
#1132=DIRECTION('center_axis',(0.,0.,1.));
#1133=DIRECTION('ref_axis',(0.,1.,0.));
#1134=DIRECTION('center_axis',(0.,0.,1.));
#1135=DIRECTION('ref_axis',(0.,1.,0.));
#1136=DIRECTION('',(0.,2.87295064566882E-12,-1.));
#1137=DIRECTION('',(0.,0.,1.));
#1138=DIRECTION('center_axis',(0.,0.,1.));
#1139=DIRECTION('ref_axis',(0.,1.,0.));
#1140=DIRECTION('',(0.,0.,-1.));
#1141=DIRECTION('',(0.,-2.34757132302727E-12,1.));
#1142=DIRECTION('center_axis',(0.,0.,1.));
#1143=DIRECTION('ref_axis',(0.,1.,0.));
#1144=DIRECTION('',(0.,0.,-1.));
#1145=DIRECTION('',(-1.81544297751193E-14,0.,1.));
#1146=DIRECTION('center_axis',(0.,0.,1.));
#1147=DIRECTION('ref_axis',(0.,1.,0.));
#1148=DIRECTION('',(0.,0.,-1.));
#1149=DIRECTION('',(0.,0.,1.));
#1150=DIRECTION('center_axis',(0.,0.,1.));
#1151=DIRECTION('ref_axis',(0.,1.,0.));
#1152=DIRECTION('',(0.,0.,-1.));
#1153=DIRECTION('center_axis',(0.,-3.06161699786838E-16,-1.));
#1154=DIRECTION('ref_axis',(0.,1.,-3.06161699786838E-16));
#1155=DIRECTION('center_axis',(0.,-3.06161699786838E-16,-1.));
#1156=DIRECTION('ref_axis',(0.,1.,-3.06161699786838E-16));
#1157=DIRECTION('',(0.,-1.,3.06161699786838E-16));
#1158=DIRECTION('',(-1.,0.,0.));
#1159=DIRECTION('',(0.,-1.,3.06161699786838E-16));
#1160=DIRECTION('',(1.,0.,0.));
#1161=DIRECTION('',(0.,-1.,3.06161699786838E-16));
#1162=DIRECTION('',(1.,0.,0.));
#1163=DIRECTION('',(0.,1.,-3.06161699786838E-16));
#1164=DIRECTION('',(1.,0.,0.));
#1165=DIRECTION('',(0.,1.,-3.06161699786838E-16));
#1166=DIRECTION('',(-1.,0.,0.));
#1167=DIRECTION('',(0.,1.,-3.06161699786838E-16));
#1168=DIRECTION('',(-1.,0.,0.));
#1169=DIRECTION('center_axis',(0.,-1.,0.));
#1170=DIRECTION('ref_axis',(1.,0.,0.));
#1171=DIRECTION('',(0.,0.,1.));
#1172=DIRECTION('',(0.,0.,1.));
#1173=DIRECTION('center_axis',(-1.,0.,0.));
#1174=DIRECTION('ref_axis',(0.,-1.,3.06161699786838E-16));
#1175=DIRECTION('',(0.,0.,1.));
#1176=DIRECTION('center_axis',(1.,0.,0.));
#1177=DIRECTION('ref_axis',(0.,1.,-3.06161699786838E-16));
#1178=DIRECTION('',(0.,0.,1.));
#1179=DIRECTION('center_axis',(0.,-1.,0.));
#1180=DIRECTION('ref_axis',(1.,0.,0.));
#1181=DIRECTION('',(0.,0.,1.));
#1182=DIRECTION('center_axis',(0.,-1.,0.));
#1183=DIRECTION('ref_axis',(1.,0.,0.));
#1184=DIRECTION('',(0.,0.,1.));
#1185=DIRECTION('center_axis',(-1.,0.,0.));
#1186=DIRECTION('ref_axis',(0.,-1.,3.06161699786838E-16));
#1187=DIRECTION('',(0.,0.,1.));
#1188=DIRECTION('center_axis',(1.,0.,0.));
#1189=DIRECTION('ref_axis',(0.,1.,-3.06161699786838E-16));
#1190=DIRECTION('',(0.,0.,1.));
#1191=DIRECTION('center_axis',(0.,1.,0.));
#1192=DIRECTION('ref_axis',(-1.,0.,0.));
#1193=DIRECTION('',(0.,0.,1.));
#1194=DIRECTION('center_axis',(0.,1.,0.));
#1195=DIRECTION('ref_axis',(-1.,0.,0.));
#1196=DIRECTION('',(0.,0.,1.));
#1197=DIRECTION('center_axis',(-1.,0.,0.));
#1198=DIRECTION('ref_axis',(0.,-1.,3.06161699786838E-16));
#1199=DIRECTION('',(0.,0.,1.));
#1200=DIRECTION('center_axis',(0.,1.,0.));
#1201=DIRECTION('ref_axis',(-1.,0.,0.));
#1202=DIRECTION('',(0.,0.,1.));
#1203=DIRECTION('center_axis',(1.,0.,0.));
#1204=DIRECTION('ref_axis',(0.,1.,-3.06161699786838E-16));
#1205=DIRECTION('center_axis',(-4.53428817974744E-13,-1.,0.));
#1206=DIRECTION('ref_axis',(0.,0.,-1.));
#1207=DIRECTION('',(1.,0.,0.));
#1208=DIRECTION('center_axis',(0.,0.,1.));
#1209=DIRECTION('ref_axis',(1.,0.,0.));
#1210=DIRECTION('',(1.,-4.04219867454635E-13,0.));
#1211=DIRECTION('center_axis',(-4.04219867454635E-13,-1.,0.));
#1212=DIRECTION('ref_axis',(0.,0.,-1.));
#1213=DIRECTION('center_axis',(0.,0.,1.));
#1214=DIRECTION('ref_axis',(1.,0.,0.));
#1215=DIRECTION('',(-2.02109933727317E-13,-1.,0.));
#1216=DIRECTION('',(0.,1.,0.));
#1217=DIRECTION('center_axis',(1.,-2.02109933727317E-13,0.));
#1218=DIRECTION('ref_axis',(0.,0.,-1.));
#1219=DIRECTION('center_axis',(1.,-2.18958788663243E-13,0.));
#1220=DIRECTION('ref_axis',(0.,0.,-1.));
#1221=DIRECTION('center_axis',(-4.53428817974744E-13,-1.,0.));
#1222=DIRECTION('ref_axis',(0.,0.,-1.));
#1223=DIRECTION('',(1.,0.,0.));
#1224=DIRECTION('center_axis',(0.,0.,1.));
#1225=DIRECTION('ref_axis',(1.,0.,0.));
#1226=DIRECTION('',(-1.,4.04219867454635E-13,0.));
#1227=DIRECTION('center_axis',(-4.04219867454635E-13,-1.,0.));
#1228=DIRECTION('ref_axis',(0.,0.,-1.));
#1229=DIRECTION('center_axis',(1.,-2.02109933727317E-13,0.));
#1230=DIRECTION('ref_axis',(0.,0.,-1.));
#1231=DIRECTION('',(-2.02109933727317E-13,-1.,0.));
#1232=DIRECTION('center_axis',(0.,0.,1.));
#1233=DIRECTION('ref_axis',(1.,0.,0.));
#1234=DIRECTION('',(0.,1.,0.));
#1235=DIRECTION('center_axis',(1.,-2.18958788663243E-13,0.));
#1236=DIRECTION('ref_axis',(0.,0.,-1.));
#1237=CARTESIAN_POINT('',(0.,0.,0.));
#1238=CARTESIAN_POINT('Origin',(102.866632463873,205.088959844892,6.09768147436491));
#1239=CARTESIAN_POINT('',(103.438390990363,204.183041201308,4.33274910222304));
#1240=CARTESIAN_POINT('',(102.33988584434,204.183041201308,7.7236688757786));
#1241=CARTESIAN_POINT('',(102.40343302464,204.183041201308,7.52750831065982));
#1242=CARTESIAN_POINT('',(103.438390990363,204.833041201317,4.33274910222318));
#1243=CARTESIAN_POINT('',(103.438390990363,204.961000523108,4.33274910222304));
#1244=CARTESIAN_POINT('',(102.332792987807,204.833041201324,7.74556345456437));
#1245=CARTESIAN_POINT('',(102.866632463873,204.833041201324,6.09768147436491));
#1246=CARTESIAN_POINT('',(102.259214581434,211.574995719522,7.9726889022513));
#1247=CARTESIAN_POINT('Ctrl Pts',(102.332792987807,204.833041201324,7.74556345456402));
#1248=CARTESIAN_POINT('Ctrl Pts',(102.320531365508,205.956701733086,7.78341323402253));
#1249=CARTESIAN_POINT('Ctrl Pts',(102.308269034201,207.080360297056,7.8212652020385));
#1250=CARTESIAN_POINT('Ctrl Pts',(102.283742924218,209.327676149749,7.89697360596684));
#1251=CARTESIAN_POINT('Ctrl Pts',(102.271479117481,210.451336009834,7.93483012850653));
#1252=CARTESIAN_POINT('Ctrl Pts',(102.259214581516,211.574995719479,7.9726889020097));
#1253=CARTESIAN_POINT('',(104.842006381747,212.253522434614,9.47588674193867E-11));
#1254=CARTESIAN_POINT('',(102.684263116596,211.686660463958,6.66062815514105));
#1255=CARTESIAN_POINT('',(104.842006381747,196.836584558019,9.47588674193867E-11));
#1256=CARTESIAN_POINT('',(104.842006381747,204.798500523102,9.47597555978064E-11));
#1257=CARTESIAN_POINT('',(102.390314530319,199.561250325234,7.56800312486549));
#1258=CARTESIAN_POINT('',(102.164098665078,199.812653299734,8.26629739623731));
#1259=CARTESIAN_POINT('Ctrl Pts',(102.39031453032,199.561250325212,7.56800312486499));
#1260=CARTESIAN_POINT('Ctrl Pts',(102.38191043123,200.331549213543,7.593945311741));
#1261=CARTESIAN_POINT('Ctrl Pts',(102.373505994717,201.101847577682,7.61988854018589));
#1262=CARTESIAN_POINT('Ctrl Pts',(102.356696398928,202.642447638694,7.67177722814776));
#1263=CARTESIAN_POINT('Ctrl Pts',(102.348291292935,203.412744449768,7.69772252310988));
#1264=CARTESIAN_POINT('Ctrl Pts',(102.339885844354,204.183041201312,7.72366887566244));
#1265=CARTESIAN_POINT('Origin',(97.4302785152504,211.825360904731,5.03089797610049));
#1266=CARTESIAN_POINT('',(92.6201075324061,211.884777830172,4.33274910222304));
#1267=CARTESIAN_POINT('',(92.6201075324061,211.617927729894,7.46823778038779));
#1268=CARTESIAN_POINT('',(92.6201075324061,211.765175482942,5.73807668213875));
#1269=CARTESIAN_POINT('',(91.9701075324047,211.884777830172,4.33274910222299));
#1270=CARTESIAN_POINT('',(94.8626930238242,211.884777830172,4.33274910222304));
#1271=CARTESIAN_POINT('',(91.9701075324047,211.617928298758,7.46823109618668));
#1272=CARTESIAN_POINT('',(91.970107532401,211.825360904731,5.03089797610049));
#1273=CARTESIAN_POINT('',(82.4650421956758,211.576128792542,7.95937529442614));
#1274=CARTESIAN_POINT('Ctrl Pts',(91.9701075324047,211.617928298765,7.46823109618678));
#1275=CARTESIAN_POINT('Ctrl Pts',(91.5822378093851,211.617819607606,7.46950821729985));
#1276=CARTESIAN_POINT('Ctrl Pts',(91.1944629163393,211.61751551847,7.4730789445884));
#1277=CARTESIAN_POINT('Ctrl Pts',(90.8067948138897,211.617016249657,7.47894457993716));
#1278=CARTESIAN_POINT('Ctrl Pts',(89.8390205507621,211.61576987549,7.49358754615375));
#1279=CARTESIAN_POINT('Ctrl Pts',(88.8719462787122,211.613307324936,7.52252708509751));
#1280=CARTESIAN_POINT('Ctrl Pts',(87.9057430161697,211.609636166768,7.56566356904862));
#1281=CARTESIAN_POINT('Ctrl Pts',(87.675394396465,211.608760940768,7.57594756406527));
#1282=CARTESIAN_POINT('Ctrl Pts',(87.4450952938636,211.607817012554,7.58703870917331));
#1283=CARTESIAN_POINT('Ctrl Pts',(87.2148480561666,211.606804469537,7.59893608962346));
#1284=CARTESIAN_POINT('Ctrl Pts',(85.6291161064363,211.59983100124,7.68087434211501));
#1285=CARTESIAN_POINT('Ctrl Pts',(84.0449355791031,211.589598891816,7.80110162784683));
#1286=CARTESIAN_POINT('Ctrl Pts',(82.4650421956759,211.576128792533,7.95937529442597));
#1287=CARTESIAN_POINT('',(79.743563114378,212.253522434621,9.47597555978064E-11));
#1288=CARTESIAN_POINT('',(82.6300170904215,211.535065480472,8.44186921121835));
#1289=CARTESIAN_POINT('',(97.2439430238301,212.253522434614,9.47588674193867E-11));
#1290=CARTESIAN_POINT('Ctrl Pts',(102.259214581459,211.574995719542,7.97268890200603));
#1291=CARTESIAN_POINT('Ctrl Pts',(101.562391250935,211.581022088211,7.90187907012751));
#1292=CARTESIAN_POINT('Ctrl Pts',(100.865045405693,211.586414532146,7.83851526537648));
#1293=CARTESIAN_POINT('Ctrl Pts',(100.167162216623,211.591173210001,7.78260058863596));
#1294=CARTESIAN_POINT('Ctrl Pts',(99.2612363191681,211.597350475157,7.71001744793218));
#1295=CARTESIAN_POINT('Ctrl Pts',(98.3544247638532,211.602459833895,7.6499855583771));
#1296=CARTESIAN_POINT('Ctrl Pts',(97.4467084890009,211.606502651299,7.60248245388709));
#1297=CARTESIAN_POINT('Ctrl Pts',(95.8394266705125,211.613661217349,7.51836930280253));
#1298=CARTESIAN_POINT('Ctrl Pts',(94.2295968200617,211.617474015177,7.47356892832641));
#1299=CARTESIAN_POINT('Ctrl Pts',(92.6201075324061,211.617927729879,7.46823778038727));
#1300=CARTESIAN_POINT('Ctrl Pts',(90.2951074858647,206.50737706857,7.31020681963858));
#1301=CARTESIAN_POINT('Ctrl Pts',(90.295107575228,201.707323664461,7.14314187871477));
#1302=CARTESIAN_POINT('Ctrl Pts',(90.4656549081446,206.507498026469,7.30673158942612));
#1303=CARTESIAN_POINT('Ctrl Pts',(90.4656549975079,201.70744462236,7.13966664850231));
#1304=CARTESIAN_POINT('Ctrl Pts',(90.636218500902,206.507603509679,7.30370097290003));
#1305=CARTESIAN_POINT('Ctrl Pts',(90.6362185902653,201.70755010557,7.13663603197622));
#1306=CARTESIAN_POINT('Ctrl Pts',(91.9693829195385,206.508306821939,7.28349435572408));
#1307=CARTESIAN_POINT('Ctrl Pts',(91.9693830089018,201.70825341783,7.11642941480027));
#1308=CARTESIAN_POINT('Ctrl Pts',(93.1325165328199,206.508200320357,7.28655494516542));
#1309=CARTESIAN_POINT('Ctrl Pts',(93.1325166221832,201.708146916248,7.11949000424161));
#1310=CARTESIAN_POINT('Ctrl Pts',(94.2951075044912,206.507376835696,7.31021564991842));
#1311=CARTESIAN_POINT('Ctrl Pts',(94.2951075938545,201.707323431587,7.14315070899461));
#1312=CARTESIAN_POINT('',(92.7951075324576,206.508041201636,7.29112649986341));
#1313=CARTESIAN_POINT('',(91.7951075323716,206.508041201512,7.29111650384887));
#1314=CARTESIAN_POINT('Origin',(92.2941267437604,206.508032704378,105.410036518116));
#1315=CARTESIAN_POINT('',(92.795107532456,205.008041201637,7.23891928653222));
#1316=CARTESIAN_POINT('',(92.7951075325028,205.008041202008,7.23891928596048));
#1317=CARTESIAN_POINT('',(94.2951075324017,205.008041201334,7.25803155984841));
#1318=CARTESIAN_POINT('Origin',(92.2933898874554,205.008041235145,105.487778523028));
#1319=CARTESIAN_POINT('',(94.2951075324017,204.008041201327,7.22322675067642));
#1320=CARTESIAN_POINT('',(94.2951075324017,204.008041201363,7.22322675067728));
#1321=CARTESIAN_POINT('',(92.7951075324566,204.008041201637,7.20411447764475));
#1322=CARTESIAN_POINT('Origin',(92.293389906109,204.008041235755,105.452973712018));
#1323=CARTESIAN_POINT('',(92.7951075324575,202.508041201637,7.15190726431342));
#1324=CARTESIAN_POINT('',(92.7951075325028,202.508041202008,7.15190726374169));
#1325=CARTESIAN_POINT('',(91.7951075323747,202.508041201512,7.15189726905777));
#1326=CARTESIAN_POINT('Origin',(92.2941268182222,202.508033512947,105.270817247443));
#1327=CARTESIAN_POINT('',(91.7951075323735,204.008041201509,7.20410448210434));
#1328=CARTESIAN_POINT('',(91.7951075323462,204.008041201707,7.20410448162908));
#1329=CARTESIAN_POINT('',(90.2951075324017,204.008041201319,7.22321791267049));
#1330=CARTESIAN_POINT('Origin',(92.293160958355,204.007445529714,105.159453073013));
#1331=CARTESIAN_POINT('',(90.2951075324017,205.008041201327,7.2580227210835));
#1332=CARTESIAN_POINT('',(90.2951075324017,205.008041201363,7.25802272108478));
#1333=CARTESIAN_POINT('',(91.7951075323728,205.008041201509,7.23890929080206));
#1334=CARTESIAN_POINT('Origin',(92.2931609393975,205.007446276826,105.194257857156));
#1335=CARTESIAN_POINT('',(91.7951075323462,206.508041201714,7.29111650337367));
#1336=CARTESIAN_POINT('Ctrl Pts',(82.4650421952101,211.600804050933,7.96023411207712));
#1337=CARTESIAN_POINT('Ctrl Pts',(82.4650423467567,203.460445120647,7.6769104760058));
#1338=CARTESIAN_POINT('Ctrl Pts',(85.2324299754982,211.610470149477,7.68251251674437));
#1339=CARTESIAN_POINT('Ctrl Pts',(85.2324301270448,203.470111219191,7.39918888067305));
#1340=CARTESIAN_POINT('Ctrl Pts',(88.0178989958586,211.616083445646,7.52123467873873));
#1341=CARTESIAN_POINT('Ctrl Pts',(88.0178991474052,203.47572451536,7.23791104266741));
#1342=CARTESIAN_POINT('Ctrl Pts',(91.1945184965589,211.617759289955,7.47308658555709));
#1343=CARTESIAN_POINT('Ctrl Pts',(91.1945186481054,203.477400359669,7.18976294948577));
#1344=CARTESIAN_POINT('Ctrl Pts',(91.5823028538325,211.617883771345,7.46951023570318));
#1345=CARTESIAN_POINT('Ctrl Pts',(91.5823030053791,203.477524841059,7.18618659963186));
#1346=CARTESIAN_POINT('Ctrl Pts',(91.9701075324083,211.617928298772,7.46823109618702));
#1347=CARTESIAN_POINT('Ctrl Pts',(91.9701076839549,203.477569368486,7.1849074601157));
#1348=CARTESIAN_POINT('',(91.9701075324047,207.188409646144,7.31406254671167));
#1349=CARTESIAN_POINT('',(91.970107532401,207.188409646144,7.31406254671164));
#1350=CARTESIAN_POINT('',(89.6147390871445,204.833041203108,7.26817508387622));
#1351=CARTESIAN_POINT('Ctrl Pts',(89.6147390879666,204.833041204522,7.26817508354358));
#1352=CARTESIAN_POINT('Ctrl Pts',(89.6342475658066,204.99393322879,7.27324141997529));
#1353=CARTESIAN_POINT('Ctrl Pts',(89.6681645282676,205.152428185585,7.27783237552792));
#1354=CARTESIAN_POINT('Ctrl Pts',(89.7159164781041,205.306648429839,7.28194413289788));
#1355=CARTESIAN_POINT('Ctrl Pts',(89.7223105266954,205.327298722422,7.28249470259209));
#1356=CARTESIAN_POINT('Ctrl Pts',(89.7289526473098,205.347872441194,7.28303668047346));
#1357=CARTESIAN_POINT('Ctrl Pts',(89.7358414738857,205.368365118075,7.28357005737744));
#1358=CARTESIAN_POINT('Ctrl Pts',(89.7819154703983,205.505424675713,7.28713740013798));
#1359=CARTESIAN_POINT('Ctrl Pts',(89.8390234911678,205.638854931977,7.29032098875849));
#1360=CARTESIAN_POINT('Ctrl Pts',(89.9067530620793,205.76731199194,7.29314186215688));
#1361=CARTESIAN_POINT('Ctrl Pts',(89.9130727922972,205.779298100114,7.29340507302056));
#1362=CARTESIAN_POINT('Ctrl Pts',(89.9194849859891,205.791240871274,7.29366512592725));
#1363=CARTESIAN_POINT('Ctrl Pts',(89.9259892978744,205.803139186358,7.29392203796859));
#1364=CARTESIAN_POINT('Ctrl Pts',(89.9981927991193,205.935220799775,7.29677398437333));
#1365=CARTESIAN_POINT('Ctrl Pts',(90.0811458896132,206.060723269152,7.29921497279988));
#1366=CARTESIAN_POINT('Ctrl Pts',(90.1738377347766,206.178434701579,7.30130639640083));
#1367=CARTESIAN_POINT('Ctrl Pts',(90.2354778052909,206.256712795864,7.30269719294836));
#1368=CARTESIAN_POINT('Ctrl Pts',(90.3014256858005,206.331547132942,7.30393340322358));
#1369=CARTESIAN_POINT('Ctrl Pts',(90.3713873783372,206.402586204447,7.30503308169606));
#1370=CARTESIAN_POINT('Ctrl Pts',(90.4455410439156,206.477881803515,7.30619865083448));
#1371=CARTESIAN_POINT('Ctrl Pts',(90.5242022777873,206.548912271184,7.30721152439697));
#1372=CARTESIAN_POINT('Ctrl Pts',(90.6070188289811,206.615256550878,7.30809483503052));
#1373=CARTESIAN_POINT('Ctrl Pts',(90.6714383099023,206.666862950787,7.30878192488979));
#1374=CARTESIAN_POINT('Ctrl Pts',(90.7381054320556,206.715420208725,7.30938785599562));
#1375=CARTESIAN_POINT('Ctrl Pts',(90.8067948380847,206.760800692248,7.30992492251821));
#1376=CARTESIAN_POINT('Ctrl Pts',(90.9586630794021,206.861134275272,7.31111234504769));
#1377=CARTESIAN_POINT('Ctrl Pts',(91.1204151923962,206.945937242307,7.31196639594822));
#1378=CARTESIAN_POINT('Ctrl Pts',(91.2896175504453,207.013832472799,7.31259538073574));
#1379=CARTESIAN_POINT('Ctrl Pts',(91.3126113507429,207.023059113545,7.31268085679389));
#1380=CARTESIAN_POINT('Ctrl Pts',(91.335742659268,207.03197347533,7.31276217643804));
#1381=CARTESIAN_POINT('Ctrl Pts',(91.3590052477651,207.04057205261,7.31283961147705));
#1382=CARTESIAN_POINT('Ctrl Pts',(91.5272540491092,207.102762050116,7.31339966748704));
#1383=CARTESIAN_POINT('Ctrl Pts',(91.7011376184668,207.147977801234,7.3137528250312));
#1384=CARTESIAN_POINT('Ctrl Pts',(91.8780569881705,207.175637280863,7.31396519328735));
#1385=CARTESIAN_POINT('Ctrl Pts',(91.9086541909707,207.180420831183,7.31400192117426));
#1386=CARTESIAN_POINT('Ctrl Pts',(91.9393421885661,207.184679287077,7.31403431203344));
#1387=CARTESIAN_POINT('Ctrl Pts',(91.970107532404,207.18840964615,7.31406254671181));
#1388=CARTESIAN_POINT('',(82.4652175936826,204.833041201331,7.72466580949933));
#1389=CARTESIAN_POINT('Origin',(88.3434690037275,204.833023856958,57.667766257073));
#1390=CARTESIAN_POINT('',(82.4650421956794,211.576128792542,7.9593752944265));
#1391=CARTESIAN_POINT('Ctrl Pts',(92.620107449944,211.617927729902,7.46823778011413));
#1392=CARTESIAN_POINT('Ctrl Pts',(92.6201076014905,203.477568466752,7.18491413245751));
#1393=CARTESIAN_POINT('Ctrl Pts',(95.1395758702492,211.617636812611,7.47659766485916));
#1394=CARTESIAN_POINT('Ctrl Pts',(95.1395760217957,203.477277549461,7.19327401720254));
#1395=CARTESIAN_POINT('Ctrl Pts',(97.6589498764697,211.613973922278,7.58183993917508));
#1396=CARTESIAN_POINT('Ctrl Pts',(97.6589500280163,203.473614659128,7.29851629151846));
#1397=CARTESIAN_POINT('Ctrl Pts',(100.890063313003,211.604948024826,7.84117070205382));
#1398=CARTESIAN_POINT('Ctrl Pts',(100.89006346455,203.464588761676,7.5578470543972));
#1399=CARTESIAN_POINT('Ctrl Pts',(101.612024675847,211.602650925124,7.90717058015569));
#1400=CARTESIAN_POINT('Ctrl Pts',(101.612024827394,203.462291661974,7.62384693249907));
#1401=CARTESIAN_POINT('Ctrl Pts',(102.332792861835,211.600078226104,7.98108888430441));
#1402=CARTESIAN_POINT('Ctrl Pts',(102.332793013382,203.459718962954,7.69776523664779));
#1403=CARTESIAN_POINT('',(94.9754759745943,204.833041205332,7.26815967907122));
#1404=CARTESIAN_POINT('Ctrl Pts',(94.9754759745987,204.83304120132,7.2681596789115));
#1405=CARTESIAN_POINT('Ctrl Pts',(96.2043361507314,204.833041201319,7.30170960076613));
#1406=CARTESIAN_POINT('Ctrl Pts',(97.4327795296321,204.833041201319,7.35830731218373));
#1407=CARTESIAN_POINT('Ctrl Pts',(98.6595172020974,204.833041201318,7.43790602847222));
#1408=CARTESIAN_POINT('Ctrl Pts',(99.1624390675759,204.833041201318,7.47053886904119));
#1409=CARTESIAN_POINT('Ctrl Pts',(99.664978928334,204.833041201318,7.50703078230089));
#1410=CARTESIAN_POINT('Ctrl Pts',(100.167162342437,204.833041201318,7.5473850962789));
#1411=CARTESIAN_POINT('Ctrl Pts',(100.889751430777,204.833041201317,7.60545070762544));
#1412=CARTESIAN_POINT('Ctrl Pts',(101.611602516214,204.833041201317,7.67151224819636));
#1413=CARTESIAN_POINT('Ctrl Pts',(102.332792987807,204.833041201317,7.74556345456376));
#1414=CARTESIAN_POINT('',(92.6201075324061,207.188409646151,7.31406925016611));
#1415=CARTESIAN_POINT('Ctrl Pts',(92.6201075324168,207.188409646153,7.31406925016612));
#1416=CARTESIAN_POINT('Ctrl Pts',(92.7988541726769,207.166736250022,7.31390873193155));
#1417=CARTESIAN_POINT('Ctrl Pts',(92.9749351259557,207.127242619943,7.3136118523299));
#1418=CARTESIAN_POINT('Ctrl Pts',(93.145721554131,207.070550862949,7.31312035865298));
#1419=CARTESIAN_POINT('Ctrl Pts',(93.1960014557217,207.053860684501,7.31297566182917));
#1420=CARTESIAN_POINT('Ctrl Pts',(93.2458224755084,207.035679910784,7.31281374844258));
#1421=CARTESIAN_POINT('Ctrl Pts',(93.2951175591397,207.0160244455,7.31263228840476));
#1422=CARTESIAN_POINT('Ctrl Pts',(93.4952248783727,206.936235505579,7.31189567373568));
#1423=CARTESIAN_POINT('Ctrl Pts',(93.6846950389815,206.832931281403,7.31084898320315));
#1424=CARTESIAN_POINT('Ctrl Pts',(93.8596294768652,206.708556910392,7.30930923061112));
#1425=CARTESIAN_POINT('Ctrl Pts',(93.9492621803227,206.644830115089,7.30852029397206));
#1426=CARTESIAN_POINT('Ctrl Pts',(94.0350788665882,206.575571766658,7.30760087425678));
#1427=CARTESIAN_POINT('Ctrl Pts',(94.1165555823148,206.501110947939,7.30652138626151));
#1428=CARTESIAN_POINT('Ctrl Pts',(94.2945876188652,206.338409112434,7.30416263327896));
#1429=CARTESIAN_POINT('Ctrl Pts',(94.4497038383512,206.152873459258,7.30106490555214));
#1430=CARTESIAN_POINT('Ctrl Pts',(94.5780292940016,205.949660653848,7.29697644971842));
#1431=CARTESIAN_POINT('Ctrl Pts',(94.626806592161,205.872418211582,7.29542240240799));
#1432=CARTESIAN_POINT('Ctrl Pts',(94.6717131808857,205.792621747347,7.29372563232656));
#1433=CARTESIAN_POINT('Ctrl Pts',(94.7125363453206,205.710554376391,7.29187456615205));
#1434=CARTESIAN_POINT('Ctrl Pts',(94.7939435299428,205.54690038946,7.28818327744619));
#1435=CARTESIAN_POINT('Ctrl Pts',(94.8583498792472,205.375749220289,7.28390954735144));
#1436=CARTESIAN_POINT('Ctrl Pts',(94.9049860887531,205.19980005435,7.2790254510525));
#1437=CARTESIAN_POINT('Ctrl Pts',(94.9368715351379,205.079502591146,7.27568616614218));
#1438=CARTESIAN_POINT('Ctrl Pts',(94.9604502520597,204.956962254444,7.27206250037674));
#1439=CARTESIAN_POINT('Ctrl Pts',(94.975475972112,204.833041213359,7.26815967926263));
#1440=CARTESIAN_POINT('',(92.6201075324061,211.617927729894,7.46823778038776));
#1441=CARTESIAN_POINT('Ctrl Pts',(82.4652345011782,204.183041201322,7.70204098622247));
#1442=CARTESIAN_POINT('Ctrl Pts',(82.4652346090384,198.389099308729,7.50038394649544));
#1443=CARTESIAN_POINT('Ctrl Pts',(85.2325590625151,204.192706888505,7.42433120986952));
#1444=CARTESIAN_POINT('Ctrl Pts',(85.2325591703753,198.398764995912,7.22267417014249));
#1445=CARTESIAN_POINT('Ctrl Pts',(88.0179636877365,204.198319958879,7.26305985925891));
#1446=CARTESIAN_POINT('Ctrl Pts',(88.0179637955967,198.404378066286,7.06140281953188));
#1447=CARTESIAN_POINT('Ctrl Pts',(91.1945185739096,204.199995769108,7.21491274547012));
#1448=CARTESIAN_POINT('Ctrl Pts',(91.1945186817698,198.406053876515,7.01325570574309));
#1449=CARTESIAN_POINT('Ctrl Pts',(91.5823028704217,204.200120250491,7.21133639581353));
#1450=CARTESIAN_POINT('Ctrl Pts',(91.5823029782819,198.406178357898,7.0096793560865));
#1451=CARTESIAN_POINT('Ctrl Pts',(91.970107488236,204.200164777933,7.21005725577797));
#1452=CARTESIAN_POINT('Ctrl Pts',(91.9701075960962,198.40622288534,7.00840021605094));
#1453=CARTESIAN_POINT('',(91.9701075324047,199.371879867438,7.04200972282286));
#1454=CARTESIAN_POINT('',(91.9701075323974,201.827672756495,7.12748312460987));
#1455=CARTESIAN_POINT('',(91.970107532401,199.371879867445,7.04200972282295));
#1456=CARTESIAN_POINT('',(82.4653549755785,199.551466552555,7.5408278202689));
#1457=CARTESIAN_POINT('Ctrl Pts',(82.4653549755786,199.551466552559,7.5408278202686));
#1458=CARTESIAN_POINT('Ctrl Pts',(84.0447406230911,199.493610613151,7.38012776835925));
#1459=CARTESIAN_POINT('Ctrl Pts',(85.6288641793193,199.449641640057,7.25800000877404));
#1460=CARTESIAN_POINT('Ctrl Pts',(87.2149955954833,199.419672360873,7.17475765250257));
#1461=CARTESIAN_POINT('Ctrl Pts',(88.1806151047832,199.401427390522,7.12408061376751));
#1462=CARTESIAN_POINT('Ctrl Pts',(89.147208560349,199.388366599533,7.08779900682626));
#1463=CARTESIAN_POINT('Ctrl Pts',(90.1146043252249,199.380521602091,7.06600687522917));
#1464=CARTESIAN_POINT('Ctrl Pts',(90.3452897023361,199.378650882517,7.06081031940574));
#1465=CARTESIAN_POINT('Ctrl Pts',(90.5760207128912,199.377076741889,7.05643791478272));
#1466=CARTESIAN_POINT('Ctrl Pts',(90.8067950417762,199.37579959363,7.05289137483498));
#1467=CARTESIAN_POINT('Ctrl Pts',(91.1944531840433,199.373654221031,7.04693384440142));
#1468=CARTESIAN_POINT('Ctrl Pts',(91.5822280097592,199.372346888176,7.04330691474243));
#1469=CARTESIAN_POINT('Ctrl Pts',(91.9701075324047,199.371879867437,7.042009722823));
#1470=CARTESIAN_POINT('',(82.4652345011782,204.183041201322,7.70204098622191));
#1471=CARTESIAN_POINT('',(82.4652345011855,204.18304120133,7.70204098622247));
#1472=CARTESIAN_POINT('',(89.6147390899729,204.183041202724,7.24555195848897));
#1473=CARTESIAN_POINT('Origin',(88.343466742609,204.183023857789,57.6451212278776));
#1474=CARTESIAN_POINT('Ctrl Pts',(91.970107532398,201.8276727565,7.12748312461009));
#1475=CARTESIAN_POINT('Ctrl Pts',(91.793966986071,201.849030139049,7.12880815250667));
#1476=CARTESIAN_POINT('Ctrl Pts',(91.6202973500608,201.887705741923,7.13120656217876));
#1477=CARTESIAN_POINT('Ctrl Pts',(91.4516264097968,201.943174812679,7.13458619781892));
#1478=CARTESIAN_POINT('Ctrl Pts',(91.2633416482615,202.005094078342,7.13835883280624));
#1479=CARTESIAN_POINT('Ctrl Pts',(91.0827490851781,202.087458108531,7.14332426442527));
#1480=CARTESIAN_POINT('Ctrl Pts',(90.9130176161828,202.188595923297,7.1492358855067));
#1481=CARTESIAN_POINT('Ctrl Pts',(90.8771141108454,202.209989729017,7.15048637794812));
#1482=CARTESIAN_POINT('Ctrl Pts',(90.8416965772303,202.232223582862,7.15177902060277));
#1483=CARTESIAN_POINT('Ctrl Pts',(90.8067949881732,202.255281678684,7.15311119822693));
#1484=CARTESIAN_POINT('Ctrl Pts',(90.7624230012478,202.284596490816,7.15480485658802));
#1485=CARTESIAN_POINT('Ctrl Pts',(90.7188850192206,202.315243541708,7.1565624173956));
#1486=CARTESIAN_POINT('Ctrl Pts',(90.6762426065704,202.347190358141,7.1583783094627));
#1487=CARTESIAN_POINT('Ctrl Pts',(90.4213819519223,202.538126706343,7.16923134080468));
#1488=CARTESIAN_POINT('Ctrl Pts',(90.2023372276147,202.772625965795,7.1820031715915));
#1489=CARTESIAN_POINT('Ctrl Pts',(90.0292149272769,203.039800518509,7.19530402292753));
#1490=CARTESIAN_POINT('Ctrl Pts',(89.9220183058992,203.20523391047,7.20353985575719));
#1491=CARTESIAN_POINT('Ctrl Pts',(89.8332896567653,203.38186617883,7.2119103735784));
#1492=CARTESIAN_POINT('Ctrl Pts',(89.7645858965481,203.566521046057,7.2201109620896));
#1493=CARTESIAN_POINT('Ctrl Pts',(89.7582440061784,203.583566123655,7.22086794006491));
#1494=CARTESIAN_POINT('Ctrl Pts',(89.7520727431378,203.600679558298,7.22162350742256));
#1495=CARTESIAN_POINT('Ctrl Pts',(89.746073332578,203.617858850931,7.22237744837916));
#1496=CARTESIAN_POINT('Ctrl Pts',(89.6870041639816,203.787003223162,7.22980062187814));
#1497=CARTESIAN_POINT('Ctrl Pts',(89.6449334291098,203.961560906075,7.23701928293172));
#1498=CARTESIAN_POINT('Ctrl Pts',(89.6204548763018,204.13894354134,7.2438610111958));
#1499=CARTESIAN_POINT('Ctrl Pts',(89.6184290071293,204.153623903179,7.24442723937464));
#1500=CARTESIAN_POINT('Ctrl Pts',(89.6165236347493,204.16832361316,7.2449909154998));
#1501=CARTESIAN_POINT('Ctrl Pts',(89.614739096433,204.183041203472,7.24555195815879));
#1502=CARTESIAN_POINT('Origin',(101.405961997545,199.892651673639,8.4885000425039));
#1503=CARTESIAN_POINT('',(92.6201075324061,199.371882311112,7.04201651036461));
#1504=CARTESIAN_POINT('',(92.6201075324061,198.396479944146,4.33274910222304));
#1505=CARTESIAN_POINT('',(92.6201075324061,199.734235417513,8.04848470712339));
#1506=CARTESIAN_POINT('Ctrl Pts',(92.6201075324061,199.371882311118,7.04201651036516));
#1507=CARTESIAN_POINT('Ctrl Pts',(94.251739693991,199.373858586233,7.04750579144429));
#1508=CARTESIAN_POINT('Ctrl Pts',(95.8835485938974,199.39066733047,7.09419358355621));
#1509=CARTESIAN_POINT('Ctrl Pts',(97.5125263231369,199.422239541519,7.1818882266022));
#1510=CARTESIAN_POINT('Ctrl Pts',(98.3373552434155,199.438226053969,7.22629219630633));
#1511=CARTESIAN_POINT('Ctrl Pts',(99.161172813575,199.457991206088,7.2811900730926));
#1512=CARTESIAN_POINT('Ctrl Pts',(99.9841042723147,199.481536825762,7.34658920573011));
#1513=CARTESIAN_POINT('Ctrl Pts',(100.045128520794,199.483282844498,7.35143885982709));
#1514=CARTESIAN_POINT('Ctrl Pts',(100.106147894097,199.485049650908,7.35634628312147));
#1515=CARTESIAN_POINT('Ctrl Pts',(100.167162441947,199.486837245343,7.36131148994812));
#1516=CARTESIAN_POINT('Ctrl Pts',(100.908906150088,199.508568733512,7.4216726833526));
#1517=CARTESIAN_POINT('Ctrl Pts',(101.649924004574,199.533372574815,7.49057017702285));
#1518=CARTESIAN_POINT('Ctrl Pts',(102.390314530316,199.561250325228,7.56800312486511));
#1519=CARTESIAN_POINT('',(79.9269040774998,196.836584558019,9.47597555978064E-11));
#1520=CARTESIAN_POINT('',(99.2317847649756,196.836584558019,9.4757979240967E-11));
#1521=CARTESIAN_POINT('',(83.5507936403519,200.712346949891,10.7652770647348));
#1522=CARTESIAN_POINT('',(91.9701075324047,198.396479944146,4.33274910222356));
#1523=CARTESIAN_POINT('',(91.9701075324047,199.892651673639,8.4885000425039));
#1524=CARTESIAN_POINT('',(96.8505347649734,198.396479944146,4.33274910222304));
#1525=CARTESIAN_POINT('Origin',(82.0278164141164,204.615585533596,6.43403668661685));
#1526=CARTESIAN_POINT('',(81.3166122679941,204.18304120133,4.33274910222304));
#1527=CARTESIAN_POINT('',(82.4751111511723,204.183041201322,7.73101249286712));
#1528=CARTESIAN_POINT('',(79.8364069879608,204.446384264826,9.47597555978064E-11));
#1529=CARTESIAN_POINT('',(81.3088823525613,204.833041201317,4.3327491022233));
#1530=CARTESIAN_POINT('',(81.3088823525613,204.833041201324,4.33274910222304));
#1531=CARTESIAN_POINT('',(81.3110027579532,204.654738667487,4.33274910222304));
#1532=CARTESIAN_POINT('Ctrl Pts',(103.133552935116,211.017302873901,9.10257279700664));
#1533=CARTESIAN_POINT('Ctrl Pts',(104.10823780088,211.764215649702,6.06838186470268));
#1534=CARTESIAN_POINT('Ctrl Pts',(105.082922666646,212.511128425511,3.03419093239872));
#1535=CARTESIAN_POINT('Ctrl Pts',(106.05760753241,213.258041201312,9.47588674193867E-11));
#1536=CARTESIAN_POINT('Ctrl Pts',(103.133552935116,210.121430377185,9.07143702653947));
#1537=CARTESIAN_POINT('Ctrl Pts',(104.10823780088,211.123334087264,6.04762468439124));
#1538=CARTESIAN_POINT('Ctrl Pts',(105.082922666646,212.125237797336,3.02381234224299));
#1539=CARTESIAN_POINT('Ctrl Pts',(106.05760753241,213.127141507415,9.47588674193867E-11));
#1540=CARTESIAN_POINT('Ctrl Pts',(103.133552935116,201.242190614241,8.77691891954311));
#1541=CARTESIAN_POINT('Ctrl Pts',(104.10823780088,199.457774041228,5.85127927972699));
#1542=CARTESIAN_POINT('Ctrl Pts',(105.082922666646,197.673357468222,2.92563963991088));
#1543=CARTESIAN_POINT('Ctrl Pts',(106.05760753241,195.888940895209,9.47588674193867E-11));
#1544=CARTESIAN_POINT('Ctrl Pts',(103.133552935116,200.346318117525,8.74578314907596));
#1545=CARTESIAN_POINT('Ctrl Pts',(104.10823780088,198.81689247879,5.83052209941556));
#1546=CARTESIAN_POINT('Ctrl Pts',(105.082922666646,197.287466840047,2.91526104975516));
#1547=CARTESIAN_POINT('Ctrl Pts',(106.05760753241,195.758041201312,9.47588674193867E-11));
#1548=CARTESIAN_POINT('',(103.136758855897,200.341287550611,8.73619431035506));
#1549=CARTESIAN_POINT('',(106.05760753241,195.758041201312,9.47588674193867E-11));
#1550=CARTESIAN_POINT('',(103.057607532424,200.465487759015,8.972934182341));
#1551=CARTESIAN_POINT('',(106.05760753241,213.258041201312,9.47588674193867E-11));
#1552=CARTESIAN_POINT('',(106.05760753241,195.758041201312,9.47588674193867E-11));
#1553=CARTESIAN_POINT('',(103.133568006582,211.017314423349,9.10252587958067));
#1554=CARTESIAN_POINT('',(103.057607532424,210.959104995258,9.33899059755885));
#1555=CARTESIAN_POINT('Ctrl Pts',(103.136758855897,200.341287550611,8.73619431035514));
#1556=CARTESIAN_POINT('Ctrl Pts',(103.136929228891,201.359054475244,8.77106051988824));
#1557=CARTESIAN_POINT('Ctrl Pts',(103.135863067699,203.392359372512,8.84074914297405));
#1558=CARTESIAN_POINT('Ctrl Pts',(103.13491002097,206.950866814652,8.9627944078921));
#1559=CARTESIAN_POINT('Ctrl Pts',(103.133491089648,209.493532856541,9.04980885491374));
#1560=CARTESIAN_POINT('Ctrl Pts',(103.133568006579,211.017314423349,9.10252587958044));
#1561=CARTESIAN_POINT('Ctrl Pts',(83.1201005875046,198.810400194285,8.70734414536784));
#1562=CARTESIAN_POINT('Ctrl Pts',(83.0117326121035,198.814163969393,8.71776933035327));
#1563=CARTESIAN_POINT('Ctrl Pts',(82.6880074404835,198.867337580879,8.7509218721397));
#1564=CARTESIAN_POINT('Ctrl Pts',(82.2063024032104,199.143735709462,8.80968781459339));
#1565=CARTESIAN_POINT('Ctrl Pts',(81.8154658367566,199.682493545828,8.8704128371561));
#1566=CARTESIAN_POINT('Ctrl Pts',(81.7173311182923,200.117148970516,8.8963715092465));
#1567=CARTESIAN_POINT('Ctrl Pts',(81.7173350989469,200.335443701078,8.90396877856379));
#1568=CARTESIAN_POINT('Ctrl Pts',(83.1179663462099,198.753695708467,8.70557329443735));
#1569=CARTESIAN_POINT('Ctrl Pts',(83.0048355157487,198.758964221233,8.71648050086536));
#1570=CARTESIAN_POINT('Ctrl Pts',(82.6684337140396,198.817361211564,8.75099524241799));
#1571=CARTESIAN_POINT('Ctrl Pts',(82.1709006661513,199.10410702214,8.81182112353078));
#1572=CARTESIAN_POINT('Ctrl Pts',(81.764549759293,199.658048490805,8.8749320752124));
#1573=CARTESIAN_POINT('Ctrl Pts',(81.6571472321557,200.107203540865,8.90252342911159));
#1574=CARTESIAN_POINT('Ctrl Pts',(81.6533582786942,200.335200956171,8.9109772531285));
#1575=CARTESIAN_POINT('Ctrl Pts',(83.1109150151897,198.656054265943,8.66742665203412));
#1576=CARTESIAN_POINT('Ctrl Pts',(82.9896270916142,198.663820654838,8.68095257664339));
#1577=CARTESIAN_POINT('Ctrl Pts',(82.6313144438209,198.731119431919,8.72164209331308));
#1578=CARTESIAN_POINT('Ctrl Pts',(82.1060318131167,199.035913870779,8.78711425685841));
#1579=CARTESIAN_POINT('Ctrl Pts',(81.6720900955188,199.616568588383,8.85037131246818));
#1580=CARTESIAN_POINT('Ctrl Pts',(81.5478409819807,200.091350545059,8.8736816776558));
#1581=CARTESIAN_POINT('Ctrl Pts',(81.5371014740995,200.336361489564,8.8776923471812));
#1582=CARTESIAN_POINT('Ctrl Pts',(83.1008038140062,198.598185648632,8.58315288245271));
#1583=CARTESIAN_POINT('Ctrl Pts',(82.9745819149648,198.605724241927,8.60056290880893));
#1584=CARTESIAN_POINT('Ctrl Pts',(82.6017387659413,198.675173641554,8.65011721430084));
#1585=CARTESIAN_POINT('Ctrl Pts',(82.0567261423821,198.991689777788,8.72003990501834));
#1586=CARTESIAN_POINT('Ctrl Pts',(81.6065972965407,199.592905417921,8.77747378519787));
#1587=CARTESIAN_POINT('Ctrl Pts',(81.4781684019399,200.085683164201,8.78791343355954));
#1588=CARTESIAN_POINT('Ctrl Pts',(81.4690252754444,200.339698076677,8.78185688658613));
#1589=CARTESIAN_POINT('Ctrl Pts',(83.0964729709849,198.583837182494,8.5432987330508));
#1590=CARTESIAN_POINT('Ctrl Pts',(82.9689812713877,198.590632737432,8.56217399533995));
#1591=CARTESIAN_POINT('Ctrl Pts',(82.591872564728,198.659338800986,8.6151683104043));
#1592=CARTESIAN_POINT('Ctrl Pts',(82.0406470423877,198.979146760161,8.68669286332294));
#1593=CARTESIAN_POINT('Ctrl Pts',(81.5867738437119,199.587334730655,8.74121355038691));
#1594=CARTESIAN_POINT('Ctrl Pts',(81.4598559444494,200.085571157484,8.74610090464491));
#1595=CARTESIAN_POINT('Ctrl Pts',(81.4534562067529,200.341287547126,8.73619430379317));
#1596=CARTESIAN_POINT('',(81.7173350989506,200.335443701115,8.90396877856453));
#1597=CARTESIAN_POINT('',(81.4534562067529,200.341287547162,8.7361943037925));
#1598=CARTESIAN_POINT('Ctrl Pts',(81.7173350989469,200.335443701078,8.90396877856379));
#1599=CARTESIAN_POINT('Ctrl Pts',(81.6533582786942,200.335200956171,8.9109772531285));
#1600=CARTESIAN_POINT('Ctrl Pts',(81.5371014740995,200.336361489564,8.8776923471812));
#1601=CARTESIAN_POINT('Ctrl Pts',(81.4690252754444,200.339698076677,8.78185688658613));
#1602=CARTESIAN_POINT('Ctrl Pts',(81.4534562067529,200.341287547126,8.73619430379317));
#1603=CARTESIAN_POINT('',(83.0964729709849,198.583837182494,8.54329873305119));
#1604=CARTESIAN_POINT('Ctrl Pts',(81.4534562067529,200.341287547126,8.73619430379317));
#1605=CARTESIAN_POINT('Ctrl Pts',(81.4598559444494,200.085571157484,8.74610090464491));
#1606=CARTESIAN_POINT('Ctrl Pts',(81.5867738437119,199.587334730655,8.74121355038691));
#1607=CARTESIAN_POINT('Ctrl Pts',(82.0406470423877,198.979146760161,8.68669286332294));
#1608=CARTESIAN_POINT('Ctrl Pts',(82.591872564728,198.659338800986,8.6151683104043));
#1609=CARTESIAN_POINT('Ctrl Pts',(82.9689812713877,198.590632737432,8.56217399533995));
#1610=CARTESIAN_POINT('Ctrl Pts',(83.0964729709849,198.583837182494,8.5432987330508));
#1611=CARTESIAN_POINT('',(83.1201005875009,198.810400194277,8.70734414536784));
#1612=CARTESIAN_POINT('Origin',(83.0964729709849,198.819057206456,8.4586137855843));
#1613=CARTESIAN_POINT('Ctrl Pts',(83.1201005875046,198.810400194285,8.70734414536784));
#1614=CARTESIAN_POINT('Ctrl Pts',(83.0117326121035,198.814163969393,8.71776933035327));
#1615=CARTESIAN_POINT('Ctrl Pts',(82.6880074404835,198.867337580879,8.7509218721397));
#1616=CARTESIAN_POINT('Ctrl Pts',(82.2063024032104,199.143735709462,8.80968781459339));
#1617=CARTESIAN_POINT('Ctrl Pts',(81.8154658367566,199.682493545828,8.8704128371561));
#1618=CARTESIAN_POINT('Ctrl Pts',(81.7173311182923,200.117148970516,8.8963715092465));
#1619=CARTESIAN_POINT('Ctrl Pts',(81.7173350989469,200.335443701078,8.90396877856379));
#1620=CARTESIAN_POINT('Ctrl Pts',(101.47011447715,198.810400193535,8.70734414570081));
#1621=CARTESIAN_POINT('Ctrl Pts',(95.374646126329,198.598695841269,8.1209496411526));
#1622=CARTESIAN_POINT('Ctrl Pts',(89.2155689384635,198.598695841814,8.12094964185993));
#1623=CARTESIAN_POINT('Ctrl Pts',(83.1201005875046,198.810400194277,8.70734414536753));
#1624=CARTESIAN_POINT('Ctrl Pts',(101.472248718459,198.753695707892,8.70557329457706));
#1625=CARTESIAN_POINT('Ctrl Pts',(95.3753883032914,198.542061047039,8.11891072978986));
#1626=CARTESIAN_POINT('Ctrl Pts',(89.2148267614903,198.542061047527,8.11891073055934));
#1627=CARTESIAN_POINT('Ctrl Pts',(83.1179663462099,198.753695708459,8.7055732944354));
#1628=CARTESIAN_POINT('Ctrl Pts',(101.479300049483,198.65605426579,8.66742665205646));
#1629=CARTESIAN_POINT('Ctrl Pts',(95.3777410254443,198.444538130039,8.08023470357483));
#1630=CARTESIAN_POINT('Ctrl Pts',(89.2124740393338,198.444538130389,8.08023470438633));
#1631=CARTESIAN_POINT('Ctrl Pts',(83.1109150151933,198.65605426595,8.66742665203131));
#1632=CARTESIAN_POINT('Ctrl Pts',(101.489411250659,198.59818564872,8.5831528826996));
#1633=CARTESIAN_POINT('Ctrl Pts',(95.3811252202031,198.38660447517,7.99546573815682));
#1634=CARTESIAN_POINT('Ctrl Pts',(89.2090898445786,198.38660447544,7.99546573889423));
#1635=CARTESIAN_POINT('Ctrl Pts',(83.1008038140099,198.598185648632,8.58315288245194));
#1636=CARTESIAN_POINT('Ctrl Pts',(101.493742093673,198.583837182625,8.54329873341635));
#1637=CARTESIAN_POINT('Ctrl Pts',(95.3825766006412,198.372184665313,7.95541491601876));
#1638=CARTESIAN_POINT('Ctrl Pts',(89.2076384641368,198.372184665568,7.9554149167171));
#1639=CARTESIAN_POINT('Ctrl Pts',(83.0964729709885,198.583837182494,8.5432987330511));
#1640=CARTESIAN_POINT('',(101.493742093673,198.583837182625,8.54329873341572));
#1641=CARTESIAN_POINT('Origin',(92.2951070639361,221.386335083887,71.8792783037894));
#1642=CARTESIAN_POINT('',(101.470114477146,198.810400193535,8.70734414570081));
#1643=CARTESIAN_POINT('Origin',(101.493742093673,198.819057206587,8.45861378594878));
#1644=CARTESIAN_POINT('Origin',(92.2951070643727,221.618482594299,71.8828717982481));
#1645=CARTESIAN_POINT('Ctrl Pts',(102.872879963546,200.335443703509,8.90396878507463));
#1646=CARTESIAN_POINT('Ctrl Pts',(102.872885934994,200.008001607399,8.89257287980355));
#1647=CARTESIAN_POINT('Ctrl Pts',(102.688617398722,199.467561084442,8.85330133189871));
#1648=CARTESIAN_POINT('Ctrl Pts',(102.113526838792,198.946396345549,8.77476145953948));
#1649=CARTESIAN_POINT('Ctrl Pts',(101.686850428159,198.817927743752,8.72819451572935));
#1650=CARTESIAN_POINT('Ctrl Pts',(101.47011447715,198.810400193535,8.70734414570097));
#1651=CARTESIAN_POINT('Ctrl Pts',(102.936856783825,200.335200958652,8.91097725968485));
#1652=CARTESIAN_POINT('Ctrl Pts',(102.931173354082,199.993204835482,8.89829652229219));
#1653=CARTESIAN_POINT('Ctrl Pts',(102.734791633651,199.43729458638,8.85705289532946));
#1654=CARTESIAN_POINT('Ctrl Pts',(102.140189072041,198.900237498092,8.77567662724921));
#1655=CARTESIAN_POINT('Ctrl Pts',(101.698510379585,198.764232733432,8.72738770749698));
#1656=CARTESIAN_POINT('Ctrl Pts',(101.472248718459,198.753695707892,8.70557329457722));
#1657=CARTESIAN_POINT('Ctrl Pts',(103.053113588488,200.336361492344,8.87769235378324));
#1658=CARTESIAN_POINT('Ctrl Pts',(103.03700432707,199.96884507544,8.87167634806474));
#1659=CARTESIAN_POINT('Ctrl Pts',(102.818658269851,199.385490285487,8.83344460767139));
#1660=CARTESIAN_POINT('Ctrl Pts',(102.189699926421,198.820639789876,8.74907706545884));
#1661=CARTESIAN_POINT('Ctrl Pts',(101.721875896823,198.671587043573,8.69447850134422));
#1662=CARTESIAN_POINT('Ctrl Pts',(101.479300049479,198.656054265775,8.66742665205726));
#1663=CARTESIAN_POINT('Ctrl Pts',(103.121189787198,200.339698079923,8.7818568931637));
#1664=CARTESIAN_POINT('Ctrl Pts',(103.107475097881,199.958675711066,8.79094171224186));
#1665=CARTESIAN_POINT('Ctrl Pts',(102.880167219213,199.353549495187,8.76473852576133));
#1666=CARTESIAN_POINT('Ctrl Pts',(102.228263428802,198.768517153512,8.68096253619492));
#1667=CARTESIAN_POINT('Ctrl Pts',(101.741855048967,198.613262835323,8.61797293548261));
#1668=CARTESIAN_POINT('Ctrl Pts',(101.489411250659,198.59818564872,8.58315288269929));
#1669=CARTESIAN_POINT('Ctrl Pts',(103.136758855897,200.341287550567,8.73619431035645));
#1670=CARTESIAN_POINT('Ctrl Pts',(103.127159249809,199.957712965959,8.75105421028053));
#1671=CARTESIAN_POINT('Ctrl Pts',(102.899534634285,199.345069318617,8.73043301807047));
#1672=CARTESIAN_POINT('Ctrl Pts',(102.241041940692,198.75356703905,8.64731225693143));
#1673=CARTESIAN_POINT('Ctrl Pts',(101.748725493118,198.597428292531,8.58104925806958));
#1674=CARTESIAN_POINT('Ctrl Pts',(101.493742093673,198.583837182625,8.54329873341591));
#1675=CARTESIAN_POINT('',(102.872879963546,200.335443703538,8.90396878507586));
#1676=CARTESIAN_POINT('Ctrl Pts',(102.872879963546,200.335443703509,8.90396878507463));
#1677=CARTESIAN_POINT('Ctrl Pts',(102.936856783825,200.335200958652,8.91097725968485));
#1678=CARTESIAN_POINT('Ctrl Pts',(103.053113588488,200.336361492344,8.87769235378324));
#1679=CARTESIAN_POINT('Ctrl Pts',(103.121189787198,200.339698079923,8.7818568931637));
#1680=CARTESIAN_POINT('Ctrl Pts',(103.136758855897,200.341287550567,8.73619431035645));
#1681=CARTESIAN_POINT('Ctrl Pts',(102.872879963546,200.335443703509,8.90396878507463));
#1682=CARTESIAN_POINT('Ctrl Pts',(102.872885934994,200.008001607399,8.89257287980355));
#1683=CARTESIAN_POINT('Ctrl Pts',(102.688617398722,199.467561084442,8.85330133189871));
#1684=CARTESIAN_POINT('Ctrl Pts',(102.113526838792,198.946396345549,8.77476145953948));
#1685=CARTESIAN_POINT('Ctrl Pts',(101.686850428159,198.817927743752,8.72819451572935));
#1686=CARTESIAN_POINT('Ctrl Pts',(101.47011447715,198.810400193535,8.70734414570097));
#1687=CARTESIAN_POINT('Ctrl Pts',(101.493742093673,198.583837182625,8.54329873341591));
#1688=CARTESIAN_POINT('Ctrl Pts',(101.748725493118,198.597428292531,8.58104925806958));
#1689=CARTESIAN_POINT('Ctrl Pts',(102.241041940692,198.75356703905,8.64731225693143));
#1690=CARTESIAN_POINT('Ctrl Pts',(102.899534634285,199.345069318617,8.73043301807047));
#1691=CARTESIAN_POINT('Ctrl Pts',(103.127159249809,199.957712965959,8.75105421028053));
#1692=CARTESIAN_POINT('Ctrl Pts',(103.136758855897,200.341287550567,8.73619431035645));
#1693=CARTESIAN_POINT('Ctrl Pts',(81.7173350989469,200.335443701078,8.90396877856369));
#1694=CARTESIAN_POINT('Ctrl Pts',(81.7173629098979,201.86056471042,8.95704727028379));
#1695=CARTESIAN_POINT('Ctrl Pts',(81.719488075425,205.41918774174,9.08067137685737));
#1696=CARTESIAN_POINT('Ctrl Pts',(81.7220392600648,208.977812317236,9.20424891583281));
#1697=CARTESIAN_POINT('Ctrl Pts',(81.7220705607942,211.011306974346,9.27502087292194));
#1698=CARTESIAN_POINT('Ctrl Pts',(81.6533582786906,200.335200956171,8.91097725312848));
#1699=CARTESIAN_POINT('Ctrl Pts',(81.6532181668481,201.860717882999,8.96409255296685));
#1700=CARTESIAN_POINT('Ctrl Pts',(81.6550562322082,205.418877587304,9.08772929772382));
#1701=CARTESIAN_POINT('Ctrl Pts',(81.6572072899944,208.978047418015,9.21136219308213));
#1702=CARTESIAN_POINT('Ctrl Pts',(81.6571542745078,211.011060589975,9.28212903477851));
#1703=CARTESIAN_POINT('Ctrl Pts',(81.5370818226584,200.336360370835,8.87772450279083));
#1704=CARTESIAN_POINT('Ctrl Pts',(81.5366340782894,201.862572208869,8.93064123376036));
#1705=CARTESIAN_POINT('Ctrl Pts',(81.5379374075674,205.419944291498,9.05387395306817));
#1706=CARTESIAN_POINT('Ctrl Pts',(81.539339093586,208.980078514876,9.17701225786363));
#1707=CARTESIAN_POINT('Ctrl Pts',(81.5391318113689,211.012262870645,9.24763616487747));
#1708=CARTESIAN_POINT('Ctrl Pts',(81.4690252754444,200.339698076685,8.78185688658469));
#1709=CARTESIAN_POINT('Ctrl Pts',(81.46864833582,201.866278535519,8.83432663611053));
#1710=CARTESIAN_POINT('Ctrl Pts',(81.4700825861328,205.423269520608,8.95674896795467));
#1711=CARTESIAN_POINT('Ctrl Pts',(81.4716859350701,208.983914810036,9.07878594074474));
#1712=CARTESIAN_POINT('Ctrl Pts',(81.4715195302888,211.015691068955,9.14916351658457));
#1713=CARTESIAN_POINT('Ctrl Pts',(81.4534562067529,200.341287547133,8.73619430379135));
#1714=CARTESIAN_POINT('Ctrl Pts',(81.4532006452137,201.867937936346,8.78849361214024));
#1715=CARTESIAN_POINT('Ctrl Pts',(81.4548446932749,205.424866178691,8.91061366098051));
#1716=CARTESIAN_POINT('Ctrl Pts',(81.4567496012642,208.985605676862,9.03223647321456));
#1717=CARTESIAN_POINT('Ctrl Pts',(81.4566470427926,211.017314435187,9.10252583143128));
#1718=CARTESIAN_POINT('',(81.7220705607942,211.011306974346,9.27502087292194));
#1719=CARTESIAN_POINT('Ctrl Pts',(81.7173350989469,200.335443701078,8.90396877856369));
#1720=CARTESIAN_POINT('Ctrl Pts',(81.7173629098979,201.86056471042,8.95704727028379));
#1721=CARTESIAN_POINT('Ctrl Pts',(81.719488075425,205.41918774174,9.08067137685737));
#1722=CARTESIAN_POINT('Ctrl Pts',(81.7220392600648,208.977812317236,9.20424891583281));
#1723=CARTESIAN_POINT('Ctrl Pts',(81.7220705607942,211.011306974346,9.27502087292194));
#1724=CARTESIAN_POINT('',(81.4566470427926,211.017314435187,9.1025258314313));
#1725=CARTESIAN_POINT('Origin',(81.6948427168136,211.019951182519,9.02665839150141));
#1726=CARTESIAN_POINT('Ctrl Pts',(81.4566470427926,211.017314435187,9.10252583143128));
#1727=CARTESIAN_POINT('Ctrl Pts',(81.4567496012642,208.985605676862,9.03223647321456));
#1728=CARTESIAN_POINT('Ctrl Pts',(81.4548446932749,205.424866178691,8.91061366098051));
#1729=CARTESIAN_POINT('Ctrl Pts',(81.4532006452137,201.867937936346,8.78849361214024));
#1730=CARTESIAN_POINT('Ctrl Pts',(81.4534562067529,200.341287547133,8.73619430379135));
#1731=CARTESIAN_POINT('Origin',(92.2951074287972,200.908222771014,105.483606454383));
#1732=CARTESIAN_POINT('',(102.868144487446,211.011306961504,9.27502092091265));
#1733=CARTESIAN_POINT('Ctrl Pts',(102.868144487446,211.011306961504,9.27502092091265));
#1734=CARTESIAN_POINT('Ctrl Pts',(102.868167965036,209.486185970891,9.22194194717207));
#1735=CARTESIAN_POINT('Ctrl Pts',(102.86999266666,206.944311248772,9.13367253642843));
#1736=CARTESIAN_POINT('Ctrl Pts',(102.871486707376,203.385690505806,9.0099792500936));
#1737=CARTESIAN_POINT('Ctrl Pts',(102.872861421456,201.352191041631,8.93935445016358));
#1738=CARTESIAN_POINT('Ctrl Pts',(102.872879963546,200.335443703545,8.90396878507586));
#1739=CARTESIAN_POINT('',(101.49538339104,212.487879310291,9.18578991792298));
#1740=CARTESIAN_POINT('Ctrl Pts',(101.495383391037,212.487879310291,9.18578991792298));
#1741=CARTESIAN_POINT('Ctrl Pts',(101.601236312763,212.487022397647,9.19584331271848));
#1742=CARTESIAN_POINT('Ctrl Pts',(101.918902342277,212.444100729794,9.22513063202499));
#1743=CARTESIAN_POINT('Ctrl Pts',(102.396347145394,212.181141066118,9.26476379339106));
#1744=CARTESIAN_POINT('Ctrl Pts',(102.77768314075,211.650439902325,9.28728620703124));
#1745=CARTESIAN_POINT('Ctrl Pts',(102.868141207247,211.224391025688,9.28243691185168));
#1746=CARTESIAN_POINT('Ctrl Pts',(102.868144487446,211.011306961504,9.27502092091265));
#1747=CARTESIAN_POINT('',(83.0948316502472,212.487879315122,9.18578987144615));
#1748=CARTESIAN_POINT('Origin',(92.2951074058819,206.352555589496,81.1660929333954));
#1749=CARTESIAN_POINT('Ctrl Pts',(81.7220705607942,211.011306974346,9.27502087292194));
#1750=CARTESIAN_POINT('Ctrl Pts',(81.7220754807167,211.3309365647,9.28614497967764));
#1751=CARTESIAN_POINT('Ctrl Pts',(81.8937413659951,211.863067265665,9.28559075596433));
#1752=CARTESIAN_POINT('Ctrl Pts',(82.4620809420303,212.372109676602,9.24353484200474));
#1753=CARTESIAN_POINT('Ctrl Pts',(82.8831234923673,212.4861654712,9.2058968797746));
#1754=CARTESIAN_POINT('Ctrl Pts',(83.0948316502181,212.487879315115,9.18578987144889));
#1755=CARTESIAN_POINT('Ctrl Pts',(101.495383391037,212.487879310291,9.18578991792298));
#1756=CARTESIAN_POINT('Ctrl Pts',(101.601236312763,212.487022397647,9.19584331271848));
#1757=CARTESIAN_POINT('Ctrl Pts',(101.918902342277,212.444100729794,9.22513063202499));
#1758=CARTESIAN_POINT('Ctrl Pts',(102.396347145394,212.181141066118,9.26476379339106));
#1759=CARTESIAN_POINT('Ctrl Pts',(102.77768314075,211.650439902325,9.28728620703124));
#1760=CARTESIAN_POINT('Ctrl Pts',(102.868141207247,211.224391025688,9.28243691185168));
#1761=CARTESIAN_POINT('Ctrl Pts',(102.868144487446,211.011306961504,9.27502092091265));
#1762=CARTESIAN_POINT('Ctrl Pts',(101.495726073506,212.560257866098,9.18834168271052));
#1763=CARTESIAN_POINT('Ctrl Pts',(101.607667443601,212.557866048905,9.19886617511611));
#1764=CARTESIAN_POINT('Ctrl Pts',(101.942188853842,212.508455605748,9.22950171918047));
#1765=CARTESIAN_POINT('Ctrl Pts',(102.439786031759,212.229329453679,9.2707630049464));
#1766=CARTESIAN_POINT('Ctrl Pts',(102.835982182947,211.676321547871,9.29435433502688));
#1767=CARTESIAN_POINT('Ctrl Pts',(102.93173516744,211.233412270427,9.289684909655));
#1768=CARTESIAN_POINT('Ctrl Pts',(102.933060773918,211.011060577177,9.28212908309109));
#1769=CARTESIAN_POINT('Ctrl Pts',(101.501887535673,212.687707497287,9.13431427067316));
#1770=CARTESIAN_POINT('Ctrl Pts',(101.624124789669,212.682746408958,9.14831031040845));
#1771=CARTESIAN_POINT('Ctrl Pts',(101.987404557873,212.622150308918,9.18807515203772));
#1772=CARTESIAN_POINT('Ctrl Pts',(102.51982562491,212.31484438866,9.2380204188581));
#1773=CARTESIAN_POINT('Ctrl Pts',(102.942006092144,211.72294750547,9.26442854544244));
#1774=CARTESIAN_POINT('Ctrl Pts',(103.047322887895,211.250586996226,9.25746192869158));
#1775=CARTESIAN_POINT('Ctrl Pts',(103.051068120571,211.01226541878,9.24756263099675));
#1776=CARTESIAN_POINT('Ctrl Pts',(101.513921887265,212.741050215111,9.01214408780416));
#1777=CARTESIAN_POINT('Ctrl Pts',(101.640054256652,212.737796868118,9.03057468257795));
#1778=CARTESIAN_POINT('Ctrl Pts',(102.01640795944,212.679519575897,9.08259992817248));
#1779=CARTESIAN_POINT('Ctrl Pts',(102.569807304462,212.363092211985,9.14492865455794));
#1780=CARTESIAN_POINT('Ctrl Pts',(103.00728301844,211.750401619611,9.17438305932597));
#1781=CARTESIAN_POINT('Ctrl Pts',(103.115590863057,211.261897553166,9.1629786212085));
#1782=CARTESIAN_POINT('Ctrl Pts',(103.118695519039,211.015691056906,9.14916356488226));
#1783=CARTESIAN_POINT('Ctrl Pts',(101.519076081106,212.745635609957,8.95826569839554));
#1784=CARTESIAN_POINT('Ctrl Pts',(101.645377971607,212.743961671629,8.97793447375161));
#1785=CARTESIAN_POINT('Ctrl Pts',(102.023533409902,212.68951448056,9.03369099544952));
#1786=CARTESIAN_POINT('Ctrl Pts',(102.582277871581,212.373780976312,9.10033682046535));
#1787=CARTESIAN_POINT('Ctrl Pts',(103.023473077119,211.75686996337,9.13081144708949));
#1788=CARTESIAN_POINT('Ctrl Pts',(103.13146441141,211.264831079156,9.11773274768339));
#1789=CARTESIAN_POINT('Ctrl Pts',(103.133568006582,211.017314423341,9.1025258795805));
#1790=CARTESIAN_POINT('Origin',(102.895372332561,211.019951170681,9.02665843965195));
#1791=CARTESIAN_POINT('',(101.519076081109,212.745635609957,8.95826569839538));
#1792=CARTESIAN_POINT('Ctrl Pts',(103.133568006582,211.017314423341,9.1025258795805));
#1793=CARTESIAN_POINT('Ctrl Pts',(103.13146441141,211.264831079156,9.11773274768339));
#1794=CARTESIAN_POINT('Ctrl Pts',(103.023473077119,211.75686996337,9.13081144708949));
#1795=CARTESIAN_POINT('Ctrl Pts',(102.582277871581,212.373780976312,9.10033682046535));
#1796=CARTESIAN_POINT('Ctrl Pts',(102.023533409902,212.68951448056,9.03369099544952));
#1797=CARTESIAN_POINT('Ctrl Pts',(101.645377971607,212.743961671629,8.97793447375161));
#1798=CARTESIAN_POINT('Ctrl Pts',(101.519076081106,212.745635609957,8.95826569839554));
#1799=CARTESIAN_POINT('Origin',(101.519076081109,212.496536108156,8.93706574079509));
#1800=CARTESIAN_POINT('Ctrl Pts',(83.0948316502472,212.487879315122,9.18578987144608));
#1801=CARTESIAN_POINT('Ctrl Pts',(89.2098571558527,212.53738236388,8.60501457209028));
#1802=CARTESIAN_POINT('Ctrl Pts',(95.3803578883817,212.537382362243,8.6050145877793));
#1803=CARTESIAN_POINT('Ctrl Pts',(101.49538339104,212.487879310276,9.1857899179227));
#1804=CARTESIAN_POINT('Ctrl Pts',(83.0944889677703,212.560257870777,9.18834163597123));
#1805=CARTESIAN_POINT('Ctrl Pts',(89.2096960844538,212.609748802912,8.60752608892726));
#1806=CARTESIAN_POINT('Ctrl Pts',(95.3805189598061,212.609748801333,8.60752610470241));
#1807=CARTESIAN_POINT('Ctrl Pts',(101.49572607351,212.560257866091,9.18834168271238));
#1808=CARTESIAN_POINT('Ctrl Pts',(83.0883275059168,212.687707501478,9.13431422372761));
#1809=CARTESIAN_POINT('Ctrl Pts',(89.2076756714632,212.737190962907,8.55309142070248));
#1810=CARTESIAN_POINT('Ctrl Pts',(95.3825393731386,212.737190961496,8.55309143655207));
#1811=CARTESIAN_POINT('Ctrl Pts',(101.501887535684,212.68770749728,9.13431427067199));
#1812=CARTESIAN_POINT('Ctrl Pts',(83.0762931549943,212.741050219083,9.01214404107755));
#1813=CARTESIAN_POINT('Ctrl Pts',(89.2036475610803,212.790578520886,8.43018452841097));
#1814=CARTESIAN_POINT('Ctrl Pts',(95.3865674841545,212.79057851954,8.43018454418608));
#1815=CARTESIAN_POINT('Ctrl Pts',(101.513921887268,212.741050215103,9.01214408780494));
#1816=CARTESIAN_POINT('Ctrl Pts',(83.0711389614371,212.745635613916,8.95826565176822));
#1817=CARTESIAN_POINT('Ctrl Pts',(89.2019119731267,212.79519080904,8.37599210907844));
#1818=CARTESIAN_POINT('Ctrl Pts',(95.3883030723809,212.795190807701,8.37599212481822));
#1819=CARTESIAN_POINT('Ctrl Pts',(101.519076081109,212.74563560995,8.95826569839519));
#1820=CARTESIAN_POINT('',(83.0711389614262,212.745635613908,8.9582656517744));
#1821=CARTESIAN_POINT('Origin',(92.2951074056897,206.603848993256,81.1242584436275));
#1822=CARTESIAN_POINT('Origin',(83.0711389614371,212.496536112114,8.93706569416761));
#1823=CARTESIAN_POINT('Ctrl Pts',(102.868144487446,211.011306961504,9.27502092091265));
#1824=CARTESIAN_POINT('Ctrl Pts',(102.868167965036,209.486185970891,9.22194194717207));
#1825=CARTESIAN_POINT('Ctrl Pts',(102.86999266666,206.944311248772,9.13367253642843));
#1826=CARTESIAN_POINT('Ctrl Pts',(102.871486707376,203.385690505806,9.0099792500936));
#1827=CARTESIAN_POINT('Ctrl Pts',(102.872861421456,201.352191041631,8.93935445016358));
#1828=CARTESIAN_POINT('Ctrl Pts',(102.872879963546,200.335443703545,8.90396878507586));
#1829=CARTESIAN_POINT('Ctrl Pts',(102.933060773914,211.011060577177,9.28212908309007));
#1830=CARTESIAN_POINT('Ctrl Pts',(102.933021014331,209.486300700359,9.22905394585359));
#1831=CARTESIAN_POINT('Ctrl Pts',(102.934594528477,206.944225664687,9.1407596132524));
#1832=CARTESIAN_POINT('Ctrl Pts',(102.935758804913,203.38565243913,9.01702476967222));
#1833=CARTESIAN_POINT('Ctrl Pts',(102.93695019028,201.352212241756,8.94638746354648));
#1834=CARTESIAN_POINT('Ctrl Pts',(102.936856783828,200.335200958689,8.91097725968618));
#1835=CARTESIAN_POINT('Ctrl Pts',(103.051083237609,211.012262858116,9.24763621345185));
#1836=CARTESIAN_POINT('Ctrl Pts',(103.050927777931,209.488124593307,9.1946682771785));
#1837=CARTESIAN_POINT('Ctrl Pts',(103.052025929639,206.945690449793,9.10668984671285));
#1838=CARTESIAN_POINT('Ctrl Pts',(103.052585833982,203.387181480481,8.9833988455834));
#1839=CARTESIAN_POINT('Ctrl Pts',(103.053431734781,201.353834930829,8.91300233403393));
#1840=CARTESIAN_POINT('Ctrl Pts',(103.053133239937,200.336360373643,8.87772450939481));
#1841=CARTESIAN_POINT('Ctrl Pts',(103.118695519035,211.015691056906,9.14916356488162));
#1842=CARTESIAN_POINT('Ctrl Pts',(103.118570717386,209.491858864669,9.09638037699086));
#1843=CARTESIAN_POINT('Ctrl Pts',(103.119799601318,206.949229491154,9.00910287991742));
#1844=CARTESIAN_POINT('Ctrl Pts',(103.120509062133,203.390727736689,8.88671904185778));
#1845=CARTESIAN_POINT('Ctrl Pts',(103.121441078907,201.357418384345,8.81683673015721));
#1846=CARTESIAN_POINT('Ctrl Pts',(103.121189787198,200.339698079966,8.78185689316295));
#1847=CARTESIAN_POINT('Ctrl Pts',(103.133568006579,211.017314423349,9.10252587958044));
#1848=CARTESIAN_POINT('Ctrl Pts',(103.133491089648,209.493532856541,9.04980885491374));
#1849=CARTESIAN_POINT('Ctrl Pts',(103.13491002097,206.950866814652,8.9627944078921));
#1850=CARTESIAN_POINT('Ctrl Pts',(103.135863067699,203.392359372512,8.84074914297405));
#1851=CARTESIAN_POINT('Ctrl Pts',(103.136929228891,201.359054475244,8.77106051988824));
#1852=CARTESIAN_POINT('Ctrl Pts',(103.136758855897,200.341287550611,8.73619431035514));
#1853=CARTESIAN_POINT('Ctrl Pts',(81.7220705607942,211.011306974346,9.27502087292194));
#1854=CARTESIAN_POINT('Ctrl Pts',(81.7220754807167,211.3309365647,9.28614497967764));
#1855=CARTESIAN_POINT('Ctrl Pts',(81.8937413659951,211.863067265665,9.28559075596433));
#1856=CARTESIAN_POINT('Ctrl Pts',(82.4620809420303,212.372109676602,9.24353484200474));
#1857=CARTESIAN_POINT('Ctrl Pts',(82.8831234923673,212.4861654712,9.2058968797746));
#1858=CARTESIAN_POINT('Ctrl Pts',(83.0948316502181,212.487879315115,9.18578987144889));
#1859=CARTESIAN_POINT('Ctrl Pts',(81.6571542745078,211.011060589975,9.28212903477849));
#1860=CARTESIAN_POINT('Ctrl Pts',(81.6591427055719,211.344591775916,9.29346289720527));
#1861=CARTESIAN_POINT('Ctrl Pts',(81.838802834307,211.896847801225,9.29243071941721));
#1862=CARTESIAN_POINT('Ctrl Pts',(82.4292939694642,212.430573848993,9.24869512674155));
#1863=CARTESIAN_POINT('Ctrl Pts',(82.8706037800403,212.555474184141,9.20939084975924));
#1864=CARTESIAN_POINT('Ctrl Pts',(83.0944889677412,212.560257870769,9.18834163597405));
#1865=CARTESIAN_POINT('Ctrl Pts',(81.5391469284114,211.012265431302,9.24756258242044));
#1866=CARTESIAN_POINT('Ctrl Pts',(81.5447648385089,211.369751705446,9.26241168994315));
#1867=CARTESIAN_POINT('Ctrl Pts',(81.7388277759746,211.957376401289,9.26293802070454));
#1868=CARTESIAN_POINT('Ctrl Pts',(82.3676898547128,212.53395829357,9.21188271071813));
#1869=CARTESIAN_POINT('Ctrl Pts',(82.8438503252546,212.677785216329,9.1623066080547));
#1870=CARTESIAN_POINT('Ctrl Pts',(83.0883275058841,212.687707501464,9.13431422372987));
#1871=CARTESIAN_POINT('Ctrl Pts',(81.4715195302888,211.015691068955,9.14916351658536));
#1872=CARTESIAN_POINT('Ctrl Pts',(81.4761765648145,211.38500485073,9.16988632635266));
#1873=CARTESIAN_POINT('Ctrl Pts',(81.6764920125097,211.993004417775,9.17402868721891));
#1874=CARTESIAN_POINT('Ctrl Pts',(82.3292920364875,212.58952217998,9.11302524929278));
#1875=CARTESIAN_POINT('Ctrl Pts',(82.8240256583085,212.734543453997,9.04900563253565));
#1876=CARTESIAN_POINT('Ctrl Pts',(83.0762931549652,212.741050219076,9.01214404108077));
#1877=CARTESIAN_POINT('Ctrl Pts',(81.4566470427926,211.017314435187,9.10252583143227));
#1878=CARTESIAN_POINT('Ctrl Pts',(81.4598024696606,211.388593477823,9.12533638173318));
#1879=CARTESIAN_POINT('Ctrl Pts',(81.6607913484295,212.001526434709,9.13090533149973));
#1880=CARTESIAN_POINT('Ctrl Pts',(82.3199351985058,212.600697520327,9.06637305164707));
#1881=CARTESIAN_POINT('Ctrl Pts',(82.8185324187798,212.742287700741,8.9976036315077));
#1882=CARTESIAN_POINT('Ctrl Pts',(83.071138961408,212.745635613908,8.95826565177149));
#1883=CARTESIAN_POINT('Ctrl Pts',(83.071138961408,212.745635613908,8.95826565177149));
#1884=CARTESIAN_POINT('Ctrl Pts',(82.8185324187798,212.742287700741,8.9976036315077));
#1885=CARTESIAN_POINT('Ctrl Pts',(82.3199351985058,212.600697520327,9.06637305164707));
#1886=CARTESIAN_POINT('Ctrl Pts',(81.6607913484295,212.001526434709,9.13090533149973));
#1887=CARTESIAN_POINT('Ctrl Pts',(81.4598024696606,211.388593477823,9.12533638173318));
#1888=CARTESIAN_POINT('Ctrl Pts',(81.4566470427926,211.017314435187,9.10252583143227));
#1889=CARTESIAN_POINT('Ctrl Pts',(83.1766948565849,198.640843865016,8.70163983873425));
#1890=CARTESIAN_POINT('Ctrl Pts',(81.7120120910194,197.596576156375,5.80109321954076));
#1891=CARTESIAN_POINT('Ctrl Pts',(80.2473295055317,196.552308912999,2.90054661928438));
#1892=CARTESIAN_POINT('Ctrl Pts',(78.782646740003,195.508041204453,9.47588674197122E-11));
#1893=CARTESIAN_POINT('Ctrl Pts',(82.9201004952396,198.640802728709,8.70163840841701));
#1894=CARTESIAN_POINT('Ctrl Pts',(81.5285355011654,197.596694835485,5.80109829399878));
#1895=CARTESIAN_POINT('Ctrl Pts',(80.1367987537986,196.552143193485,2.90054011820631));
#1896=CARTESIAN_POINT('Ctrl Pts',(78.745233724603,195.508035209521,9.47588667985328E-11));
#1897=CARTESIAN_POINT('Ctrl Pts',(82.5357429508073,198.728955244864,8.70470291039762));
#1898=CARTESIAN_POINT('Ctrl Pts',(81.2535671926295,197.659621169674,5.80313604495173));
#1899=CARTESIAN_POINT('Ctrl Pts',(79.971367818558,196.590230254448,2.90156686601373));
#1900=CARTESIAN_POINT('Ctrl Pts',(78.6891920555511,195.520896167635,9.47601998732377E-11));
#1901=CARTESIAN_POINT('Ctrl Pts',(81.9890048770726,199.072058753387,8.7166304348733));
#1902=CARTESIAN_POINT('Ctrl Pts',(80.8625440941437,197.905086153847,5.81108950568047));
#1903=CARTESIAN_POINT('Ctrl Pts',(79.7359351353509,196.737925709135,2.90554093085103));
#1904=CARTESIAN_POINT('Ctrl Pts',(78.609474322122,195.570953071183,9.47588674193867E-11));
#1905=CARTESIAN_POINT('Ctrl Pts',(81.5788294605984,199.585485843978,8.73447902600887));
#1906=CARTESIAN_POINT('Ctrl Pts',(80.569135601231,198.272322228873,5.82298785925431));
#1907=CARTESIAN_POINT('Ctrl Pts',(79.5593621271833,196.959022882161,2.91149116797901));
#1908=CARTESIAN_POINT('Ctrl Pts',(78.5496682515356,195.645859239301,9.47588674193867E-11));
#1909=CARTESIAN_POINT('Ctrl Pts',(81.4617788956226,200.098241364053,8.75230427107357));
#1910=CARTESIAN_POINT('Ctrl Pts',(80.4854386394378,198.638990114428,5.83486707455214));
#1911=CARTESIAN_POINT('Ctrl Pts',(79.508941856838,197.179918637918,2.91743719511995));
#1912=CARTESIAN_POINT('Ctrl Pts',(78.5326015686454,195.720667425055,9.47588674193867E-11));
#1913=CARTESIAN_POINT('Ctrl Pts',(81.4618198350554,200.354680030559,8.76121901073091));
#1914=CARTESIAN_POINT('Ctrl Pts',(80.4854156804887,198.822480219506,5.84081267640974));
#1915=CARTESIAN_POINT('Ctrl Pts',(79.5090116900607,197.290280219983,2.9204063344175));
#1916=CARTESIAN_POINT('Ctrl Pts',(78.5326075355275,195.758080408892,9.47588674193867E-11));
#1917=CARTESIAN_POINT('',(78.782607532401,195.508041201312,9.47588674193867E-11));
#1918=CARTESIAN_POINT('',(83.2826075324192,198.71655155297,8.91192477980457));
#1919=CARTESIAN_POINT('',(78.532607532401,195.758041201312,9.47588674193867E-11));
#1920=CARTESIAN_POINT('',(81.5326075324192,200.465487759015,8.972934182341));
#1921=CARTESIAN_POINT('Ctrl Pts',(78.782607532401,195.508041201312,9.47597555974779E-11));
#1922=CARTESIAN_POINT('Ctrl Pts',(78.7497898221737,195.508041201312,9.47597566281795E-11));
#1923=CARTESIAN_POINT('Ctrl Pts',(78.7170076981451,195.514643494969,1.20196890071207E-10));
#1924=CARTESIAN_POINT('Ctrl Pts',(78.6564187765438,195.539762924584,1.20196892348563E-10));
#1925=CARTESIAN_POINT('Ctrl Pts',(78.6290574314501,195.558059555184,1.20195538943336E-10));
#1926=CARTESIAN_POINT('Ctrl Pts',(78.5865071096101,195.600671139653,1.20195540914906E-10));
#1927=CARTESIAN_POINT('Ctrl Pts',(78.5661895846852,195.627320697512,1.20195883468264E-10));
#1928=CARTESIAN_POINT('Ctrl Pts',(78.5391791729797,195.692402292332,1.20195885286727E-10));
#1929=CARTESIAN_POINT('Ctrl Pts',(78.532607532401,195.725223184406,9.47597598502313E-11));
#1930=CARTESIAN_POINT('Ctrl Pts',(78.532607532401,195.758041201312,9.47597603394392E-11));
#1931=CARTESIAN_POINT('Ctrl Pts',(81.4566621146369,200.346318093842,8.74578310393706));
#1932=CARTESIAN_POINT('Ctrl Pts',(80.4819772538904,198.816892463001,5.83052206932296));
#1933=CARTESIAN_POINT('Ctrl Pts',(79.5072923931475,197.287466832153,2.91526103470886));
#1934=CARTESIAN_POINT('Ctrl Pts',(78.532607532401,195.758041201312,9.47597555978064E-11));
#1935=CARTESIAN_POINT('Ctrl Pts',(81.4566621146369,201.242190586607,8.77691887424351));
#1936=CARTESIAN_POINT('Ctrl Pts',(80.4819772538904,199.457774022805,5.85127924952726));
#1937=CARTESIAN_POINT('Ctrl Pts',(79.5072923931475,197.673357459011,2.92563962481101));
#1938=CARTESIAN_POINT('Ctrl Pts',(78.532607532401,195.888940895209,9.47597555978064E-11));
#1939=CARTESIAN_POINT('Ctrl Pts',(81.4566621146369,210.121430392683,9.07143697971942));
#1940=CARTESIAN_POINT('Ctrl Pts',(80.4819772538904,211.123334097596,6.04762465317787));
#1941=CARTESIAN_POINT('Ctrl Pts',(79.5072923931475,212.125237802502,3.02381232663631));
#1942=CARTESIAN_POINT('Ctrl Pts',(78.532607532401,213.127141507415,9.47597555978064E-11));
#1943=CARTESIAN_POINT('Ctrl Pts',(81.4566621146369,211.017302885448,9.10257275002578));
#1944=CARTESIAN_POINT('Ctrl Pts',(80.4819772538904,211.7642156574,6.0683818333821));
#1945=CARTESIAN_POINT('Ctrl Pts',(79.5072923931475,212.51112842936,3.03419091673843));
#1946=CARTESIAN_POINT('Ctrl Pts',(78.532607532401,213.258041201312,9.47597555978064E-11));
#1947=CARTESIAN_POINT('',(78.532607532401,213.258041201312,9.47597555978064E-11));
#1948=CARTESIAN_POINT('',(78.532607532401,213.258041201312,9.47597555978064E-11));
#1949=CARTESIAN_POINT('',(81.5326075324192,210.959104995243,9.33899059755834));
#1950=CARTESIAN_POINT('Ctrl Pts',(81.4585755358843,211.015365308605,9.1085126342125));
#1951=CARTESIAN_POINT('Ctrl Pts',(80.4832525988488,211.762901100648,6.07234176045907));
#1952=CARTESIAN_POINT('Ctrl Pts',(79.5079304788247,212.51043657692,3.03617087385282));
#1953=CARTESIAN_POINT('Ctrl Pts',(78.5326075420826,213.257972368851,9.47597555978065E-11));
#1954=CARTESIAN_POINT('Ctrl Pts',(81.4585033217491,211.271629443261,9.11741986588473));
#1955=CARTESIAN_POINT('Ctrl Pts',(80.4833492095491,211.946160858544,6.07827758254704));
#1956=CARTESIAN_POINT('Ctrl Pts',(79.5077512862041,212.620863807132,3.03914228092346));
#1957=CARTESIAN_POINT('Ctrl Pts',(78.5325970145135,213.295395284058,9.47597555976727E-11));
#1958=CARTESIAN_POINT('Ctrl Pts',(81.5466206446668,211.655468183942,9.13076133671355));
#1959=CARTESIAN_POINT('Ctrl Pts',(80.5462517797449,212.220787018012,6.08717390467473));
#1960=CARTESIAN_POINT('Ctrl Pts',(79.5458260980495,212.786129417444,3.0435874317889));
#1961=CARTESIAN_POINT('Ctrl Pts',(78.5454572127095,213.351448259983,9.47597559247348E-11));
#1962=CARTESIAN_POINT('Ctrl Pts',(81.889643533722,212.201415807534,9.14973739009164));
#1963=CARTESIAN_POINT('Ctrl Pts',(80.7916647837158,212.611286010774,6.09982291888076));
#1964=CARTESIAN_POINT('Ctrl Pts',(79.6934982197681,213.021304155187,3.04991446914173));
#1965=CARTESIAN_POINT('Ctrl Pts',(78.5955194022681,213.431174411591,9.47584233301768E-11));
#1966=CARTESIAN_POINT('Ctrl Pts',(82.4029500029089,212.610998197713,9.16397365904539));
#1967=CARTESIAN_POINT('Ctrl Pts',(81.1588230795327,212.904301227732,6.10931469399613));
#1968=CARTESIAN_POINT('Ctrl Pts',(79.9145604526063,213.197683739115,3.05465896398146));
#1969=CARTESIAN_POINT('Ctrl Pts',(78.6704334804628,213.490986797697,9.47602001229207E-11));
#1970=CARTESIAN_POINT('Ctrl Pts',(82.9156120701347,212.727854799986,9.16803536213866));
#1971=CARTESIAN_POINT('Ctrl Pts',(81.5254325847372,212.98786830501,6.11202145348177));
#1972=CARTESIAN_POINT('Ctrl Pts',(80.1354329258194,213.248038108779,3.05601390646549));
#1973=CARTESIAN_POINT('Ctrl Pts',(78.7452535050455,213.508051669972,9.47597553251906E-11));
#1974=CARTESIAN_POINT('Ctrl Pts',(83.1720310730853,212.727783018719,9.16803286699739));
#1975=CARTESIAN_POINT('Ctrl Pts',(81.7089129473621,212.987869172336,6.11202191526914));
#1976=CARTESIAN_POINT('Ctrl Pts',(80.2457944906537,213.247955038161,3.05601095182722));
#1977=CARTESIAN_POINT('Ctrl Pts',(78.7826763648115,213.508041191676,9.47597555980573E-11));
#1978=CARTESIAN_POINT('',(78.782607532401,213.508041201312,9.47588674193867E-11));
#1979=CARTESIAN_POINT('',(83.2826075324156,212.708041201287,9.40000000009478));
#1980=CARTESIAN_POINT('Ctrl Pts',(78.532607532401,213.258041201312,9.47597555978065E-11));
#1981=CARTESIAN_POINT('Ctrl Pts',(78.532607532401,213.29085891152,9.47597560870099E-11));
#1982=CARTESIAN_POINT('Ctrl Pts',(78.5392098260343,213.323641035534,1.13446887194276E-10));
#1983=CARTESIAN_POINT('Ctrl Pts',(78.5643292556501,213.384229957167,1.13446887308533E-10));
#1984=CARTESIAN_POINT('Ctrl Pts',(78.582625886265,213.411591302273,1.13446126054391E-10));
#1985=CARTESIAN_POINT('Ctrl Pts',(78.6252374706816,213.454141624061,1.13446125350379E-10));
#1986=CARTESIAN_POINT('Ctrl Pts',(78.651887028537,213.474459149022,1.13444272238131E-10));
#1987=CARTESIAN_POINT('Ctrl Pts',(78.716968623468,213.501469560761,1.13444270596757E-10));
#1988=CARTESIAN_POINT('Ctrl Pts',(78.7497895155218,213.508041201312,9.475977838045E-11));
#1989=CARTESIAN_POINT('Ctrl Pts',(78.782607532401,213.508041201312,9.47597773497388E-11));
#1990=CARTESIAN_POINT('Origin',(92.8076075324207,212.708041201287,9.40000000009478));
#1991=CARTESIAN_POINT('',(105.80760753241,213.508041201312,9.47588674193867E-11));
#1992=CARTESIAN_POINT('',(96.2826075324047,213.508041201312,9.47588674193867E-11));
#1993=CARTESIAN_POINT('',(101.307607532421,212.708041201302,9.40000000009528));
#1994=CARTESIAN_POINT('Ctrl Pts',(101.418517299259,212.727766113141,9.16823227951751));
#1995=CARTESIAN_POINT('Ctrl Pts',(102.881545281687,212.987857817883,6.11215485339773));
#1996=CARTESIAN_POINT('Ctrl Pts',(104.344573294151,213.247949496492,3.05607742621458));
#1997=CARTESIAN_POINT('Ctrl Pts',(105.80760127658,213.508041201233,9.47588674193888E-11));
#1998=CARTESIAN_POINT('Ctrl Pts',(101.6747981503,212.727772633279,9.16823250616043));
#1999=CARTESIAN_POINT('Ctrl Pts',(103.064926382569,212.987810410566,6.11215288509618));
#2000=CARTESIAN_POINT('Ctrl Pts',(104.454875048392,213.248004370606,3.05607962095135));
#2001=CARTESIAN_POINT('Ctrl Pts',(105.845003274796,213.508042152995,9.47588673946253E-11));
#2002=CARTESIAN_POINT('Ctrl Pts',(102.187298342829,212.610887691493,9.16416980521251));
#2003=CARTESIAN_POINT('Ctrl Pts',(103.431419774153,212.904223126143,6.10944545875799));
#2004=CARTESIAN_POINT('Ctrl Pts',(104.675676857072,213.197638020192,3.05472434644363));
#2005=CARTESIAN_POINT('Ctrl Pts',(105.919798292827,213.490973457437,9.47593115185008E-11));
#2006=CARTESIAN_POINT('Ctrl Pts',(102.700499851261,212.201389035398,9.149936401414));
#2007=CARTESIAN_POINT('Ctrl Pts',(103.798502544319,212.611268201892,6.09995559469156));
#2008=CARTESIAN_POINT('Ctrl Pts',(104.896692963349,213.021295240275,3.0499808066206));
#2009=CARTESIAN_POINT('Ctrl Pts',(105.994695662539,213.431174411598,9.47588674193867E-11));
#2010=CARTESIAN_POINT('Ctrl Pts',(103.043452626196,211.655553059303,9.13096416854194));
#2011=CARTESIAN_POINT('Ctrl Pts',(104.043865039222,212.220849525835,6.08730912577179));
#2012=CARTESIAN_POINT('Ctrl Pts',(105.04433427159,212.786169574427,3.04365504283357));
#2013=CARTESIAN_POINT('Ctrl Pts',(106.044746686471,213.351466041728,9.47584233202725E-11));
#2014=CARTESIAN_POINT('Ctrl Pts',(103.131582512755,211.271870713162,9.11762809117352));
#2015=CARTESIAN_POINT('Ctrl Pts',(104.106776727919,211.946335675468,6.07841640274762));
#2016=CARTESIAN_POINT('Ctrl Pts',(105.08241425892,212.620971980828,3.03921168829286));
#2017=CARTESIAN_POINT('Ctrl Pts',(106.057608488565,213.29543694873,9.4758867452402E-11));
#2018=CARTESIAN_POINT('Ctrl Pts',(103.131575953331,211.015745049934,9.10872564438337));
#2019=CARTESIAN_POINT('Ctrl Pts',(104.106919837716,211.76317502467,6.07248376334269));
#2020=CARTESIAN_POINT('Ctrl Pts',(105.082263647947,212.510604970746,3.03624188113547));
#2021=CARTESIAN_POINT('Ctrl Pts',(106.05760753233,213.258034945481,9.47588674193839E-11));
#2022=CARTESIAN_POINT('Ctrl Pts',(105.80760753241,213.508041201312,9.47586453747796E-11));
#2023=CARTESIAN_POINT('Ctrl Pts',(105.840425549289,213.508041201312,9.47586443440684E-11));
#2024=CARTESIAN_POINT('Ctrl Pts',(105.873246441344,213.501469560764,1.13439085633232E-10));
#2025=CARTESIAN_POINT('Ctrl Pts',(105.938328036312,213.474459149014,1.13439083186587E-10));
#2026=CARTESIAN_POINT('Ctrl Pts',(105.964977594161,213.454141624037,1.13441029278385E-10));
#2027=CARTESIAN_POINT('Ctrl Pts',(106.007589178546,213.411591302275,1.13441027305804E-10));
#2028=CARTESIAN_POINT('Ctrl Pts',(106.025885809165,213.384229957165,1.13442038884912E-10));
#2029=CARTESIAN_POINT('Ctrl Pts',(106.051005238778,213.32364103553,1.13442037192809E-10));
#2030=CARTESIAN_POINT('Ctrl Pts',(106.05760753241,213.290858911516,9.47589207093237E-11));
#2031=CARTESIAN_POINT('Ctrl Pts',(106.05760753241,213.258041201312,9.47589202201204E-11));
#2032=CARTESIAN_POINT('Origin',(97.0576075324061,204.508041201312,9.47588674193867E-11));
#2033=CARTESIAN_POINT('',(105.80760753241,195.508041201312,9.47588674193867E-11));
#2034=CARTESIAN_POINT('Ctrl Pts',(106.05760753241,195.758041201312,9.47586453759169E-11));
#2035=CARTESIAN_POINT('Ctrl Pts',(106.05760753241,195.725223491097,9.47586448867136E-11));
#2036=CARTESIAN_POINT('Ctrl Pts',(106.05100523877,195.692441367083,1.20195391339716E-10));
#2037=CARTESIAN_POINT('Ctrl Pts',(106.025885809162,195.631852445468,1.20195391225458E-10));
#2038=CARTESIAN_POINT('Ctrl Pts',(106.007589178539,195.604491100358,1.20196110344747E-10));
#2039=CARTESIAN_POINT('Ctrl Pts',(105.964977594099,195.561940778552,1.20196111048759E-10));
#2040=CARTESIAN_POINT('Ctrl Pts',(105.938328036238,195.541623253601,1.20196531524032E-10));
#2041=CARTESIAN_POINT('Ctrl Pts',(105.873246441365,195.514612841889,1.20196533165406E-10));
#2042=CARTESIAN_POINT('Ctrl Pts',(105.840425549302,195.508041201312,9.47589339575539E-11));
#2043=CARTESIAN_POINT('Ctrl Pts',(105.80760753241,195.508041201312,9.47589349882651E-11));
#2044=CARTESIAN_POINT('',(88.3076075324061,195.508041201312,9.47588674193867E-11));
#2045=CARTESIAN_POINT('Ctrl Pts',(92.6201074420969,204.200916031266,7.21009010564614));
#2046=CARTESIAN_POINT('Ctrl Pts',(92.6201075499746,198.406075567081,7.00840179130706));
#2047=CARTESIAN_POINT('Ctrl Pts',(95.1395759110455,204.200625114107,7.21844998681162));
#2048=CARTESIAN_POINT('Ctrl Pts',(95.1395760189232,198.405784649922,7.01676167247254));
#2049=CARTESIAN_POINT('Ctrl Pts',(97.6589499660513,204.196962223774,7.32369226085522));
#2050=CARTESIAN_POINT('Ctrl Pts',(97.658950073929,198.402121759589,7.12200394651614));
#2051=CARTESIAN_POINT('Ctrl Pts',(100.909294853933,204.187882604529,7.58456655026824));
#2052=CARTESIAN_POINT('Ctrl Pts',(100.909294961811,198.393042140344,7.38287823592916));
#2053=CARTESIAN_POINT('Ctrl Pts',(101.650436954773,204.185516810161,7.65254015067859));
#2054=CARTESIAN_POINT('Ctrl Pts',(101.650437062651,198.390676345976,7.45085183633951));
#2055=CARTESIAN_POINT('Ctrl Pts',(102.390314444328,204.182860617104,7.72885738739241));
#2056=CARTESIAN_POINT('Ctrl Pts',(102.390314552206,198.388020152919,7.52716907305333));
#2057=CARTESIAN_POINT('',(94.9754759765049,204.183041201895,7.24553655283536));
#2058=CARTESIAN_POINT('Ctrl Pts',(102.339885844336,204.183041201314,7.72366887566061));
#2059=CARTESIAN_POINT('Ctrl Pts',(101.616337270145,204.183041201314,7.64932251822986));
#2060=CARTESIAN_POINT('Ctrl Pts',(100.892125822612,204.183041272723,7.58301838442462));
#2061=CARTESIAN_POINT('Ctrl Pts',(100.167162354522,204.183041270959,7.52476197311034));
#2062=CARTESIAN_POINT('Ctrl Pts',(99.6661618505691,204.18304126974,7.48450271493858));
#2063=CARTESIAN_POINT('Ctrl Pts',(99.1648080883952,204.183041201312,7.44808779693979));
#2064=CARTESIAN_POINT('Ctrl Pts',(98.6630741706083,204.183041201313,7.41551376587701));
#2065=CARTESIAN_POINT('Ctrl Pts',(97.4351539384849,204.183041201313,7.33579359874094));
#2066=CARTESIAN_POINT('Ctrl Pts',(96.2055236559292,204.183041201313,7.27911889530225));
#2067=CARTESIAN_POINT('Ctrl Pts',(94.975475976505,204.183041201314,7.24553655283156));
#2068=CARTESIAN_POINT('',(92.6201075324061,201.827672756503,7.12748982740314));
#2069=CARTESIAN_POINT('',(92.6201075324025,201.827672756554,7.12748982740452));
#2070=CARTESIAN_POINT('Ctrl Pts',(94.9754759772821,204.183041201805,7.24553655272004));
#2071=CARTESIAN_POINT('Ctrl Pts',(94.9556133822622,204.019228669487,7.23929280247218));
#2072=CARTESIAN_POINT('Ctrl Pts',(94.9208115245326,203.857878672907,7.23272911593681));
#2073=CARTESIAN_POINT('Ctrl Pts',(94.8716655018071,203.700979227069,7.22597900398739));
#2074=CARTESIAN_POINT('Ctrl Pts',(94.8661558940676,203.68338971823,7.22522226993291));
#2075=CARTESIAN_POINT('Ctrl Pts',(94.8604660008724,203.665856096065,7.22446319289228));
#2076=CARTESIAN_POINT('Ctrl Pts',(94.8545966570613,203.64838114017,7.22370196097621));
#2077=CARTESIAN_POINT('Ctrl Pts',(94.8077068122908,203.508774738558,7.21762052367627));
#2078=CARTESIAN_POINT('Ctrl Pts',(94.7493651205085,203.372915541556,7.21140281880496));
#2079=CARTESIAN_POINT('Ctrl Pts',(94.6800010816264,203.242228119207,7.20516914605659));
#2080=CARTESIAN_POINT('Ctrl Pts',(94.6083626823087,203.107255619062,7.19873107894342));
#2081=CARTESIAN_POINT('Ctrl Pts',(94.5255560465806,202.978910298128,7.1923288755012));
#2082=CARTESIAN_POINT('Ctrl Pts',(94.4326156169665,202.858477868678,7.18611369770883));
#2083=CARTESIAN_POINT('Ctrl Pts',(94.3779333104934,202.787620406066,7.18245694404158));
#2084=CARTESIAN_POINT('Ctrl Pts',(94.3197422057494,202.719500841697,7.17886493227875));
#2085=CARTESIAN_POINT('Ctrl Pts',(94.2582509638445,202.654377837179,7.17536844953689));
#2086=CARTESIAN_POINT('Ctrl Pts',(94.1857767475774,202.577623187783,7.17124745866798));
#2087=CARTESIAN_POINT('Ctrl Pts',(94.1087196997726,202.505032429092,7.16725988828913));
#2088=CARTESIAN_POINT('Ctrl Pts',(94.0274233911336,202.437031359345,7.16345812189644));
#2089=CARTESIAN_POINT('Ctrl Pts',(93.8892348300071,202.321442224479,7.15699582814239));
#2090=CARTESIAN_POINT('Ctrl Pts',(93.7400145743637,202.220133110961,7.15113008828666));
#2091=CARTESIAN_POINT('Ctrl Pts',(93.5820719634423,202.134494792841,7.14607692456121));
#2092=CARTESIAN_POINT('Ctrl Pts',(93.5551852298813,202.119916493619,7.14521671928833));
#2093=CARTESIAN_POINT('Ctrl Pts',(93.5280456570949,202.105792257546,7.1443800613374));
#2094=CARTESIAN_POINT('Ctrl Pts',(93.5006646276851,202.092128932636,7.14356801635853));
#2095=CARTESIAN_POINT('Ctrl Pts',(93.4318423659851,202.05778614338,7.14152693999098));
#2096=CARTESIAN_POINT('Ctrl Pts',(93.3614950335126,202.026355385555,7.13964090250654));
#2097=CARTESIAN_POINT('Ctrl Pts',(93.2898035072926,201.997945602045,7.13792497109387));
#2098=CARTESIAN_POINT('Ctrl Pts',(93.1600630473996,201.946532296005,7.13481964271877));
#2099=CARTESIAN_POINT('Ctrl Pts',(93.0265221502335,201.905251428347,7.13228694727134));
#2100=CARTESIAN_POINT('Ctrl Pts',(92.8903789220844,201.874478600471,7.13038881720322));
#2101=CARTESIAN_POINT('Ctrl Pts',(92.8011218894,201.854303588164,7.12914438176685));
#2102=CARTESIAN_POINT('Ctrl Pts',(92.71091488451,201.838683328388,7.1281747221925));
#2103=CARTESIAN_POINT('Ctrl Pts',(92.620107532406,201.827672756505,7.1274898274029));
#2104=CARTESIAN_POINT('Ctrl Pts',(103.127726124451,200.356329957854,8.76324054942724));
#2105=CARTESIAN_POINT('Ctrl Pts',(104.104353752691,198.823609100014,5.84216035840044));
#2106=CARTESIAN_POINT('Ctrl Pts',(105.080979872329,197.290888825248,2.92108019110588));
#2107=CARTESIAN_POINT('Ctrl Pts',(106.057607499572,195.758167967792,9.47588674205212E-11));
#2108=CARTESIAN_POINT('Ctrl Pts',(103.127859343303,200.099640400334,8.75431679020479));
#2109=CARTESIAN_POINT('Ctrl Pts',(104.104300139437,198.640059516953,5.83621352783267));
#2110=CARTESIAN_POINT('Ctrl Pts',(105.081185808267,197.180306691081,2.91810326709173));
#2111=CARTESIAN_POINT('Ctrl Pts',(106.057626898394,195.720725694072,9.47588667501428E-11));
#2112=CARTESIAN_POINT('Ctrl Pts',(103.039651526609,199.715211696871,8.7409522068686));
#2113=CARTESIAN_POINT('Ctrl Pts',(104.041338104525,198.365032532082,5.82730179142956));
#2114=CARTESIAN_POINT('Ctrl Pts',(105.043081573826,197.014829785495,2.91365041616809));
#2115=CARTESIAN_POINT('Ctrl Pts',(106.044768189338,195.664650605121,9.47593115085965E-11));
#2116=CARTESIAN_POINT('Ctrl Pts',(102.696165935215,199.168527660744,8.72194685022687));
#2117=CARTESIAN_POINT('Ctrl Pts',(103.795613086144,197.974037205504,5.814633245596));
#2118=CARTESIAN_POINT('Ctrl Pts',(104.895248387276,196.779398544222,2.90731360871204));
#2119=CARTESIAN_POINT('Ctrl Pts',(105.994695662543,195.58490799104,9.47593115085965E-11));
#2120=CARTESIAN_POINT('Ctrl Pts',(102.182167031249,198.758392821501,8.70768859828996));
#2121=CARTESIAN_POINT('Ctrl Pts',(103.427988050818,197.680649519838,5.80512681302186));
#2122=CARTESIAN_POINT('Ctrl Pts',(104.673945006117,196.602826608688,2.90256178750417));
#2123=CARTESIAN_POINT('Ctrl Pts',(105.919766115518,195.525083254416,9.47602000884114E-11));
#2124=CARTESIAN_POINT('Ctrl Pts',(101.668760511582,198.641427039845,8.70362230715623));
#2125=CARTESIAN_POINT('Ctrl Pts',(103.060874797193,197.597010909196,5.80241699775632));
#2126=CARTESIAN_POINT('Ctrl Pts',(104.45280877114,196.552438160176,2.90120531370734));
#2127=CARTESIAN_POINT('Ctrl Pts',(105.844922937593,195.508021926025,9.47588659135027E-11));
#2128=CARTESIAN_POINT('Ctrl Pts',(101.411916172524,198.641559459647,8.70362691101136));
#2129=CARTESIAN_POINT('Ctrl Pts',(102.8771041665,197.597053207213,5.80241793349267));
#2130=CARTESIAN_POINT('Ctrl Pts',(104.342292771718,196.552547486079,2.90120897759915));
#2131=CARTESIAN_POINT('Ctrl Pts',(105.807480766097,195.508041233996,9.47588674219394E-11));
#2132=CARTESIAN_POINT('',(101.307607532424,198.71655155297,8.91192477980457));
#2133=CARTESIAN_POINT('Origin',(101.307607532424,198.71655155297,8.91192477980457));
#2134=CARTESIAN_POINT('Origin',(92.2951075324017,204.508041201327,9.39897049079264E-11));
#2135=CARTESIAN_POINT('',(91.9701075324047,201.827672756503,4.33274910222304));
#2136=CARTESIAN_POINT('',(92.2951075324017,201.808041201327,4.33274910222304));
#2137=CARTESIAN_POINT('Origin',(92.2951075324017,204.508041201327,4.33274910222304));
#2138=CARTESIAN_POINT('',(91.970107532401,201.827672756495,7.12748312460996));
#2139=CARTESIAN_POINT('',(89.6147390875813,204.183041201322,4.33274910222304));
#2140=CARTESIAN_POINT('',(89.6147390875813,204.183041201315,9.39897049079264E-11));
#2141=CARTESIAN_POINT('',(89.6147390875776,204.833041201317,4.33274910222304));
#2142=CARTESIAN_POINT('Origin',(92.2951075324017,204.508041201327,4.33274910222304));
#2143=CARTESIAN_POINT('',(89.6147390875776,204.833041201324,7.26817514556835));
#2144=CARTESIAN_POINT('',(91.9701075324047,207.188409646151,4.33274910222304));
#2145=CARTESIAN_POINT('',(91.9701075324047,207.188409646151,4.33274910222304));
#2146=CARTESIAN_POINT('',(92.6201075324061,207.188409646151,4.33274910222304));
#2147=CARTESIAN_POINT('Origin',(92.2951075324017,204.508041201327,4.33274910222304));
#2148=CARTESIAN_POINT('',(92.6201075324061,207.188409646151,9.39897049079264E-11));
#2149=CARTESIAN_POINT('',(94.9754759772259,204.833041201317,4.33274910222304));
#2150=CARTESIAN_POINT('',(94.9754759772259,204.833041201317,4.33274910222304));
#2151=CARTESIAN_POINT('',(94.9754759772222,204.183041201315,4.33274910222304));
#2152=CARTESIAN_POINT('Origin',(92.2951075324017,204.508041201327,4.33274910222304));
#2153=CARTESIAN_POINT('',(94.9754759772222,204.183041201315,9.39897049079264E-11));
#2154=CARTESIAN_POINT('',(92.6201075324061,201.827672756503,4.33274910222304));
#2155=CARTESIAN_POINT('',(92.6201075324061,201.827672756503,9.39897049079264E-11));
#2156=CARTESIAN_POINT('Origin',(92.2951075324017,204.508041201327,4.33274910222304));
#2157=CARTESIAN_POINT('',(92.2951075324017,201.80804120133,0.20000000009399));
#2158=CARTESIAN_POINT('',(92.2951075324017,201.808041201327,9.39897049079264E-11));
#2159=CARTESIAN_POINT('Origin',(92.2951075324017,204.508041201327,0.20000000009399));
#2160=CARTESIAN_POINT('Origin',(83.2951075324017,195.51601369233,0.20000000009399));
#2161=CARTESIAN_POINT('',(91.7951075324017,205.008041201327,0.200000000093987));
#2162=CARTESIAN_POINT('',(91.7951075324017,206.508041201327,0.200000000093986));
#2163=CARTESIAN_POINT('',(91.7951075324017,200.262027446828,0.200000000093989));
#2164=CARTESIAN_POINT('',(90.2951075324017,205.008041201327,0.200000000093987));
#2165=CARTESIAN_POINT('',(86.7951075324017,205.008041201327,0.200000000093987));
#2166=CARTESIAN_POINT('',(90.2951075324017,204.008041201327,0.200000000093987));
#2167=CARTESIAN_POINT('',(90.2951075324017,199.762027446828,0.200000000093989));
#2168=CARTESIAN_POINT('',(91.7951075324017,204.008041201327,0.200000000093987));
#2169=CARTESIAN_POINT('',(87.5451075324017,204.008041201327,0.200000000093987));
#2170=CARTESIAN_POINT('',(91.7951075324017,202.508041201327,0.200000000093988));
#2171=CARTESIAN_POINT('',(91.7951075324017,200.262027446828,0.200000000093989));
#2172=CARTESIAN_POINT('',(92.7951075324017,202.508041201327,0.200000000093988));
#2173=CARTESIAN_POINT('',(88.0451075324017,202.508041201327,0.200000000093988));
#2174=CARTESIAN_POINT('',(92.7951075324017,204.008041201327,0.200000000093987));
#2175=CARTESIAN_POINT('',(92.7951075324017,199.762027446828,0.200000000093989));
#2176=CARTESIAN_POINT('',(94.2951075324017,204.008041201327,0.200000000093987));
#2177=CARTESIAN_POINT('',(87.5451075324017,204.008041201327,0.200000000093987));
#2178=CARTESIAN_POINT('',(94.2951075324017,205.008041201327,0.200000000093987));
#2179=CARTESIAN_POINT('',(94.2951075324017,200.262027446828,0.200000000093989));
#2180=CARTESIAN_POINT('',(92.7951075324017,205.008041201327,0.200000000093987));
#2181=CARTESIAN_POINT('',(88.0451075324017,205.008041201327,0.200000000093987));
#2182=CARTESIAN_POINT('',(92.7951075324017,206.508041201327,0.200000000093986));
#2183=CARTESIAN_POINT('',(92.7951075324017,201.012027446828,0.200000000093988));
#2184=CARTESIAN_POINT('',(87.5451075324017,206.508041201327,0.200000000093986));
#2185=CARTESIAN_POINT('Origin',(91.7951075324017,206.508041201327,9.39861521942476E-11));
#2186=CARTESIAN_POINT('',(91.7951075324017,206.508041201327,9.39861521942476E-11));
#2187=CARTESIAN_POINT('',(92.7951075324017,206.508041201327,9.39861521942476E-11));
#2188=CARTESIAN_POINT('Origin',(92.7951075324017,206.508041201327,9.39861521942476E-11));
#2189=CARTESIAN_POINT('',(92.7951075324017,205.008041201327,9.39861521942476E-11));
#2190=CARTESIAN_POINT('Origin',(91.7951075324017,205.008041201327,9.39861521942476E-11));
#2191=CARTESIAN_POINT('',(91.7951075324017,205.008041201327,9.39861521942476E-11));
#2192=CARTESIAN_POINT('Origin',(92.7951075324017,205.008041201327,9.39861521942476E-11));
#2193=CARTESIAN_POINT('',(94.2951075324017,205.008041201327,9.39861521942476E-11));
#2194=CARTESIAN_POINT('Origin',(90.2951075324017,205.008041201327,9.39861521942476E-11));
#2195=CARTESIAN_POINT('',(90.2951075324017,205.008041201327,9.39861521942476E-11));
#2196=CARTESIAN_POINT('Origin',(94.2951075324017,205.008041201327,9.39861521942476E-11));
#2197=CARTESIAN_POINT('',(94.2951075324017,204.008041201327,9.39870403726673E-11));
#2198=CARTESIAN_POINT('Origin',(90.2951075324017,204.008041201327,9.39870403726673E-11));
#2199=CARTESIAN_POINT('',(90.2951075324017,204.008041201327,9.39870403726673E-11));
#2200=CARTESIAN_POINT('Origin',(91.7951075324017,204.008041201327,9.39870403726673E-11));
#2201=CARTESIAN_POINT('',(92.7951075324017,204.008041201327,9.39870403726673E-11));
#2202=CARTESIAN_POINT('Origin',(91.7951075324017,204.008041201327,9.39870403726673E-11));
#2203=CARTESIAN_POINT('',(91.7951075324017,204.008041201327,9.39870403726673E-11));
#2204=CARTESIAN_POINT('Origin',(92.7951075324017,204.008041201327,9.39870403726673E-11));
#2205=CARTESIAN_POINT('',(92.7951075324017,202.508041201327,9.39870403726673E-11));
#2206=CARTESIAN_POINT('Origin',(92.7951075324017,202.508041201327,9.3987928551087E-11));
#2207=CARTESIAN_POINT('',(91.7951075324017,202.508041201327,9.39870403726673E-11));
#2208=CARTESIAN_POINT('Origin',(91.7951075324017,205.008041201327,9.39861521942476E-11));
#2209=CARTESIAN_POINT('Origin',(116.545107532402,204.83304120131,4.33274910222304));
#2210=CARTESIAN_POINT('',(94.9754759772259,204.833041201317,4.33274910222304));
#2211=CARTESIAN_POINT('Origin',(92.2951075324017,204.833041201317,4.33274910222304));
#2212=CARTESIAN_POINT('',(92.2951075324017,204.183041201315,4.33274910222304));
#2213=CARTESIAN_POINT('Origin',(92.2951075324017,204.183041201315,5.83274910222304));
#2214=CARTESIAN_POINT('Origin',(92.2951075324017,204.833041201317,4.33274910222304));
#2215=CARTESIAN_POINT('',(92.6201075324061,204.508041201312,4.33274910222304));
#2216=CARTESIAN_POINT('',(91.9701075324047,198.396479944146,4.33274910222304));
#2217=CARTESIAN_POINT('Origin',(92.6201075324061,204.508041201312,5.83274910222304));
#2218=CARTESIAN_POINT('Origin',(91.970107532396,172.758041201313,4.33274910222304));
#2219=CARTESIAN_POINT('Origin',(68.0451075324017,204.833041201331,-109.667250897762));
#2220=CARTESIAN_POINT('',(81.3088823525613,204.833041201317,4.33274910222304));
#2221=CARTESIAN_POINT('Origin',(92.2951075324017,204.833041201317,4.33274910222304));
#2222=CARTESIAN_POINT('',(92.2951075324017,204.183041201322,4.33274910222304));
#2223=CARTESIAN_POINT('Origin',(92.2951075324017,204.183041201315,5.83274910222304));
#2224=CARTESIAN_POINT('Origin',(92.6201075324061,204.508041201312,5.83274910222304));
#2225=CARTESIAN_POINT('',(92.6201075324061,204.508041201312,4.33274910222304));
#2226=CARTESIAN_POINT('Origin',(92.2951075324017,204.833041201317,4.33274910222304));
#2227=CARTESIAN_POINT('',(91.9701075324047,207.188409646151,4.33274910222304));
#2228=CARTESIAN_POINT('Origin',(91.970107532396,172.758041201313,4.33274910222304));
#2229=UNCERTAINTY_MEASURE_WITH_UNIT(LENGTH_MEASURE(0.01),#2233,
'DISTANCE_ACCURACY_VALUE',
'Maximum model space distance between geometric entities at asserted c
onnectivities');
#2230=UNCERTAINTY_MEASURE_WITH_UNIT(LENGTH_MEASURE(0.01),#2233,
'DISTANCE_ACCURACY_VALUE',
'Maximum model space distance between geometric entities at asserted c
onnectivities');
#2231=(
GEOMETRIC_REPRESENTATION_CONTEXT(3)
GLOBAL_UNCERTAINTY_ASSIGNED_CONTEXT((#2229))
GLOBAL_UNIT_ASSIGNED_CONTEXT((#2233,#2235,#2236))
REPRESENTATION_CONTEXT('','3D')
);
#2232=(
GEOMETRIC_REPRESENTATION_CONTEXT(3)
GLOBAL_UNCERTAINTY_ASSIGNED_CONTEXT((#2230))
GLOBAL_UNIT_ASSIGNED_CONTEXT((#2233,#2235,#2236))
REPRESENTATION_CONTEXT('','3D')
);
#2233=(
LENGTH_UNIT()
NAMED_UNIT(*)
SI_UNIT(.MILLI.,.METRE.)
);
#2234=(
LENGTH_UNIT()
NAMED_UNIT(*)
SI_UNIT($,.METRE.)
);
#2235=(
NAMED_UNIT(*)
PLANE_ANGLE_UNIT()
SI_UNIT($,.RADIAN.)
);
#2236=(
NAMED_UNIT(*)
SI_UNIT($,.STERADIAN.)
SOLID_ANGLE_UNIT()
);
#2237=SHAPE_DEFINITION_REPRESENTATION(#2238,#2239);
#2238=PRODUCT_DEFINITION_SHAPE('',$,#2241);
#2239=SHAPE_REPRESENTATION('',(#975),#2231);
#2240=PRODUCT_DEFINITION_CONTEXT('part definition',#2245,'design');
#2241=PRODUCT_DEFINITION('2026-08-16-11-31-29-384','1.5u keycap',#2242,
#2240);
#2242=PRODUCT_DEFINITION_FORMATION('',$,#2247);
#2243=PRODUCT_RELATED_PRODUCT_CATEGORY('1.5u keycap','1.5u keycap',(#2247));
#2244=APPLICATION_PROTOCOL_DEFINITION('international standard',
'automotive_design',2009,#2245);
#2245=APPLICATION_CONTEXT(
'Core Data for Automotive Mechanical Design Process');
#2246=PRODUCT_CONTEXT('part definition',#2245,'mechanical');
#2247=PRODUCT('2026-08-16-11-31-29-384','1.5u keycap',$,(#2246));
#2248=PRESENTATION_STYLE_ASSIGNMENT((#2250));
#2249=PRESENTATION_STYLE_ASSIGNMENT((#2251));
#2250=SURFACE_STYLE_USAGE(.BOTH.,#2252);
#2251=SURFACE_STYLE_USAGE(.BOTH.,#2253);
#2252=SURFACE_SIDE_STYLE('',(#2254));
#2253=SURFACE_SIDE_STYLE('',(#2255));
#2254=SURFACE_STYLE_FILL_AREA(#2256);
#2255=SURFACE_STYLE_FILL_AREA(#2257);
#2256=FILL_AREA_STYLE('Steel - Satin',(#2258));
#2257=FILL_AREA_STYLE('Opaque(255,255,255)',(#2259));
#2258=FILL_AREA_STYLE_COLOUR('Steel - Satin',#2260);
#2259=FILL_AREA_STYLE_COLOUR('Opaque(255,255,255)',#2261);
#2260=COLOUR_RGB('Steel - Satin',0.627450980392157,0.627450980392157,0.627450980392157);
#2261=COLOUR_RGB('Opaque(255,255,255)',1.,1.,1.);
ENDSEC;
END-ISO-10303-21;
