ISO-10303-21;
HEADER;
/* Generated by software containing ST-Developer
 * from STEP Tools, Inc. (www.steptools.com) 
 */

FILE_DESCRIPTION(
/* description */ (''),
/* implementation_level */ '2;1');

FILE_NAME(
/* name */ '1.75u keycap.step',
/* time_stamp */ '2026-08-16T11:31:35-07:00',
/* author */ (''),
/* organization */ (''),
/* preprocessor_version */ 'ST-DEVELOPER v20.1',
/* originating_system */ 'Autodesk Translation Framework v15.8.0.0',
/* authorisation */ '');

FILE_SCHEMA (('AUTOMOTIVE_DESIGN { 1 0 10303 214 3 1 1 }'));
ENDSEC;

DATA;
#10=MECHANICAL_DESIGN_GEOMETRIC_PRESENTATION_REPRESENTATION('',(#13),#2258);
#11=SHAPE_REPRESENTATION_RELATIONSHIP('SRR','None',#2265,#12);
#12=ADVANCED_BREP_SHAPE_REPRESENTATION('',(#14),#2257);
#13=STYLED_ITEM('',(#2275),#14);
#14=MANIFOLD_SOLID_BREP('Body1',#963);
#15=FACE_BOUND('',#145,.T.);
#16=FACE_BOUND('',#156,.T.);
#17=CYLINDRICAL_SURFACE('',#999,144.574195805941);
#18=CYLINDRICAL_SURFACE('',#1017,2.7);
#19=CIRCLE('',#981,145.309074225297);
#20=CIRCLE('',#982,145.07264451664);
#21=CIRCLE('',#983,145.072644476882);
#22=CIRCLE('',#984,145.309074265211);
#23=CIRCLE('',#985,145.53404015151);
#24=CIRCLE('',#986,145.534040148342);
#25=CIRCLE('',#994,0.249999999999976);
#26=CIRCLE('',#996,0.25);
#27=CIRCLE('',#998,0.250000000000151);
#28=CIRCLE('',#1001,0.25);
#29=CIRCLE('',#1002,0.25000000000017);
#30=CIRCLE('',#1004,0.250000000000001);
#31=CIRCLE('',#1016,2.7);
#32=CIRCLE('',#1018,2.7);
#33=CIRCLE('',#1019,2.7);
#34=CIRCLE('',#1020,2.7);
#35=CIRCLE('',#1021,2.7);
#36=CIRCLE('',#1022,2.7);
#37=B_SPLINE_SURFACE_WITH_KNOTS('',3,3,((#1294,#1295,#1296,#1297,#1298,
#1299),(#1300,#1301,#1302,#1303,#1304,#1305),(#1306,#1307,#1308,#1309,#1310,
#1311),(#1312,#1313,#1314,#1315,#1316,#1317)),.UNSPECIFIED.,.F.,.F.,.F.,
(4,4),(4,2,4),(0.133233243433684,0.160917671502531),(0.115435941380164,
0.119158176945232,0.142824271216442),.UNSPECIFIED.);
#38=B_SPLINE_SURFACE_WITH_KNOTS('',3,1,((#1342,#1343),(#1344,#1345),(#1346,
#1347),(#1348,#1349),(#1350,#1351),(#1352,#1353)),.UNSPECIFIED.,.F.,.F.,
 .F.,(4,2,4),(2,2),(0.0454028892840701,0.119158176945232,0.126905273551551),
(0.,0.814580670062226),.UNSPECIFIED.);
#39=B_SPLINE_SURFACE_WITH_KNOTS('',3,1,((#1391,#1392),(#1393,#1394),(#1395,
#1396),(#1397,#1398)),.UNSPECIFIED.,.F.,.F.,.F.,(4,4),(2,2),(0.131355674546481,
0.214261330379266),(0.,0.814578626294156),.UNSPECIFIED.);
#40=B_SPLINE_SURFACE_WITH_KNOTS('',3,1,((#1422,#1423),(#1424,#1425),(#1426,
#1427),(#1428,#1429),(#1430,#1431),(#1432,#1433)),.UNSPECIFIED.,.F.,.F.,
 .F.,(4,2,4),(2,2),(0.0454042194136898,0.119158176945232,0.126905272303599),
(0.,0.579833770234114),.UNSPECIFIED.);
#41=B_SPLINE_SURFACE_WITH_KNOTS('',3,3,((#1486,#1487,#1488,#1489),(#1490,
#1491,#1492,#1493),(#1494,#1495,#1496,#1497),(#1498,#1499,#1500,#1501)),
 .UNSPECIFIED.,.F.,.F.,.F.,(4,4),(4,4),(-2.38864219688498E-13,1.),(0.0249005840946191,
1.),.UNSPECIFIED.);
#42=B_SPLINE_SURFACE_WITH_KNOTS('',3,3,((#1515,#1516,#1517,#1518,#1519,
#1520,#1521),(#1522,#1523,#1524,#1525,#1526,#1527,#1528),(#1529,#1530,#1531,
#1532,#1533,#1534,#1535),(#1536,#1537,#1538,#1539,#1540,#1541,#1542),(#1543,
#1544,#1545,#1546,#1547,#1548,#1549)),.UNSPECIFIED.,.F.,.F.,.F.,(4,1,4),
(4,1,1,1,4),(0.,0.571428571428571,1.00033439617911),(-0.00033439617910975,
0.656248160606482,0.984372240909723,1.64062040151621,2.29720295830179),
 .UNSPECIFIED.);
#43=B_SPLINE_SURFACE_WITH_KNOTS('',3,3,((#1637,#1638,#1639,#1640),(#1641,
#1642,#1643,#1644),(#1645,#1646,#1647,#1648),(#1649,#1650,#1651,#1652),
(#1653,#1654,#1655,#1656)),.UNSPECIFIED.,.F.,.F.,.F.,(4,1,4),(4,4),(0.,
0.571428571428571,1.),(0.,23.1607536942361),.UNSPECIFIED.);
#44=B_SPLINE_SURFACE_WITH_KNOTS('',3,3,((#1662,#1663,#1664,#1665,#1666,
#1667),(#1668,#1669,#1670,#1671,#1672,#1673),(#1674,#1675,#1676,#1677,#1678,
#1679),(#1680,#1681,#1682,#1683,#1684,#1685),(#1686,#1687,#1688,#1689,#1690,
#1691)),.UNSPECIFIED.,.F.,.F.,.F.,(4,1,4),(4,1,1,4),(0.,0.571428571428571,
1.),(-5.23489853208929E-14,0.984372241672111,1.64062040278689,2.29686856390166),
 .UNSPECIFIED.);
#45=B_SPLINE_SURFACE_WITH_KNOTS('',3,3,((#1710,#1711,#1712,#1713,#1714),
(#1715,#1716,#1717,#1718,#1719),(#1720,#1721,#1722,#1723,#1724),(#1725,
#1726,#1727,#1728,#1729),(#1730,#1731,#1732,#1733,#1734)),.UNSPECIFIED.,
 .F.,.F.,.F.,(4,1,4),(4,1,4),(0.,0.571428571428571,1.),(-6.229309316235E-13,
4.57685334052564,10.6793244612273),.UNSPECIFIED.);
#46=B_SPLINE_SURFACE_WITH_KNOTS('',3,3,((#1797,#1798,#1799,#1800,#1801,
#1802,#1803),(#1804,#1805,#1806,#1807,#1808,#1809,#1810),(#1811,#1812,#1813,
#1814,#1815,#1816,#1817),(#1818,#1819,#1820,#1821,#1822,#1823,#1824),(#1825,
#1826,#1827,#1828,#1829,#1830,#1831)),.UNSPECIFIED.,.F.,.F.,.F.,(4,1,4),
(4,1,1,1,4),(0.,0.571428571428571,1.),(0.,0.641701220521619,0.962551830782429,
1.60425305130405,2.24595427182567),.UNSPECIFIED.);
#47=B_SPLINE_SURFACE_WITH_KNOTS('',3,3,((#1842,#1843,#1844,#1845),(#1846,
#1847,#1848,#1849),(#1850,#1851,#1852,#1853),(#1854,#1855,#1856,#1857),
(#1858,#1859,#1860,#1861)),.UNSPECIFIED.,.F.,.F.,.F.,(4,1,4),(4,4),(0.,
0.571428571428571,1.),(0.,23.2098504305079),.UNSPECIFIED.);
#48=B_SPLINE_SURFACE_WITH_KNOTS('',3,3,((#1865,#1866,#1867,#1868,#1869,
#1870),(#1871,#1872,#1873,#1874,#1875,#1876),(#1877,#1878,#1879,#1880,#1881,
#1882),(#1883,#1884,#1885,#1886,#1887,#1888),(#1889,#1890,#1891,#1892,#1893,
#1894)),.UNSPECIFIED.,.F.,.F.,.F.,(4,1,4),(4,1,1,4),(0.,0.571428571428571,
1.),(1.75468702439721E-14,4.57685333562912,7.62808889271519,10.6793244498013),
 .UNSPECIFIED.);
#49=B_SPLINE_SURFACE_WITH_KNOTS('',3,3,((#1895,#1896,#1897,#1898,#1899,
#1900,#1901),(#1902,#1903,#1904,#1905,#1906,#1907,#1908),(#1909,#1910,#1911,
#1912,#1913,#1914,#1915),(#1916,#1917,#1918,#1919,#1920,#1921,#1922),(#1923,
#1924,#1925,#1926,#1927,#1928,#1929)),.UNSPECIFIED.,.F.,.F.,.F.,(4,1,4),
(4,1,1,1,4),(0.,0.571428571428571,1.),(0.,0.641708437969557,1.28341687593911,
1.60427109492389,2.24597953289345),.UNSPECIFIED.);
#50=B_SPLINE_SURFACE_WITH_KNOTS('',3,3,((#1937,#1938,#1939,#1940),(#1941,
#1942,#1943,#1944),(#1945,#1946,#1947,#1948),(#1949,#1950,#1951,#1952),
(#1953,#1954,#1955,#1956),(#1957,#1958,#1959,#1960),(#1961,#1962,#1963,
#1964)),.UNSPECIFIED.,.F.,.F.,.F.,(4,1,1,1,4),(4,4),(-1.90181064174961E-15,
0.28571428571429,0.428571428571435,0.714285714285727,1.00000000000002),
(0.0230055726432793,1.),.UNSPECIFIED.);
#51=B_SPLINE_SURFACE_WITH_KNOTS('',3,3,((#1979,#1980,#1981,#1982),(#1983,
#1984,#1985,#1986),(#1987,#1988,#1989,#1990),(#1991,#1992,#1993,#1994)),
 .UNSPECIFIED.,.F.,.F.,.F.,(4,4),(4,4),(-2.577661952128E-15,1.00000000000032),
(0.0249005882519607,1.),.UNSPECIFIED.);
#52=B_SPLINE_SURFACE_WITH_KNOTS('',3,3,((#1998,#1999,#2000,#2001),(#2002,
#2003,#2004,#2005),(#2006,#2007,#2008,#2009),(#2010,#2011,#2012,#2013),
(#2014,#2015,#2016,#2017),(#2018,#2019,#2020,#2021),(#2022,#2023,#2024,
#2025)),.UNSPECIFIED.,.F.,.F.,.F.,(4,1,1,1,4),(4,4),(-6.59118187555458E-5,
0.285714285714285,0.428571428571428,0.714285714285714,1.00006591181801),
(0.0243526824270178,1.),.UNSPECIFIED.);
#53=B_SPLINE_SURFACE_WITH_KNOTS('',3,3,((#2042,#2043,#2044,#2045),(#2046,
#2047,#2048,#2049),(#2050,#2051,#2052,#2053),(#2054,#2055,#2056,#2057),
(#2058,#2059,#2060,#2061),(#2062,#2063,#2064,#2065),(#2066,#2067,#2068,
#2069)),.UNSPECIFIED.,.F.,.F.,.F.,(4,1,1,1,4),(4,4),(-1.73754415144407E-5,
0.285714285714286,0.571428571428572,0.714285714285714,1.00001737543774),
(0.0242430156655516,1.),.UNSPECIFIED.);
#54=B_SPLINE_SURFACE_WITH_KNOTS('',3,1,((#2093,#2094),(#2095,#2096),(#2097,
#2098),(#2099,#2100)),.UNSPECIFIED.,.F.,.F.,.F.,(4,4),(2,2),(0.131355673549165,
0.214658903145395),(0.,0.579910195887116),.UNSPECIFIED.);
#55=B_SPLINE_SURFACE_WITH_KNOTS('',3,3,((#2130,#2131,#2132,#2133),(#2134,
#2135,#2136,#2137),(#2138,#2139,#2140,#2141),(#2142,#2143,#2144,#2145),
(#2146,#2147,#2148,#2149),(#2150,#2151,#2152,#2153),(#2154,#2155,#2156,
#2157)),.UNSPECIFIED.,.F.,.F.,.F.,(4,1,1,1,4),(4,4),(-0.000310536511286361,
0.285714285714273,0.571428571428564,0.71428571428571,1.00031053651127),
(0.0226950358183345,1.),.UNSPECIFIED.);
#56=ELLIPSE('',#979,105.591458570667,76.4386936246564);
#57=ELLIPSE('',#980,104.018980022047,74.0339432393751);
#58=ELLIPSE('',#987,103.767651633805,73.7769056599864);
#59=ELLIPSE('',#988,103.895354769783,73.8106594430559);
#60=ELLIPSE('',#989,105.881075760856,82.524730971684);
#61=ELLIPSE('',#990,103.767644096596,73.7768948674939);
#62=ELLIPSE('',#992,104.010526337247,79.5216320259453);
#63=ELLIPSE('',#995,116.561889559796,100.859839880565);
#64=ELLIPSE('',#997,116.360676825541,100.709748583991);
#65=ELLIPSE('',#1000,125.090889431628,108.252433998751);
#66=ELLIPSE('',#1003,125.307198586093,108.439154943868);
#67=ELLIPSE('',#1007,103.967734769099,73.9135239590625);
#68=FACE_OUTER_BOUND('',#121,.T.);
#69=FACE_OUTER_BOUND('',#122,.T.);
#70=FACE_OUTER_BOUND('',#123,.T.);
#71=FACE_OUTER_BOUND('',#124,.T.);
#72=FACE_OUTER_BOUND('',#125,.T.);
#73=FACE_OUTER_BOUND('',#126,.T.);
#74=FACE_OUTER_BOUND('',#127,.T.);
#75=FACE_OUTER_BOUND('',#128,.T.);
#76=FACE_OUTER_BOUND('',#129,.T.);
#77=FACE_OUTER_BOUND('',#130,.T.);
#78=FACE_OUTER_BOUND('',#131,.T.);
#79=FACE_OUTER_BOUND('',#132,.T.);
#80=FACE_OUTER_BOUND('',#133,.T.);
#81=FACE_OUTER_BOUND('',#134,.T.);
#82=FACE_OUTER_BOUND('',#135,.T.);
#83=FACE_OUTER_BOUND('',#136,.T.);
#84=FACE_OUTER_BOUND('',#137,.T.);
#85=FACE_OUTER_BOUND('',#138,.T.);
#86=FACE_OUTER_BOUND('',#139,.T.);
#87=FACE_OUTER_BOUND('',#140,.T.);
#88=FACE_OUTER_BOUND('',#141,.T.);
#89=FACE_OUTER_BOUND('',#142,.T.);
#90=FACE_OUTER_BOUND('',#143,.T.);
#91=FACE_OUTER_BOUND('',#144,.T.);
#92=FACE_OUTER_BOUND('',#146,.T.);
#93=FACE_OUTER_BOUND('',#147,.T.);
#94=FACE_OUTER_BOUND('',#148,.T.);
#95=FACE_OUTER_BOUND('',#149,.T.);
#96=FACE_OUTER_BOUND('',#150,.T.);
#97=FACE_OUTER_BOUND('',#151,.T.);
#98=FACE_OUTER_BOUND('',#152,.T.);
#99=FACE_OUTER_BOUND('',#153,.T.);
#100=FACE_OUTER_BOUND('',#154,.T.);
#101=FACE_OUTER_BOUND('',#155,.T.);
#102=FACE_OUTER_BOUND('',#157,.T.);
#103=FACE_OUTER_BOUND('',#158,.T.);
#104=FACE_OUTER_BOUND('',#159,.T.);
#105=FACE_OUTER_BOUND('',#160,.T.);
#106=FACE_OUTER_BOUND('',#161,.T.);
#107=FACE_OUTER_BOUND('',#162,.T.);
#108=FACE_OUTER_BOUND('',#163,.T.);
#109=FACE_OUTER_BOUND('',#164,.T.);
#110=FACE_OUTER_BOUND('',#165,.T.);
#111=FACE_OUTER_BOUND('',#166,.T.);
#112=FACE_OUTER_BOUND('',#167,.T.);
#113=FACE_OUTER_BOUND('',#168,.T.);
#114=FACE_OUTER_BOUND('',#169,.T.);
#115=FACE_OUTER_BOUND('',#170,.T.);
#116=FACE_OUTER_BOUND('',#171,.T.);
#117=FACE_OUTER_BOUND('',#172,.T.);
#118=FACE_OUTER_BOUND('',#173,.T.);
#119=FACE_OUTER_BOUND('',#174,.T.);
#120=FACE_OUTER_BOUND('',#175,.T.);
#121=EDGE_LOOP('',(#600,#601,#602,#603,#604,#605,#606,#607));
#122=EDGE_LOOP('',(#608,#609,#610,#611,#612,#613,#614,#615));
#123=EDGE_LOOP('',(#616,#617,#618,#619,#620,#621,#622,#623,#624,#625,#626,
#627));
#124=EDGE_LOOP('',(#628,#629,#630,#631,#632));
#125=EDGE_LOOP('',(#633,#634,#635,#636,#637));
#126=EDGE_LOOP('',(#638,#639,#640,#641,#642));
#127=EDGE_LOOP('',(#643,#644,#645,#646,#647,#648,#649,#650));
#128=EDGE_LOOP('',(#651,#652,#653,#654,#655,#656,#657,#658));
#129=EDGE_LOOP('',(#659,#660,#661,#662));
#130=EDGE_LOOP('',(#663,#664,#665,#666));
#131=EDGE_LOOP('',(#667,#668,#669,#670));
#132=EDGE_LOOP('',(#671,#672,#673,#674));
#133=EDGE_LOOP('',(#675,#676,#677,#678));
#134=EDGE_LOOP('',(#679,#680,#681,#682,#683,#684,#685,#686));
#135=EDGE_LOOP('',(#687,#688,#689,#690));
#136=EDGE_LOOP('',(#691,#692,#693,#694));
#137=EDGE_LOOP('',(#695,#696,#697,#698));
#138=EDGE_LOOP('',(#699,#700,#701,#702));
#139=EDGE_LOOP('',(#703,#704,#705,#706));
#140=EDGE_LOOP('',(#707,#708,#709,#710));
#141=EDGE_LOOP('',(#711,#712,#713,#714));
#142=EDGE_LOOP('',(#715,#716,#717,#718));
#143=EDGE_LOOP('',(#719,#720,#721,#722));
#144=EDGE_LOOP('',(#723,#724,#725,#726,#727,#728,#729,#730));
#145=EDGE_LOOP('',(#731,#732,#733,#734));
#146=EDGE_LOOP('',(#735,#736,#737,#738,#739));
#147=EDGE_LOOP('',(#740,#741,#742,#743));
#148=EDGE_LOOP('',(#744,#745,#746,#747));
#149=EDGE_LOOP('',(#748,#749,#750,#751));
#150=EDGE_LOOP('',(#752,#753,#754,#755));
#151=EDGE_LOOP('',(#756,#757,#758,#759));
#152=EDGE_LOOP('',(#760,#761,#762,#763));
#153=EDGE_LOOP('',(#764,#765,#766,#767));
#154=EDGE_LOOP('',(#768,#769,#770,#771));
#155=EDGE_LOOP('',(#772));
#156=EDGE_LOOP('',(#773,#774,#775,#776,#777,#778,#779,#780,#781,#782,#783,
#784));
#157=EDGE_LOOP('',(#785,#786,#787,#788,#789,#790,#791,#792,#793,#794,#795,
#796,#797,#798,#799,#800,#801,#802,#803,#804));
#158=EDGE_LOOP('',(#805,#806,#807,#808));
#159=EDGE_LOOP('',(#809,#810,#811,#812));
#160=EDGE_LOOP('',(#813,#814,#815,#816));
#161=EDGE_LOOP('',(#817,#818,#819,#820));
#162=EDGE_LOOP('',(#821,#822,#823,#824));
#163=EDGE_LOOP('',(#825,#826,#827,#828));
#164=EDGE_LOOP('',(#829,#830,#831,#832));
#165=EDGE_LOOP('',(#833,#834,#835,#836));
#166=EDGE_LOOP('',(#837,#838,#839,#840));
#167=EDGE_LOOP('',(#841,#842,#843,#844));
#168=EDGE_LOOP('',(#845,#846,#847,#848));
#169=EDGE_LOOP('',(#849,#850,#851,#852));
#170=EDGE_LOOP('',(#853,#854,#855,#856));
#171=EDGE_LOOP('',(#857,#858,#859,#860));
#172=EDGE_LOOP('',(#861,#862,#863,#864));
#173=EDGE_LOOP('',(#865,#866,#867,#868));
#174=EDGE_LOOP('',(#869,#870,#871,#872,#873));
#175=EDGE_LOOP('',(#874,#875,#876,#877));
#176=B_SPLINE_CURVE_WITH_KNOTS('',3,(#1267,#1268,#1269,#1270,#1271,#1272),
 .UNSPECIFIED.,.F.,.F.,(4,2,4),(-0.674474945797757,-0.337237972898963,-9.99998527373425E-7),
 .UNSPECIFIED.);
#177=B_SPLINE_CURVE_WITH_KNOTS('',3,(#1357,#1358,#1359,#1360,#1361,#1362,
#1363,#1364,#1365,#1366,#1367,#1368,#1369,#1370,#1371,#1372,#1373,#1374,
#1375,#1376,#1377,#1378,#1379,#1380,#1381,#1382,#1383,#1384,#1385,#1386,
#1387),.UNSPECIFIED.,.F.,.F.,(4,3,3,3,3,3,3,3,3,3,4),(0.0539743087311478,
0.530464714638008,0.662649277749225,1.07245489129212,1.51573814487503,1.95319424287205,
2.13817876825249,2.43900271628265,2.97389200866471,3.39216043122154,3.65308009752965),
 .UNSPECIFIED.);
#178=B_SPLINE_CURVE_WITH_KNOTS('',3,(#1402,#1403,#1404,#1405,#1406,#1407,
#1408,#1409,#1410,#1411,#1412,#1413,#1414,#1415,#1416,#1417,#1418,#1419,
#1420),.UNSPECIFIED.,.F.,.F.,(4,3,3,3,3,3,4),(0.11987576907473,0.658265643536882,
1.32580507286232,1.54614579686402,2.51028364798432,3.15610131774676,3.71672010436841),
 .UNSPECIFIED.);
#179=B_SPLINE_CURVE_WITH_KNOTS('',3,(#1443,#1444,#1445,#1446,#1447,#1448,
#1449,#1450,#1451,#1452,#1453,#1454,#1455,#1456,#1457,#1458,#1459,#1460,
#1461,#1462,#1463,#1464,#1465,#1466,#1467),.UNSPECIFIED.,.F.,.F.,(4,3,3,
3,3,3,3,3,4),(0.117797674609556,0.517018350950012,1.15421228603425,1.30394912844204,
1.33227543200532,2.38528944318767,3.05010246805532,3.09117785313528,3.71613382609963),
 .UNSPECIFIED.);
#180=B_SPLINE_CURVE_WITH_KNOTS('',3,(#1509,#1510,#1511,#1512,#1513,#1514),
 .UNSPECIFIED.,.F.,.F.,(4,1,1,4),(-10.6793244498013,-7.62808889271519,-4.57685333562912,
-1.75468702439721E-14),.UNSPECIFIED.);
#181=B_SPLINE_CURVE_WITH_KNOTS('',3,(#1552,#1553,#1554,#1555,#1556),
 .UNSPECIFIED.,.F.,.F.,(4,1,4),(0.,0.571428571428571,1.),.UNSPECIFIED.);
#182=B_SPLINE_CURVE_WITH_KNOTS('',3,(#1558,#1559,#1560,#1561,#1562,#1563,
#1564,#1565,#1566,#1567,#1568,#1569,#1570,#1571,#1572,#1573,#1574,#1575,
#1576,#1577,#1578,#1579,#1580,#1581,#1582,#1583,#1584,#1585,#1586,#1587,
#1588,#1589,#1590,#1591,#1592,#1593,#1594,#1595,#1596,#1597,#1598,#1599,
#1600,#1601,#1602,#1603,#1604,#1605,#1606,#1607,#1608,#1609,#1610,#1611,
#1612,#1613,#1614,#1615),.UNSPECIFIED.,.F.,.F.,(4,3,3,3,3,3,3,3,3,3,3,3,
3,3,3,3,3,3,3,4),(-2.29686856212269,-2.15904841015011,-2.01419942013272,
-1.86561371644406,-1.71294727097196,-1.64186943787753,-1.64062040151621,
-1.47480072417501,-1.30681891727024,-1.13985558449522,-0.984372240909723,
-0.96682184094005,-0.804906123676321,-0.656248160606482,-0.634572095250477,
-0.475755678513343,-0.321739168047343,-0.172408852385677,-0.0291789034694948,
-1.65392505161848E-13),.UNSPECIFIED.);
#183=B_SPLINE_CURVE_WITH_KNOTS('',3,(#1618,#1619,#1620,#1621,#1622,#1623,
#1624,#1625,#1626,#1627,#1628,#1629,#1630,#1631,#1632,#1633,#1634,#1635,
#1636),.UNSPECIFIED.,.F.,.F.,(4,3,3,3,3,3,4),(2.68879678598072E-13,0.411246796903818,
0.656248160606482,0.984372240909723,1.64062040151621,2.09442958781813,2.29686856212269),
 .UNSPECIFIED.);
#184=B_SPLINE_CURVE_WITH_KNOTS('',3,(#1693,#1694,#1695,#1696,#1697),
 .UNSPECIFIED.,.F.,.F.,(4,1,4),(0.,0.571428571428571,1.),.UNSPECIFIED.);
#185=B_SPLINE_CURVE_WITH_KNOTS('',3,(#1698,#1699,#1700,#1701,#1702,#1703),
 .UNSPECIFIED.,.F.,.F.,(4,1,1,4),(-5.23489853208929E-14,0.984372241672111,
1.64062040278689,2.29686856390166),.UNSPECIFIED.);
#186=B_SPLINE_CURVE_WITH_KNOTS('',3,(#1704,#1705,#1706,#1707,#1708,#1709),
 .UNSPECIFIED.,.F.,.F.,(4,1,1,4),(-2.29686856390166,-1.64062040278689,-0.984372241672111,
5.23489853208929E-14),.UNSPECIFIED.);
#187=B_SPLINE_CURVE_WITH_KNOTS('',3,(#1736,#1737,#1738,#1739,#1740),
 .UNSPECIFIED.,.F.,.F.,(4,1,4),(-6.229309316235E-13,4.57685334052564,10.6793244612273),
 .UNSPECIFIED.);
#188=B_SPLINE_CURVE_WITH_KNOTS('',3,(#1743,#1744,#1745,#1746,#1747),
 .UNSPECIFIED.,.F.,.F.,(4,1,4),(-10.6793244612273,-4.57685334052564,6.229309316235E-13),
 .UNSPECIFIED.);
#189=B_SPLINE_CURVE_WITH_KNOTS('',3,(#1750,#1751,#1752,#1753,#1754,#1755),
 .UNSPECIFIED.,.F.,.F.,(4,1,1,4),(1.75468702439721E-14,4.57685333562912,
7.62808889271519,10.6793244498013),.UNSPECIFIED.);
#190=B_SPLINE_CURVE_WITH_KNOTS('',3,(#1757,#1758,#1759,#1760,#1761,#1762,
#1763,#1764,#1765,#1766,#1767,#1768,#1769,#1770,#1771,#1772,#1773,#1774,
#1775),.UNSPECIFIED.,.F.,.F.,(4,3,3,3,3,3,4),(0.,0.395543339520518,0.641701220521619,
0.962551830782429,1.60425305130405,2.04998188815514,2.24595427182567),
 .UNSPECIFIED.);
#191=B_SPLINE_CURVE_WITH_KNOTS('',3,(#1778,#1779,#1780,#1781,#1782,#1783,
#1784,#1785,#1786,#1787,#1788,#1789,#1790,#1791,#1792,#1793,#1794,#1795,
#1796),.UNSPECIFIED.,.F.,.F.,(4,3,3,3,3,3,4),(0.,0.445724598463166,0.641708437969557,
1.28341687593911,1.60427109492389,1.99980343095542,2.24597953289345),
 .UNSPECIFIED.);
#192=B_SPLINE_CURVE_WITH_KNOTS('',3,(#1834,#1835,#1836,#1837,#1838,#1839,
#1840),.UNSPECIFIED.,.F.,.F.,(4,1,1,1,4),(-2.24595427182567,-1.60425305130405,
-0.962551830782429,-0.641701220521619,0.),.UNSPECIFIED.);
#193=B_SPLINE_CURVE_WITH_KNOTS('',3,(#1930,#1931,#1932,#1933,#1934,#1935,
#1936),.UNSPECIFIED.,.F.,.F.,(4,1,1,1,4),(-2.24597953289345,-1.60427109492389,
-1.28341687593911,-0.641708437969557,0.),.UNSPECIFIED.);
#194=B_SPLINE_CURVE_WITH_KNOTS('',3,(#1969,#1970,#1971,#1972,#1973,#1974,
#1975,#1976,#1977,#1978),.UNSPECIFIED.,.F.,.F.,(4,2,2,2,4),(0.,0.00984531306206942,
0.0196770213992411,0.0278780324109983,0.0350270427551746),.UNSPECIFIED.);
#195=B_SPLINE_CURVE_WITH_KNOTS('',3,(#2028,#2029,#2030,#2031,#2032,#2033,
#2034,#2035,#2036,#2037),.UNSPECIFIED.,.F.,.F.,(4,2,2,2,4),(0.,0.00984531306649262,
0.0196770213837663,0.0278780324102907,0.0350270428055768),.UNSPECIFIED.);
#196=B_SPLINE_CURVE_WITH_KNOTS('',3,(#2070,#2071,#2072,#2073,#2074,#2075,
#2076,#2077,#2078,#2079),.UNSPECIFIED.,.F.,.F.,(4,2,2,2,4),(0.,0.00984540506902122,
0.0211395942247979,0.0346795313658532,0.0482382045638932),.UNSPECIFIED.);
#197=B_SPLINE_CURVE_WITH_KNOTS('',3,(#2082,#2083,#2084,#2085,#2086,#2087,
#2088,#2089,#2090,#2091),.UNSPECIFIED.,.F.,.F.,(4,2,2,2,4),(0.,0.00984540507082577,
0.0211395942602152,0.0346795314615278,0.0482382047018169),.UNSPECIFIED.);
#198=B_SPLINE_CURVE_WITH_KNOTS('',3,(#2105,#2106,#2107,#2108,#2109,#2110,
#2111,#2112,#2113,#2114,#2115,#2116,#2117,#2118,#2119,#2120,#2121,#2122,
#2123,#2124,#2125,#2126,#2127,#2128,#2129),.UNSPECIFIED.,.F.,.F.,(4,3,3,
3,3,3,3,3,4),(0.0785572052962876,0.686973756762988,1.07282828499603,1.91789910868619,
2.09243929652498,2.78972372752219,3.02585151977365,3.44541504263496,3.67890122615462),
 .UNSPECIFIED.);
#199=LINE('',#1261,#285);
#200=LINE('',#1263,#286);
#201=LINE('',#1265,#287);
#202=LINE('',#1274,#288);
#203=LINE('',#1276,#289);
#204=LINE('',#1278,#290);
#205=LINE('',#1279,#291);
#206=LINE('',#1283,#292);
#207=LINE('',#1285,#293);
#208=LINE('',#1287,#294);
#209=LINE('',#1291,#295);
#210=LINE('',#1292,#296);
#211=LINE('',#1322,#297);
#212=LINE('',#1326,#298);
#213=LINE('',#1330,#299);
#214=LINE('',#1334,#300);
#215=LINE('',#1338,#301);
#216=LINE('',#1341,#302);
#217=LINE('',#1355,#303);
#218=LINE('',#1390,#304);
#219=LINE('',#1421,#305);
#220=LINE('',#1436,#306);
#221=LINE('',#1440,#307);
#222=LINE('',#1471,#308);
#223=LINE('',#1474,#309);
#224=LINE('',#1475,#310);
#225=LINE('',#1477,#311);
#226=LINE('',#1478,#312);
#227=LINE('',#1481,#313);
#228=LINE('',#1482,#314);
#229=LINE('',#1484,#315);
#230=LINE('',#1485,#316);
#231=LINE('',#1504,#317);
#232=LINE('',#1506,#318);
#233=LINE('',#1508,#319);
#234=LINE('',#1966,#320);
#235=LINE('',#1968,#321);
#236=LINE('',#1996,#322);
#237=LINE('',#1997,#323);
#238=LINE('',#2027,#324);
#239=LINE('',#2040,#325);
#240=LINE('',#2041,#326);
#241=LINE('',#2092,#327);
#242=LINE('',#2104,#328);
#243=LINE('',#2158,#329);
#244=LINE('',#2162,#330);
#245=LINE('',#2164,#331);
#246=LINE('',#2165,#332);
#247=LINE('',#2168,#333);
#248=LINE('',#2169,#334);
#249=LINE('',#2172,#335);
#250=LINE('',#2173,#336);
#251=LINE('',#2176,#337);
#252=LINE('',#2177,#338);
#253=LINE('',#2180,#339);
#254=LINE('',#2181,#340);
#255=LINE('',#2184,#341);
#256=LINE('',#2185,#342);
#257=LINE('',#2191,#343);
#258=LINE('',#2193,#344);
#259=LINE('',#2195,#345);
#260=LINE('',#2197,#346);
#261=LINE('',#2198,#347);
#262=LINE('',#2199,#348);
#263=LINE('',#2204,#349);
#264=LINE('',#2206,#350);
#265=LINE('',#2209,#351);
#266=LINE('',#2211,#352);
#267=LINE('',#2214,#353);
#268=LINE('',#2216,#354);
#269=LINE('',#2219,#355);
#270=LINE('',#2221,#356);
#271=LINE('',#2223,#357);
#272=LINE('',#2225,#358);
#273=LINE('',#2227,#359);
#274=LINE('',#2229,#360);
#275=LINE('',#2231,#361);
#276=LINE('',#2233,#362);
#277=LINE('',#2236,#363);
#278=LINE('',#2238,#364);
#279=LINE('',#2241,#365);
#280=LINE('',#2243,#366);
#281=LINE('',#2246,#367);
#282=LINE('',#2248,#368);
#283=LINE('',#2251,#369);
#284=LINE('',#2253,#370);
#285=VECTOR('',#1045,1.);
#286=VECTOR('',#1046,1.);
#287=VECTOR('',#1047,1.);
#288=VECTOR('',#1048,1.);
#289=VECTOR('',#1049,1.);
#290=VECTOR('',#1050,1.);
#291=VECTOR('',#1051,10.);
#292=VECTOR('',#1054,1.);
#293=VECTOR('',#1055,1.);
#294=VECTOR('',#1056,1.);
#295=VECTOR('',#1059,1.);
#296=VECTOR('',#1060,1.);
#297=VECTOR('',#1065,10.);
#298=VECTOR('',#1068,10.);
#299=VECTOR('',#1071,10.);
#300=VECTOR('',#1074,10.);
#301=VECTOR('',#1077,10.);
#302=VECTOR('',#1080,10.);
#303=VECTOR('',#1081,10.);
#304=VECTOR('',#1084,10.);
#305=VECTOR('',#1087,10.);
#306=VECTOR('',#1088,10.);
#307=VECTOR('',#1091,10.);
#308=VECTOR('',#1096,1.);
#309=VECTOR('',#1099,1.);
#310=VECTOR('',#1100,1.);
#311=VECTOR('',#1101,1.);
#312=VECTOR('',#1102,1.);
#313=VECTOR('',#1105,1.);
#314=VECTOR('',#1106,1.);
#315=VECTOR('',#1107,10.);
#316=VECTOR('',#1108,1.);
#317=VECTOR('',#1109,10.5675730862134);
#318=VECTOR('',#1110,1.);
#319=VECTOR('',#1111,10.0748128051564);
#320=VECTOR('',#1134,10.4865123828692);
#321=VECTOR('',#1135,10.5675730862226);
#322=VECTOR('',#1136,1.);
#323=VECTOR('',#1137,10.074812805169);
#324=VECTOR('',#1138,1.);
#325=VECTOR('',#1141,1.);
#326=VECTOR('',#1142,10.45227248018);
#327=VECTOR('',#1145,1.);
#328=VECTOR('',#1148,10.);
#329=VECTOR('',#1149,1.);
#330=VECTOR('',#1154,1.);
#331=VECTOR('',#1155,1.);
#332=VECTOR('',#1156,1.);
#333=VECTOR('',#1159,1.);
#334=VECTOR('',#1160,1.);
#335=VECTOR('',#1163,1.);
#336=VECTOR('',#1164,1.);
#337=VECTOR('',#1167,1.);
#338=VECTOR('',#1168,1.);
#339=VECTOR('',#1171,1.);
#340=VECTOR('',#1172,1.);
#341=VECTOR('',#1175,1.);
#342=VECTOR('',#1176,1.);
#343=VECTOR('',#1181,1.);
#344=VECTOR('',#1182,1.);
#345=VECTOR('',#1183,1.);
#346=VECTOR('',#1184,1.);
#347=VECTOR('',#1185,1.);
#348=VECTOR('',#1186,1.);
#349=VECTOR('',#1191,10.);
#350=VECTOR('',#1192,1.);
#351=VECTOR('',#1195,10.);
#352=VECTOR('',#1196,10.);
#353=VECTOR('',#1199,1.);
#354=VECTOR('',#1200,10.);
#355=VECTOR('',#1203,1.);
#356=VECTOR('',#1204,1.);
#357=VECTOR('',#1207,2.7);
#358=VECTOR('',#1210,1.);
#359=VECTOR('',#1213,1.);
#360=VECTOR('',#1216,1.);
#361=VECTOR('',#1219,1.);
#362=VECTOR('',#1222,1.);
#363=VECTOR('',#1227,10.);
#364=VECTOR('',#1230,1.);
#365=VECTOR('',#1235,10.);
#366=VECTOR('',#1238,1.);
#367=VECTOR('',#1243,10.);
#368=VECTOR('',#1246,1.);
#369=VECTOR('',#1251,10.);
#370=VECTOR('',#1254,1.);
#371=VERTEX_POINT('',#1259);
#372=VERTEX_POINT('',#1260);
#373=VERTEX_POINT('',#1262);
#374=VERTEX_POINT('',#1264);
#375=VERTEX_POINT('',#1266);
#376=VERTEX_POINT('',#1273);
#377=VERTEX_POINT('',#1275);
#378=VERTEX_POINT('',#1277);
#379=VERTEX_POINT('',#1281);
#380=VERTEX_POINT('',#1282);
#381=VERTEX_POINT('',#1284);
#382=VERTEX_POINT('',#1286);
#383=VERTEX_POINT('',#1288);
#384=VERTEX_POINT('',#1290);
#385=VERTEX_POINT('',#1318);
#386=VERTEX_POINT('',#1319);
#387=VERTEX_POINT('',#1321);
#388=VERTEX_POINT('',#1323);
#389=VERTEX_POINT('',#1325);
#390=VERTEX_POINT('',#1327);
#391=VERTEX_POINT('',#1329);
#392=VERTEX_POINT('',#1331);
#393=VERTEX_POINT('',#1333);
#394=VERTEX_POINT('',#1335);
#395=VERTEX_POINT('',#1337);
#396=VERTEX_POINT('',#1339);
#397=VERTEX_POINT('',#1354);
#398=VERTEX_POINT('',#1356);
#399=VERTEX_POINT('',#1388);
#400=VERTEX_POINT('',#1399);
#401=VERTEX_POINT('',#1401);
#402=VERTEX_POINT('',#1434);
#403=VERTEX_POINT('',#1435);
#404=VERTEX_POINT('',#1437);
#405=VERTEX_POINT('',#1439);
#406=VERTEX_POINT('',#1441);
#407=VERTEX_POINT('',#1469);
#408=VERTEX_POINT('',#1470);
#409=VERTEX_POINT('',#1473);
#410=VERTEX_POINT('',#1476);
#411=VERTEX_POINT('',#1480);
#412=VERTEX_POINT('',#1483);
#413=VERTEX_POINT('',#1502);
#414=VERTEX_POINT('',#1503);
#415=VERTEX_POINT('',#1505);
#416=VERTEX_POINT('',#1507);
#417=VERTEX_POINT('',#1550);
#418=VERTEX_POINT('',#1551);
#419=VERTEX_POINT('',#1557);
#420=VERTEX_POINT('',#1616);
#421=VERTEX_POINT('',#1657);
#422=VERTEX_POINT('',#1659);
#423=VERTEX_POINT('',#1692);
#424=VERTEX_POINT('',#1735);
#425=VERTEX_POINT('',#1741);
#426=VERTEX_POINT('',#1749);
#427=VERTEX_POINT('',#1756);
#428=VERTEX_POINT('',#1776);
#429=VERTEX_POINT('',#1833);
#430=VERTEX_POINT('',#1862);
#431=VERTEX_POINT('',#1965);
#432=VERTEX_POINT('',#1967);
#433=VERTEX_POINT('',#1995);
#434=VERTEX_POINT('',#2026);
#435=VERTEX_POINT('',#2039);
#436=VERTEX_POINT('',#2081);
#437=VERTEX_POINT('',#2101);
#438=VERTEX_POINT('',#2103);
#439=VERTEX_POINT('',#2161);
#440=VERTEX_POINT('',#2163);
#441=VERTEX_POINT('',#2167);
#442=VERTEX_POINT('',#2171);
#443=VERTEX_POINT('',#2175);
#444=VERTEX_POINT('',#2179);
#445=VERTEX_POINT('',#2183);
#446=VERTEX_POINT('',#2187);
#447=VERTEX_POINT('',#2189);
#448=VERTEX_POINT('',#2190);
#449=VERTEX_POINT('',#2192);
#450=VERTEX_POINT('',#2194);
#451=VERTEX_POINT('',#2196);
#452=VERTEX_POINT('',#2201);
#453=VERTEX_POINT('',#2202);
#454=VERTEX_POINT('',#2205);
#455=VERTEX_POINT('',#2207);
#456=VERTEX_POINT('',#2210);
#457=VERTEX_POINT('',#2212);
#458=VERTEX_POINT('',#2215);
#459=VERTEX_POINT('',#2217);
#460=VERTEX_POINT('',#2220);
#461=EDGE_CURVE('',#371,#372,#199,.T.);
#462=EDGE_CURVE('',#373,#371,#200,.T.);
#463=EDGE_CURVE('',#374,#373,#201,.T.);
#464=EDGE_CURVE('',#375,#374,#176,.F.);
#465=EDGE_CURVE('',#376,#375,#202,.F.);
#466=EDGE_CURVE('',#377,#376,#203,.F.);
#467=EDGE_CURVE('',#378,#377,#204,.T.);
#468=EDGE_CURVE('',#372,#378,#205,.F.);
#469=EDGE_CURVE('',#379,#380,#206,.T.);
#470=EDGE_CURVE('',#381,#379,#207,.T.);
#471=EDGE_CURVE('',#382,#381,#208,.T.);
#472=EDGE_CURVE('',#383,#382,#56,.F.);
#473=EDGE_CURVE('',#383,#384,#209,.T.);
#474=EDGE_CURVE('',#376,#384,#210,.F.);
#475=EDGE_CURVE('',#380,#375,#57,.F.);
#476=EDGE_CURVE('',#385,#386,#19,.T.);
#477=EDGE_CURVE('',#387,#385,#211,.T.);
#478=EDGE_CURVE('',#388,#387,#20,.T.);
#479=EDGE_CURVE('',#389,#388,#212,.T.);
#480=EDGE_CURVE('',#390,#389,#21,.T.);
#481=EDGE_CURVE('',#391,#390,#213,.T.);
#482=EDGE_CURVE('',#392,#391,#22,.T.);
#483=EDGE_CURVE('',#393,#392,#214,.T.);
#484=EDGE_CURVE('',#394,#393,#23,.T.);
#485=EDGE_CURVE('',#395,#394,#215,.T.);
#486=EDGE_CURVE('',#396,#395,#24,.T.);
#487=EDGE_CURVE('',#386,#396,#216,.T.);
#488=EDGE_CURVE('',#397,#382,#217,.T.);
#489=EDGE_CURVE('',#398,#397,#177,.T.);
#490=EDGE_CURVE('',#399,#398,#58,.T.);
#491=EDGE_CURVE('',#399,#383,#218,.F.);
#492=EDGE_CURVE('',#400,#374,#59,.T.);
#493=EDGE_CURVE('',#401,#400,#178,.T.);
#494=EDGE_CURVE('',#380,#401,#219,.T.);
#495=EDGE_CURVE('',#402,#403,#220,.T.);
#496=EDGE_CURVE('',#402,#404,#60,.F.);
#497=EDGE_CURVE('',#404,#405,#221,.F.);
#498=EDGE_CURVE('',#406,#405,#61,.T.);
#499=EDGE_CURVE('',#403,#406,#179,.T.);
#500=EDGE_CURVE('',#407,#408,#222,.T.);
#501=EDGE_CURVE('',#378,#407,#62,.F.);
#502=EDGE_CURVE('',#409,#377,#223,.F.);
#503=EDGE_CURVE('',#409,#404,#224,.T.);
#504=EDGE_CURVE('',#410,#402,#225,.T.);
#505=EDGE_CURVE('',#408,#410,#226,.T.);
#506=EDGE_CURVE('',#405,#411,#227,.T.);
#507=EDGE_CURVE('',#384,#409,#228,.T.);
#508=EDGE_CURVE('',#412,#399,#229,.T.);
#509=EDGE_CURVE('',#411,#412,#230,.T.);
#510=EDGE_CURVE('',#413,#414,#231,.T.);
#511=EDGE_CURVE('',#415,#414,#232,.T.);
#512=EDGE_CURVE('',#416,#415,#233,.T.);
#513=EDGE_CURVE('',#413,#416,#180,.T.);
#514=EDGE_CURVE('',#417,#418,#181,.T.);
#515=EDGE_CURVE('',#418,#419,#182,.T.);
#516=EDGE_CURVE('',#419,#420,#25,.T.);
#517=EDGE_CURVE('',#420,#417,#183,.T.);
#518=EDGE_CURVE('',#419,#421,#63,.T.);
#519=EDGE_CURVE('',#421,#422,#26,.T.);
#520=EDGE_CURVE('',#422,#420,#64,.T.);
#521=EDGE_CURVE('',#423,#413,#184,.T.);
#522=EDGE_CURVE('',#423,#422,#185,.T.);
#523=EDGE_CURVE('',#421,#413,#186,.T.);
#524=EDGE_CURVE('',#417,#424,#187,.T.);
#525=EDGE_CURVE('',#425,#424,#27,.T.);
#526=EDGE_CURVE('',#425,#418,#188,.T.);
#527=EDGE_CURVE('',#426,#423,#189,.T.);
#528=EDGE_CURVE('',#427,#426,#190,.T.);
#529=EDGE_CURVE('',#428,#427,#65,.T.);
#530=EDGE_CURVE('',#424,#428,#191,.T.);
#531=EDGE_CURVE('',#426,#416,#28,.T.);
#532=EDGE_CURVE('',#416,#429,#192,.T.);
#533=EDGE_CURVE('',#429,#427,#29,.T.);
#534=EDGE_CURVE('',#429,#430,#66,.T.);
#535=EDGE_CURVE('',#430,#428,#30,.T.);
#536=EDGE_CURVE('',#430,#425,#193,.T.);
#537=EDGE_CURVE('',#419,#431,#234,.T.);
#538=EDGE_CURVE('',#418,#432,#235,.T.);
#539=EDGE_CURVE('',#431,#432,#194,.T.);
#540=EDGE_CURVE('',#432,#433,#236,.T.);
#541=EDGE_CURVE('',#425,#433,#237,.T.);
#542=EDGE_CURVE('',#430,#434,#238,.T.);
#543=EDGE_CURVE('',#433,#434,#195,.T.);
#544=EDGE_CURVE('',#434,#435,#239,.T.);
#545=EDGE_CURVE('',#429,#435,#240,.T.);
#546=EDGE_CURVE('',#435,#415,#196,.T.);
#547=EDGE_CURVE('',#414,#436,#197,.T.);
#548=EDGE_CURVE('',#436,#431,#241,.T.);
#549=EDGE_CURVE('',#372,#437,#67,.T.);
#550=EDGE_CURVE('',#438,#407,#242,.T.);
#551=EDGE_CURVE('',#437,#438,#198,.T.);
#552=EDGE_CURVE('',#421,#436,#243,.T.);
#553=EDGE_CURVE('',#439,#386,#244,.T.);
#554=EDGE_CURVE('',#440,#439,#245,.T.);
#555=EDGE_CURVE('',#440,#385,#246,.T.);
#556=EDGE_CURVE('',#441,#396,#247,.T.);
#557=EDGE_CURVE('',#439,#441,#248,.T.);
#558=EDGE_CURVE('',#442,#395,#249,.T.);
#559=EDGE_CURVE('',#441,#442,#250,.T.);
#560=EDGE_CURVE('',#443,#394,#251,.T.);
#561=EDGE_CURVE('',#442,#443,#252,.T.);
#562=EDGE_CURVE('',#444,#393,#253,.T.);
#563=EDGE_CURVE('',#443,#444,#254,.T.);
#564=EDGE_CURVE('',#445,#392,#255,.T.);
#565=EDGE_CURVE('',#444,#445,#256,.T.);
#566=EDGE_CURVE('',#446,#446,#31,.F.);
#567=EDGE_CURVE('',#447,#448,#257,.F.);
#568=EDGE_CURVE('',#447,#449,#258,.T.);
#569=EDGE_CURVE('',#449,#450,#259,.T.);
#570=EDGE_CURVE('',#450,#451,#260,.T.);
#571=EDGE_CURVE('',#440,#451,#261,.F.);
#572=EDGE_CURVE('',#445,#448,#262,.T.);
#573=EDGE_CURVE('',#452,#453,#32,.T.);
#574=EDGE_CURVE('',#403,#452,#263,.T.);
#575=EDGE_CURVE('',#454,#406,#264,.T.);
#576=EDGE_CURVE('',#455,#454,#33,.T.);
#577=EDGE_CURVE('',#398,#455,#265,.T.);
#578=EDGE_CURVE('',#456,#397,#266,.T.);
#579=EDGE_CURVE('',#457,#456,#34,.T.);
#580=EDGE_CURVE('',#401,#457,#267,.T.);
#581=EDGE_CURVE('',#458,#400,#268,.T.);
#582=EDGE_CURVE('',#459,#458,#35,.T.);
#583=EDGE_CURVE('',#437,#459,#269,.T.);
#584=EDGE_CURVE('',#460,#438,#270,.T.);
#585=EDGE_CURVE('',#453,#460,#36,.T.);
#586=EDGE_CURVE('',#453,#446,#271,.T.);
#587=EDGE_CURVE('',#448,#391,#272,.T.);
#588=EDGE_CURVE('',#447,#390,#273,.T.);
#589=EDGE_CURVE('',#449,#389,#274,.T.);
#590=EDGE_CURVE('',#450,#388,#275,.T.);
#591=EDGE_CURVE('',#451,#387,#276,.T.);
#592=EDGE_CURVE('',#458,#373,#277,.T.);
#593=EDGE_CURVE('',#459,#371,#278,.T.);
#594=EDGE_CURVE('',#456,#381,#279,.T.);
#595=EDGE_CURVE('',#457,#379,#280,.F.);
#596=EDGE_CURVE('',#412,#455,#281,.T.);
#597=EDGE_CURVE('',#411,#454,#282,.F.);
#598=EDGE_CURVE('',#410,#452,#283,.T.);
#599=EDGE_CURVE('',#408,#460,#284,.F.);
#600=ORIENTED_EDGE('',*,*,#461,.F.);
#601=ORIENTED_EDGE('',*,*,#462,.F.);
#602=ORIENTED_EDGE('',*,*,#463,.F.);
#603=ORIENTED_EDGE('',*,*,#464,.F.);
#604=ORIENTED_EDGE('',*,*,#465,.F.);
#605=ORIENTED_EDGE('',*,*,#466,.F.);
#606=ORIENTED_EDGE('',*,*,#467,.F.);
#607=ORIENTED_EDGE('',*,*,#468,.F.);
#608=ORIENTED_EDGE('',*,*,#469,.F.);
#609=ORIENTED_EDGE('',*,*,#470,.F.);
#610=ORIENTED_EDGE('',*,*,#471,.F.);
#611=ORIENTED_EDGE('',*,*,#472,.F.);
#612=ORIENTED_EDGE('',*,*,#473,.T.);
#613=ORIENTED_EDGE('',*,*,#474,.F.);
#614=ORIENTED_EDGE('',*,*,#465,.T.);
#615=ORIENTED_EDGE('',*,*,#475,.F.);
#616=ORIENTED_EDGE('',*,*,#476,.F.);
#617=ORIENTED_EDGE('',*,*,#477,.F.);
#618=ORIENTED_EDGE('',*,*,#478,.F.);
#619=ORIENTED_EDGE('',*,*,#479,.F.);
#620=ORIENTED_EDGE('',*,*,#480,.F.);
#621=ORIENTED_EDGE('',*,*,#481,.F.);
#622=ORIENTED_EDGE('',*,*,#482,.F.);
#623=ORIENTED_EDGE('',*,*,#483,.F.);
#624=ORIENTED_EDGE('',*,*,#484,.F.);
#625=ORIENTED_EDGE('',*,*,#485,.F.);
#626=ORIENTED_EDGE('',*,*,#486,.F.);
#627=ORIENTED_EDGE('',*,*,#487,.F.);
#628=ORIENTED_EDGE('',*,*,#488,.F.);
#629=ORIENTED_EDGE('',*,*,#489,.F.);
#630=ORIENTED_EDGE('',*,*,#490,.F.);
#631=ORIENTED_EDGE('',*,*,#491,.T.);
#632=ORIENTED_EDGE('',*,*,#472,.T.);
#633=ORIENTED_EDGE('',*,*,#492,.F.);
#634=ORIENTED_EDGE('',*,*,#493,.F.);
#635=ORIENTED_EDGE('',*,*,#494,.F.);
#636=ORIENTED_EDGE('',*,*,#475,.T.);
#637=ORIENTED_EDGE('',*,*,#464,.T.);
#638=ORIENTED_EDGE('',*,*,#495,.F.);
#639=ORIENTED_EDGE('',*,*,#496,.T.);
#640=ORIENTED_EDGE('',*,*,#497,.T.);
#641=ORIENTED_EDGE('',*,*,#498,.F.);
#642=ORIENTED_EDGE('',*,*,#499,.F.);
#643=ORIENTED_EDGE('',*,*,#500,.F.);
#644=ORIENTED_EDGE('',*,*,#501,.F.);
#645=ORIENTED_EDGE('',*,*,#467,.T.);
#646=ORIENTED_EDGE('',*,*,#502,.F.);
#647=ORIENTED_EDGE('',*,*,#503,.T.);
#648=ORIENTED_EDGE('',*,*,#496,.F.);
#649=ORIENTED_EDGE('',*,*,#504,.F.);
#650=ORIENTED_EDGE('',*,*,#505,.F.);
#651=ORIENTED_EDGE('',*,*,#506,.F.);
#652=ORIENTED_EDGE('',*,*,#497,.F.);
#653=ORIENTED_EDGE('',*,*,#503,.F.);
#654=ORIENTED_EDGE('',*,*,#507,.F.);
#655=ORIENTED_EDGE('',*,*,#473,.F.);
#656=ORIENTED_EDGE('',*,*,#491,.F.);
#657=ORIENTED_EDGE('',*,*,#508,.F.);
#658=ORIENTED_EDGE('',*,*,#509,.F.);
#659=ORIENTED_EDGE('',*,*,#510,.T.);
#660=ORIENTED_EDGE('',*,*,#511,.F.);
#661=ORIENTED_EDGE('',*,*,#512,.F.);
#662=ORIENTED_EDGE('',*,*,#513,.F.);
#663=ORIENTED_EDGE('',*,*,#514,.T.);
#664=ORIENTED_EDGE('',*,*,#515,.T.);
#665=ORIENTED_EDGE('',*,*,#516,.T.);
#666=ORIENTED_EDGE('',*,*,#517,.T.);
#667=ORIENTED_EDGE('',*,*,#516,.F.);
#668=ORIENTED_EDGE('',*,*,#518,.T.);
#669=ORIENTED_EDGE('',*,*,#519,.T.);
#670=ORIENTED_EDGE('',*,*,#520,.T.);
#671=ORIENTED_EDGE('',*,*,#521,.F.);
#672=ORIENTED_EDGE('',*,*,#522,.T.);
#673=ORIENTED_EDGE('',*,*,#519,.F.);
#674=ORIENTED_EDGE('',*,*,#523,.T.);
#675=ORIENTED_EDGE('',*,*,#514,.F.);
#676=ORIENTED_EDGE('',*,*,#524,.T.);
#677=ORIENTED_EDGE('',*,*,#525,.F.);
#678=ORIENTED_EDGE('',*,*,#526,.T.);
#679=ORIENTED_EDGE('',*,*,#517,.F.);
#680=ORIENTED_EDGE('',*,*,#520,.F.);
#681=ORIENTED_EDGE('',*,*,#522,.F.);
#682=ORIENTED_EDGE('',*,*,#527,.F.);
#683=ORIENTED_EDGE('',*,*,#528,.F.);
#684=ORIENTED_EDGE('',*,*,#529,.F.);
#685=ORIENTED_EDGE('',*,*,#530,.F.);
#686=ORIENTED_EDGE('',*,*,#524,.F.);
#687=ORIENTED_EDGE('',*,*,#531,.T.);
#688=ORIENTED_EDGE('',*,*,#532,.T.);
#689=ORIENTED_EDGE('',*,*,#533,.T.);
#690=ORIENTED_EDGE('',*,*,#528,.T.);
#691=ORIENTED_EDGE('',*,*,#533,.F.);
#692=ORIENTED_EDGE('',*,*,#534,.T.);
#693=ORIENTED_EDGE('',*,*,#535,.T.);
#694=ORIENTED_EDGE('',*,*,#529,.T.);
#695=ORIENTED_EDGE('',*,*,#521,.T.);
#696=ORIENTED_EDGE('',*,*,#513,.T.);
#697=ORIENTED_EDGE('',*,*,#531,.F.);
#698=ORIENTED_EDGE('',*,*,#527,.T.);
#699=ORIENTED_EDGE('',*,*,#535,.F.);
#700=ORIENTED_EDGE('',*,*,#536,.T.);
#701=ORIENTED_EDGE('',*,*,#525,.T.);
#702=ORIENTED_EDGE('',*,*,#530,.T.);
#703=ORIENTED_EDGE('',*,*,#537,.F.);
#704=ORIENTED_EDGE('',*,*,#515,.F.);
#705=ORIENTED_EDGE('',*,*,#538,.T.);
#706=ORIENTED_EDGE('',*,*,#539,.F.);
#707=ORIENTED_EDGE('',*,*,#540,.F.);
#708=ORIENTED_EDGE('',*,*,#538,.F.);
#709=ORIENTED_EDGE('',*,*,#526,.F.);
#710=ORIENTED_EDGE('',*,*,#541,.T.);
#711=ORIENTED_EDGE('',*,*,#536,.F.);
#712=ORIENTED_EDGE('',*,*,#542,.T.);
#713=ORIENTED_EDGE('',*,*,#543,.F.);
#714=ORIENTED_EDGE('',*,*,#541,.F.);
#715=ORIENTED_EDGE('',*,*,#544,.F.);
#716=ORIENTED_EDGE('',*,*,#542,.F.);
#717=ORIENTED_EDGE('',*,*,#534,.F.);
#718=ORIENTED_EDGE('',*,*,#545,.T.);
#719=ORIENTED_EDGE('',*,*,#532,.F.);
#720=ORIENTED_EDGE('',*,*,#512,.T.);
#721=ORIENTED_EDGE('',*,*,#546,.F.);
#722=ORIENTED_EDGE('',*,*,#545,.F.);
#723=ORIENTED_EDGE('',*,*,#544,.T.);
#724=ORIENTED_EDGE('',*,*,#546,.T.);
#725=ORIENTED_EDGE('',*,*,#511,.T.);
#726=ORIENTED_EDGE('',*,*,#547,.T.);
#727=ORIENTED_EDGE('',*,*,#548,.T.);
#728=ORIENTED_EDGE('',*,*,#539,.T.);
#729=ORIENTED_EDGE('',*,*,#540,.T.);
#730=ORIENTED_EDGE('',*,*,#543,.T.);
#731=ORIENTED_EDGE('',*,*,#466,.T.);
#732=ORIENTED_EDGE('',*,*,#474,.T.);
#733=ORIENTED_EDGE('',*,*,#507,.T.);
#734=ORIENTED_EDGE('',*,*,#502,.T.);
#735=ORIENTED_EDGE('',*,*,#549,.F.);
#736=ORIENTED_EDGE('',*,*,#468,.T.);
#737=ORIENTED_EDGE('',*,*,#501,.T.);
#738=ORIENTED_EDGE('',*,*,#550,.F.);
#739=ORIENTED_EDGE('',*,*,#551,.F.);
#740=ORIENTED_EDGE('',*,*,#523,.F.);
#741=ORIENTED_EDGE('',*,*,#552,.T.);
#742=ORIENTED_EDGE('',*,*,#547,.F.);
#743=ORIENTED_EDGE('',*,*,#510,.F.);
#744=ORIENTED_EDGE('',*,*,#548,.F.);
#745=ORIENTED_EDGE('',*,*,#552,.F.);
#746=ORIENTED_EDGE('',*,*,#518,.F.);
#747=ORIENTED_EDGE('',*,*,#537,.T.);
#748=ORIENTED_EDGE('',*,*,#476,.T.);
#749=ORIENTED_EDGE('',*,*,#553,.F.);
#750=ORIENTED_EDGE('',*,*,#554,.F.);
#751=ORIENTED_EDGE('',*,*,#555,.T.);
#752=ORIENTED_EDGE('',*,*,#487,.T.);
#753=ORIENTED_EDGE('',*,*,#556,.F.);
#754=ORIENTED_EDGE('',*,*,#557,.F.);
#755=ORIENTED_EDGE('',*,*,#553,.T.);
#756=ORIENTED_EDGE('',*,*,#486,.T.);
#757=ORIENTED_EDGE('',*,*,#558,.F.);
#758=ORIENTED_EDGE('',*,*,#559,.F.);
#759=ORIENTED_EDGE('',*,*,#556,.T.);
#760=ORIENTED_EDGE('',*,*,#485,.T.);
#761=ORIENTED_EDGE('',*,*,#560,.F.);
#762=ORIENTED_EDGE('',*,*,#561,.F.);
#763=ORIENTED_EDGE('',*,*,#558,.T.);
#764=ORIENTED_EDGE('',*,*,#484,.T.);
#765=ORIENTED_EDGE('',*,*,#562,.F.);
#766=ORIENTED_EDGE('',*,*,#563,.F.);
#767=ORIENTED_EDGE('',*,*,#560,.T.);
#768=ORIENTED_EDGE('',*,*,#483,.T.);
#769=ORIENTED_EDGE('',*,*,#564,.F.);
#770=ORIENTED_EDGE('',*,*,#565,.F.);
#771=ORIENTED_EDGE('',*,*,#562,.T.);
#772=ORIENTED_EDGE('',*,*,#566,.F.);
#773=ORIENTED_EDGE('',*,*,#567,.F.);
#774=ORIENTED_EDGE('',*,*,#568,.T.);
#775=ORIENTED_EDGE('',*,*,#569,.T.);
#776=ORIENTED_EDGE('',*,*,#570,.T.);
#777=ORIENTED_EDGE('',*,*,#571,.F.);
#778=ORIENTED_EDGE('',*,*,#554,.T.);
#779=ORIENTED_EDGE('',*,*,#557,.T.);
#780=ORIENTED_EDGE('',*,*,#559,.T.);
#781=ORIENTED_EDGE('',*,*,#561,.T.);
#782=ORIENTED_EDGE('',*,*,#563,.T.);
#783=ORIENTED_EDGE('',*,*,#565,.T.);
#784=ORIENTED_EDGE('',*,*,#572,.T.);
#785=ORIENTED_EDGE('',*,*,#573,.F.);
#786=ORIENTED_EDGE('',*,*,#574,.F.);
#787=ORIENTED_EDGE('',*,*,#499,.T.);
#788=ORIENTED_EDGE('',*,*,#575,.F.);
#789=ORIENTED_EDGE('',*,*,#576,.F.);
#790=ORIENTED_EDGE('',*,*,#577,.F.);
#791=ORIENTED_EDGE('',*,*,#489,.T.);
#792=ORIENTED_EDGE('',*,*,#578,.F.);
#793=ORIENTED_EDGE('',*,*,#579,.F.);
#794=ORIENTED_EDGE('',*,*,#580,.F.);
#795=ORIENTED_EDGE('',*,*,#493,.T.);
#796=ORIENTED_EDGE('',*,*,#581,.F.);
#797=ORIENTED_EDGE('',*,*,#582,.F.);
#798=ORIENTED_EDGE('',*,*,#583,.F.);
#799=ORIENTED_EDGE('',*,*,#551,.T.);
#800=ORIENTED_EDGE('',*,*,#584,.F.);
#801=ORIENTED_EDGE('',*,*,#585,.F.);
#802=ORIENTED_EDGE('',*,*,#586,.T.);
#803=ORIENTED_EDGE('',*,*,#566,.T.);
#804=ORIENTED_EDGE('',*,*,#586,.F.);
#805=ORIENTED_EDGE('',*,*,#482,.T.);
#806=ORIENTED_EDGE('',*,*,#587,.F.);
#807=ORIENTED_EDGE('',*,*,#572,.F.);
#808=ORIENTED_EDGE('',*,*,#564,.T.);
#809=ORIENTED_EDGE('',*,*,#481,.T.);
#810=ORIENTED_EDGE('',*,*,#588,.F.);
#811=ORIENTED_EDGE('',*,*,#567,.T.);
#812=ORIENTED_EDGE('',*,*,#587,.T.);
#813=ORIENTED_EDGE('',*,*,#480,.T.);
#814=ORIENTED_EDGE('',*,*,#589,.F.);
#815=ORIENTED_EDGE('',*,*,#568,.F.);
#816=ORIENTED_EDGE('',*,*,#588,.T.);
#817=ORIENTED_EDGE('',*,*,#479,.T.);
#818=ORIENTED_EDGE('',*,*,#590,.F.);
#819=ORIENTED_EDGE('',*,*,#569,.F.);
#820=ORIENTED_EDGE('',*,*,#589,.T.);
#821=ORIENTED_EDGE('',*,*,#478,.T.);
#822=ORIENTED_EDGE('',*,*,#591,.F.);
#823=ORIENTED_EDGE('',*,*,#570,.F.);
#824=ORIENTED_EDGE('',*,*,#590,.T.);
#825=ORIENTED_EDGE('',*,*,#477,.T.);
#826=ORIENTED_EDGE('',*,*,#555,.F.);
#827=ORIENTED_EDGE('',*,*,#571,.T.);
#828=ORIENTED_EDGE('',*,*,#591,.T.);
#829=ORIENTED_EDGE('',*,*,#581,.T.);
#830=ORIENTED_EDGE('',*,*,#492,.T.);
#831=ORIENTED_EDGE('',*,*,#463,.T.);
#832=ORIENTED_EDGE('',*,*,#592,.F.);
#833=ORIENTED_EDGE('',*,*,#582,.T.);
#834=ORIENTED_EDGE('',*,*,#592,.T.);
#835=ORIENTED_EDGE('',*,*,#462,.T.);
#836=ORIENTED_EDGE('',*,*,#593,.F.);
#837=ORIENTED_EDGE('',*,*,#583,.T.);
#838=ORIENTED_EDGE('',*,*,#593,.T.);
#839=ORIENTED_EDGE('',*,*,#461,.T.);
#840=ORIENTED_EDGE('',*,*,#549,.T.);
#841=ORIENTED_EDGE('',*,*,#578,.T.);
#842=ORIENTED_EDGE('',*,*,#488,.T.);
#843=ORIENTED_EDGE('',*,*,#471,.T.);
#844=ORIENTED_EDGE('',*,*,#594,.F.);
#845=ORIENTED_EDGE('',*,*,#579,.T.);
#846=ORIENTED_EDGE('',*,*,#594,.T.);
#847=ORIENTED_EDGE('',*,*,#470,.T.);
#848=ORIENTED_EDGE('',*,*,#595,.F.);
#849=ORIENTED_EDGE('',*,*,#580,.T.);
#850=ORIENTED_EDGE('',*,*,#595,.T.);
#851=ORIENTED_EDGE('',*,*,#469,.T.);
#852=ORIENTED_EDGE('',*,*,#494,.T.);
#853=ORIENTED_EDGE('',*,*,#577,.T.);
#854=ORIENTED_EDGE('',*,*,#596,.F.);
#855=ORIENTED_EDGE('',*,*,#508,.T.);
#856=ORIENTED_EDGE('',*,*,#490,.T.);
#857=ORIENTED_EDGE('',*,*,#576,.T.);
#858=ORIENTED_EDGE('',*,*,#597,.F.);
#859=ORIENTED_EDGE('',*,*,#509,.T.);
#860=ORIENTED_EDGE('',*,*,#596,.T.);
#861=ORIENTED_EDGE('',*,*,#575,.T.);
#862=ORIENTED_EDGE('',*,*,#498,.T.);
#863=ORIENTED_EDGE('',*,*,#506,.T.);
#864=ORIENTED_EDGE('',*,*,#597,.T.);
#865=ORIENTED_EDGE('',*,*,#574,.T.);
#866=ORIENTED_EDGE('',*,*,#598,.F.);
#867=ORIENTED_EDGE('',*,*,#504,.T.);
#868=ORIENTED_EDGE('',*,*,#495,.T.);
#869=ORIENTED_EDGE('',*,*,#573,.T.);
#870=ORIENTED_EDGE('',*,*,#585,.T.);
#871=ORIENTED_EDGE('',*,*,#599,.F.);
#872=ORIENTED_EDGE('',*,*,#505,.T.);
#873=ORIENTED_EDGE('',*,*,#598,.T.);
#874=ORIENTED_EDGE('',*,*,#584,.T.);
#875=ORIENTED_EDGE('',*,*,#550,.T.);
#876=ORIENTED_EDGE('',*,*,#500,.T.);
#877=ORIENTED_EDGE('',*,*,#599,.T.);
#878=PLANE('',#977);
#879=PLANE('',#978);
#880=PLANE('',#991);
#881=PLANE('',#993);
#882=PLANE('',#1005);
#883=PLANE('',#1006);
#884=PLANE('',#1008);
#885=PLANE('',#1009);
#886=PLANE('',#1010);
#887=PLANE('',#1011);
#888=PLANE('',#1012);
#889=PLANE('',#1013);
#890=PLANE('',#1014);
#891=PLANE('',#1015);
#892=PLANE('',#1023);
#893=PLANE('',#1024);
#894=PLANE('',#1025);
#895=PLANE('',#1026);
#896=PLANE('',#1027);
#897=PLANE('',#1028);
#898=PLANE('',#1029);
#899=PLANE('',#1030);
#900=PLANE('',#1031);
#901=PLANE('',#1032);
#902=PLANE('',#1033);
#903=PLANE('',#1034);
#904=PLANE('',#1035);
#905=PLANE('',#1036);
#906=PLANE('',#1037);
#907=PLANE('',#1038);
#908=PLANE('',#1039);
#909=PLANE('',#1040);
#910=ADVANCED_FACE('',(#68),#878,.F.);
#911=ADVANCED_FACE('',(#69),#879,.F.);
#912=ADVANCED_FACE('',(#70),#37,.F.);
#913=ADVANCED_FACE('',(#71),#38,.T.);
#914=ADVANCED_FACE('',(#72),#39,.T.);
#915=ADVANCED_FACE('',(#73),#40,.T.);
#916=ADVANCED_FACE('',(#74),#880,.F.);
#917=ADVANCED_FACE('',(#75),#881,.T.);
#918=ADVANCED_FACE('',(#76),#41,.T.);
#919=ADVANCED_FACE('',(#77),#42,.F.);
#920=ADVANCED_FACE('',(#78),#43,.F.);
#921=ADVANCED_FACE('',(#79),#44,.F.);
#922=ADVANCED_FACE('',(#80),#45,.F.);
#923=ADVANCED_FACE('',(#81),#17,.F.);
#924=ADVANCED_FACE('',(#82),#46,.F.);
#925=ADVANCED_FACE('',(#83),#47,.F.);
#926=ADVANCED_FACE('',(#84),#48,.F.);
#927=ADVANCED_FACE('',(#85),#49,.F.);
#928=ADVANCED_FACE('',(#86),#50,.T.);
#929=ADVANCED_FACE('',(#87),#51,.T.);
#930=ADVANCED_FACE('',(#88),#52,.T.);
#931=ADVANCED_FACE('',(#89),#882,.T.);
#932=ADVANCED_FACE('',(#90),#53,.T.);
#933=ADVANCED_FACE('',(#91,#15),#883,.F.);
#934=ADVANCED_FACE('',(#92),#54,.T.);
#935=ADVANCED_FACE('',(#93),#55,.T.);
#936=ADVANCED_FACE('',(#94),#884,.T.);
#937=ADVANCED_FACE('',(#95),#885,.T.);
#938=ADVANCED_FACE('',(#96),#886,.T.);
#939=ADVANCED_FACE('',(#97),#887,.T.);
#940=ADVANCED_FACE('',(#98),#888,.T.);
#941=ADVANCED_FACE('',(#99),#889,.T.);
#942=ADVANCED_FACE('',(#100),#890,.T.);
#943=ADVANCED_FACE('',(#101,#16),#891,.T.);
#944=ADVANCED_FACE('',(#102),#18,.T.);
#945=ADVANCED_FACE('',(#103),#892,.T.);
#946=ADVANCED_FACE('',(#104),#893,.T.);
#947=ADVANCED_FACE('',(#105),#894,.T.);
#948=ADVANCED_FACE('',(#106),#895,.T.);
#949=ADVANCED_FACE('',(#107),#896,.T.);
#950=ADVANCED_FACE('',(#108),#897,.T.);
#951=ADVANCED_FACE('',(#109),#898,.F.);
#952=ADVANCED_FACE('',(#110),#899,.F.);
#953=ADVANCED_FACE('',(#111),#900,.T.);
#954=ADVANCED_FACE('',(#112),#901,.F.);
#955=ADVANCED_FACE('',(#113),#902,.F.);
#956=ADVANCED_FACE('',(#114),#903,.T.);
#957=ADVANCED_FACE('',(#115),#904,.F.);
#958=ADVANCED_FACE('',(#116),#905,.F.);
#959=ADVANCED_FACE('',(#117),#906,.T.);
#960=ADVANCED_FACE('',(#118),#907,.F.);
#961=ADVANCED_FACE('',(#119),#908,.F.);
#962=ADVANCED_FACE('',(#120),#909,.T.);
#963=CLOSED_SHELL('',(#910,#911,#912,#913,#914,#915,#916,#917,#918,#919,
#920,#921,#922,#923,#924,#925,#926,#927,#928,#929,#930,#931,#932,#933,#934,
#935,#936,#937,#938,#939,#940,#941,#942,#943,#944,#945,#946,#947,#948,#949,
#950,#951,#952,#953,#954,#955,#956,#957,#958,#959,#960,#961,#962));
#964=DERIVED_UNIT_ELEMENT(#966,1.);
#965=DERIVED_UNIT_ELEMENT(#2260,-3.);
#966=(
MASS_UNIT()
NAMED_UNIT(*)
SI_UNIT(.KILO.,.GRAM.)
);
#967=DERIVED_UNIT((#964,#965));
#968=MEASURE_REPRESENTATION_ITEM('density measure',
POSITIVE_RATIO_MEASURE(7850.),#967);
#969=PROPERTY_DEFINITION_REPRESENTATION(#974,#971);
#970=PROPERTY_DEFINITION_REPRESENTATION(#975,#972);
#971=REPRESENTATION('material name',(#973),#2257);
#972=REPRESENTATION('density',(#968),#2257);
#973=DESCRIPTIVE_REPRESENTATION_ITEM('Steel','Steel');
#974=PROPERTY_DEFINITION('material property','material name',#2267);
#975=PROPERTY_DEFINITION('material property','density of part',#2267);
#976=AXIS2_PLACEMENT_3D('',#1257,#1041,#1042);
#977=AXIS2_PLACEMENT_3D('',#1258,#1043,#1044);
#978=AXIS2_PLACEMENT_3D('',#1280,#1052,#1053);
#979=AXIS2_PLACEMENT_3D('',#1289,#1057,#1058);
#980=AXIS2_PLACEMENT_3D('',#1293,#1061,#1062);
#981=AXIS2_PLACEMENT_3D('',#1320,#1063,#1064);
#982=AXIS2_PLACEMENT_3D('',#1324,#1066,#1067);
#983=AXIS2_PLACEMENT_3D('',#1328,#1069,#1070);
#984=AXIS2_PLACEMENT_3D('',#1332,#1072,#1073);
#985=AXIS2_PLACEMENT_3D('',#1336,#1075,#1076);
#986=AXIS2_PLACEMENT_3D('',#1340,#1078,#1079);
#987=AXIS2_PLACEMENT_3D('',#1389,#1082,#1083);
#988=AXIS2_PLACEMENT_3D('',#1400,#1085,#1086);
#989=AXIS2_PLACEMENT_3D('',#1438,#1089,#1090);
#990=AXIS2_PLACEMENT_3D('',#1442,#1092,#1093);
#991=AXIS2_PLACEMENT_3D('',#1468,#1094,#1095);
#992=AXIS2_PLACEMENT_3D('',#1472,#1097,#1098);
#993=AXIS2_PLACEMENT_3D('',#1479,#1103,#1104);
#994=AXIS2_PLACEMENT_3D('',#1617,#1112,#1113);
#995=AXIS2_PLACEMENT_3D('',#1658,#1114,#1115);
#996=AXIS2_PLACEMENT_3D('',#1660,#1116,#1117);
#997=AXIS2_PLACEMENT_3D('',#1661,#1118,#1119);
#998=AXIS2_PLACEMENT_3D('',#1742,#1120,#1121);
#999=AXIS2_PLACEMENT_3D('',#1748,#1122,#1123);
#1000=AXIS2_PLACEMENT_3D('',#1777,#1124,#1125);
#1001=AXIS2_PLACEMENT_3D('',#1832,#1126,#1127);
#1002=AXIS2_PLACEMENT_3D('',#1841,#1128,#1129);
#1003=AXIS2_PLACEMENT_3D('',#1863,#1130,#1131);
#1004=AXIS2_PLACEMENT_3D('',#1864,#1132,#1133);
#1005=AXIS2_PLACEMENT_3D('',#2038,#1139,#1140);
#1006=AXIS2_PLACEMENT_3D('',#2080,#1143,#1144);
#1007=AXIS2_PLACEMENT_3D('',#2102,#1146,#1147);
#1008=AXIS2_PLACEMENT_3D('',#2159,#1150,#1151);
#1009=AXIS2_PLACEMENT_3D('',#2160,#1152,#1153);
#1010=AXIS2_PLACEMENT_3D('',#2166,#1157,#1158);
#1011=AXIS2_PLACEMENT_3D('',#2170,#1161,#1162);
#1012=AXIS2_PLACEMENT_3D('',#2174,#1165,#1166);
#1013=AXIS2_PLACEMENT_3D('',#2178,#1169,#1170);
#1014=AXIS2_PLACEMENT_3D('',#2182,#1173,#1174);
#1015=AXIS2_PLACEMENT_3D('',#2186,#1177,#1178);
#1016=AXIS2_PLACEMENT_3D('',#2188,#1179,#1180);
#1017=AXIS2_PLACEMENT_3D('',#2200,#1187,#1188);
#1018=AXIS2_PLACEMENT_3D('',#2203,#1189,#1190);
#1019=AXIS2_PLACEMENT_3D('',#2208,#1193,#1194);
#1020=AXIS2_PLACEMENT_3D('',#2213,#1197,#1198);
#1021=AXIS2_PLACEMENT_3D('',#2218,#1201,#1202);
#1022=AXIS2_PLACEMENT_3D('',#2222,#1205,#1206);
#1023=AXIS2_PLACEMENT_3D('',#2224,#1208,#1209);
#1024=AXIS2_PLACEMENT_3D('',#2226,#1211,#1212);
#1025=AXIS2_PLACEMENT_3D('',#2228,#1214,#1215);
#1026=AXIS2_PLACEMENT_3D('',#2230,#1217,#1218);
#1027=AXIS2_PLACEMENT_3D('',#2232,#1220,#1221);
#1028=AXIS2_PLACEMENT_3D('',#2234,#1223,#1224);
#1029=AXIS2_PLACEMENT_3D('',#2235,#1225,#1226);
#1030=AXIS2_PLACEMENT_3D('',#2237,#1228,#1229);
#1031=AXIS2_PLACEMENT_3D('',#2239,#1231,#1232);
#1032=AXIS2_PLACEMENT_3D('',#2240,#1233,#1234);
#1033=AXIS2_PLACEMENT_3D('',#2242,#1236,#1237);
#1034=AXIS2_PLACEMENT_3D('',#2244,#1239,#1240);
#1035=AXIS2_PLACEMENT_3D('',#2245,#1241,#1242);
#1036=AXIS2_PLACEMENT_3D('',#2247,#1244,#1245);
#1037=AXIS2_PLACEMENT_3D('',#2249,#1247,#1248);
#1038=AXIS2_PLACEMENT_3D('',#2250,#1249,#1250);
#1039=AXIS2_PLACEMENT_3D('',#2252,#1252,#1253);
#1040=AXIS2_PLACEMENT_3D('',#2254,#1255,#1256);
#1041=DIRECTION('axis',(0.,0.,1.));
#1042=DIRECTION('refdir',(1.,0.,0.));
#1043=DIRECTION('center_axis',(0.951325893333488,-1.05283837203984E-13,
0.308186704244751));
#1044=DIRECTION('ref_axis',(1.10670458125224E-13,1.,5.34618710809825E-19));
#1045=DIRECTION('',(-0.308186704244751,1.24575188741094E-13,0.951325893333488));
#1046=DIRECTION('',(-1.10670631317587E-13,-1.,0.));
#1047=DIRECTION('',(0.308186704244751,-3.41066551502471E-14,-0.951325893333488));
#1048=DIRECTION('',(0.307181537659929,0.0806998379269186,-0.948223095626473));
#1049=DIRECTION('',(-1.10665802222857E-13,-1.,-1.49066873908435E-17));
#1050=DIRECTION('',(0.291559846987972,-0.324022423013051,-0.900001291670797));
#1051=DIRECTION('',(-0.0109638438712834,0.99936699758249,0.0338437331056482));
#1052=DIRECTION('center_axis',(3.04878835501587E-13,0.996398007205858,0.0847998304019228));
#1053=DIRECTION('ref_axis',(-1.,3.05980976775075E-13,-5.2635597573922E-29));
#1054=DIRECTION('',(-1.71388881026204E-14,-0.0847998304019228,0.996398007205858));
#1055=DIRECTION('',(1.,-3.05980976775076E-13,0.));
#1056=DIRECTION('',(2.59471349367411E-14,0.0847998304019228,-0.996398007205858));
#1057=DIRECTION('center_axis',(-6.32138472557298E-9,0.996398019645058,0.0847996842412009));
#1058=DIRECTION('ref_axis',(0.996929946489737,0.00663970880871612,-0.0780166396283879));
#1059=DIRECTION('',(-0.322487783801301,0.0802692829415662,-0.943164074546403));
#1060=DIRECTION('',(1.,-3.0597830384993E-13,-3.1406870464246E-17));
#1061=DIRECTION('center_axis',(1.26012123069348E-8,0.996398031705637,0.0847995425290322));
#1062=DIRECTION('ref_axis',(0.997797479380223,-0.00562509936529072,0.0660949952689609));
#1063=DIRECTION('center_axis',(0.,-1.,0.));
#1064=DIRECTION('ref_axis',(0.00352706662389734,0.,-0.99999377988117));
#1065=DIRECTION('',(-2.65108763582517E-12,-0.999394862375477,-0.034783747030774));
#1066=DIRECTION('center_axis',(-4.18681426805397E-8,-0.999999999987904,
-4.91843128959282E-6));
#1067=DIRECTION('ref_axis',(-0.00335404510581682,4.91854405202412E-6,-0.999994375162799));
#1068=DIRECTION('',(0.,-0.999394862382156,-0.0347837468388896));
#1069=DIRECTION('center_axis',(4.18024914543996E-8,0.999999999987944,4.91017677881883E-6));
#1070=DIRECTION('ref_axis',(-0.0136936924338764,4.91028881644408E-6,-0.999906236985956));
#1071=DIRECTION('',(9.97708427237735E-12,-0.999394862375476,-0.0347837470308173));
#1072=DIRECTION('center_axis',(0.,1.,0.));
#1073=DIRECTION('ref_axis',(-0.00335481553531572,0.,-0.999994372590528));
#1074=DIRECTION('',(-1.18352126606304E-14,0.999394862371026,0.0347837471586731));
#1075=DIRECTION('center_axis',(0.,1.,0.));
#1076=DIRECTION('ref_axis',(0.0035278390334903,0.,-0.999993777156515));
#1077=DIRECTION('',(0.,0.999394862364367,0.0347837473499772));
#1078=DIRECTION('center_axis',(0.,-1.,0.));
#1079=DIRECTION('ref_axis',(0.0138347059346267,0.,-0.999904295876212));
#1080=DIRECTION('',(2.63925242323093E-12,0.999394862371026,0.0347837471586753));
#1081=DIRECTION('',(6.81330679456043E-13,0.999394862374693,0.0347837470533157));
#1082=DIRECTION('center_axis',(-8.72519125668745E-9,-0.999999999999985,
-1.71382294625346E-7));
#1083=DIRECTION('ref_axis',(0.997076979377284,4.39452247807575E-9,-0.0764035155988987));
#1084=DIRECTION('',(2.6137374203302E-5,-0.999394785734131,-0.0347859391747195));
#1085=DIRECTION('center_axis',(1.08528164815022E-8,-0.999999999999974,-2.28460573577372E-7));
#1086=DIRECTION('ref_axis',(0.997810610806596,-4.28043803702773E-9,0.0661361093637023));
#1087=DIRECTION('',(0.,-0.999394862371802,-0.0347837471363716));
#1088=DIRECTION('',(-1.61923512588164E-12,0.999394862374699,0.0347837470531429));
#1089=DIRECTION('center_axis',(3.58543899442389E-15,-0.940880095846704,
0.338739789867528));
#1090=DIRECTION('ref_axis',(0.994771641761861,-0.0345935773491889,-0.0960867584664845));
#1091=DIRECTION('',(2.61373831239108E-5,-0.99939478573514,-0.0347859391457257));
#1092=DIRECTION('center_axis',(8.72994643386072E-9,0.999999999999985,1.71401573686875E-7));
#1093=DIRECTION('ref_axis',(0.997076979089952,4.3912548336786E-9,-0.0764035193486224));
#1094=DIRECTION('center_axis',(-2.15465320833926E-17,-0.940880095846728,
0.33873978986746));
#1095=DIRECTION('ref_axis',(-7.72638666601436E-33,-0.33873978986746,-0.940880095846728));
#1096=DIRECTION('',(-6.84626764809178E-14,-0.33873978986746,-0.940880095846728));
#1097=DIRECTION('center_axis',(9.41493636457798E-8,-0.940880768737429,0.338737920847455));
#1098=DIRECTION('ref_axis',(0.996396667325664,0.0287303389558515,0.0798013092987296));
#1099=DIRECTION('',(-1.,3.42076412572844E-17,3.14068704642415E-17));
#1100=DIRECTION('',(0.301943307514208,0.322929409255919,0.896965348096014));
#1101=DIRECTION('',(0.,0.33873978986746,0.940880095846728));
#1102=DIRECTION('',(-1.,2.29004016330074E-17,0.));
#1103=DIRECTION('center_axis',(0.946450232904348,0.0112553542497395,-0.322653488491939));
#1104=DIRECTION('ref_axis',(-0.0118913367601302,0.999929295555469,-3.74414452072094E-18));
#1105=DIRECTION('',(-0.322673927789771,1.30431212322248E-13,-0.946510188177983));
#1106=DIRECTION('',(0.0118913367601302,-0.999929295555469,-1.52791030950672E-17));
#1107=DIRECTION('',(0.322673927789255,0.,0.946510188178159));
#1108=DIRECTION('',(-0.0118913367601302,0.999929295555469,0.));
#1109=DIRECTION('',(0.283887319776317,-0.445461462087631,-0.849100745179846));
#1110=DIRECTION('',(0.,-1.,0.));
#1111=DIRECTION('',(0.29777228202692,0.228186493438144,-0.926964180682773));
#1112=DIRECTION('center_axis',(-0.996298021671354,0.0291202995448856,0.080884239306327));
#1113=DIRECTION('ref_axis',(-6.39450828608733E-13,-0.940880095846627,0.338739789867742));
#1114=DIRECTION('center_axis',(-9.54555715077976E-14,-0.940880095846992,
0.338739789866729));
#1115=DIRECTION('ref_axis',(1.,-6.98244747630452E-9,-1.9394091251474E-8));
#1116=DIRECTION('center_axis',(-0.996298021659869,-0.0291202995889161,-0.0808842394319416));
#1117=DIRECTION('ref_axis',(-4.44027097926212E-13,-0.9408800958468,0.338739789867263));
#1118=DIRECTION('center_axis',(2.99402632971977E-11,0.940678051419305,-0.339300462095145));
#1119=DIRECTION('ref_axis',(1.,-7.06332521475119E-9,-1.94941518659088E-8));
#1120=DIRECTION('center_axis',(1.48484020155228E-5,0.999394908798767,0.0347824100175386));
#1121=DIRECTION('ref_axis',(-0.952782735795885,-0.0105476394702898,0.303469612434119));
#1122=DIRECTION('center_axis',(1.86053005153252E-8,-0.999394862373306,-0.0347837470931639));
#1123=DIRECTION('ref_axis',(-0.128756667287708,0.0344942123585214,-0.991076117128613));
#1124=DIRECTION('center_axis',(-3.23853386810484E-11,-0.996390667662731,
-0.0848860259089584));
#1125=DIRECTION('ref_axis',(1.,-4.17308328866117E-10,4.5168422203002E-9));
#1126=DIRECTION('center_axis',(-1.48494340016413E-5,0.999394908685512,0.0347824132712427));
#1127=DIRECTION('ref_axis',(-0.0896277807535986,-0.0346437557077834,0.995372629273904));
#1128=DIRECTION('center_axis',(0.996783195214827,-0.00679630394488254,0.0798565713639698));
#1129=DIRECTION('ref_axis',(-1.03384325705091E-12,0.996398007205929,0.0847998304010912));
#1130=DIRECTION('center_axis',(-5.70078379512682E-14,0.996398007205368,
0.0847998304076865));
#1131=DIRECTION('ref_axis',(1.,-3.82757521452131E-10,4.49807314026357E-9));
#1132=DIRECTION('center_axis',(0.996783195488581,0.00679630367150703,-0.0798565679701907));
#1133=DIRECTION('ref_axis',(-1.37276855966492E-11,0.996398007205202,0.0847998304096327));
#1134=DIRECTION('',(-0.429122651623377,-0.305965437746469,-0.849846398338155));
#1135=DIRECTION('',(-0.283887319779165,-0.445461462087239,-0.849100745179099));
#1136=DIRECTION('',(0.,1.,0.));
#1137=DIRECTION('',(-0.297772282029797,0.228186493439303,-0.926964180681563));
#1138=DIRECTION('',(-0.430528385912501,0.0765383797198968,-0.899325961680986));
#1139=DIRECTION('center_axis',(0.,0.996398007205757,0.0847998304031115));
#1140=DIRECTION('ref_axis',(0.,-0.0847998304031115,0.996398007205757));
#1141=DIRECTION('',(1.,0.,0.));
#1142=DIRECTION('',(0.430528385910544,0.0765383797185897,-0.899325961682034));
#1143=DIRECTION('center_axis',(3.14068704642415E-17,-1.49066873908469E-17,
1.));
#1144=DIRECTION('ref_axis',(1.,1.74606887910242E-50,-3.14068704642415E-17));
#1145=DIRECTION('',(-1.,0.,0.));
#1146=DIRECTION('center_axis',(4.15105250179828E-13,1.,-1.97215000872753E-13));
#1147=DIRECTION('ref_axis',(0.997807508733046,-4.01142875959945E-13,0.066182894436198));
#1148=DIRECTION('',(-1.2216652516077E-12,-0.9993948623718,-0.0347837471364181));
#1149=DIRECTION('',(0.42912265162083,-0.305965437746879,-0.849846398339293));
#1150=DIRECTION('center_axis',(-2.15465320833926E-17,-0.940880095846728,
0.33873978986746));
#1151=DIRECTION('ref_axis',(-7.72638666601436E-33,-0.33873978986746,-0.940880095846728));
#1152=DIRECTION('center_axis',(0.,1.,0.));
#1153=DIRECTION('ref_axis',(-1.,0.,0.));
#1154=DIRECTION('',(0.,0.,1.));
#1155=DIRECTION('',(1.,0.,0.));
#1156=DIRECTION('',(0.,0.,1.));
#1157=DIRECTION('center_axis',(-1.,0.,0.));
#1158=DIRECTION('ref_axis',(0.,-1.,3.06161699786838E-16));
#1159=DIRECTION('',(0.,0.,1.));
#1160=DIRECTION('',(0.,1.,-3.06161699786838E-16));
#1161=DIRECTION('center_axis',(0.,1.,0.));
#1162=DIRECTION('ref_axis',(-1.,0.,0.));
#1163=DIRECTION('',(0.,0.,1.));
#1164=DIRECTION('',(1.,0.,0.));
#1165=DIRECTION('center_axis',(-1.,0.,0.));
#1166=DIRECTION('ref_axis',(0.,-1.,3.06161699786838E-16));
#1167=DIRECTION('',(0.,0.,1.));
#1168=DIRECTION('',(0.,1.,-3.06161699786838E-16));
#1169=DIRECTION('center_axis',(0.,-1.,0.));
#1170=DIRECTION('ref_axis',(1.,0.,0.));
#1171=DIRECTION('',(0.,0.,1.));
#1172=DIRECTION('',(-1.,0.,0.));
#1173=DIRECTION('center_axis',(-1.,0.,0.));
#1174=DIRECTION('ref_axis',(0.,-1.,3.06161699786838E-16));
#1175=DIRECTION('',(0.,0.,1.));
#1176=DIRECTION('',(0.,1.,-3.06161699786838E-16));
#1177=DIRECTION('center_axis',(0.,-3.06161699786838E-16,-1.));
#1178=DIRECTION('ref_axis',(0.,1.,-3.06161699786838E-16));
#1179=DIRECTION('center_axis',(0.,-3.06161699786838E-16,-1.));
#1180=DIRECTION('ref_axis',(0.,1.,-3.06161699786838E-16));
#1181=DIRECTION('',(0.,-1.,3.06161699786838E-16));
#1182=DIRECTION('',(-1.,0.,0.));
#1183=DIRECTION('',(0.,-1.,3.06161699786838E-16));
#1184=DIRECTION('',(1.,0.,0.));
#1185=DIRECTION('',(0.,-1.,3.06161699786838E-16));
#1186=DIRECTION('',(-1.,0.,0.));
#1187=DIRECTION('center_axis',(0.,0.,1.));
#1188=DIRECTION('ref_axis',(0.,1.,0.));
#1189=DIRECTION('center_axis',(0.,0.,1.));
#1190=DIRECTION('ref_axis',(0.,1.,0.));
#1191=DIRECTION('',(0.,0.,-1.));
#1192=DIRECTION('',(0.,0.,1.));
#1193=DIRECTION('center_axis',(0.,0.,1.));
#1194=DIRECTION('ref_axis',(0.,1.,0.));
#1195=DIRECTION('',(0.,0.,-1.));
#1196=DIRECTION('',(0.,2.35965597655277E-12,1.));
#1197=DIRECTION('center_axis',(0.,0.,1.));
#1198=DIRECTION('ref_axis',(0.,1.,0.));
#1199=DIRECTION('',(0.,0.,-1.));
#1200=DIRECTION('',(0.,-3.64541037673073E-14,1.));
#1201=DIRECTION('center_axis',(0.,0.,1.));
#1202=DIRECTION('ref_axis',(0.,1.,0.));
#1203=DIRECTION('',(0.,0.,-1.));
#1204=DIRECTION('',(0.,0.,1.));
#1205=DIRECTION('center_axis',(0.,0.,1.));
#1206=DIRECTION('ref_axis',(0.,1.,0.));
#1207=DIRECTION('',(0.,0.,-1.));
#1208=DIRECTION('center_axis',(0.,-1.,0.));
#1209=DIRECTION('ref_axis',(1.,0.,0.));
#1210=DIRECTION('',(0.,0.,1.));
#1211=DIRECTION('center_axis',(1.,0.,0.));
#1212=DIRECTION('ref_axis',(0.,1.,-3.06161699786838E-16));
#1213=DIRECTION('',(0.,0.,1.));
#1214=DIRECTION('center_axis',(0.,-1.,0.));
#1215=DIRECTION('ref_axis',(1.,0.,0.));
#1216=DIRECTION('',(0.,0.,1.));
#1217=DIRECTION('center_axis',(1.,0.,0.));
#1218=DIRECTION('ref_axis',(0.,1.,-3.06161699786838E-16));
#1219=DIRECTION('',(0.,0.,1.));
#1220=DIRECTION('center_axis',(0.,1.,0.));
#1221=DIRECTION('ref_axis',(-1.,0.,0.));
#1222=DIRECTION('',(0.,0.,1.));
#1223=DIRECTION('center_axis',(1.,0.,0.));
#1224=DIRECTION('ref_axis',(0.,1.,-3.06161699786838E-16));
#1225=DIRECTION('center_axis',(-4.54161336259033E-13,-1.,0.));
#1226=DIRECTION('ref_axis',(0.,0.,-1.));
#1227=DIRECTION('',(1.,0.,0.));
#1228=DIRECTION('center_axis',(0.,0.,1.));
#1229=DIRECTION('ref_axis',(1.,0.,0.));
#1230=DIRECTION('',(1.,-4.04219867454635E-13,0.));
#1231=DIRECTION('center_axis',(-4.04219867454635E-13,-1.,0.));
#1232=DIRECTION('ref_axis',(0.,0.,-1.));
#1233=DIRECTION('center_axis',(1.,-2.26203748582248E-13,0.));
#1234=DIRECTION('ref_axis',(0.,0.,-1.));
#1235=DIRECTION('',(0.,1.,0.));
#1236=DIRECTION('center_axis',(0.,0.,1.));
#1237=DIRECTION('ref_axis',(1.,0.,0.));
#1238=DIRECTION('',(-2.02109933727317E-13,-1.,0.));
#1239=DIRECTION('center_axis',(1.,-2.02109933727317E-13,0.));
#1240=DIRECTION('ref_axis',(0.,0.,-1.));
#1241=DIRECTION('center_axis',(-4.53428817974747E-13,-1.,0.));
#1242=DIRECTION('ref_axis',(0.,0.,-1.));
#1243=DIRECTION('',(1.,0.,0.));
#1244=DIRECTION('center_axis',(0.,0.,1.));
#1245=DIRECTION('ref_axis',(1.,0.,0.));
#1246=DIRECTION('',(-1.,4.04219867454635E-13,0.));
#1247=DIRECTION('center_axis',(-4.04219867454635E-13,-1.,0.));
#1248=DIRECTION('ref_axis',(0.,0.,-1.));
#1249=DIRECTION('center_axis',(1.,-2.26203748582248E-13,0.));
#1250=DIRECTION('ref_axis',(0.,0.,-1.));
#1251=DIRECTION('',(0.,1.,0.));
#1252=DIRECTION('center_axis',(0.,0.,1.));
#1253=DIRECTION('ref_axis',(1.,0.,0.));
#1254=DIRECTION('',(-2.02109933727317E-13,-1.,0.));
#1255=DIRECTION('center_axis',(1.,-2.02109933727317E-13,0.));
#1256=DIRECTION('ref_axis',(0.,0.,-1.));
#1257=CARTESIAN_POINT('',(0.,0.,0.));
#1258=CARTESIAN_POINT('Origin',(154.204132463878,205.088959844899,6.09768147436508));
#1259=CARTESIAN_POINT('',(154.775890990368,204.183041201315,4.33274910222321));
#1260=CARTESIAN_POINT('',(153.672149886243,204.183041201315,7.73983148906879));
#1261=CARTESIAN_POINT('',(153.627848599583,204.183041201315,7.87658288206229));
#1262=CARTESIAN_POINT('',(154.775890990368,204.833041201324,4.33274910222335));
#1263=CARTESIAN_POINT('',(154.775890990371,204.961000523115,4.33274910222321));
#1264=CARTESIAN_POINT('',(153.665018424606,204.833041201331,7.76184523599119));
#1265=CARTESIAN_POINT('',(154.204132463878,204.833041201331,6.09768147436508));
#1266=CARTESIAN_POINT('',(153.591058972492,211.573509931251,7.99014691444059));
#1267=CARTESIAN_POINT('Ctrl Pts',(153.665018424603,204.833041201338,7.76184523599167));
#1268=CARTESIAN_POINT('Ctrl Pts',(153.652692841836,205.956452770989,7.79989245177108));
#1269=CARTESIAN_POINT('Ctrl Pts',(153.640366762839,207.079864283318,7.83794119933108));
#1270=CARTESIAN_POINT('Ctrl Pts',(153.615713612233,209.326687193309,7.91404175850986));
#1271=CARTESIAN_POINT('Ctrl Pts',(153.603386540626,210.450098590972,7.95209357012895));
#1272=CARTESIAN_POINT('Ctrl Pts',(153.591058972625,211.573509931284,7.99014691402596));
#1273=CARTESIAN_POINT('',(156.179506381752,212.253522434621,9.49293976759691E-11));
#1274=CARTESIAN_POINT('',(154.021763116602,211.686660463965,6.66062815514123));
#1275=CARTESIAN_POINT('',(156.179506381752,196.836584558027,9.49293976759691E-11));
#1276=CARTESIAN_POINT('',(156.179506381752,204.798500523109,9.49293976759691E-11));
#1277=CARTESIAN_POINT('',(153.72279335641,199.566830561867,7.5835027317464));
#1278=CARTESIAN_POINT('',(153.501598665083,199.812653299741,8.26629739623749));
#1279=CARTESIAN_POINT('',(153.72279335641,199.566830561867,7.58350273174674));
#1280=CARTESIAN_POINT('Origin',(148.767778515255,211.825360904739,5.03089797610066));
#1281=CARTESIAN_POINT('',(141.576357532413,211.884777830179,4.33274910222321));
#1282=CARTESIAN_POINT('',(141.576357532413,211.617941552737,7.46807536208095));
#1283=CARTESIAN_POINT('',(141.576357532413,211.765175482949,5.73807668213896));
#1284=CARTESIAN_POINT('',(140.926357532411,211.884777830179,4.3327491022232));
#1285=CARTESIAN_POINT('',(145.009568023834,211.884777830179,4.33274910222321));
#1286=CARTESIAN_POINT('',(140.926357532408,211.617946315229,7.46801940288215));
#1287=CARTESIAN_POINT('',(140.926357532408,211.825360904739,5.03089797610066));
#1288=CARTESIAN_POINT('',(129.046458193447,211.574531809449,7.97813984581479));
#1289=CARTESIAN_POINT('Origin',(135.83229048611,205.117976341784,83.8427988025639));
#1290=CARTESIAN_POINT('',(126.318563114386,212.253522434628,9.49302858543888E-11));
#1291=CARTESIAN_POINT('',(129.452663210661,211.473424768817,9.16614757317757));
#1292=CARTESIAN_POINT('',(148.581443023835,212.253522434621,9.49293976759691E-11));
#1293=CARTESIAN_POINT('Origin',(146.001702340899,205.326490434106,81.3928781198973));
#1294=CARTESIAN_POINT('Ctrl Pts',(139.251357485871,206.507599657794,7.30342298929652));
#1295=CARTESIAN_POINT('Ctrl Pts',(139.432537645123,206.507685917095,7.30094471314153));
#1296=CARTESIAN_POINT('Ctrl Pts',(139.613726590072,206.507760381508,7.29880532386206));
#1297=CARTESIAN_POINT('Ctrl Pts',(140.946971698751,206.50822142775,7.28555941242334));
#1298=CARTESIAN_POINT('Ctrl Pts',(142.099275458622,206.508142575563,7.2878255829399));
#1299=CARTESIAN_POINT('Ctrl Pts',(143.251357504494,206.507588529479,7.30374486391242));
#1300=CARTESIAN_POINT('Ctrl Pts',(139.251357510693,205.174255694816,7.25701620761037));
#1301=CARTESIAN_POINT('Ctrl Pts',(139.432537669945,205.174341954116,7.25453793145539));
#1302=CARTESIAN_POINT('Ctrl Pts',(139.613726614894,205.174416418529,7.25239854217592));
#1303=CARTESIAN_POINT('Ctrl Pts',(140.946971723573,205.174877464771,7.23915263073719));
#1304=CARTESIAN_POINT('Ctrl Pts',(142.099275483444,205.174798612585,7.24141880125375));
#1305=CARTESIAN_POINT('Ctrl Pts',(143.251357529316,205.1742445665,7.25733808222627));
#1306=CARTESIAN_POINT('Ctrl Pts',(139.251357535515,203.840911731837,7.21060942592423));
#1307=CARTESIAN_POINT('Ctrl Pts',(139.432537694767,203.840997991138,7.20813114976924));
#1308=CARTESIAN_POINT('Ctrl Pts',(139.61372663972,203.841072455551,7.20599176048977));
#1309=CARTESIAN_POINT('Ctrl Pts',(140.946971748395,203.841533501793,7.19274584905104));
#1310=CARTESIAN_POINT('Ctrl Pts',(142.099275508266,203.841454649606,7.1950120195676));
#1311=CARTESIAN_POINT('Ctrl Pts',(143.251357554138,203.840900603522,7.21093130054012));
#1312=CARTESIAN_POINT('Ctrl Pts',(139.251357560337,202.507567768858,7.16420264423808));
#1313=CARTESIAN_POINT('Ctrl Pts',(139.432537719589,202.507654028159,7.16172436808309));
#1314=CARTESIAN_POINT('Ctrl Pts',(139.613726664542,202.507728492572,7.15958497880362));
#1315=CARTESIAN_POINT('Ctrl Pts',(140.946971773217,202.508189538814,7.14633906736489));
#1316=CARTESIAN_POINT('Ctrl Pts',(142.099275533088,202.508110686627,7.14860523788145));
#1317=CARTESIAN_POINT('Ctrl Pts',(143.25135757896,202.507556640543,7.16452451885397));
#1318=CARTESIAN_POINT('',(140.751357532406,202.508041201358,7.15143268453389));
#1319=CARTESIAN_POINT('',(141.751357532412,202.508041201374,7.15151880923203));
#1320=CARTESIAN_POINT('Origin',(141.238842746559,202.508041201334,152.459689196826));
#1321=CARTESIAN_POINT('',(140.751357532405,204.008041201384,7.2036398969498));
#1322=CARTESIAN_POINT('',(140.751357532405,204.008041201398,7.20363989649652));
#1323=CARTESIAN_POINT('',(139.251357532408,204.008041201341,7.21642633515371));
#1324=CARTESIAN_POINT('Origin',(141.237937725373,204.007327655221,152.275468403131));
#1325=CARTESIAN_POINT('',(139.251357532408,205.008041201334,7.25123114369133));
#1326=CARTESIAN_POINT('',(139.251357532408,205.008041201327,7.25123114369122));
#1327=CARTESIAN_POINT('',(140.751357532405,205.008041201384,7.23844470567994));
#1328=CARTESIAN_POINT('Origin',(141.237937706444,205.00732885275,152.310273172172));
#1329=CARTESIAN_POINT('',(140.751357532402,206.508041201358,7.2906519194543));
#1330=CARTESIAN_POINT('',(140.75135753239,206.508041201405,7.29065191832197));
#1331=CARTESIAN_POINT('',(141.751357532412,206.508041201374,7.29073804466471));
#1332=CARTESIAN_POINT('Origin',(141.238842672175,206.508041201334,152.59890847191));
#1333=CARTESIAN_POINT('',(141.751357532412,205.008041201374,7.23853083137755));
#1334=CARTESIAN_POINT('',(141.751357532422,205.008041201462,7.23853082951527));
#1335=CARTESIAN_POINT('',(143.251357532408,205.008041201334,7.25155340588093));
#1336=CARTESIAN_POINT('Origin',(141.23793686486,205.008041201334,152.77166534934));
#1337=CARTESIAN_POINT('',(143.251357532408,204.008041201334,7.2167485968308));
#1338=CARTESIAN_POINT('',(143.251357532408,204.008041201363,7.2167485968319));
#1339=CARTESIAN_POINT('',(141.751357532413,204.008041201374,7.20372602251937));
#1340=CARTESIAN_POINT('Origin',(141.237936883475,204.008041201334,152.736860537379));
#1341=CARTESIAN_POINT('',(141.751357532422,202.508041201469,7.15151880737007));
#1342=CARTESIAN_POINT('Ctrl Pts',(129.046458192974,211.600160403752,7.97903184413923));
#1343=CARTESIAN_POINT('Ctrl Pts',(129.046458344529,203.459283037264,7.69569016399477));
#1344=CARTESIAN_POINT('Ctrl Pts',(132.616929551619,211.610590230848,7.67936748768441));
#1345=CARTESIAN_POINT('Ctrl Pts',(132.616929703174,203.46971286436,7.39602580753995));
#1346=CARTESIAN_POINT('Ctrl Pts',(136.204565533146,211.616466847117,7.51052445492576));
#1347=CARTESIAN_POINT('Ctrl Pts',(136.204565684701,203.475589480629,7.2271827747813));
#1348=CARTESIAN_POINT('Ctrl Pts',(140.172045719279,211.617838840102,7.47110693835432));
#1349=CARTESIAN_POINT('Ctrl Pts',(140.172045870834,203.476961473614,7.18776525820986));
#1350=CARTESIAN_POINT('Ctrl Pts',(140.549196340497,211.617918111515,7.46882954073318));
#1351=CARTESIAN_POINT('Ctrl Pts',(140.549196492052,203.477040745027,7.18548786058872));
#1352=CARTESIAN_POINT('Ctrl Pts',(140.926357532415,211.617946315229,7.4680194028821));
#1353=CARTESIAN_POINT('Ctrl Pts',(140.92635768397,203.477068948741,7.18467772273764));
#1354=CARTESIAN_POINT('',(140.926357532411,207.188409646165,7.31385022625296));
#1355=CARTESIAN_POINT('',(140.926357532408,207.188409646165,7.31385022625314));
#1356=CARTESIAN_POINT('',(138.570989087539,204.833041201695,7.25605310164774));
#1357=CARTESIAN_POINT('Ctrl Pts',(138.570989087666,204.833041201994,7.2560531011014));
#1358=CARTESIAN_POINT('Ctrl Pts',(138.59007952962,204.9904855654,7.26118197102126));
#1359=CARTESIAN_POINT('Ctrl Pts',(138.622968570151,205.14564118026,7.26597831279773));
#1360=CARTESIAN_POINT('Ctrl Pts',(138.669120726359,205.296744616748,7.27042092957828));
#1361=CARTESIAN_POINT('Ctrl Pts',(138.681923927702,205.33866265222,7.27165336857585));
#1362=CARTESIAN_POINT('Ctrl Pts',(138.695747886604,205.380269127383,7.27285858564366));
#1363=CARTESIAN_POINT('Ctrl Pts',(138.710581230808,205.421526715849,7.27403612824781));
#1364=CARTESIAN_POINT('Ctrl Pts',(138.756568353505,205.549435686129,7.27768680846349));
#1365=CARTESIAN_POINT('Ctrl Pts',(138.812255996987,205.673988731749,7.28107273006701));
#1366=CARTESIAN_POINT('Ctrl Pts',(138.877302627646,205.794067371043,7.2841935383032));
#1367=CARTESIAN_POINT('Ctrl Pts',(138.94766301589,205.923955415895,7.28756929008168));
#1368=CARTESIAN_POINT('Ctrl Pts',(139.028402155777,206.047551133986,7.2906066114198));
#1369=CARTESIAN_POINT('Ctrl Pts',(139.118569683904,206.163703000518,7.29333196549333));
#1370=CARTESIAN_POINT('Ctrl Pts',(139.207551919759,206.278327999087,7.29602149357504));
#1371=CARTESIAN_POINT('Ctrl Pts',(139.305719192887,206.38570764712,7.29840720238033));
#1372=CARTESIAN_POINT('Ctrl Pts',(139.412165189691,206.484748444831,7.3005145251329));
#1373=CARTESIAN_POINT('Ctrl Pts',(139.457177391573,206.52662925308,7.30140563649469));
#1374=CARTESIAN_POINT('Ctrl Pts',(139.503669596873,206.567018676192,7.3022471602291));
#1375=CARTESIAN_POINT('Ctrl Pts',(139.551573221348,206.605833682938,7.30304121281047));
#1376=CARTESIAN_POINT('Ctrl Pts',(139.629474642617,206.668955090247,7.3043325101878));
#1377=CARTESIAN_POINT('Ctrl Pts',(139.710724801669,206.727601820198,7.30549201795821));
#1378=CARTESIAN_POINT('Ctrl Pts',(139.79492236205,206.781539957556,7.30653179187424));
#1379=CARTESIAN_POINT('Ctrl Pts',(139.944632429306,206.877446325093,7.30838059393215));
#1380=CARTESIAN_POINT('Ctrl Pts',(140.103660845145,206.958465507547,7.30985217934793));
#1381=CARTESIAN_POINT('Ctrl Pts',(140.269749775223,207.023283975111,7.31099978369156));
#1382=CARTESIAN_POINT('Ctrl Pts',(140.399626659613,207.073970198534,7.31189717809704));
#1383=CARTESIAN_POINT('Ctrl Pts',(140.533235610769,207.114521307989,7.31259228053357));
#1384=CARTESIAN_POINT('Ctrl Pts',(140.669377255988,207.144572816517,7.31310451564487));
#1385=CARTESIAN_POINT('Ctrl Pts',(140.754303659048,207.163319222304,7.31342405259077));
#1386=CARTESIAN_POINT('Ctrl Pts',(140.840064105945,207.177946396727,7.31367163677398));
#1387=CARTESIAN_POINT('Ctrl Pts',(140.926357532407,207.188409646156,7.31385022625279));
#1388=CARTESIAN_POINT('',(129.046634505012,204.833041201331,7.74348874938285));
#1389=CARTESIAN_POINT('Origin',(135.753279774182,204.833028550439,81.2188066555412));
#1390=CARTESIAN_POINT('',(129.04645819345,211.574531809441,7.9781398458147));
#1391=CARTESIAN_POINT('Ctrl Pts',(141.576357449951,211.617941552751,7.46807536188969));
#1392=CARTESIAN_POINT('Ctrl Pts',(141.576357601501,203.477084611576,7.1847343926446));
#1393=CARTESIAN_POINT('Ctrl Pts',(145.612623833233,211.617615734482,7.47743882124794));
#1394=CARTESIAN_POINT('Ctrl Pts',(145.612623984783,203.476758793307,7.19409785200285));
#1395=CARTESIAN_POINT('Ctrl Pts',(149.649001162099,211.611446312549,7.65469872531878));
#1396=CARTESIAN_POINT('Ctrl Pts',(149.649001313649,203.470589371374,7.37135775607369));
#1397=CARTESIAN_POINT('Ctrl Pts',(153.665018298638,211.59952043165,7.99735125180144));
#1398=CARTESIAN_POINT('Ctrl Pts',(153.665018450188,203.458663490475,7.71401028255635));
#1399=CARTESIAN_POINT('',(143.931725965803,204.833041207878,7.25646411243207));
#1400=CARTESIAN_POINT('Origin',(146.008470273029,204.833024340411,81.2004339522612));
#1401=CARTESIAN_POINT('',(141.576357532413,207.188409646158,7.31390635084036));
#1402=CARTESIAN_POINT('Ctrl Pts',(141.576357532414,207.188409646165,7.31390635084046));
#1403=CARTESIAN_POINT('Ctrl Pts',(141.754319098775,207.166831419639,7.31356866569274));
#1404=CARTESIAN_POINT('Ctrl Pts',(141.929789473417,207.127570980231,7.31293957088978));
#1405=CARTESIAN_POINT('Ctrl Pts',(142.100151761815,207.071154221978,7.31198533074842));
#1406=CARTESIAN_POINT('Ctrl Pts',(142.31138074321,207.001204149745,7.31080218643308));
#1407=CARTESIAN_POINT('Ctrl Pts',(142.512883638248,206.905500060822,7.30913001233598));
#1408=CARTESIAN_POINT('Ctrl Pts',(142.700169054671,206.786405634084,7.30686685594276));
#1409=CARTESIAN_POINT('Ctrl Pts',(142.761988031104,206.747095068956,7.3061198356226));
#1410=CARTESIAN_POINT('Ctrl Pts',(142.822258001209,206.705236092456,7.3053079784641));
#1411=CARTESIAN_POINT('Ctrl Pts',(142.880817496715,206.660913749836,7.30442644794686));
#1412=CARTESIAN_POINT('Ctrl Pts',(143.137054406237,206.466973894353,7.3005691630875));
#1413=CARTESIAN_POINT('Ctrl Pts',(143.356601716688,206.228851455635,7.29543514470594));
#1414=CARTESIAN_POINT('Ctrl Pts',(143.529127631685,205.957787149334,7.28871666903262));
#1415=CARTESIAN_POINT('Ctrl Pts',(143.644692313921,205.776217554854,7.28421636827308));
#1416=CARTESIAN_POINT('Ctrl Pts',(143.738123981999,205.581494193038,7.27904329259115));
#1417=CARTESIAN_POINT('Ctrl Pts',(143.807442874668,205.377769679649,7.27317635419086));
#1418=CARTESIAN_POINT('Ctrl Pts',(143.867616938212,205.200921329335,7.26808340607074));
#1419=CARTESIAN_POINT('Ctrl Pts',(143.909255101161,205.018364666466,7.26249842122275));
#1420=CARTESIAN_POINT('Ctrl Pts',(143.931725953377,204.833041211155,7.25646411231768));
#1421=CARTESIAN_POINT('',(141.576357532413,211.617941552729,7.46807536208099));
#1422=CARTESIAN_POINT('Ctrl Pts',(129.046651504596,204.18304120133,7.72086419622806));
#1423=CARTESIAN_POINT('Ctrl Pts',(129.046651612477,198.388212291305,7.51917628402893));
#1424=CARTESIAN_POINT('Ctrl Pts',(132.617059091146,204.193470676102,7.42120996258304));
#1425=CARTESIAN_POINT('Ctrl Pts',(132.617059199027,198.398641766077,7.21952205038391));
#1426=CARTESIAN_POINT('Ctrl Pts',(136.204630421023,204.199347102782,7.25237237634332));
#1427=CARTESIAN_POINT('Ctrl Pts',(136.204630528904,198.404518192757,7.05068446414419));
#1428=CARTESIAN_POINT('Ctrl Pts',(140.172045796611,204.200719073386,7.21295550368715));
#1429=CARTESIAN_POINT('Ctrl Pts',(140.172045904492,198.405890163361,7.01126759148802));
#1430=CARTESIAN_POINT('Ctrl Pts',(140.549196357071,204.200798344784,7.2106781061953));
#1431=CARTESIAN_POINT('Ctrl Pts',(140.549196464952,198.405969434759,7.00899019399617));
#1432=CARTESIAN_POINT('Ctrl Pts',(140.926357488232,204.200826548513,7.209867968002));
#1433=CARTESIAN_POINT('Ctrl Pts',(140.926357596113,198.405997638488,7.00818005580287));
#1434=CARTESIAN_POINT('',(140.926357532411,199.371802456837,7.04179470793493));
#1435=CARTESIAN_POINT('',(140.926357532411,201.827672756517,7.12727080403593));
#1436=CARTESIAN_POINT('',(140.926357532408,199.371802456844,7.04179470793492));
#1437=CARTESIAN_POINT('',(129.046772455651,199.558330069638,7.55989185347626));
#1438=CARTESIAN_POINT('Origin',(135.837471706449,227.420124354203,84.9485201193569));
#1439=CARTESIAN_POINT('',(129.046651504603,204.18304120133,7.72086419622706));
#1440=CARTESIAN_POINT('',(129.046651504603,204.18304120133,7.720864196228));
#1441=CARTESIAN_POINT('',(138.570989087453,204.183041201523,7.23342997616553));
#1442=CARTESIAN_POINT('Origin',(135.75327868906,204.183028548998,81.1961727897902));
#1443=CARTESIAN_POINT('Ctrl Pts',(140.926357532408,201.82767275651,7.12727080403596));
#1444=CARTESIAN_POINT('Ctrl Pts',(140.794361802567,201.843677501034,7.12811171510644));
#1445=CARTESIAN_POINT('Ctrl Pts',(140.663679640396,201.869416586084,7.12946946726423));
#1446=CARTESIAN_POINT('Ctrl Pts',(140.535382452476,201.904701099793,7.13131890390138));
#1447=CARTESIAN_POINT('Ctrl Pts',(140.330608013487,201.961018518881,7.13427077958908));
#1448=CARTESIAN_POINT('Ctrl Pts',(140.133383057491,202.041247538684,7.1384562763557));
#1449=CARTESIAN_POINT('Ctrl Pts',(139.947741757817,202.143599240556,7.14366956802543));
#1450=CARTESIAN_POINT('Ctrl Pts',(139.90411713978,202.167651290975,7.14489466103118));
#1451=CARTESIAN_POINT('Ctrl Pts',(139.861132187888,202.192925013626,7.14617628082287));
#1452=CARTESIAN_POINT('Ctrl Pts',(139.818839235534,202.219397207685,7.14751135982059));
#1453=CARTESIAN_POINT('Ctrl Pts',(139.810838512481,202.224405056073,7.14776392193131));
#1454=CARTESIAN_POINT('Ctrl Pts',(139.802866188379,202.229453517218,7.1480182820001));
#1455=CARTESIAN_POINT('Ctrl Pts',(139.794922542761,202.234542324521,7.14827441389513));
#1456=CARTESIAN_POINT('Ctrl Pts',(139.499622094636,202.423715803467,7.15779596949014));
#1457=CARTESIAN_POINT('Ctrl Pts',(139.243956267508,202.668645016602,7.16977030657993));
#1458=CARTESIAN_POINT('Ctrl Pts',(139.042276959837,202.955635640787,7.18281160879108));
#1459=CARTESIAN_POINT('Ctrl Pts',(138.914948140694,203.136825162432,7.19104514365305));
#1460=CARTESIAN_POINT('Ctrl Pts',(138.810426612781,203.332946426841,7.1996166638641));
#1461=CARTESIAN_POINT('Ctrl Pts',(138.731032310565,203.539557453,7.20817972454671));
#1462=CARTESIAN_POINT('Ctrl Pts',(138.726126944071,203.552322888008,7.20870879212187));
#1463=CARTESIAN_POINT('Ctrl Pts',(138.72131749772,203.565128365725,7.20923784439758));
#1464=CARTESIAN_POINT('Ctrl Pts',(138.716604518796,203.57797283824,7.20976680672731));
#1465=CARTESIAN_POINT('Ctrl Pts',(138.644897234168,203.773399607871,7.2178148911651));
#1466=CARTESIAN_POINT('Ctrl Pts',(138.596039868745,203.976440205445,7.22577874671263));
#1467=CARTESIAN_POINT('Ctrl Pts',(138.570989087396,204.183041201535,7.23342997564273));
#1468=CARTESIAN_POINT('Origin',(152.74346199755,199.892651673646,8.48850004250407));
#1469=CARTESIAN_POINT('',(141.576357532413,199.371822919224,7.04185154406096));
#1470=CARTESIAN_POINT('',(141.576357532413,198.396479944153,4.33274910222321));
#1471=CARTESIAN_POINT('',(141.576357532413,199.73423541752,8.04848470712364));
#1472=CARTESIAN_POINT('Origin',(146.003067455468,226.37744710813,82.052857004403));
#1473=CARTESIAN_POINT('',(126.501904077508,196.836584558027,9.49302858543888E-11));
#1474=CARTESIAN_POINT('',(150.569284764981,196.836584558027,9.49285094975494E-11));
#1475=CARTESIAN_POINT('',(130.342891633627,200.944534002803,11.410197393343));
#1476=CARTESIAN_POINT('',(140.926357532411,198.396479944153,4.33274910222373));
#1477=CARTESIAN_POINT('',(140.926357532411,199.892651673646,8.48850004250407));
#1478=CARTESIAN_POINT('',(146.997409764979,198.396479944153,4.33274910222321));
#1479=CARTESIAN_POINT('Origin',(128.602816414124,204.615585533611,6.43403668661713));
#1480=CARTESIAN_POINT('',(127.891612268002,204.183041201337,4.33274910222321));
#1481=CARTESIAN_POINT('',(129.174077197,204.18304120133,8.09464622725098));
#1482=CARTESIAN_POINT('',(126.411743705983,204.41807002126,9.49302858543888E-11));
#1483=CARTESIAN_POINT('',(127.883882352569,204.833041201324,4.33274910222346));
#1484=CARTESIAN_POINT('',(127.883882352569,204.833041201331,4.33274910222321));
#1485=CARTESIAN_POINT('',(127.886171116974,204.640581545711,4.33274910222321));
#1486=CARTESIAN_POINT('Ctrl Pts',(154.469809284714,211.016349849589,9.10644427682803));
#1487=CARTESIAN_POINT('Ctrl Pts',(155.444908700614,211.763580300169,6.07096285125033));
#1488=CARTESIAN_POINT('Ctrl Pts',(156.420008116515,212.51081075074,3.03548142567263));
#1489=CARTESIAN_POINT('Ctrl Pts',(157.395107532415,213.258041201319,9.49293976759691E-11));
#1490=CARTESIAN_POINT('Ctrl Pts',(154.469809284714,210.120151996867,9.07529526378551));
#1491=CARTESIAN_POINT('Ctrl Pts',(155.444908700614,211.122481833721,6.05019684255532));
#1492=CARTESIAN_POINT('Ctrl Pts',(156.420008116515,212.124811670576,3.02509842132512));
#1493=CARTESIAN_POINT('Ctrl Pts',(157.395107532415,213.12714150743,9.49293976759691E-11));
#1494=CARTESIAN_POINT('Ctrl Pts',(154.469809284714,201.244467442863,8.78065189320328));
#1495=CARTESIAN_POINT('Ctrl Pts',(155.444908700614,199.459291926978,5.85376792883383));
#1496=CARTESIAN_POINT('Ctrl Pts',(156.420008116515,197.674116411101,2.92688396446438));
#1497=CARTESIAN_POINT('Ctrl Pts',(157.395107532415,195.888940895216,9.49293976759691E-11));
#1498=CARTESIAN_POINT('Ctrl Pts',(154.469809284714,200.34826959014,8.74950288016067));
#1499=CARTESIAN_POINT('Ctrl Pts',(155.444908700614,198.818193460531,5.83300192013876));
#1500=CARTESIAN_POINT('Ctrl Pts',(156.420008116515,197.288117330929,2.91650096011684));
#1501=CARTESIAN_POINT('Ctrl Pts',(157.395107532415,195.758041201319,9.49293976759691E-11));
#1502=CARTESIAN_POINT('',(154.472962248932,200.343322119952,8.74007243335141));
#1503=CARTESIAN_POINT('',(157.395107532415,195.758041201319,9.49293976759691E-11));
#1504=CARTESIAN_POINT('',(154.395107532429,200.465487759022,8.97293418234117));
#1505=CARTESIAN_POINT('',(157.395107532415,213.258041201319,9.49293976759691E-11));
#1506=CARTESIAN_POINT('',(157.395107532415,195.758041201319,9.49293976759691E-11));
#1507=CARTESIAN_POINT('',(154.469824256641,211.016361322763,9.10639766925834));
#1508=CARTESIAN_POINT('',(154.395107532429,210.959104995265,9.33899059755902));
#1509=CARTESIAN_POINT('Ctrl Pts',(154.472962248932,200.343322119959,8.74007243334939));
#1510=CARTESIAN_POINT('Ctrl Pts',(154.47313022763,201.360787137972,8.77493747776964));
#1511=CARTESIAN_POINT('Ctrl Pts',(154.472081319687,203.393526875341,8.8446274145421));
#1512=CARTESIAN_POINT('Ctrl Pts',(154.471144025923,206.951041329608,8.96667138904748));
#1513=CARTESIAN_POINT('Ctrl Pts',(154.469747892108,209.492982917945,9.05368963282749));
#1514=CARTESIAN_POINT('Ctrl Pts',(154.469824256645,211.016361322771,9.10639766925942));
#1515=CARTESIAN_POINT('Ctrl Pts',(129.70555152655,198.820204667121,8.73492814289683));
#1516=CARTESIAN_POINT('Ctrl Pts',(129.487874219134,198.826522150137,8.75259812224964));
#1517=CARTESIAN_POINT('Ctrl Pts',(129.165939166719,198.919719717905,8.78244942260507));
#1518=CARTESIAN_POINT('Ctrl Pts',(128.719070665829,199.235933047821,8.83171317918437));
#1519=CARTESIAN_POINT('Ctrl Pts',(128.387935961421,199.683456410202,8.87658598270393));
#1520=CARTESIAN_POINT('Ctrl Pts',(128.288752293702,200.119066586168,8.90073182394686));
#1521=CARTESIAN_POINT('Ctrl Pts',(128.288806729056,200.337795899253,8.9083397264886));
#1522=CARTESIAN_POINT('Ctrl Pts',(129.70376052043,198.763510334226,8.73309856359663));
#1523=CARTESIAN_POINT('Ctrl Pts',(129.476669701137,198.772882265979,8.75158003207695));
#1524=CARTESIAN_POINT('Ctrl Pts',(129.143652530968,198.871805430299,8.78250810319967));
#1525=CARTESIAN_POINT('Ctrl Pts',(128.681743727466,199.198943074458,8.83351487797087));
#1526=CARTESIAN_POINT('Ctrl Pts',(128.337801089769,199.659194697726,8.88006530171378));
#1527=CARTESIAN_POINT('Ctrl Pts',(128.22937071621,200.109259449131,8.9056408503344));
#1528=CARTESIAN_POINT('Ctrl Pts',(128.225620043025,200.337613886635,8.91402522718872));
#1529=CARTESIAN_POINT('Ctrl Pts',(129.697823832876,198.665854192011,8.69481723624599));
#1530=CARTESIAN_POINT('Ctrl Pts',(129.454593700586,198.680292846831,8.71840792647756));
#1531=CARTESIAN_POINT('Ctrl Pts',(129.102256530787,198.789123582084,8.75389070665097));
#1532=CARTESIAN_POINT('Ctrl Pts',(128.614018627934,199.135315882898,8.80823931372946));
#1533=CARTESIAN_POINT('Ctrl Pts',(128.247369175505,199.61797526862,8.85466917248636));
#1534=CARTESIAN_POINT('Ctrl Pts',(128.122285674678,200.093590778827,8.87580097829671));
#1535=CARTESIAN_POINT('Ctrl Pts',(128.111666655032,200.338836351029,8.87969257172037));
#1536=CARTESIAN_POINT('Ctrl Pts',(129.68929280533,198.607966218084,8.61038139739969));
#1537=CARTESIAN_POINT('Ctrl Pts',(129.436306544984,198.62185783671,8.64183432940662));
#1538=CARTESIAN_POINT('Ctrl Pts',(129.070173460558,198.735038505702,8.68383620765483));
#1539=CARTESIAN_POINT('Ctrl Pts',(128.563810956674,199.094033210565,8.74077325402987));
#1540=CARTESIAN_POINT('Ctrl Pts',(128.183467667879,199.593959232795,8.7826381164755));
#1541=CARTESIAN_POINT('Ctrl Pts',(128.054085795582,200.087750406885,8.79110772628615));
#1542=CARTESIAN_POINT('Ctrl Pts',(128.04504004958,200.342146336228,8.7850070903805));
#1543=CARTESIAN_POINT('Ctrl Pts',(129.685634964164,198.593610011265,8.57044341327486));
#1544=CARTESIAN_POINT('Ctrl Pts',(129.430145581012,198.605937801105,8.60488632738445));
#1545=CARTESIAN_POINT('Ctrl Pts',(129.059585799865,198.719564022797,8.64950502257074));
#1546=CARTESIAN_POINT('Ctrl Pts',(128.547766546728,199.082303211572,8.70726842637882));
#1547=CARTESIAN_POINT('Ctrl Pts',(128.164058632128,199.588103523826,8.74688926337091));
#1548=CARTESIAN_POINT('Ctrl Pts',(128.036051801702,200.08749917975,8.74989064751984));
#1549=CARTESIAN_POINT('Ctrl Pts',(128.029707178746,200.34371725361,8.73995189151549));
#1550=CARTESIAN_POINT('',(128.288806684533,200.337461704745,8.9083280989436));
#1551=CARTESIAN_POINT('',(128.029752814105,200.3433221171,8.74007242791193));
#1552=CARTESIAN_POINT('Ctrl Pts',(128.288806684526,200.33746170473,8.90832809894343));
#1553=CARTESIAN_POINT('Ctrl Pts',(128.225625812935,200.337264987807,8.91401241332092));
#1554=CARTESIAN_POINT('Ctrl Pts',(128.111721009514,200.338461247513,8.8796980951597));
#1555=CARTESIAN_POINT('Ctrl Pts',(128.045098465194,200.341755448637,8.78507969027192));
#1556=CARTESIAN_POINT('Ctrl Pts',(128.029752814102,200.343322117085,8.74007242791182));
#1557=CARTESIAN_POINT('',(129.68525317447,198.593662499276,8.57058943012509));
#1558=CARTESIAN_POINT('Ctrl Pts',(128.029752814103,200.343322117085,8.74007242791149));
#1559=CARTESIAN_POINT('Ctrl Pts',(128.031098330892,200.289542866397,8.74215426444106));
#1560=CARTESIAN_POINT('Ctrl Pts',(128.035052978622,200.236016342653,8.743729716984));
#1561=CARTESIAN_POINT('Ctrl Pts',(128.041423577912,200.182938913282,8.74484046394295));
#1562=CARTESIAN_POINT('Ctrl Pts',(128.048119078241,200.127154531048,8.74600785907977));
#1563=CARTESIAN_POINT('Ctrl Pts',(128.05748305757,200.071865702012,8.74666192226631));
#1564=CARTESIAN_POINT('Ctrl Pts',(128.069340570477,200.017269514565,8.74684994488491));
#1565=CARTESIAN_POINT('Ctrl Pts',(128.081503975269,199.961264892582,8.74704281798048));
#1566=CARTESIAN_POINT('Ctrl Pts',(128.096291236898,199.905988360939,8.74674526936134));
#1567=CARTESIAN_POINT('Ctrl Pts',(128.113565207485,199.85163100832,8.74600756713779));
#1568=CARTESIAN_POINT('Ctrl Pts',(128.131313588542,199.795780791216,8.74524960473971));
#1569=CARTESIAN_POINT('Ctrl Pts',(128.151687133603,199.740900073925,8.74402695033492));
#1570=CARTESIAN_POINT('Ctrl Pts',(128.174590966277,199.687185989319,8.74239374608028));
#1571=CARTESIAN_POINT('Ctrl Pts',(128.18525444109,199.662178000637,8.7416333653754));
#1572=CARTESIAN_POINT('Ctrl Pts',(128.196467134394,199.637422833016,8.74078399096847));
#1573=CARTESIAN_POINT('Ctrl Pts',(128.208223300279,199.612940478166,8.73985108791686));
#1574=CARTESIAN_POINT('Ctrl Pts',(128.208429889001,199.612510254704,8.73983469420053));
#1575=CARTESIAN_POINT('Ctrl Pts',(128.208636645609,199.612080115497,8.73981827469056));
#1576=CARTESIAN_POINT('Ctrl Pts',(128.208843570012,199.611650060617,8.73980182941539));
#1577=CARTESIAN_POINT('Ctrl Pts',(128.236314457773,199.554556797719,8.73761858615158));
#1578=CARTESIAN_POINT('Ctrl Pts',(128.26670101118,199.499011005357,8.73497109168072));
#1579=CARTESIAN_POINT('Ctrl Pts',(128.299761588328,199.445208802393,8.73190007960154));
#1580=CARTESIAN_POINT('Ctrl Pts',(128.333253243695,199.390705070301,8.72878902447009));
#1581=CARTESIAN_POINT('Ctrl Pts',(128.369489632865,199.337989861606,8.72524330640809));
#1582=CARTESIAN_POINT('Ctrl Pts',(128.40827118674,199.287284327301,8.72130583755325));
#1583=CARTESIAN_POINT('Ctrl Pts',(128.446817607953,199.236886220781,8.71739224158225));
#1584=CARTESIAN_POINT('Ctrl Pts',(128.487879076585,199.188472722497,8.71309160404632));
#1585=CARTESIAN_POINT('Ctrl Pts',(128.531301277338,199.14228985527,8.70844702868057));
#1586=CARTESIAN_POINT('Ctrl Pts',(128.571737874085,199.099282408704,8.70412180292353));
#1587=CARTESIAN_POINT('Ctrl Pts',(128.614222505707,199.058209144087,8.69949830105922));
#1588=CARTESIAN_POINT('Ctrl Pts',(128.658656055626,199.019300421403,8.69461240477226));
#1589=CARTESIAN_POINT('Ctrl Pts',(128.663671554747,199.014908544887,8.6940609023922));
#1590=CARTESIAN_POINT('Ctrl Pts',(128.668711624566,199.01054429773,8.69350576142254));
#1591=CARTESIAN_POINT('Ctrl Pts',(128.673776123244,199.006208026159,8.69294701001018));
#1592=CARTESIAN_POINT('Ctrl Pts',(128.720499955038,198.966202640364,8.68779210551457));
#1593=CARTESIAN_POINT('Ctrl Pts',(128.769302052856,198.928574496274,8.68232976703276));
#1594=CARTESIAN_POINT('Ctrl Pts',(128.81998815789,198.893535139095,8.67657998393668));
#1595=CARTESIAN_POINT('Ctrl Pts',(128.866524054822,198.861364825096,8.67130099646343));
#1596=CARTESIAN_POINT('Ctrl Pts',(128.914648700194,198.83137687298,8.66577971494907));
#1597=CARTESIAN_POINT('Ctrl Pts',(128.964215784072,198.803773532874,8.66003292464015));
#1598=CARTESIAN_POINT('Ctrl Pts',(128.971443243183,198.799748643848,8.65919497556732));
#1599=CARTESIAN_POINT('Ctrl Pts',(128.978700540832,198.795775013321,8.65835237835645));
#1600=CARTESIAN_POINT('Ctrl Pts',(128.985987151453,198.791853284408,8.65750511727476));
#1601=CARTESIAN_POINT('Ctrl Pts',(129.039374764471,198.763119521013,8.65129739613971));
#1602=CARTESIAN_POINT('Ctrl Pts',(129.094337074494,198.737168226986,8.6448391814299));
#1603=CARTESIAN_POINT('Ctrl Pts',(129.150634567154,198.714175418899,8.6381215967337));
#1604=CARTESIAN_POINT('Ctrl Pts',(129.205230581506,198.691877522118,8.63160703750283));
#1605=CARTESIAN_POINT('Ctrl Pts',(129.261082915661,198.672361979793,8.6248485493598));
#1606=CARTESIAN_POINT('Ctrl Pts',(129.317954720449,198.655832273249,8.61783949962348));
#1607=CARTESIAN_POINT('Ctrl Pts',(129.373096111041,198.639805509049,8.61104371125997));
#1608=CARTESIAN_POINT('Ctrl Pts',(129.429196403956,198.626585647811,8.60401237712869));
#1609=CARTESIAN_POINT('Ctrl Pts',(129.486013883783,198.616399185831,8.59674084500582));
#1610=CARTESIAN_POINT('Ctrl Pts',(129.540510284578,198.606628856057,8.58976636584606));
#1611=CARTESIAN_POINT('Ctrl Pts',(129.595666845789,198.599649225158,8.58257091558631));
#1612=CARTESIAN_POINT('Ctrl Pts',(129.651239824279,198.595697822801,8.57515166409792));
#1613=CARTESIAN_POINT('Ctrl Pts',(129.662561189588,198.594892840402,8.57364020909404));
#1614=CARTESIAN_POINT('Ctrl Pts',(129.67389972169,198.594213663583,8.57211947017722));
#1615=CARTESIAN_POINT('Ctrl Pts',(129.68525317447,198.593662499276,8.57058943012358));
#1616=CARTESIAN_POINT('',(129.705218941053,198.820214363011,8.7349551424909));
#1617=CARTESIAN_POINT('Origin',(129.68525317447,198.828882523238,8.48590448265816));
#1618=CARTESIAN_POINT('Ctrl Pts',(129.705218941053,198.820214363004,8.73495514249057));
#1619=CARTESIAN_POINT('Ctrl Pts',(129.568879910618,198.82420689667,8.74602405987905));
#1620=CARTESIAN_POINT('Ctrl Pts',(129.433728023055,198.850097652099,8.75795951192159));
#1621=CARTESIAN_POINT('Ctrl Pts',(129.304898507564,198.894717052498,8.77020092469143));
#1622=CARTESIAN_POINT('Ctrl Pts',(129.22814798399,198.921299177947,8.77749377862936));
#1623=CARTESIAN_POINT('Ctrl Pts',(129.153641310899,198.954528535643,8.78489410348138));
#1624=CARTESIAN_POINT('Ctrl Pts',(129.082463553351,198.993735234153,8.79227473464118));
#1625=CARTESIAN_POINT('Ctrl Pts',(128.987136997283,199.046243765925,8.8021594257905));
#1626=CARTESIAN_POINT('Ctrl Pts',(128.897781374085,199.109473599425,8.81200858330102));
#1627=CARTESIAN_POINT('Ctrl Pts',(128.816139885117,199.181455601532,8.82156649690493));
#1628=CARTESIAN_POINT('Ctrl Pts',(128.65285690718,199.325419605746,8.84068232411276));
#1629=CARTESIAN_POINT('Ctrl Pts',(128.520430044383,199.504392458723,8.85862816673627));
#1630=CARTESIAN_POINT('Ctrl Pts',(128.429416797837,199.702748621457,8.87364050200404));
#1631=CARTESIAN_POINT('Ctrl Pts',(128.366479254029,199.83991601363,8.884021842572));
#1632=CARTESIAN_POINT('Ctrl Pts',(128.323345638114,199.986352558079,8.89299932673351));
#1633=CARTESIAN_POINT('Ctrl Pts',(128.302723914326,200.135938788685,8.90006118493799));
#1634=CARTESIAN_POINT('Ctrl Pts',(128.293524804351,200.202667457932,8.9032113973505));
#1635=CARTESIAN_POINT('Ctrl Pts',(128.288805495906,200.270022877393,8.90598101063386));
#1636=CARTESIAN_POINT('Ctrl Pts',(128.288806684526,200.33746170473,8.90832809894373));
#1637=CARTESIAN_POINT('Ctrl Pts',(152.797496123621,198.8202143624,8.73495514281241));
#1638=CARTESIAN_POINT('Ctrl Pts',(145.119102695164,198.595361331361,8.1115716377698));
#1639=CARTESIAN_POINT('Ctrl Pts',(137.383612369624,198.595361331834,8.11157163839899));
#1640=CARTESIAN_POINT('Ctrl Pts',(129.705218941057,198.820214363019,8.73495514249081));
#1641=CARTESIAN_POINT('Ctrl Pts',(152.799301511026,198.763524697119,8.73312680314734));
#1642=CARTESIAN_POINT('Ctrl Pts',(145.119726686586,198.538721396704,8.10955178077843));
#1643=CARTESIAN_POINT('Ctrl Pts',(137.382988378195,198.538721397133,8.10955178146082));
#1644=CARTESIAN_POINT('Ctrl Pts',(129.703413553663,198.763524697591,8.73312680298877));
#1645=CARTESIAN_POINT('Ctrl Pts',(152.805260862424,198.665908940216,8.69486607467614));
#1646=CARTESIAN_POINT('Ctrl Pts',(145.121710054529,198.441190213678,8.07091310670493));
#1647=CARTESIAN_POINT('Ctrl Pts',(137.381005010247,198.441190213984,8.07091310742334));
#1648=CARTESIAN_POINT('Ctrl Pts',(129.697454202273,198.665908940333,8.6948660746168));
#1649=CARTESIAN_POINT('Ctrl Pts',(152.813803075387,198.608026198104,8.61048588969122));
#1650=CARTESIAN_POINT('Ctrl Pts',(145.124566027273,198.383261075796,7.98617957523094));
#1651=CARTESIAN_POINT('Ctrl Pts',(137.3781490375,198.383261076036,7.98617957588598));
#1652=CARTESIAN_POINT('Ctrl Pts',(129.688911989299,198.608026198017,8.61048588944301));
#1653=CARTESIAN_POINT('Ctrl Pts',(152.817461890209,198.593662499399,8.57058943047313));
#1654=CARTESIAN_POINT('Ctrl Pts',(145.125790861639,198.368846470636,7.94614278139711));
#1655=CARTESIAN_POINT('Ctrl Pts',(137.376924203134,198.368846470861,7.9461427820187));
#1656=CARTESIAN_POINT('Ctrl Pts',(129.685253174473,198.593662499276,8.57058943012508));
#1657=CARTESIAN_POINT('',(152.817461890209,198.593662499399,8.57058943047299));
#1658=CARTESIAN_POINT('Origin',(141.251356835932,232.59029144503,102.999270257794));
#1659=CARTESIAN_POINT('',(152.797496123621,198.8202143624,8.73495514281248));
#1660=CARTESIAN_POINT('Origin',(152.817461890209,198.828882523361,8.48590448300618));
#1661=CARTESIAN_POINT('Origin',(141.251356835802,232.82243882141,103.002867571143));
#1662=CARTESIAN_POINT('Ctrl Pts',(154.213908378395,200.33746170676,8.9083281043446));
#1663=CARTESIAN_POINT('Ctrl Pts',(154.213914158521,200.009536168393,8.89691523879145));
#1664=CARTESIAN_POINT('Ctrl Pts',(154.027044972736,199.468113505267,8.8610647214201));
#1665=CARTESIAN_POINT('Ctrl Pts',(153.444350521135,198.951255057429,8.79242537958194));
#1666=CARTESIAN_POINT('Ctrl Pts',(153.015059491121,198.826585458519,8.75261839696313));
#1667=CARTESIAN_POINT('Ctrl Pts',(152.797496123618,198.820214362393,8.73495514281163));
#1668=CARTESIAN_POINT('Ctrl Pts',(154.277089250005,200.337264989888,8.9140124187535));
#1669=CARTESIAN_POINT('Ctrl Pts',(154.271389023081,199.994912776463,8.901435528668));
#1670=CARTESIAN_POINT('Ctrl Pts',(154.072469852479,199.438022962458,8.86388995235406));
#1671=CARTESIAN_POINT('Ctrl Pts',(153.470408640787,198.905210806974,8.79285560099983));
#1672=CARTESIAN_POINT('Ctrl Pts',(153.026271535629,198.772949463324,8.75160103795055));
#1673=CARTESIAN_POINT('Ctrl Pts',(152.799301511022,198.763524697119,8.73312680314499));
#1674=CARTESIAN_POINT('Ctrl Pts',(154.390994053476,200.338461249834,8.87969810062388));
#1675=CARTESIAN_POINT('Ctrl Pts',(154.374997767158,199.970799980998,8.87385123627053));
#1676=CARTESIAN_POINT('Ctrl Pts',(154.154388474752,199.386479101064,8.83954936085128));
#1677=CARTESIAN_POINT('Ctrl Pts',(153.518345345441,198.82578773889,8.76580139652104));
#1678=CARTESIAN_POINT('Ctrl Pts',(153.048353273469,198.680397722674,8.71844311331018));
#1679=CARTESIAN_POINT('Ctrl Pts',(152.805260862424,198.665908940209,8.6948660746737));
#1680=CARTESIAN_POINT('Ctrl Pts',(154.457616597832,200.341755451343,8.78507969571818));
#1681=CARTESIAN_POINT('Ctrl Pts',(154.443968320731,199.960376439318,8.79420019341821));
#1682=CARTESIAN_POINT('Ctrl Pts',(154.214207437293,199.354110848704,8.7716376562824));
#1683=CARTESIAN_POINT('Ctrl Pts',(153.555111579055,198.773354901125,8.69794856130198));
#1684=CARTESIAN_POINT('Ctrl Pts',(153.066644949791,198.621973788242,8.64191404251438));
#1685=CARTESIAN_POINT('Ctrl Pts',(152.813803075387,198.608026198104,8.61048588968939));
#1686=CARTESIAN_POINT('Ctrl Pts',(154.472962248929,200.343322119952,8.74007243334818));
#1687=CARTESIAN_POINT('Ctrl Pts',(154.463352631177,199.959207011641,8.75494204910017));
#1688=CARTESIAN_POINT('Ctrl Pts',(154.233059597314,199.345286999,8.73781846812151));
#1689=CARTESIAN_POINT('Ctrl Pts',(153.567178176279,198.758157482902,8.66447969118572));
#1690=CARTESIAN_POINT('Ctrl Pts',(153.072806732802,198.606052237912,8.60500303853111));
#1691=CARTESIAN_POINT('Ctrl Pts',(152.817461890209,198.593662499399,8.57058943047217));
#1692=CARTESIAN_POINT('',(154.213908378402,200.33746170676,8.90832810434543));
#1693=CARTESIAN_POINT('Ctrl Pts',(154.213908378395,200.33746170676,8.9083281043446));
#1694=CARTESIAN_POINT('Ctrl Pts',(154.277089250005,200.337264989888,8.9140124187535));
#1695=CARTESIAN_POINT('Ctrl Pts',(154.390994053476,200.338461249834,8.87969810062388));
#1696=CARTESIAN_POINT('Ctrl Pts',(154.457616597832,200.341755451343,8.78507969571818));
#1697=CARTESIAN_POINT('Ctrl Pts',(154.472962248929,200.343322119952,8.74007243334818));
#1698=CARTESIAN_POINT('Ctrl Pts',(154.213908378395,200.33746170676,8.9083281043446));
#1699=CARTESIAN_POINT('Ctrl Pts',(154.213914158521,200.009536168393,8.89691523879145));
#1700=CARTESIAN_POINT('Ctrl Pts',(154.027044972736,199.468113505267,8.8610647214201));
#1701=CARTESIAN_POINT('Ctrl Pts',(153.444350521135,198.951255057429,8.79242537958194));
#1702=CARTESIAN_POINT('Ctrl Pts',(153.015059491121,198.826585458519,8.75261839696313));
#1703=CARTESIAN_POINT('Ctrl Pts',(152.797496123618,198.820214362393,8.73495514281163));
#1704=CARTESIAN_POINT('Ctrl Pts',(152.817461890209,198.593662499399,8.57058943047217));
#1705=CARTESIAN_POINT('Ctrl Pts',(153.072806732802,198.606052237912,8.60500303853111));
#1706=CARTESIAN_POINT('Ctrl Pts',(153.567178176279,198.758157482902,8.66447969118572));
#1707=CARTESIAN_POINT('Ctrl Pts',(154.233059597314,199.345286999,8.73781846812151));
#1708=CARTESIAN_POINT('Ctrl Pts',(154.463352631177,199.959207011641,8.75494204910017));
#1709=CARTESIAN_POINT('Ctrl Pts',(154.472962248929,200.343322119952,8.74007243334818));
#1710=CARTESIAN_POINT('Ctrl Pts',(128.288806684526,200.33746170473,8.90832809894348));
#1711=CARTESIAN_POINT('Ctrl Pts',(128.288833557512,201.862156360228,8.96139238169296));
#1712=CARTESIAN_POINT('Ctrl Pts',(128.290937779966,205.419783115998,9.08502535601382));
#1713=CARTESIAN_POINT('Ctrl Pts',(128.293463272021,208.977411114713,9.2086204948637));
#1714=CARTESIAN_POINT('Ctrl Pts',(128.2934934238,211.010337304353,9.27937338377534));
#1715=CARTESIAN_POINT('Ctrl Pts',(128.225625812935,200.337264987807,8.91401241332194));
#1716=CARTESIAN_POINT('Ctrl Pts',(128.225487195035,201.862344874702,8.96710928930531));
#1717=CARTESIAN_POINT('Ctrl Pts',(128.227301135881,205.419521105097,9.09075063724299));
#1718=CARTESIAN_POINT('Ctrl Pts',(128.229423713339,208.977679597323,9.21439401032263));
#1719=CARTESIAN_POINT('Ctrl Pts',(128.229370619127,211.010137547186,9.28514033373197));
#1720=CARTESIAN_POINT('Ctrl Pts',(128.111721009514,200.33846124752,8.87969809516157));
#1721=CARTESIAN_POINT('Ctrl Pts',(128.111283784361,201.864217655144,8.93259776014647));
#1722=CARTESIAN_POINT('Ctrl Pts',(128.112565603093,205.420627877647,9.05582951184566));
#1723=CARTESIAN_POINT('Ctrl Pts',(128.113945934747,208.9797256651,9.17897030172136));
#1724=CARTESIAN_POINT('Ctrl Pts',(128.113742852427,211.011377051058,9.24957531762498));
#1725=CARTESIAN_POINT('Ctrl Pts',(128.045098465191,200.341755448637,8.78507969027295));
#1726=CARTESIAN_POINT('Ctrl Pts',(128.04472935549,201.86787944004,8.83754419674371));
#1727=CARTESIAN_POINT('Ctrl Pts',(128.046139313465,205.423909203702,8.95996661286758));
#1728=CARTESIAN_POINT('Ctrl Pts',(128.047716710589,208.983517418448,9.08201200616201));
#1729=CARTESIAN_POINT('Ctrl Pts',(128.047553111064,211.014760898513,9.15237627058411));
#1730=CARTESIAN_POINT('Ctrl Pts',(128.029752814098,200.343322117085,8.74007242791239));
#1731=CARTESIAN_POINT('Ctrl Pts',(128.029500844357,201.869519646032,8.79236998962727));
#1732=CARTESIAN_POINT('Ctrl Pts',(128.031118156072,205.425482334918,8.91448873251938));
#1733=CARTESIAN_POINT('Ctrl Pts',(128.032992616929,208.985190123989,9.03612025417056));
#1734=CARTESIAN_POINT('Ctrl Pts',(128.032890795432,211.016361332579,9.10639762946736));
#1735=CARTESIAN_POINT('',(128.2934934238,211.010337304317,9.27937338377408));
#1736=CARTESIAN_POINT('Ctrl Pts',(128.288806684526,200.33746170473,8.90832809894348));
#1737=CARTESIAN_POINT('Ctrl Pts',(128.288833557512,201.862156360228,8.96139238169296));
#1738=CARTESIAN_POINT('Ctrl Pts',(128.290937779966,205.419783115998,9.08502535601382));
#1739=CARTESIAN_POINT('Ctrl Pts',(128.293463272021,208.977411114713,9.2086204948637));
#1740=CARTESIAN_POINT('Ctrl Pts',(128.2934934238,211.010337304353,9.27937338377534));
#1741=CARTESIAN_POINT('',(128.032890795432,211.016361332542,9.10639762946598));
#1742=CARTESIAN_POINT('Origin',(128.271086479381,211.018998242413,9.0305302263574));
#1743=CARTESIAN_POINT('Ctrl Pts',(128.032890795432,211.016361332579,9.10639762946736));
#1744=CARTESIAN_POINT('Ctrl Pts',(128.032992616929,208.985190123989,9.03612025417056));
#1745=CARTESIAN_POINT('Ctrl Pts',(128.031118156072,205.425482334918,8.91448873251938));
#1746=CARTESIAN_POINT('Ctrl Pts',(128.029500844357,201.869519646032,8.79236998962727));
#1747=CARTESIAN_POINT('Ctrl Pts',(128.029752814098,200.343322117085,8.74007242791239));
#1748=CARTESIAN_POINT('Origin',(141.25135742876,199.256171287538,152.94979245353));
#1749=CARTESIAN_POINT('',(154.209221627505,211.010337293708,9.27937342346934));
#1750=CARTESIAN_POINT('Ctrl Pts',(154.209221627509,211.010337293723,9.27937342347035));
#1751=CARTESIAN_POINT('Ctrl Pts',(154.209244243011,209.485642653344,9.2263087518895));
#1752=CARTESIAN_POINT('Ctrl Pts',(154.211050558471,206.944479773454,9.13802671932602));
#1753=CARTESIAN_POINT('Ctrl Pts',(154.212529333585,203.386854859986,9.01433744313186));
#1754=CARTESIAN_POINT('Ctrl Pts',(154.213890461884,201.353924809177,8.94370429610256));
#1755=CARTESIAN_POINT('Ctrl Pts',(154.213908378395,200.337461706767,8.90832810434467));
#1756=CARTESIAN_POINT('',(152.82384115105,212.485606099763,9.21269094951738));
#1757=CARTESIAN_POINT('Ctrl Pts',(152.82384115105,212.485606099763,9.21269094951735));
#1758=CARTESIAN_POINT('Ctrl Pts',(152.955037934755,212.484710655865,9.2232016540429));
#1759=CARTESIAN_POINT('Ctrl Pts',(153.085789315763,212.463005825581,9.233137404203));
#1760=CARTESIAN_POINT('Ctrl Pts',(153.210855999163,212.422937096951,9.2421304802881));
#1761=CARTESIAN_POINT('Ctrl Pts',(153.288688556795,212.398001186399,9.24772712756188));
#1762=CARTESIAN_POINT('Ctrl Pts',(153.364319568583,212.36595311223,9.2529575177823));
#1763=CARTESIAN_POINT('Ctrl Pts',(153.436487113144,212.327382643373,9.25772298424792));
#1764=CARTESIAN_POINT('Ctrl Pts',(153.530552761659,212.277108573657,9.26393445640332));
#1765=CARTESIAN_POINT('Ctrl Pts',(153.618734183067,212.215753347678,9.26935587003813));
#1766=CARTESIAN_POINT('Ctrl Pts',(153.699019915515,212.145419057647,9.27385036812561));
#1767=CARTESIAN_POINT('Ctrl Pts',(153.859591380412,212.004750477585,9.28283936430056));
#1768=CARTESIAN_POINT('Ctrl Pts',(153.988580653196,211.828165873083,9.28811403922731));
#1769=CARTESIAN_POINT('Ctrl Pts',(154.075987165386,211.633005221842,9.2891104106457));
#1770=CARTESIAN_POINT('Ctrl Pts',(154.136700160414,211.497445669679,9.28980249515355));
#1771=CARTESIAN_POINT('Ctrl Pts',(154.177350552938,211.352923650565,9.28842953425572));
#1772=CARTESIAN_POINT('Ctrl Pts',(154.196518447068,211.205653202026,9.28502807096701));
#1773=CARTESIAN_POINT('Ctrl Pts',(154.204945942873,211.140903205036,9.2835325588674));
#1774=CARTESIAN_POINT('Ctrl Pts',(154.20922065915,211.075621894539,9.28164555443305));
#1775=CARTESIAN_POINT('Ctrl Pts',(154.209221627505,211.010337293716,9.27937342346981));
#1776=CARTESIAN_POINT('',(129.678873893994,212.485606103859,9.21269091000965));
#1777=CARTESIAN_POINT('Origin',(141.251357439488,203.335894595192,116.611842431661));
#1778=CARTESIAN_POINT('Ctrl Pts',(128.2934934238,211.010337304317,9.27937338377406));
#1779=CARTESIAN_POINT('Ctrl Pts',(128.293495626087,211.158822269107,9.28454117602956));
#1780=CARTESIAN_POINT('Ctrl Pts',(128.315602917435,211.307284305042,9.28771302831272));
#1781=CARTESIAN_POINT('Ctrl Pts',(128.358395972301,211.449517478287,9.28882960469921));
#1782=CARTESIAN_POINT('Ctrl Pts',(128.377211956937,211.512057000436,9.28932056016382));
#1783=CARTESIAN_POINT('Ctrl Pts',(128.400027258662,211.57339224928,9.28941487748199));
#1784=CARTESIAN_POINT('Ctrl Pts',(128.426721495621,211.632995561832,9.28911060216433));
#1785=CARTESIAN_POINT('Ctrl Pts',(128.514126238504,211.828154247835,9.28811431573937));
#1786=CARTESIAN_POINT('Ctrl Pts',(128.643116593892,212.004745031439,9.28283975226203));
#1787=CARTESIAN_POINT('Ctrl Pts',(128.803688220274,212.145415640688,9.27385080507315));
#1788=CARTESIAN_POINT('Ctrl Pts',(128.883974033465,212.215750945313,9.26935633147872));
#1789=CARTESIAN_POINT('Ctrl Pts',(128.972155305225,212.277106148452,9.26393492545794));
#1790=CARTESIAN_POINT('Ctrl Pts',(129.066221396519,212.327380476159,9.25772342067003));
#1791=CARTESIAN_POINT('Ctrl Pts',(129.18218116463,212.389356043577,9.25006620174111));
#1792=CARTESIAN_POINT('Ctrl Pts',(129.30708411789,212.434492272363,9.24121105616775));
#1793=CARTESIAN_POINT('Ctrl Pts',(129.435693618759,212.460342187712,9.23155818013286));
#1794=CARTESIAN_POINT('Ctrl Pts',(129.515739123796,212.476430964321,9.22555030876992));
#1795=CARTESIAN_POINT('Ctrl Pts',(129.597220356736,212.48504880241,9.21923250457222));
#1796=CARTESIAN_POINT('Ctrl Pts',(129.67887389399,212.485606103859,9.21269091001));
#1797=CARTESIAN_POINT('Ctrl Pts',(152.82384115105,212.485606099763,9.21269094951763));
#1798=CARTESIAN_POINT('Ctrl Pts',(153.036685428327,212.484153395635,9.2297427647013));
#1799=CARTESIAN_POINT('Ctrl Pts',(153.354190101018,212.399819099795,9.25308949782057));
#1800=CARTESIAN_POINT('Ctrl Pts',(153.795096419384,212.093042649736,9.28020576481648));
#1801=CARTESIAN_POINT('Ctrl Pts',(154.117569665006,211.65158116907,9.2933915732763));
#1802=CARTESIAN_POINT('Ctrl Pts',(154.209218456679,211.224108271264,9.28681339631211));
#1803=CARTESIAN_POINT('Ctrl Pts',(154.209221627505,211.010337293716,9.27937342347003));
#1804=CARTESIAN_POINT('Ctrl Pts',(152.824130951831,212.557982131228,9.21523326951688));
#1805=CARTESIAN_POINT('Ctrl Pts',(153.049033498242,212.553372103626,9.23302913890888));
#1806=CARTESIAN_POINT('Ctrl Pts',(153.381546652228,212.460884073866,9.25735341746442));
#1807=CARTESIAN_POINT('Ctrl Pts',(153.840390151348,212.137387092487,9.28547924612546));
#1808=CARTESIAN_POINT('Ctrl Pts',(154.175120947937,211.677325012402,9.29926842098169));
#1809=CARTESIAN_POINT('Ctrl Pts',(154.272012751939,211.233106291271,9.29274454973799));
#1810=CARTESIAN_POINT('Ctrl Pts',(154.273344432306,211.010137536585,9.28514037363905));
#1811=CARTESIAN_POINT('Ctrl Pts',(152.829335254606,212.685430056627,9.1611189163506));
#1812=CARTESIAN_POINT('Ctrl Pts',(153.074645716366,212.675535829359,9.18570346366995));
#1813=CARTESIAN_POINT('Ctrl Pts',(153.432995941341,212.568789526122,9.21751016146564));
#1814=CARTESIAN_POINT('Ctrl Pts',(153.922806160554,212.216242042021,9.25246741043756));
#1815=CARTESIAN_POINT('Ctrl Pts',(154.278966056267,211.723681068121,9.26841099138326));
#1816=CARTESIAN_POINT('Ctrl Pts',(154.38525227446,211.250206659104,9.25949824532779));
#1817=CARTESIAN_POINT('Ctrl Pts',(154.388977224873,211.01137834321,9.24953793482112));
#1818=CARTESIAN_POINT('Ctrl Pts',(152.839499309775,212.738782469751,9.03879009596921));
#1819=CARTESIAN_POINT('Ctrl Pts',(153.0925245123,212.732435700062,9.07239477207506));
#1820=CARTESIAN_POINT('Ctrl Pts',(153.464729818585,212.62511180529,9.1153041958037));
#1821=CARTESIAN_POINT('Ctrl Pts',(153.973418993184,212.261463760457,9.16052705272976));
#1822=CARTESIAN_POINT('Ctrl Pts',(154.342707759941,211.751527437555,9.17946423383642));
#1823=CARTESIAN_POINT('Ctrl Pts',(154.452067616861,211.261629369794,9.16623463747372));
#1824=CARTESIAN_POINT('Ctrl Pts',(154.455161940976,211.014760888531,9.15237631047528));
#1825=CARTESIAN_POINT('Ctrl Pts',(152.843852474321,212.743373635429,8.9848438992461));
#1826=CARTESIAN_POINT('Ctrl Pts',(153.097200542412,212.74029643523,9.02100100155748));
#1827=CARTESIAN_POINT('Ctrl Pts',(153.472318299169,212.635742915918,9.06761644925069));
#1828=CARTESIAN_POINT('Ctrl Pts',(153.985877507301,212.271790285333,9.11646514250564));
#1829=CARTESIAN_POINT('Ctrl Pts',(154.358577501058,211.758313384511,9.13650521318077));
#1830=CARTESIAN_POINT('Ctrl Pts',(154.467714921004,211.264661194706,9.12165032033674));
#1831=CARTESIAN_POINT('Ctrl Pts',(154.469824256641,211.016361322771,9.10639766925927));
#1832=CARTESIAN_POINT('Origin',(154.231628572692,211.018998232634,9.03053026615086));
#1833=CARTESIAN_POINT('',(152.843852474321,212.743373635421,8.98484389924577));
#1834=CARTESIAN_POINT('Ctrl Pts',(154.469824256641,211.016361322771,9.10639766925927));
#1835=CARTESIAN_POINT('Ctrl Pts',(154.467714921004,211.264661194706,9.12165032033674));
#1836=CARTESIAN_POINT('Ctrl Pts',(154.358577501058,211.758313384511,9.13650521318077));
#1837=CARTESIAN_POINT('Ctrl Pts',(153.985877507301,212.271790285333,9.11646514250564));
#1838=CARTESIAN_POINT('Ctrl Pts',(153.472318299169,212.635742915918,9.06761644925069));
#1839=CARTESIAN_POINT('Ctrl Pts',(153.097200542412,212.74029643523,9.02100100155748));
#1840=CARTESIAN_POINT('Ctrl Pts',(152.843852474321,212.743373635429,8.9848438992461));
#1841=CARTESIAN_POINT('Origin',(152.843852474321,212.49427413362,8.96364394164549));
#1842=CARTESIAN_POINT('Ctrl Pts',(129.67887389399,212.485606103859,9.21269091000978));
#1843=CARTESIAN_POINT('Ctrl Pts',(137.377291294426,212.538149316519,8.59593960812716));
#1844=CARTESIAN_POINT('Ctrl Pts',(145.125423752721,212.538149315129,8.59593962144473));
#1845=CARTESIAN_POINT('Ctrl Pts',(152.823841151047,212.485606099741,9.21269094951646));
#1846=CARTESIAN_POINT('Ctrl Pts',(129.678584093203,212.557982135193,9.21523322978705));
#1847=CARTESIAN_POINT('Ctrl Pts',(137.377155769616,212.610516710061,8.59845318946852));
#1848=CARTESIAN_POINT('Ctrl Pts',(145.125559277545,212.610516708708,8.59845320285947));
#1849=CARTESIAN_POINT('Ctrl Pts',(152.824130951827,212.557982131206,9.21523326951786));
#1850=CARTESIAN_POINT('Ctrl Pts',(129.673379790649,212.685430060177,9.16111887645287));
#1851=CARTESIAN_POINT('Ctrl Pts',(137.375452514647,212.737959309969,8.54404841106117));
#1852=CARTESIAN_POINT('Ctrl Pts',(145.127262532758,212.737959308753,8.54404842451269));
#1853=CARTESIAN_POINT('Ctrl Pts',(152.829335254606,212.685430056597,9.16111891634762));
#1854=CARTESIAN_POINT('Ctrl Pts',(129.663215735931,212.738782473112,9.03879005627602));
#1855=CARTESIAN_POINT('Ctrl Pts',(137.372055767682,212.791343694698,8.42119430065027));
#1856=CARTESIAN_POINT('Ctrl Pts',(145.130659280148,212.791343693556,8.42119431403228));
#1857=CARTESIAN_POINT('Ctrl Pts',(152.839499309775,212.738782469736,9.03879009596979));
#1858=CARTESIAN_POINT('Ctrl Pts',(129.658862571578,212.743373638783,8.98484385964435));
#1859=CARTESIAN_POINT('Ctrl Pts',(137.370592197887,212.795954035908,8.36702419347943));
#1860=CARTESIAN_POINT('Ctrl Pts',(145.132122850126,212.795954034773,8.36702420682876));
#1861=CARTESIAN_POINT('Ctrl Pts',(152.843852474321,212.743373635414,8.98484389924572));
#1862=CARTESIAN_POINT('',(129.658862571574,212.743373638783,8.98484385964579));
#1863=CARTESIAN_POINT('Origin',(141.251357439232,203.587186986987,116.570037009081));
#1864=CARTESIAN_POINT('Origin',(129.658862571578,212.494274136981,8.96364390204338));
#1865=CARTESIAN_POINT('Ctrl Pts',(154.209221627509,211.010337293723,9.27937342347035));
#1866=CARTESIAN_POINT('Ctrl Pts',(154.209244243011,209.485642653344,9.2263087518895));
#1867=CARTESIAN_POINT('Ctrl Pts',(154.211050558471,206.944479773454,9.13802671932602));
#1868=CARTESIAN_POINT('Ctrl Pts',(154.212529333585,203.386854859986,9.01433744313186));
#1869=CARTESIAN_POINT('Ctrl Pts',(154.213890461884,201.353924809177,8.94370429610256));
#1870=CARTESIAN_POINT('Ctrl Pts',(154.213908378395,200.337461706767,8.90832810434467));
#1871=CARTESIAN_POINT('Ctrl Pts',(154.273344432309,211.010137536592,9.28514037363936));
#1872=CARTESIAN_POINT('Ctrl Pts',(154.273304613311,209.485794075983,9.23208062615847));
#1873=CARTESIAN_POINT('Ctrl Pts',(154.274857174154,206.944436281337,9.14377759247591));
#1874=CARTESIAN_POINT('Ctrl Pts',(154.276005941367,203.386857391699,9.02005326885481));
#1875=CARTESIAN_POINT('Ctrl Pts',(154.277181660756,201.353984913228,8.94941033935288));
#1876=CARTESIAN_POINT('Ctrl Pts',(154.277089250005,200.337264989896,8.91401241875452));
#1877=CARTESIAN_POINT('Ctrl Pts',(154.388972199387,211.011377040697,9.24957535770292));
#1878=CARTESIAN_POINT('Ctrl Pts',(154.388819889282,209.487638502913,9.19662159081661));
#1879=CARTESIAN_POINT('Ctrl Pts',(154.389900455368,206.945930734837,9.10864062901593));
#1880=CARTESIAN_POINT('Ctrl Pts',(154.390453399759,203.388413885121,8.98536237182859));
#1881=CARTESIAN_POINT('Ctrl Pts',(154.391285535759,201.355632186976,8.91496454724211));
#1882=CARTESIAN_POINT('Ctrl Pts',(154.390994053476,200.338461249841,8.87969810062607));
#1883=CARTESIAN_POINT('Ctrl Pts',(154.455161940979,211.014760888538,9.15237631047546));
#1884=CARTESIAN_POINT('Ctrl Pts',(154.455039242934,209.491328280121,9.09960310719684));
#1885=CARTESIAN_POINT('Ctrl Pts',(154.456247655417,206.94942540487,9.01232136289363));
#1886=CARTESIAN_POINT('Ctrl Pts',(154.456946354552,203.391916115084,8.88994031368309));
#1887=CARTESIAN_POINT('Ctrl Pts',(154.457862669835,201.359171444339,8.82005603665014));
#1888=CARTESIAN_POINT('Ctrl Pts',(154.457616597836,200.341755451351,8.78507969571972));
#1889=CARTESIAN_POINT('Ctrl Pts',(154.469824256645,211.016361322771,9.10639766925942));
#1890=CARTESIAN_POINT('Ctrl Pts',(154.469747892108,209.492982917945,9.05368963282749));
#1891=CARTESIAN_POINT('Ctrl Pts',(154.471144025923,206.951041329608,8.96667138904748));
#1892=CARTESIAN_POINT('Ctrl Pts',(154.472081319687,203.393526875341,8.8446274145421));
#1893=CARTESIAN_POINT('Ctrl Pts',(154.47313022763,201.360787137972,8.77493747776964));
#1894=CARTESIAN_POINT('Ctrl Pts',(154.472962248932,200.343322119959,8.74007243334939));
#1895=CARTESIAN_POINT('Ctrl Pts',(128.2934934238,211.010337304317,9.27937338377408));
#1896=CARTESIAN_POINT('Ctrl Pts',(128.293496594426,211.224110686235,9.28681343960109));
#1897=CARTESIAN_POINT('Ctrl Pts',(128.38513614373,211.65156336486,9.29339173429907));
#1898=CARTESIAN_POINT('Ctrl Pts',(128.707612096005,212.093040293228,9.28020620600072));
#1899=CARTESIAN_POINT('Ctrl Pts',(129.148517666472,212.399816628953,9.25308998084959));
#1900=CARTESIAN_POINT('Ctrl Pts',(129.466027222712,212.48415338347,9.2297429162582));
#1901=CARTESIAN_POINT('Ctrl Pts',(129.67887389399,212.485606103859,9.21269091001025));
#1902=CARTESIAN_POINT('Ctrl Pts',(128.229370619127,211.010137547149,9.28514033373071));
#1903=CARTESIAN_POINT('Ctrl Pts',(128.23070231426,211.233108809676,9.29274459462939));
#1904=CARTESIAN_POINT('Ctrl Pts',(128.327584472318,211.677306494035,9.29926859487662));
#1905=CARTESIAN_POINT('Ctrl Pts',(128.662318125564,212.137384594826,9.28547970286995));
#1906=CARTESIAN_POINT('Ctrl Pts',(129.12116078972,212.460881412473,9.25735391980857));
#1907=CARTESIAN_POINT('Ctrl Pts',(129.453679017159,212.553372055772,9.23302929857462));
#1908=CARTESIAN_POINT('Ctrl Pts',(129.678584093203,212.557982135193,9.21523322978754));
#1909=CARTESIAN_POINT('Ctrl Pts',(128.113737826945,211.011378353549,9.24953789474015));
#1910=CARTESIAN_POINT('Ctrl Pts',(128.117462819071,211.25020935569,9.25949831653267));
#1911=CARTESIAN_POINT('Ctrl Pts',(128.223738687688,211.723661310542,9.26841118655336));
#1912=CARTESIAN_POINT('Ctrl Pts',(128.579901706475,212.21623929841,9.25246798783885));
#1913=CARTESIAN_POINT('Ctrl Pts',(129.069710943219,212.568786535972,9.2175108235995));
#1914=CARTESIAN_POINT('Ctrl Pts',(129.428066569701,212.675535721603,9.18570369951547));
#1915=CARTESIAN_POINT('Ctrl Pts',(129.673379790649,212.68543006017,9.16111887645272));
#1916=CARTESIAN_POINT('Ctrl Pts',(128.047553111064,211.014760898477,9.15237627058282));
#1917=CARTESIAN_POINT('Ctrl Pts',(128.050647469787,211.261632156478,9.1662347527581));
#1918=CARTESIAN_POINT('Ctrl Pts',(128.159996620383,211.751506989356,9.17946443356293));
#1919=CARTESIAN_POINT('Ctrl Pts',(128.529288594447,212.261460928123,9.16052781514938));
#1920=CARTESIAN_POINT('Ctrl Pts',(129.03797675209,212.625108761931,9.11530509323565));
#1921=CARTESIAN_POINT('Ctrl Pts',(129.410187687368,212.732435632061,9.072395109651));
#1922=CARTESIAN_POINT('Ctrl Pts',(129.663215735924,212.738782473112,9.03879005627672));
#1923=CARTESIAN_POINT('Ctrl Pts',(128.032890795432,211.016361332542,9.10639762946606));
#1924=CARTESIAN_POINT('Ctrl Pts',(128.035000154581,211.264663997339,9.12165045142777));
#1925=CARTESIAN_POINT('Ctrl Pts',(128.144126806481,211.758292786028,9.13650541033845));
#1926=CARTESIAN_POINT('Ctrl Pts',(128.516829996595,212.27178745425,9.11646597066826));
#1927=CARTESIAN_POINT('Ctrl Pts',(129.030388200194,212.635739914338,9.06761742528855));
#1928=CARTESIAN_POINT('Ctrl Pts',(129.405511653786,212.74029640403,9.02100136796638));
#1929=CARTESIAN_POINT('Ctrl Pts',(129.65886257157,212.743373638783,8.9848438596451));
#1930=CARTESIAN_POINT('Ctrl Pts',(129.65886257157,212.743373638783,8.9848438596451));
#1931=CARTESIAN_POINT('Ctrl Pts',(129.405511653786,212.74029640403,9.02100136796638));
#1932=CARTESIAN_POINT('Ctrl Pts',(129.030388200194,212.635739914338,9.06761742528855));
#1933=CARTESIAN_POINT('Ctrl Pts',(128.516829996595,212.27178745425,9.11646597066826));
#1934=CARTESIAN_POINT('Ctrl Pts',(128.144126806481,211.758292786028,9.13650541033845));
#1935=CARTESIAN_POINT('Ctrl Pts',(128.035000154581,211.264663997339,9.12165045142777));
#1936=CARTESIAN_POINT('Ctrl Pts',(128.032890795432,211.016361332542,9.10639762946606));
#1937=CARTESIAN_POINT('Ctrl Pts',(129.754082455533,198.642737935006,8.70690084689369));
#1938=CARTESIAN_POINT('Ctrl Pts',(128.288590814493,197.59783902378,5.80460056462743));
#1939=CARTESIAN_POINT('Ctrl Pts',(126.823099173449,196.552940112546,2.90230028236118));
#1940=CARTESIAN_POINT('Ctrl Pts',(125.357607532409,195.508041201319,9.49293976759691E-11));
#1941=CARTESIAN_POINT('Ctrl Pts',(129.497445506164,198.642737935006,8.70690084689369));
#1942=CARTESIAN_POINT('Ctrl Pts',(128.105090122535,197.597986923982,5.80460658443217));
#1943=CARTESIAN_POINT('Ctrl Pts',(126.712563003493,196.552792212344,2.90229426255645));
#1944=CARTESIAN_POINT('Ctrl Pts',(125.320207619865,195.508041201319,9.49293976759691E-11));
#1945=CARTESIAN_POINT('Ctrl Pts',(129.112992126109,198.730942818518,8.70996743945336));
#1946=CARTESIAN_POINT('Ctrl Pts',(127.83006293562,197.660948558587,5.80664573130874));
#1947=CARTESIAN_POINT('Ctrl Pts',(126.547110104824,196.590897423412,2.90332170823955));
#1948=CARTESIAN_POINT('Ctrl Pts',(125.264180914335,195.52090316348,9.49285094975494E-11));
#1949=CARTESIAN_POINT('Ctrl Pts',(128.566048155397,199.074175540052,8.72190050787436));
#1950=CARTESIAN_POINT('Ctrl Pts',(127.438906284286,197.906497350777,5.81460288791825));
#1951=CARTESIAN_POINT('Ctrl Pts',(126.311616193234,196.738631260465,2.90729762005104));
#1952=CARTESIAN_POINT('Ctrl Pts',(125.184474322123,195.57095307119,9.49293976759691E-11));
#1953=CARTESIAN_POINT('Ctrl Pts',(128.155718253693,199.587795962187,8.73975739404948));
#1954=CARTESIAN_POINT('Ctrl Pts',(127.145397588411,198.273858824723,5.82650677155129));
#1955=CARTESIAN_POINT('Ctrl Pts',(126.13499727521,196.95978590801,2.91325062259312));
#1956=CARTESIAN_POINT('Ctrl Pts',(125.124676609928,195.645848770546,9.49302858543888E-11));
#1957=CARTESIAN_POINT('Ctrl Pts',(128.038590814496,200.100708787926,8.75758967943436));
#1958=CARTESIAN_POINT('Ctrl Pts',(127.061648569183,198.640626382752,5.8383906813946));
#1959=CARTESIAN_POINT('Ctrl Pts',(126.084549777723,197.180723693949,2.91919899813469));
#1960=CARTESIAN_POINT('Ctrl Pts',(125.107607532409,195.720641288775,9.49293976759691E-11));
#1961=CARTESIAN_POINT('Ctrl Pts',(128.038590814496,200.357190255272,8.76650669318815));
#1962=CARTESIAN_POINT('Ctrl Pts',(127.061596387135,198.824140570621,5.84433779549041));
#1963=CARTESIAN_POINT('Ctrl Pts',(126.08460195977,197.29109088597,2.92216889779267));
#1964=CARTESIAN_POINT('Ctrl Pts',(125.107607532409,195.758041201319,9.49293976759691E-11));
#1965=CARTESIAN_POINT('',(125.357607532409,195.508041201319,9.49293976759691E-11));
#1966=CARTESIAN_POINT('',(129.857607532427,198.716551552978,8.91192477980474));
#1967=CARTESIAN_POINT('',(125.107607532409,195.758041201319,9.49293976759691E-11));
#1968=CARTESIAN_POINT('',(128.107607532427,200.465487759022,8.97293418234117));
#1969=CARTESIAN_POINT('Ctrl Pts',(125.357607532409,195.508041201319,9.4929619720574E-11));
#1970=CARTESIAN_POINT('Ctrl Pts',(125.324789822202,195.508041201319,9.49296207512756E-11));
#1971=CARTESIAN_POINT('Ctrl Pts',(125.292007698189,195.514643494953,1.20363179729045E-10));
#1972=CARTESIAN_POINT('Ctrl Pts',(125.231418776567,195.539762924551,1.20363182006401E-10));
#1973=CARTESIAN_POINT('Ctrl Pts',(125.204057431449,195.558059555185,1.20361425379435E-10));
#1974=CARTESIAN_POINT('Ctrl Pts',(125.161507109673,195.600671139595,1.20361427351005E-10));
#1975=CARTESIAN_POINT('Ctrl Pts',(125.141189584701,195.627320697456,1.20359051235835E-10));
#1976=CARTESIAN_POINT('Ctrl Pts',(125.114179172977,195.692402292376,1.20359053054298E-10));
#1977=CARTESIAN_POINT('Ctrl Pts',(125.107607532409,195.725223184432,9.49291294430347E-11));
#1978=CARTESIAN_POINT('Ctrl Pts',(125.107607532409,195.758041201319,9.49291299322426E-11));
#1979=CARTESIAN_POINT('Ctrl Pts',(128.032905767672,200.348269570568,8.74950284285712));
#1980=CARTESIAN_POINT('Ctrl Pts',(127.057806355919,198.818193447485,5.83300189526972));
#1981=CARTESIAN_POINT('Ctrl Pts',(126.082706944162,197.288117324402,2.91650094768233));
#1982=CARTESIAN_POINT('Ctrl Pts',(125.107607532409,195.758041201319,9.49302858543888E-11));
#1983=CARTESIAN_POINT('Ctrl Pts',(128.032905767672,201.244467420031,8.78065185576692));
#1984=CARTESIAN_POINT('Ctrl Pts',(127.057806355919,199.459291911757,5.85376790387626));
#1985=CARTESIAN_POINT('Ctrl Pts',(126.082706944162,197.67411640349,2.92688395198559));
#1986=CARTESIAN_POINT('Ctrl Pts',(125.107607532409,195.888940895216,9.49302858543888E-11));
#1987=CARTESIAN_POINT('Ctrl Pts',(128.032905767672,210.12015200968,9.07529522509257));
#1988=CARTESIAN_POINT('Ctrl Pts',(127.057806355919,211.122481842263,6.05019681676002));
#1989=CARTESIAN_POINT('Ctrl Pts',(126.082706944162,212.124811674847,3.02509840842748));
#1990=CARTESIAN_POINT('Ctrl Pts',(125.107607532409,213.12714150743,9.49302858543888E-11));
#1991=CARTESIAN_POINT('Ctrl Pts',(128.032905767672,211.016349859136,9.10644423800217));
#1992=CARTESIAN_POINT('Ctrl Pts',(127.057806355919,211.763580306528,6.07096282536642));
#1993=CARTESIAN_POINT('Ctrl Pts',(126.082706944162,212.510810753927,3.03548141273068));
#1994=CARTESIAN_POINT('Ctrl Pts',(125.107607532409,213.258041201319,9.49302858543888E-11));
#1995=CARTESIAN_POINT('',(125.107607532409,213.258041201319,9.49302858543888E-11));
#1996=CARTESIAN_POINT('',(125.107607532409,213.258041201319,9.49302858543888E-11));
#1997=CARTESIAN_POINT('',(128.107607532427,210.959104995251,9.33899059755851));
#1998=CARTESIAN_POINT('Ctrl Pts',(128.034549494551,211.014912963418,9.11155496262226));
#1999=CARTESIAN_POINT('Ctrl Pts',(127.058902071933,211.762613787775,6.07436997672343));
#2000=CARTESIAN_POINT('Ctrl Pts',(126.083254956356,212.51031449346,3.03718498599441));
#2001=CARTESIAN_POINT('Ctrl Pts',(125.107607533778,213.258015317801,9.4930285854247E-11));
#2002=CARTESIAN_POINT('Ctrl Pts',(128.034522342684,211.271151617252,9.12046174135214));
#2003=CARTESIAN_POINT('Ctrl Pts',(127.059030644682,211.945851878216,6.08030550107992));
#2004=CARTESIAN_POINT('Ctrl Pts',(126.083095334559,212.620723596371,3.0401562394243));
#2005=CARTESIAN_POINT('Ctrl Pts',(125.107603576624,213.295423880499,9.49302862642231E-11));
#2006=CARTESIAN_POINT('Ctrl Pts',(128.122672222611,211.654987208637,9.13380375118684));
#2007=CARTESIAN_POINT('Ctrl Pts',(127.121955388543,212.220470431377,6.08920218080514));
#2008=CARTESIAN_POINT('Ctrl Pts',(126.121181717888,212.7859772384,3.04460157034692));
#2009=CARTESIAN_POINT('Ctrl Pts',(125.120464876141,213.351460464326,9.49289535048012E-11));
#2010=CARTESIAN_POINT('Ctrl Pts',(128.465740124801,212.201006420732,9.1527832150836));
#2011=CARTESIAN_POINT('Ctrl Pts',(127.367395830156,212.611013097495,6.10185346933327));
#2012=CARTESIAN_POINT('Ctrl Pts',(126.268863722291,213.021167714855,3.05092974503172));
#2013=CARTESIAN_POINT('Ctrl Pts',(125.170519402272,213.431174411606,9.49298417651789E-11));
#2014=CARTESIAN_POINT('Ctrl Pts',(128.979113924698,212.610642536361,9.16702204342548));
#2015=CARTESIAN_POINT('Ctrl Pts',(127.734595197154,212.904061070728,6.11134695035364));
#2016=CARTESIAN_POINT('Ctrl Pts',(126.489940758619,213.197559096605,3.05567509272965));
#2017=CARTESIAN_POINT('Ctrl Pts',(125.245422012741,213.490977641711,9.49293976349901E-11));
#2018=CARTESIAN_POINT('Ctrl Pts',(129.491804073188,212.727550327105,9.17108572315576));
#2019=CARTESIAN_POINT('Ctrl Pts',(128.101217763687,212.987663167637,6.11405502837535));
#2020=CARTESIAN_POINT('Ctrl Pts',(126.710811159273,213.247932276954,3.05703069401602));
#2021=CARTESIAN_POINT('Ctrl Pts',(125.320224874051,213.508045138598,9.49302860593004E-11));
#2022=CARTESIAN_POINT('Ctrl Pts',(129.748197864075,212.727523337897,9.17108478495626));
#2023=CARTESIAN_POINT('Ctrl Pts',(128.284676422821,212.987695994645,6.11405652480356));
#2024=CARTESIAN_POINT('Ctrl Pts',(126.821154857191,213.247868543224,3.05702826024822));
#2025=CARTESIAN_POINT('Ctrl Pts',(125.35763341592,213.508041199956,9.49302858543179E-11));
#2026=CARTESIAN_POINT('',(125.357607532409,213.508041201319,9.49293976759691E-11));
#2027=CARTESIAN_POINT('',(129.857607532424,212.708041201295,9.40000000009495));
#2028=CARTESIAN_POINT('Ctrl Pts',(125.107607532409,213.258041201319,9.4930729944457E-11));
#2029=CARTESIAN_POINT('Ctrl Pts',(125.107607532409,213.290858911541,9.49307304336604E-11));
#2030=CARTESIAN_POINT('Ctrl Pts',(125.114209826042,213.323641035565,1.13622776094277E-10));
#2031=CARTESIAN_POINT('Ctrl Pts',(125.139329255665,213.384229957195,1.13622776208534E-10));
#2032=CARTESIAN_POINT('Ctrl Pts',(125.157625886275,213.411591302292,1.13621574229775E-10));
#2033=CARTESIAN_POINT('Ctrl Pts',(125.200237470747,213.454141624131,1.13621573525763E-10));
#2034=CARTESIAN_POINT('Ctrl Pts',(125.226887028601,213.474459149043,1.13620790109773E-10));
#2035=CARTESIAN_POINT('Ctrl Pts',(125.291968623448,213.501469560757,1.136207884684E-10));
#2036=CARTESIAN_POINT('Ctrl Pts',(125.324789515517,213.508041201319,9.49301977501674E-11));
#2037=CARTESIAN_POINT('Ctrl Pts',(125.357607532409,213.508041201319,9.49301967194562E-11));
#2038=CARTESIAN_POINT('Origin',(144.145107532426,212.708041201295,9.40000000009495));
#2039=CARTESIAN_POINT('',(157.145107532415,213.508041201319,9.49293976759691E-11));
#2040=CARTESIAN_POINT('',(142.857607532413,213.508041201319,9.49293976759691E-11));
#2041=CARTESIAN_POINT('',(152.645107532426,212.708041201309,9.40000000009545));
#2042=CARTESIAN_POINT('Ctrl Pts',(152.754154332188,212.727435613194,9.17211565281669));
#2043=CARTESIAN_POINT('Ctrl Pts',(154.217803113564,212.987637485376,6.11474376896289));
#2044=CARTESIAN_POINT('Ctrl Pts',(155.681451927718,213.247839329043,3.05737188394877));
#2045=CARTESIAN_POINT('Ctrl Pts',(157.145100709095,213.508041201224,9.49293976759765E-11));
#2046=CARTESIAN_POINT('Ctrl Pts',(153.010529189989,212.727442727408,9.17211590012519));
#2047=CARTESIAN_POINT('Ctrl Pts',(154.401246975929,212.987590479531,6.11474181348764));
#2048=CARTESIAN_POINT('Ctrl Pts',(155.791785116968,213.247894481643,3.057374086506));
#2049=CARTESIAN_POINT('Ctrl Pts',(157.18250289651,213.50804223933,9.49293975949476E-11));
#2050=CARTESIAN_POINT('Ctrl Pts',(153.523216335496,212.610515743918,9.16805148659367));
#2051=CARTESIAN_POINT('Ctrl Pts',(154.767865032658,212.903975190069,6.11203324588328));
#2052=CARTESIAN_POINT('Ctrl Pts',(156.01264943932,213.197514129442,3.05601824069008));
#2053=CARTESIAN_POINT('Ctrl Pts',(157.257298141315,213.490973578423,9.49307299327959E-11));
#2054=CARTESIAN_POINT('Ctrl Pts',(154.036604534411,212.200868137479,9.15381202517129));
#2055=CARTESIAN_POINT('Ctrl Pts',(155.135072306139,212.610920915394,6.10253934299891));
#2056=CARTESIAN_POINT('Ctrl Pts',(156.233727884142,213.021121628437,3.05127268205287));
#2057=CARTESIAN_POINT('Ctrl Pts',(157.332195662559,213.43117441162,9.49311740328085E-11));
#2058=CARTESIAN_POINT('Ctrl Pts',(154.379682067143,211.654833619592,9.13483171785492));
#2059=CARTESIAN_POINT('Ctrl Pts',(155.38051802555,212.220369842317,6.08988749184635));
#2060=CARTESIAN_POINT('Ctrl Pts',(156.381410827314,212.785929656921,3.0449442260693));
#2061=CARTESIAN_POINT('Ctrl Pts',(157.382246787745,213.351465880485,9.49298417327707E-11));
#2062=CARTESIAN_POINT('Ctrl Pts',(154.467843735851,211.271011006437,9.12148994018206));
#2063=CARTESIAN_POINT('Ctrl Pts',(155.443450841013,211.945762386761,6.08099096773801));
#2064=CARTESIAN_POINT('Ctrl Pts',(156.419501454347,212.620685184474,3.0404989722905));
#2065=CARTESIAN_POINT('Ctrl Pts',(157.395108575304,213.295436570903,9.49293976399605E-11));
#2066=CARTESIAN_POINT('Ctrl Pts',(154.467836578775,211.014791399325,9.11258367742595));
#2067=CARTESIAN_POINT('Ctrl Pts',(155.443593590265,211.762539069311,6.0750557854066));
#2068=CARTESIAN_POINT('Ctrl Pts',(156.419350520832,212.510286708015,3.03752789211432));
#2069=CARTESIAN_POINT('Ctrl Pts',(157.39510753232,213.258034378,9.49293976759724E-11));
#2070=CARTESIAN_POINT('Ctrl Pts',(157.145107532415,213.508041201319,9.49273992745175E-11));
#2071=CARTESIAN_POINT('Ctrl Pts',(157.177925549312,213.508041201319,9.49273982438063E-11));
#2072=CARTESIAN_POINT('Ctrl Pts',(157.210746441386,213.501469560764,1.1362185264649E-10));
#2073=CARTESIAN_POINT('Ctrl Pts',(157.275828036308,213.474459149024,1.13621850199845E-10));
#2074=CARTESIAN_POINT('Ctrl Pts',(157.30247759415,213.45414162408,1.13623734340757E-10));
#2075=CARTESIAN_POINT('Ctrl Pts',(157.345089178554,213.411591302307,1.13623732368176E-10));
#2076=CARTESIAN_POINT('Ctrl Pts',(157.363385809163,213.384229957213,1.13626167073306E-10));
#2077=CARTESIAN_POINT('Ctrl Pts',(157.388505238781,213.323641035577,1.13626165381203E-10));
#2078=CARTESIAN_POINT('Ctrl Pts',(157.395107532415,213.290858911542,9.49266547809757E-11));
#2079=CARTESIAN_POINT('Ctrl Pts',(157.395107532415,213.258041201319,9.49266542917724E-11));
#2080=CARTESIAN_POINT('Origin',(148.395107532411,204.508041201319,9.49293976759691E-11));
#2081=CARTESIAN_POINT('',(157.145107532415,195.508041201319,9.49293976759691E-11));
#2082=CARTESIAN_POINT('Ctrl Pts',(157.395107532415,195.758041201319,9.49296197197862E-11));
#2083=CARTESIAN_POINT('Ctrl Pts',(157.395107532415,195.725223184416,9.49296192305783E-11));
#2084=CARTESIAN_POINT('Ctrl Pts',(157.388535891844,195.692402292342,1.20371245824634E-10));
#2085=CARTESIAN_POINT('Ctrl Pts',(157.361525480109,195.627320697419,1.20371245702796E-10));
#2086=CARTESIAN_POINT('Ctrl Pts',(157.341207955141,195.600671139573,1.20371787391185E-10));
#2087=CARTESIAN_POINT('Ctrl Pts',(157.298657633382,195.558059555186,1.2037178809236E-10));
#2088=CARTESIAN_POINT('Ctrl Pts',(157.27129628828,195.539762924574,1.20373158750795E-10));
#2089=CARTESIAN_POINT('Ctrl Pts',(157.210707366668,195.514643494967,1.20373160279256E-10));
#2090=CARTESIAN_POINT('Ctrl Pts',(157.177925242638,195.508041201319,9.49291849388547E-11));
#2091=CARTESIAN_POINT('Ctrl Pts',(157.145107532415,195.508041201319,9.49291859695562E-11));
#2092=CARTESIAN_POINT('',(139.645107532411,195.508041201319,9.49293976759691E-11));
#2093=CARTESIAN_POINT('Ctrl Pts',(141.576357442351,204.201483505953,7.20994695731465));
#2094=CARTESIAN_POINT('Ctrl Pts',(141.576357550247,198.405890801878,7.00823246140984));
#2095=CARTESIAN_POINT('Ctrl Pts',(145.631979726022,204.201156125368,7.21935531504844));
#2096=CARTESIAN_POINT('Ctrl Pts',(145.631979833918,198.405563421293,7.01764081914363));
#2097=CARTESIAN_POINT('Ctrl Pts',(149.687714020285,204.194928962075,7.39827423491658));
#2098=CARTESIAN_POINT('Ctrl Pts',(149.687714128181,198.399336258,7.19655973901177));
#2099=CARTESIAN_POINT('Ctrl Pts',(153.722793270495,204.182890416589,7.74416381236744));
#2100=CARTESIAN_POINT('Ctrl Pts',(153.722793378391,198.387297712514,7.54244931646263));
#2101=CARTESIAN_POINT('',(143.93172598037,204.183041201547,7.23384098407288));
#2102=CARTESIAN_POINT('Origin',(146.00504947378,204.183041201335,81.280674394225));
#2103=CARTESIAN_POINT('',(141.576357532413,201.82767275651,7.12732692817696));
#2104=CARTESIAN_POINT('',(141.576357532416,201.827672756503,7.12732692817712));
#2105=CARTESIAN_POINT('Ctrl Pts',(143.931725981316,204.183041201465,7.23384098318295));
#2106=CARTESIAN_POINT('Ctrl Pts',(143.907363004141,203.982112730861,7.22639685251188));
#2107=CARTESIAN_POINT('Ctrl Pts',(143.86052129054,203.784880721681,7.21866681721774));
#2108=CARTESIAN_POINT('Ctrl Pts',(143.792296542526,203.595011124046,7.2108611961572));
#2109=CARTESIAN_POINT('Ctrl Pts',(143.749028771629,203.474596839055,7.20591091295958));
#2110=CARTESIAN_POINT('Ctrl Pts',(143.697160656526,203.357143696363,7.2009313993308));
#2111=CARTESIAN_POINT('Ctrl Pts',(143.63697151872,203.243586415212,7.19598700938793));
#2112=CARTESIAN_POINT('Ctrl Pts',(143.505149599991,202.994881429015,7.18515816230716));
#2113=CARTESIAN_POINT('Ctrl Pts',(143.335398043181,202.768605916541,7.17465790000758));
#2114=CARTESIAN_POINT('Ctrl Pts',(143.134112761464,202.572780964068,7.16521966358423));
#2115=CARTESIAN_POINT('Ctrl Pts',(143.092539475657,202.532335449881,7.16327029849906));
#2116=CARTESIAN_POINT('Ctrl Pts',(143.049621021163,202.493188901781,7.16136642112323));
#2117=CARTESIAN_POINT('Ctrl Pts',(143.005413769206,202.455411983586,7.15951469490667));
#2118=CARTESIAN_POINT('Ctrl Pts',(142.828806714361,202.304493978773,7.15211708707053));
#2119=CARTESIAN_POINT('Ctrl Pts',(142.633687883258,202.177193544403,7.14564164714768));
#2120=CARTESIAN_POINT('Ctrl Pts',(142.4250117877,202.076470749398,7.14043371958392));
#2121=CARTESIAN_POINT('Ctrl Pts',(142.354345896495,202.042362069845,7.13867011153078));
#2122=CARTESIAN_POINT('Ctrl Pts',(142.282125329646,202.01130123403,7.13705145069555));
#2123=CARTESIAN_POINT('Ctrl Pts',(142.208542561154,201.983403243897,7.13558968816824));
#2124=CARTESIAN_POINT('Ctrl Pts',(142.077797064084,201.933832717236,7.13299235631799));
#2125=CARTESIAN_POINT('Ctrl Pts',(141.943391276838,201.89449087806,7.13090388099414));
#2126=CARTESIAN_POINT('Ctrl Pts',(141.806536747035,201.865736139672,7.12936855284772));
#2127=CARTESIAN_POINT('Ctrl Pts',(141.730377500294,201.849734190602,7.12851414608968));
#2128=CARTESIAN_POINT('Ctrl Pts',(141.653579226069,201.837036040313,7.12783217372957));
#2129=CARTESIAN_POINT('Ctrl Pts',(141.57635753242,201.82767275651,7.12732692817714));
#2130=CARTESIAN_POINT('Ctrl Pts',(154.463192432113,200.359488609734,8.76932220402798));
#2131=CARTESIAN_POINT('Ctrl Pts',(155.440497626168,198.825713652165,5.84621481069866));
#2132=CARTESIAN_POINT('Ctrl Pts',(156.417802308438,197.291938106672,2.92310739343944));
#2133=CARTESIAN_POINT('Ctrl Pts',(157.395107502168,195.75816314873,9.49293976751818E-11));
#2134=CARTESIAN_POINT('Ctrl Pts',(154.463319965124,200.102658700886,8.76039266271549));
#2135=CARTESIAN_POINT('Ctrl Pts',(155.44053635899,198.641953194114,5.84025932760087));
#2136=CARTESIAN_POINT('Ctrl Pts',(156.417909581831,197.181427975731,2.92013333054772));
#2137=CARTESIAN_POINT('Ctrl Pts',(157.395126075329,195.720722583495,9.4929398158771E-11));
#2138=CARTESIAN_POINT('Ctrl Pts',(154.346211862398,199.589272221121,8.74254308230958));
#2139=CARTESIAN_POINT('Ctrl Pts',(155.356802802272,198.274853929789,5.8283639002646));
#2140=CARTESIAN_POINT('Ctrl Pts',(156.367473461507,196.960299709214,2.91417918565471));
#2141=CARTESIAN_POINT('Ctrl Pts',(157.378064452025,195.645881331528,9.49289535867592E-11));
#2142=CARTESIAN_POINT('Ctrl Pts',(153.935592126344,199.075288976445,8.72467275389494));
#2143=CARTESIAN_POINT('Ctrl Pts',(155.063092164219,197.907239761207,5.81645105679583));
#2144=CARTESIAN_POINT('Ctrl Pts',(156.190740610547,196.739002405946,2.90822170205888));
#2145=CARTESIAN_POINT('Ctrl Pts',(157.318240742705,195.570953071183,9.49289535867592E-11));
#2146=CARTESIAN_POINT('Ctrl Pts',(153.388261755915,198.731813847414,8.71273070469217));
#2147=CARTESIAN_POINT('Ctrl Pts',(154.671666459549,197.661522008582,5.80848790883238));
#2148=CARTESIAN_POINT('Ctrl Pts',(155.955094779325,196.591173279216,2.90424279742577));
#2149=CARTESIAN_POINT('Ctrl Pts',(157.238499497962,195.520881404242,9.49302864335937E-11));
#2150=CARTESIAN_POINT('Ctrl Pts',(153.003384562697,198.643606357499,8.70966387868811));
#2151=CARTESIAN_POINT('Ctrl Pts',(154.396341031861,197.598560131748,5.80644862473757));
#2152=CARTESIAN_POINT('Ctrl Pts',(155.789469669869,196.553069079505,2.90321526554763));
#2153=CARTESIAN_POINT('Ctrl Pts',(157.18242624841,195.508022571158,9.49293963879612E-11));
#2154=CARTESIAN_POINT('Ctrl Pts',(152.746398166062,198.64373450454,8.70966833498543));
#2155=CARTESIAN_POINT('Ctrl Pts',(154.212594159656,197.5985029296,5.80644553698895));
#2156=CARTESIAN_POINT('Ctrl Pts',(155.678789591607,196.553272805728,2.90322279805389));
#2157=CARTESIAN_POINT('Ctrl Pts',(157.144985584844,195.508041231708,9.49293976780692E-11));
#2158=CARTESIAN_POINT('',(152.645107532429,198.716551552978,8.91192477980474));
#2159=CARTESIAN_POINT('Origin',(152.645107532429,198.716551552978,8.91192477980474));
#2160=CARTESIAN_POINT('Origin',(141.751357532408,202.508041201334,9.41584588076694E-11));
#2161=CARTESIAN_POINT('',(141.751357532408,202.508041201334,0.200000000094158));
#2162=CARTESIAN_POINT('',(141.751357532408,202.508041201334,9.41575706292497E-11));
#2163=CARTESIAN_POINT('',(140.751357532408,202.508041201334,0.200000000094158));
#2164=CARTESIAN_POINT('',(137.001357532408,202.508041201334,0.200000000094159));
#2165=CARTESIAN_POINT('',(140.751357532408,202.508041201334,9.41575706292497E-11));
#2166=CARTESIAN_POINT('Origin',(141.751357532408,204.008041201334,9.41575706292497E-11));
#2167=CARTESIAN_POINT('',(141.751357532408,204.008041201334,0.200000000094158));
#2168=CARTESIAN_POINT('',(141.751357532408,204.008041201334,9.41575706292497E-11));
#2169=CARTESIAN_POINT('',(141.751357532408,199.762027446835,0.200000000094159));
#2170=CARTESIAN_POINT('Origin',(140.751357532408,204.008041201334,9.41575706292497E-11));
#2171=CARTESIAN_POINT('',(143.251357532408,204.008041201334,0.200000000094158));
#2172=CARTESIAN_POINT('',(143.251357532408,204.008041201334,9.41575706292497E-11));
#2173=CARTESIAN_POINT('',(136.501357532408,204.008041201334,0.200000000094158));
#2174=CARTESIAN_POINT('Origin',(143.251357532408,205.008041201334,9.415668245083E-11));
#2175=CARTESIAN_POINT('',(143.251357532408,205.008041201334,0.200000000094157));
#2176=CARTESIAN_POINT('',(143.251357532408,205.008041201334,9.415668245083E-11));
#2177=CARTESIAN_POINT('',(143.251357532408,200.262027446835,0.200000000094159));
#2178=CARTESIAN_POINT('Origin',(141.751357532408,205.008041201334,9.415668245083E-11));
#2179=CARTESIAN_POINT('',(141.751357532408,205.008041201334,0.200000000094157));
#2180=CARTESIAN_POINT('',(141.751357532408,205.008041201334,9.415668245083E-11));
#2181=CARTESIAN_POINT('',(137.001357532408,205.008041201334,0.200000000094158));
#2182=CARTESIAN_POINT('Origin',(141.751357532408,206.508041201334,9.415668245083E-11));
#2183=CARTESIAN_POINT('',(141.751357532408,206.508041201334,0.200000000094157));
#2184=CARTESIAN_POINT('',(141.751357532408,206.508041201334,9.415668245083E-11));
#2185=CARTESIAN_POINT('',(141.751357532408,201.012027446835,0.200000000094159));
#2186=CARTESIAN_POINT('Origin',(132.251357532408,195.516013692337,0.20000000009416));
#2187=CARTESIAN_POINT('',(141.251357532408,201.808041201337,0.20000000009416));
#2188=CARTESIAN_POINT('Origin',(141.251357532408,204.508041201334,0.20000000009416));
#2189=CARTESIAN_POINT('',(140.751357532408,205.008041201334,0.200000000094157));
#2190=CARTESIAN_POINT('',(140.751357532408,206.508041201334,0.200000000094157));
#2191=CARTESIAN_POINT('',(140.751357532408,200.262027446835,0.200000000094159));
#2192=CARTESIAN_POINT('',(139.251357532408,205.008041201334,0.200000000094157));
#2193=CARTESIAN_POINT('',(135.751357532408,205.008041201334,0.200000000094158));
#2194=CARTESIAN_POINT('',(139.251357532408,204.008041201334,0.200000000094158));
#2195=CARTESIAN_POINT('',(139.251357532408,199.762027446835,0.200000000094159));
#2196=CARTESIAN_POINT('',(140.751357532408,204.008041201334,0.200000000094158));
#2197=CARTESIAN_POINT('',(136.501357532408,204.008041201334,0.200000000094158));
#2198=CARTESIAN_POINT('',(140.751357532408,200.262027446835,0.200000000094159));
#2199=CARTESIAN_POINT('',(136.501357532408,206.508041201334,0.200000000094157));
#2200=CARTESIAN_POINT('Origin',(141.251357532408,204.508041201334,9.41602351645088E-11));
#2201=CARTESIAN_POINT('',(140.926357532411,201.82767275651,4.33274910222321));
#2202=CARTESIAN_POINT('',(141.251357532408,201.808041201334,4.33274910222321));
#2203=CARTESIAN_POINT('Origin',(141.251357532408,204.508041201334,4.33274910222321));
#2204=CARTESIAN_POINT('',(140.926357532408,201.82767275651,7.12727080403593));
#2205=CARTESIAN_POINT('',(138.570989087588,204.18304120133,4.33274910222321));
#2206=CARTESIAN_POINT('',(138.570989087588,204.183041201322,9.41602351645088E-11));
#2207=CARTESIAN_POINT('',(138.570989087584,204.833041201324,4.33274910222321));
#2208=CARTESIAN_POINT('Origin',(141.251357532408,204.508041201334,4.33274910222321));
#2209=CARTESIAN_POINT('',(138.570989087584,204.833041201331,7.25605311297013));
#2210=CARTESIAN_POINT('',(140.926357532411,207.188409646158,4.33274910222321));
#2211=CARTESIAN_POINT('',(140.926357532411,207.188409646158,4.33274910222321));
#2212=CARTESIAN_POINT('',(141.576357532413,207.188409646158,4.33274910222321));
#2213=CARTESIAN_POINT('Origin',(141.251357532408,204.508041201334,4.33274910222321));
#2214=CARTESIAN_POINT('',(141.576357532413,207.188409646158,9.41602351645088E-11));
#2215=CARTESIAN_POINT('',(143.931725977232,204.833041201324,4.33274910222321));
#2216=CARTESIAN_POINT('',(143.931725977232,204.833041201324,4.33274910222321));
#2217=CARTESIAN_POINT('',(143.931725977229,204.183041201322,4.33274910222321));
#2218=CARTESIAN_POINT('Origin',(141.251357532408,204.508041201334,4.33274910222321));
#2219=CARTESIAN_POINT('',(143.931725977229,204.183041201322,9.41602351645088E-11));
#2220=CARTESIAN_POINT('',(141.576357532413,201.82767275651,4.33274910222321));
#2221=CARTESIAN_POINT('',(141.576357532413,201.82767275651,9.41602351645088E-11));
#2222=CARTESIAN_POINT('Origin',(141.251357532408,204.508041201334,4.33274910222321));
#2223=CARTESIAN_POINT('',(141.251357532408,201.808041201334,9.41602351645088E-11));
#2224=CARTESIAN_POINT('Origin',(140.751357532408,206.508041201334,9.415668245083E-11));
#2225=CARTESIAN_POINT('',(140.751357532408,206.508041201334,9.415668245083E-11));
#2226=CARTESIAN_POINT('Origin',(140.751357532408,205.008041201334,9.415668245083E-11));
#2227=CARTESIAN_POINT('',(140.751357532408,205.008041201334,9.415668245083E-11));
#2228=CARTESIAN_POINT('Origin',(139.251357532408,205.008041201334,9.415668245083E-11));
#2229=CARTESIAN_POINT('',(139.251357532408,205.008041201334,9.415668245083E-11));
#2230=CARTESIAN_POINT('Origin',(139.251357532408,204.008041201334,9.41575706292497E-11));
#2231=CARTESIAN_POINT('',(139.251357532408,204.008041201334,9.41575706292497E-11));
#2232=CARTESIAN_POINT('Origin',(140.751357532408,204.008041201334,9.41575706292497E-11));
#2233=CARTESIAN_POINT('',(140.751357532408,204.008041201334,9.41575706292497E-11));
#2234=CARTESIAN_POINT('Origin',(140.751357532408,205.008041201334,9.415668245083E-11));
#2235=CARTESIAN_POINT('Origin',(165.501357532408,204.833041201317,4.33274910222321));
#2236=CARTESIAN_POINT('',(143.931725977232,204.833041201324,4.33274910222321));
#2237=CARTESIAN_POINT('Origin',(141.251357532408,204.833041201324,4.33274910222321));
#2238=CARTESIAN_POINT('',(141.251357532408,204.183041201322,4.33274910222321));
#2239=CARTESIAN_POINT('Origin',(141.251357532408,204.183041201322,5.83274910222321));
#2240=CARTESIAN_POINT('Origin',(140.926357532403,172.75804120132,4.33274910222321));
#2241=CARTESIAN_POINT('',(140.926357532411,207.188409646158,4.33274910222321));
#2242=CARTESIAN_POINT('Origin',(141.251357532408,204.833041201324,4.33274910222321));
#2243=CARTESIAN_POINT('',(141.576357532413,204.508041201319,4.33274910222321));
#2244=CARTESIAN_POINT('Origin',(141.576357532413,204.508041201319,5.83274910222321));
#2245=CARTESIAN_POINT('Origin',(117.001357532408,204.833041201338,-109.667250897762));
#2246=CARTESIAN_POINT('',(127.883882352569,204.833041201324,4.33274910222321));
#2247=CARTESIAN_POINT('Origin',(141.251357532408,204.833041201324,4.33274910222321));
#2248=CARTESIAN_POINT('',(141.251357532408,204.18304120133,4.33274910222321));
#2249=CARTESIAN_POINT('Origin',(141.251357532408,204.183041201322,5.83274910222321));
#2250=CARTESIAN_POINT('Origin',(140.926357532403,172.75804120132,4.33274910222321));
#2251=CARTESIAN_POINT('',(140.926357532411,198.396479944153,4.33274910222321));
#2252=CARTESIAN_POINT('Origin',(141.251357532408,204.833041201324,4.33274910222321));
#2253=CARTESIAN_POINT('',(141.576357532413,204.508041201319,4.33274910222321));
#2254=CARTESIAN_POINT('Origin',(141.576357532413,204.508041201319,5.83274910222321));
#2255=UNCERTAINTY_MEASURE_WITH_UNIT(LENGTH_MEASURE(0.01),#2259,
'DISTANCE_ACCURACY_VALUE',
'Maximum model space distance between geometric entities at asserted c
onnectivities');
#2256=UNCERTAINTY_MEASURE_WITH_UNIT(LENGTH_MEASURE(0.01),#2259,
'DISTANCE_ACCURACY_VALUE',
'Maximum model space distance between geometric entities at asserted c
onnectivities');
#2257=(
GEOMETRIC_REPRESENTATION_CONTEXT(3)
GLOBAL_UNCERTAINTY_ASSIGNED_CONTEXT((#2255))
GLOBAL_UNIT_ASSIGNED_CONTEXT((#2259,#2261,#2262))
REPRESENTATION_CONTEXT('','3D')
);
#2258=(
GEOMETRIC_REPRESENTATION_CONTEXT(3)
GLOBAL_UNCERTAINTY_ASSIGNED_CONTEXT((#2256))
GLOBAL_UNIT_ASSIGNED_CONTEXT((#2259,#2261,#2262))
REPRESENTATION_CONTEXT('','3D')
);
#2259=(
LENGTH_UNIT()
NAMED_UNIT(*)
SI_UNIT(.MILLI.,.METRE.)
);
#2260=(
LENGTH_UNIT()
NAMED_UNIT(*)
SI_UNIT($,.METRE.)
);
#2261=(
NAMED_UNIT(*)
PLANE_ANGLE_UNIT()
SI_UNIT($,.RADIAN.)
);
#2262=(
NAMED_UNIT(*)
SI_UNIT($,.STERADIAN.)
SOLID_ANGLE_UNIT()
);
#2263=SHAPE_DEFINITION_REPRESENTATION(#2264,#2265);
#2264=PRODUCT_DEFINITION_SHAPE('',$,#2267);
#2265=SHAPE_REPRESENTATION('',(#976),#2257);
#2266=PRODUCT_DEFINITION_CONTEXT('part definition',#2271,'design');
#2267=PRODUCT_DEFINITION('2026-08-16-11-31-35-606','1.75u keycap',#2268,
#2266);
#2268=PRODUCT_DEFINITION_FORMATION('',$,#2273);
#2269=PRODUCT_RELATED_PRODUCT_CATEGORY('1.75u keycap','1.75u keycap',(#2273));
#2270=APPLICATION_PROTOCOL_DEFINITION('international standard',
'automotive_design',2009,#2271);
#2271=APPLICATION_CONTEXT(
'Core Data for Automotive Mechanical Design Process');
#2272=PRODUCT_CONTEXT('part definition',#2271,'mechanical');
#2273=PRODUCT('2026-08-16-11-31-35-606','1.75u keycap',$,(#2272));
#2274=PRESENTATION_STYLE_ASSIGNMENT((#2276));
#2275=PRESENTATION_STYLE_ASSIGNMENT((#2277));
#2276=SURFACE_STYLE_USAGE(.BOTH.,#2278);
#2277=SURFACE_STYLE_USAGE(.BOTH.,#2279);
#2278=SURFACE_SIDE_STYLE('',(#2280));
#2279=SURFACE_SIDE_STYLE('',(#2281));
#2280=SURFACE_STYLE_FILL_AREA(#2282);
#2281=SURFACE_STYLE_FILL_AREA(#2283);
#2282=FILL_AREA_STYLE('Steel - Satin',(#2284));
#2283=FILL_AREA_STYLE('Opaque(255,255,255)',(#2285));
#2284=FILL_AREA_STYLE_COLOUR('Steel - Satin',#2286);
#2285=FILL_AREA_STYLE_COLOUR('Opaque(255,255,255)',#2287);
#2286=COLOUR_RGB('Steel - Satin',0.627450980392157,0.627450980392157,0.627450980392157);
#2287=COLOUR_RGB('Opaque(255,255,255)',1.,1.,1.);
ENDSEC;
END-ISO-10303-21;
