ISO-10303-21;
HEADER;
/* Generated by software containing ST-Developer
 * from STEP Tools, Inc. (www.steptools.com) 
 */

FILE_DESCRIPTION(
/* description */ (''),
/* implementation_level */ '2;1');

FILE_NAME(
/* name */ '1u Keycap.step',
/* time_stamp */ '2026-08-16T11:06:00-07:00',
/* author */ (''),
/* organization */ (''),
/* preprocessor_version */ 'ST-DEVELOPER v20.1',
/* originating_system */ 'Autodesk Translation Framework v15.8.0.0',
/* authorisation */ '');

FILE_SCHEMA (('AUTOMOTIVE_DESIGN { 1 0 10303 214 3 1 1 }'));
ENDSEC;

DATA;
#10=MECHANICAL_DESIGN_GEOMETRIC_PRESENTATION_REPRESENTATION('',(#17),#2241);
#11=ITEM_DEFINED_TRANSFORMATION($,$,#980,#1039);
#12=(
REPRESENTATION_RELATIONSHIP($,$,#2252,#2251)
REPRESENTATION_RELATIONSHIP_WITH_TRANSFORMATION(#11)
SHAPE_REPRESENTATION_RELATIONSHIP()
);
#13=CONTEXT_DEPENDENT_SHAPE_REPRESENTATION(#12,#2250);
#14=NEXT_ASSEMBLY_USAGE_OCCURRENCE('1u:1','1u:1','1u:1',#2254,#2255,
'1u:1');
#15=SHAPE_REPRESENTATION_RELATIONSHIP('SRR','None',#2252,#16);
#16=ADVANCED_BREP_SHAPE_REPRESENTATION('',(#18),#2240);
#17=STYLED_ITEM('',(#2266),#18);
#18=MANIFOLD_SOLID_BREP('1u',#966);
#19=CYLINDRICAL_SURFACE('',#1003,30.3000000000548);
#20=CYLINDRICAL_SURFACE('',#1016,2.7);
#21=FACE_BOUND('',#127,.T.);
#22=FACE_BOUND('',#158,.T.);
#23=CIRCLE('',#984,31.9911981413478);
#24=CIRCLE('',#985,31.9911982170234);
#25=CIRCLE('',#994,0.25);
#26=CIRCLE('',#995,0.25);
#27=CIRCLE('',#996,0.250000000000001);
#28=CIRCLE('',#997,0.25);
#29=CIRCLE('',#998,0.250000000000001);
#30=CIRCLE('',#1000,0.25);
#31=CIRCLE('',#1001,0.25);
#32=CIRCLE('',#1002,0.25);
#33=CIRCLE('',#1008,2.7);
#34=CIRCLE('',#1009,2.7);
#35=CIRCLE('',#1014,2.7);
#36=CIRCLE('',#1017,2.7);
#37=CIRCLE('',#1018,2.7);
#38=CIRCLE('',#1019,2.7);
#39=B_SPLINE_SURFACE_WITH_KNOTS('',3,1,((#1301,#1302),(#1303,#1304),(#1305,
#1306),(#1307,#1308)),.UNSPECIFIED.,.F.,.F.,.F.,(4,4),(2,2),(0.27337796155273,
0.397571178209202),(0.,0.480316947540864),.UNSPECIFIED.);
#40=B_SPLINE_SURFACE_WITH_KNOTS('',3,1,((#1353,#1354),(#1355,#1356),(#1357,
#1358),(#1359,#1360)),.UNSPECIFIED.,.F.,.F.,.F.,(4,4),(2,2),(0.345554608542875,
0.504610988337118),(0.,0.817883162248284),.UNSPECIFIED.);
#41=B_SPLINE_SURFACE_WITH_KNOTS('',3,1,((#1398,#1399),(#1400,#1401),(#1402,
#1403),(#1404,#1405)),.UNSPECIFIED.,.F.,.F.,.F.,(4,4),(2,2),(0.345554608543346,
0.506454113310207),(0.,0.595219232480833),.UNSPECIFIED.);
#42=B_SPLINE_SURFACE_WITH_KNOTS('',3,1,((#1438,#1439),(#1440,#1441),(#1442,
#1443),(#1444,#1445)),.UNSPECIFIED.,.F.,.F.,.F.,(4,4),(2,2),(0.173178815626853,
0.325392479187515),(0.,0.817801813426142),.UNSPECIFIED.);
#43=B_SPLINE_SURFACE_WITH_KNOTS('',3,3,((#1564,#1565,#1566,#1567),(#1568,
#1569,#1570,#1571),(#1572,#1573,#1574,#1575),(#1576,#1577,#1578,#1579)),
 .UNSPECIFIED.,.F.,.F.,.F.,(4,4),(4,4),(0.,1.),(0.0225958730308875,1.),
 .UNSPECIFIED.);
#44=B_SPLINE_SURFACE_WITH_KNOTS('',3,3,((#1589,#1590,#1591,#1592,#1593),
(#1594,#1595,#1596,#1597,#1598),(#1599,#1600,#1601,#1602,#1603),(#1604,
#1605,#1606,#1607,#1608),(#1609,#1610,#1611,#1612,#1613)),.UNSPECIFIED.,
 .F.,.F.,.F.,(4,1,4),(4,1,4),(0.,0.571428571428571,1.),(0.,4.56969800900035,
10.6626286876675),.UNSPECIFIED.);
#45=B_SPLINE_SURFACE_WITH_KNOTS('',3,3,((#1623,#1624,#1625,#1626,#1627,
#1628,#1629),(#1630,#1631,#1632,#1633,#1634,#1635,#1636),(#1637,#1638,#1639,
#1640,#1641,#1642,#1643),(#1644,#1645,#1646,#1647,#1648,#1649,#1650),(#1651,
#1652,#1653,#1654,#1655,#1656,#1657)),.UNSPECIFIED.,.F.,.F.,.F.,(4,1,4),
(4,1,1,1,4),(0.,0.571428571428571,1.),(0.,0.63548743589736,0.953231153846039,
1.5887185897434,2.22420602564076),.UNSPECIFIED.);
#46=B_SPLINE_SURFACE_WITH_KNOTS('',3,3,((#1695,#1696,#1697,#1698,#1699,
#1700,#1701),(#1702,#1703,#1704,#1705,#1706,#1707,#1708),(#1709,#1710,#1711,
#1712,#1713,#1714,#1715),(#1716,#1717,#1718,#1719,#1720,#1721,#1722),(#1723,
#1724,#1725,#1726,#1727,#1728,#1729)),.UNSPECIFIED.,.F.,.F.,.F.,(4,1,4),
(4,1,1,1,4),(0.,0.571428571428571,1.),(0.,0.655834824551035,0.983752236826552,
1.63958706137759,2.29542188592862),.UNSPECIFIED.);
#47=B_SPLINE_SURFACE_WITH_KNOTS('',3,3,((#1765,#1766,#1767,#1768),(#1769,
#1770,#1771,#1772),(#1773,#1774,#1775,#1776),(#1777,#1778,#1779,#1780),
(#1781,#1782,#1783,#1784)),.UNSPECIFIED.,.F.,.F.,.F.,(4,1,4),(4,4),(0.,
0.571428571428571,1.),(0.,9.01549572456142),.UNSPECIFIED.);
#48=B_SPLINE_SURFACE_WITH_KNOTS('',3,3,((#1788,#1789,#1790,#1791,#1792),
(#1793,#1794,#1795,#1796,#1797),(#1798,#1799,#1800,#1801,#1802),(#1803,
#1804,#1805,#1806,#1807),(#1808,#1809,#1810,#1811,#1812)),.UNSPECIFIED.,
 .F.,.F.,.F.,(4,1,4),(4,1,4),(0.,0.571428571428571,1.),(0.,3.84667747654618,
8.97558077860775),.UNSPECIFIED.);
#49=B_SPLINE_SURFACE_WITH_KNOTS('',3,3,((#1826,#1827,#1828,#1829,#1830,
#1831),(#1832,#1833,#1834,#1835,#1836,#1837),(#1838,#1839,#1840,#1841,#1842,
#1843),(#1844,#1845,#1846,#1847,#1848,#1849),(#1850,#1851,#1852,#1853,#1854,
#1855)),.UNSPECIFIED.,.F.,.F.,.F.,(4,1,4),(4,1,1,4),(0.,0.571428571428571,
1.),(0.,0.953240200488104,1.58873366748017,2.22422713447224),
 .UNSPECIFIED.);
#50=B_SPLINE_SURFACE_WITH_KNOTS('',3,3,((#1871,#1872,#1873,#1874,#1875,
#1876,#1877),(#1878,#1879,#1880,#1881,#1882,#1883,#1884),(#1885,#1886,#1887,
#1888,#1889,#1890,#1891),(#1892,#1893,#1894,#1895,#1896,#1897,#1898),(#1899,
#1900,#1901,#1902,#1903,#1904,#1905)),.UNSPECIFIED.,.F.,.F.,.F.,(4,1,4),
(4,1,1,1,4),(0.,0.571428571428571,1.),(0.,0.327917463405471,0.983752390216413,
1.63958731702736,2.2954222438383),.UNSPECIFIED.);
#51=B_SPLINE_SURFACE_WITH_KNOTS('',3,3,((#1923,#1924,#1925,#1926,#1927),
(#1928,#1929,#1930,#1931,#1932),(#1933,#1934,#1935,#1936,#1937),(#1938,
#1939,#1940,#1941,#1942),(#1943,#1944,#1945,#1946,#1947)),.UNSPECIFIED.,
 .F.,.F.,.F.,(4,1,4),(4,1,4),(0.,0.571428571428571,1.),(9.88549621708788E-14,
6.09293067862172,10.6626286875879),.UNSPECIFIED.);
#52=B_SPLINE_SURFACE_WITH_KNOTS('',3,3,((#1958,#1959,#1960,#1961),(#1962,
#1963,#1964,#1965),(#1966,#1967,#1968,#1969),(#1970,#1971,#1972,#1973),
(#1974,#1975,#1976,#1977),(#1978,#1979,#1980,#1981),(#1982,#1983,#1984,
#1985)),.UNSPECIFIED.,.F.,.F.,.F.,(4,1,1,1,4),(4,4),(-0.000199890635951016,
0.285714285714286,0.571428571428571,0.714285714285714,1.00019989063455),
(0.0220201336891972,1.),.UNSPECIFIED.);
#53=B_SPLINE_SURFACE_WITH_KNOTS('',3,3,((#1987,#1988,#1989,#1990),(#1991,
#1992,#1993,#1994),(#1995,#1996,#1997,#1998),(#1999,#2000,#2001,#2002),
(#2003,#2004,#2005,#2006),(#2007,#2008,#2009,#2010),(#2011,#2012,#2013,
#2014)),.UNSPECIFIED.,.F.,.F.,.F.,(4,1,1,1,4),(4,4),(-1.1138833507395E-5,
0.285714285714286,0.571428571428571,0.714285714285714,1.00001113883351),
(0.0219277348902316,1.),.UNSPECIFIED.);
#54=B_SPLINE_SURFACE_WITH_KNOTS('',3,1,((#2024,#2025),(#2026,#2027),(#2028,
#2029),(#2030,#2031)),.UNSPECIFIED.,.F.,.F.,.F.,(4,4),(2,2),(0.173178815626739,
0.325392479173698),(0.,0.59510496557726),.UNSPECIFIED.);
#55=B_SPLINE_SURFACE_WITH_KNOTS('',3,3,((#2064,#2065,#2066,#2067),(#2068,
#2069,#2070,#2071),(#2072,#2073,#2074,#2075),(#2076,#2077,#2078,#2079)),
 .UNSPECIFIED.,.F.,.F.,.F.,(4,4),(4,4),(0.,1.),(0.0225959902466251,1.),
 .UNSPECIFIED.);
#56=B_SPLINE_SURFACE_WITH_KNOTS('',3,3,((#2081,#2082,#2083,#2084),(#2085,
#2086,#2087,#2088),(#2089,#2090,#2091,#2092),(#2093,#2094,#2095,#2096),
(#2097,#2098,#2099,#2100),(#2101,#2102,#2103,#2104),(#2105,#2106,#2107,
#2108)),.UNSPECIFIED.,.F.,.F.,.F.,(4,1,1,1,4),(4,4),(-3.22107214784388E-5,
0.285714285714286,0.571428571428571,0.714285714285714,1.00003221071714),
(0.0211818920753625,1.),.UNSPECIFIED.);
#57=B_SPLINE_SURFACE_WITH_KNOTS('',3,3,((#2112,#2113,#2114,#2115),(#2116,
#2117,#2118,#2119),(#2120,#2121,#2122,#2123),(#2124,#2125,#2126,#2127),
(#2128,#2129,#2130,#2131),(#2132,#2133,#2134,#2135),(#2136,#2137,#2138,
#2139)),.UNSPECIFIED.,.F.,.F.,.F.,(4,1,1,1,4),(4,4),(-2.38738418956224E-5,
0.285714285714286,0.571428571428571,0.714285714285714,1.0000238738419),
(0.0211865226847932,1.),.UNSPECIFIED.);
#58=ELLIPSE('',#983,2789.22591799327,28.216641947636);
#59=ELLIPSE('',#986,21.7239168390199,14.736102341993);
#60=ELLIPSE('',#987,22.6970844505761,16.0925958793883);
#61=ELLIPSE('',#988,21.4190517161025,14.3240502386324);
#62=ELLIPSE('',#989,21.1396029766088,13.9583023041414);
#63=ELLIPSE('',#993,26.4552063140659,22.8535328394368);
#64=ELLIPSE('',#999,26.2387152643612,22.6669850668919);
#65=ELLIPSE('',#1005,21.6616055348968,14.6563322818723);
#66=FACE_OUTER_BOUND('',#119,.T.);
#67=FACE_OUTER_BOUND('',#120,.T.);
#68=FACE_OUTER_BOUND('',#121,.T.);
#69=FACE_OUTER_BOUND('',#122,.T.);
#70=FACE_OUTER_BOUND('',#123,.T.);
#71=FACE_OUTER_BOUND('',#124,.T.);
#72=FACE_OUTER_BOUND('',#125,.T.);
#73=FACE_OUTER_BOUND('',#126,.T.);
#74=FACE_OUTER_BOUND('',#128,.T.);
#75=FACE_OUTER_BOUND('',#129,.T.);
#76=FACE_OUTER_BOUND('',#130,.T.);
#77=FACE_OUTER_BOUND('',#131,.T.);
#78=FACE_OUTER_BOUND('',#132,.T.);
#79=FACE_OUTER_BOUND('',#133,.T.);
#80=FACE_OUTER_BOUND('',#134,.T.);
#81=FACE_OUTER_BOUND('',#135,.T.);
#82=FACE_OUTER_BOUND('',#136,.T.);
#83=FACE_OUTER_BOUND('',#137,.T.);
#84=FACE_OUTER_BOUND('',#138,.T.);
#85=FACE_OUTER_BOUND('',#139,.T.);
#86=FACE_OUTER_BOUND('',#140,.T.);
#87=FACE_OUTER_BOUND('',#141,.T.);
#88=FACE_OUTER_BOUND('',#142,.T.);
#89=FACE_OUTER_BOUND('',#143,.T.);
#90=FACE_OUTER_BOUND('',#144,.T.);
#91=FACE_OUTER_BOUND('',#145,.T.);
#92=FACE_OUTER_BOUND('',#146,.T.);
#93=FACE_OUTER_BOUND('',#147,.T.);
#94=FACE_OUTER_BOUND('',#148,.T.);
#95=FACE_OUTER_BOUND('',#149,.T.);
#96=FACE_OUTER_BOUND('',#150,.T.);
#97=FACE_OUTER_BOUND('',#151,.T.);
#98=FACE_OUTER_BOUND('',#152,.T.);
#99=FACE_OUTER_BOUND('',#153,.T.);
#100=FACE_OUTER_BOUND('',#154,.T.);
#101=FACE_OUTER_BOUND('',#155,.T.);
#102=FACE_OUTER_BOUND('',#156,.T.);
#103=FACE_OUTER_BOUND('',#157,.T.);
#104=FACE_OUTER_BOUND('',#159,.T.);
#105=FACE_OUTER_BOUND('',#160,.T.);
#106=FACE_OUTER_BOUND('',#161,.T.);
#107=FACE_OUTER_BOUND('',#162,.T.);
#108=FACE_OUTER_BOUND('',#163,.T.);
#109=FACE_OUTER_BOUND('',#164,.T.);
#110=FACE_OUTER_BOUND('',#165,.T.);
#111=FACE_OUTER_BOUND('',#166,.T.);
#112=FACE_OUTER_BOUND('',#167,.T.);
#113=FACE_OUTER_BOUND('',#168,.T.);
#114=FACE_OUTER_BOUND('',#169,.T.);
#115=FACE_OUTER_BOUND('',#170,.T.);
#116=FACE_OUTER_BOUND('',#171,.T.);
#117=FACE_OUTER_BOUND('',#172,.T.);
#118=FACE_OUTER_BOUND('',#173,.T.);
#119=EDGE_LOOP('',(#603,#604,#605,#606,#607,#608,#609,#610));
#120=EDGE_LOOP('',(#611,#612,#613,#614,#615,#616,#617,#618));
#121=EDGE_LOOP('',(#619,#620,#621,#622,#623,#624,#625,#626,#627,#628,#629,
#630));
#122=EDGE_LOOP('',(#631,#632,#633,#634,#635));
#123=EDGE_LOOP('',(#636,#637,#638,#639,#640));
#124=EDGE_LOOP('',(#641,#642,#643,#644,#645));
#125=EDGE_LOOP('',(#646,#647,#648,#649,#650,#651,#652,#653));
#126=EDGE_LOOP('',(#654,#655,#656,#657,#658,#659,#660,#661));
#127=EDGE_LOOP('',(#662,#663,#664,#665));
#128=EDGE_LOOP('',(#666,#667,#668,#669));
#129=EDGE_LOOP('',(#670,#671,#672,#673));
#130=EDGE_LOOP('',(#674,#675,#676,#677));
#131=EDGE_LOOP('',(#678,#679,#680,#681));
#132=EDGE_LOOP('',(#682,#683,#684,#685));
#133=EDGE_LOOP('',(#686,#687,#688,#689));
#134=EDGE_LOOP('',(#690,#691,#692,#693));
#135=EDGE_LOOP('',(#694,#695,#696,#697));
#136=EDGE_LOOP('',(#698,#699,#700,#701));
#137=EDGE_LOOP('',(#702,#703,#704,#705));
#138=EDGE_LOOP('',(#706,#707,#708,#709));
#139=EDGE_LOOP('',(#710,#711,#712,#713));
#140=EDGE_LOOP('',(#714,#715,#716,#717,#718,#719,#720,#721));
#141=EDGE_LOOP('',(#722,#723,#724,#725,#726,#727,#728,#729));
#142=EDGE_LOOP('',(#730,#731,#732,#733,#734));
#143=EDGE_LOOP('',(#735,#736,#737,#738));
#144=EDGE_LOOP('',(#739,#740,#741,#742));
#145=EDGE_LOOP('',(#743,#744,#745,#746));
#146=EDGE_LOOP('',(#747,#748,#749,#750));
#147=EDGE_LOOP('',(#751,#752,#753,#754,#755));
#148=EDGE_LOOP('',(#756,#757,#758,#759));
#149=EDGE_LOOP('',(#760,#761,#762,#763));
#150=EDGE_LOOP('',(#764,#765,#766,#767));
#151=EDGE_LOOP('',(#768,#769,#770,#771));
#152=EDGE_LOOP('',(#772,#773,#774,#775));
#153=EDGE_LOOP('',(#776,#777,#778,#779,#780,#781,#782,#783,#784,#785,#786,
#787,#788,#789,#790,#791,#792,#793,#794,#795));
#154=EDGE_LOOP('',(#796,#797,#798,#799));
#155=EDGE_LOOP('',(#800,#801,#802,#803));
#156=EDGE_LOOP('',(#804,#805,#806,#807));
#157=EDGE_LOOP('',(#808));
#158=EDGE_LOOP('',(#809,#810,#811,#812,#813,#814,#815,#816,#817,#818,#819,
#820));
#159=EDGE_LOOP('',(#821,#822,#823,#824));
#160=EDGE_LOOP('',(#825,#826,#827,#828));
#161=EDGE_LOOP('',(#829,#830,#831,#832));
#162=EDGE_LOOP('',(#833,#834,#835,#836));
#163=EDGE_LOOP('',(#837,#838,#839,#840));
#164=EDGE_LOOP('',(#841,#842,#843,#844));
#165=EDGE_LOOP('',(#845,#846,#847,#848));
#166=EDGE_LOOP('',(#849,#850,#851,#852));
#167=EDGE_LOOP('',(#853,#854,#855,#856));
#168=EDGE_LOOP('',(#857,#858,#859,#860));
#169=EDGE_LOOP('',(#861,#862,#863,#864));
#170=EDGE_LOOP('',(#865,#866,#867,#868));
#171=EDGE_LOOP('',(#869,#870,#871,#872));
#172=EDGE_LOOP('',(#873,#874,#875,#876));
#173=EDGE_LOOP('',(#877,#878,#879,#880));
#174=B_SPLINE_CURVE_WITH_KNOTS('',3,(#1258,#1259,#1260,#1261,#1262,#1263,
#1264,#1265,#1266,#1267),.UNSPECIFIED.,.F.,.F.,(4,3,3,4),(-0.517507888732629,
-0.25875395957517,-0.0399839810244359,0.),.UNSPECIFIED.);
#175=B_SPLINE_CURVE_WITH_KNOTS('',3,(#1274,#1275,#1276,#1277,#1278,#1279,
#1280,#1281,#1282,#1283),.UNSPECIFIED.,.F.,.F.,(4,3,3,4),(-0.490031418956833,
-0.257601789353708,-0.24501504589258,0.),.UNSPECIFIED.);
#176=B_SPLINE_CURVE_WITH_KNOTS('',3,(#1297,#1298,#1299,#1300),
 .UNSPECIFIED.,.F.,.F.,(4,4),(0.421648595279469,5.20043158085615),
 .UNSPECIFIED.);
#177=B_SPLINE_CURVE_WITH_KNOTS('',3,(#1315,#1316,#1317,#1318,#1319,#1320),
 .UNSPECIFIED.,.F.,.F.,(4,2,4),(0.,0.0750539838217041,0.150107909524872),
 .UNSPECIFIED.);
#178=B_SPLINE_CURVE_WITH_KNOTS('',3,(#1324,#1325,#1326,#1327,#1328,#1329),
 .UNSPECIFIED.,.F.,.F.,(4,2,4),(6.43737044887503E-6,0.0750603883160474,
0.150114397379953),.UNSPECIFIED.);
#179=B_SPLINE_CURVE_WITH_KNOTS('',3,(#1337,#1338,#1339,#1340,#1341,#1342),
 .UNSPECIFIED.,.F.,.F.,(4,2,4),(0.,0.0750720924100173,0.150144208242812),
 .UNSPECIFIED.);
#180=B_SPLINE_CURVE_WITH_KNOTS('',3,(#1346,#1347,#1348,#1349,#1350,#1351),
 .UNSPECIFIED.,.F.,.F.,(4,2,4),(6.45367092270226E-6,0.0750785363325846,
0.150150696423073),.UNSPECIFIED.);
#181=B_SPLINE_CURVE_WITH_KNOTS('',3,(#1364,#1365,#1366,#1367,#1368,#1369,
#1370,#1371,#1372,#1373,#1374,#1375,#1376,#1377,#1378,#1379,#1380,#1381,
#1382,#1383,#1384,#1385,#1386,#1387,#1388,#1389,#1390,#1391,#1392,#1393,
#1394),.UNSPECIFIED.,.F.,.F.,(4,3,3,3,3,3,3,3,3,3,4),(0.,0.0409043371595879,
0.0831957776410738,0.0917689778685641,0.141345081259429,0.179769285253629,
0.231982507784643,0.271538278783684,0.314000382150127,0.317799289204042,
0.359683689809282),.UNSPECIFIED.);
#182=B_SPLINE_CURVE_WITH_KNOTS('',3,(#1409,#1410,#1411,#1412,#1413,#1414,
#1415,#1416,#1417,#1418,#1419,#1420,#1421,#1422,#1423,#1424,#1425,#1426,
#1427,#1428,#1429,#1430,#1431,#1432,#1433,#1434,#1435,#1436),
 .UNSPECIFIED.,.F.,.F.,(4,3,3,3,3,3,3,3,3,4),(1.70301322375102E-5,0.0419098013402854,
0.0838025725483332,0.132484610853451,0.180037053164148,0.232239580169548,
0.272260179692877,0.316297769945843,0.35726636674404,0.360335360198809),
 .UNSPECIFIED.);
#183=B_SPLINE_CURVE_WITH_KNOTS('',3,(#1452,#1453,#1454,#1455,#1456,#1457,
#1458,#1459,#1460,#1461),.UNSPECIFIED.,.F.,.F.,(4,3,3,4),(-0.489601714688722,
-0.244803769475931,-0.0355118063826703,0.),.UNSPECIFIED.);
#184=B_SPLINE_CURVE_WITH_KNOTS('',3,(#1464,#1465,#1466,#1467,#1468,#1469,
#1470,#1471,#1472,#1473,#1474,#1475,#1476,#1477,#1478,#1479,#1480,#1481,
#1482,#1483,#1484,#1485,#1486,#1487,#1488,#1489,#1490,#1491,#1492,#1493,
#1494),.UNSPECIFIED.,.F.,.F.,(4,3,3,3,3,3,3,3,3,3,4),(1.50418678789912E-5,
0.041347452947382,0.0837602009529631,0.0873753291462985,0.136595857633779,
0.179788831003057,0.232004656530092,0.267459210004255,0.309865522989205,
0.350825080703291,0.359711240436918),.UNSPECIFIED.);
#185=B_SPLINE_CURVE_WITH_KNOTS('',3,(#1509,#1510,#1511,#1512,#1513,#1514,
#1515,#1516,#1517,#1518),.UNSPECIFIED.,.F.,.F.,(4,2,2,2,4),(0.,0.00984540506519998,
0.0211395942282096,0.0346795313843316,0.0482382045888933),.UNSPECIFIED.);
#186=B_SPLINE_CURVE_WITH_KNOTS('',3,(#1522,#1523,#1524,#1525,#1526,#1527,
#1528,#1529,#1530,#1531),.UNSPECIFIED.,.F.,.F.,(4,2,2,2,4),(0.,0.00984540506630938,
0.021139594264605,0.0346795314792078,0.0482382047203138),.UNSPECIFIED.);
#187=B_SPLINE_CURVE_WITH_KNOTS('',3,(#1535,#1536,#1537,#1538,#1539,#1540,
#1541,#1542,#1543,#1544),.UNSPECIFIED.,.F.,.F.,(4,2,2,2,4),(0.,0.00984540506484026,
0.021139594294543,0.0346795315939035,0.0482382049131082),.UNSPECIFIED.);
#188=B_SPLINE_CURVE_WITH_KNOTS('',3,(#1547,#1548,#1549,#1550,#1551,#1552,
#1553,#1554,#1555,#1556),.UNSPECIFIED.,.F.,.F.,(4,2,2,2,4),(0.,0.00984540506218736,
0.0211395942474983,0.0346795314395176,0.04823820466684),.UNSPECIFIED.);
#189=B_SPLINE_CURVE_WITH_KNOTS('',3,(#1584,#1585,#1586,#1587,#1588),
 .UNSPECIFIED.,.F.,.F.,(4,1,4),(-10.6626286876675,-4.56969800900035,0.),
 .UNSPECIFIED.);
#190=B_SPLINE_CURVE_WITH_KNOTS('',3,(#1618,#1619,#1620,#1621,#1622),
 .UNSPECIFIED.,.F.,.F.,(4,1,4),(0.,4.56969800900035,10.6626286876675),
 .UNSPECIFIED.);
#191=B_SPLINE_CURVE_WITH_KNOTS('',3,(#1658,#1659,#1660,#1661,#1662,#1663,
#1664),.UNSPECIFIED.,.F.,.F.,(4,1,1,1,4),(-2.22420602564076,-1.5887185897434,
-0.953231153846039,-0.63548743589736,0.),.UNSPECIFIED.);
#192=B_SPLINE_CURVE_WITH_KNOTS('',3,(#1667,#1668,#1669,#1670,#1671,#1672,
#1673,#1674,#1675,#1676,#1677,#1678,#1679,#1680,#1681,#1682,#1683,#1684,
#1685,#1686,#1687,#1688,#1689,#1690,#1691,#1692,#1693,#1694),
 .UNSPECIFIED.,.F.,.F.,(4,3,3,3,3,3,3,3,3,4),(0.,0.259776298536072,0.529776681290376,
0.63548743589736,0.953231153846039,1.33838382922093,1.5887185897434,1.90646230769208,
2.20627366144516,2.22420602564076),.UNSPECIFIED.);
#193=B_SPLINE_CURVE_WITH_KNOTS('',3,(#1733,#1734,#1735,#1736,#1737,#1738,
#1739),.UNSPECIFIED.,.F.,.F.,(4,1,1,1,4),(-2.29542188592862,-1.63958706137759,
-0.983752236826552,-0.655834824551035,0.),.UNSPECIFIED.);
#194=B_SPLINE_CURVE_WITH_KNOTS('',3,(#1740,#1741,#1742,#1743,#1744,#1745,
#1746,#1747,#1748,#1749,#1750,#1751,#1752,#1753,#1754,#1755,#1756,#1757,
#1758,#1759,#1760,#1761,#1762,#1763,#1764),.UNSPECIFIED.,.F.,.F.,(4,3,3,
3,3,3,3,3,4),(0.,0.302350131178953,0.637129619744913,0.655834824551035,
0.983752236826552,1.63958706137759,1.92983663043532,2.20560601192535,2.29542188592862),
 .UNSPECIFIED.);
#195=B_SPLINE_CURVE_WITH_KNOTS('',3,(#1816,#1817,#1818,#1819,#1820),
 .UNSPECIFIED.,.F.,.F.,(4,1,4),(-8.97558077860775,-3.84667747654618,0.),
 .UNSPECIFIED.);
#196=B_SPLINE_CURVE_WITH_KNOTS('',3,(#1821,#1822,#1823,#1824,#1825),
 .UNSPECIFIED.,.F.,.F.,(4,1,4),(0.,3.84667747654618,8.97558077860775),
 .UNSPECIFIED.);
#197=B_SPLINE_CURVE_WITH_KNOTS('',3,(#1857,#1858,#1859,#1860,#1861,#1862),
 .UNSPECIFIED.,.F.,.F.,(4,1,1,4),(-2.22422713447224,-1.58873366748017,-0.953240200488104,
0.),.UNSPECIFIED.);
#198=B_SPLINE_CURVE_WITH_KNOTS('',3,(#1865,#1866,#1867,#1868,#1869,#1870),
 .UNSPECIFIED.,.F.,.F.,(4,1,1,4),(0.,0.953240200488104,1.58873366748017,
2.22422713447224),.UNSPECIFIED.);
#199=B_SPLINE_CURVE_WITH_KNOTS('',3,(#1909,#1910,#1911,#1912,#1913,#1914,
#1915),.UNSPECIFIED.,.F.,.F.,(4,1,1,1,4),(-2.2954222438383,-1.63958731702736,
-0.983752390216413,-0.327917463405471,0.),.UNSPECIFIED.);
#200=B_SPLINE_CURVE_WITH_KNOTS('',3,(#1916,#1917,#1918,#1919,#1920,#1921,
#1922),.UNSPECIFIED.,.F.,.F.,(4,1,1,1,4),(0.,0.327917463405471,0.983752390216413,
1.63958731702736,2.2954222438383),.UNSPECIFIED.);
#201=B_SPLINE_CURVE_WITH_KNOTS('',3,(#1948,#1949,#1950,#1951,#1952),
 .UNSPECIFIED.,.F.,.F.,(4,1,4),(-10.6626286875879,-6.09293067862172,-9.88549621708788E-14),
 .UNSPECIFIED.);
#202=B_SPLINE_CURVE_WITH_KNOTS('',3,(#1953,#1954,#1955,#1956,#1957),
 .UNSPECIFIED.,.F.,.F.,(4,1,4),(9.88549621708788E-14,6.09293067862172,10.6626286875879),
 .UNSPECIFIED.);
#203=B_SPLINE_CURVE_WITH_KNOTS('',3,(#2036,#2037,#2038,#2039,#2040,#2041,
#2042,#2043,#2044,#2045,#2046,#2047,#2048,#2049,#2050,#2051,#2052,#2053,
#2054,#2055,#2056,#2057,#2058,#2059,#2060,#2061,#2062,#2063),
 .UNSPECIFIED.,.F.,.F.,(4,3,3,3,3,3,3,3,3,4),(0.,0.0409899357518478,0.0833273627655049,
0.0886874641672244,0.138124405885844,0.180041872932783,0.231767667152311,
0.277392731865774,0.318885529909745,0.360378327953715),.UNSPECIFIED.);
#204=LINE('',#1252,#289);
#205=LINE('',#1254,#290);
#206=LINE('',#1256,#291);
#207=LINE('',#1269,#292);
#208=LINE('',#1271,#293);
#209=LINE('',#1273,#294);
#210=LINE('',#1287,#295);
#211=LINE('',#1289,#296);
#212=LINE('',#1291,#297);
#213=LINE('',#1295,#298);
#214=LINE('',#1296,#299);
#215=LINE('',#1313,#300);
#216=LINE('',#1322,#301);
#217=LINE('',#1331,#302);
#218=LINE('',#1335,#303);
#219=LINE('',#1344,#304);
#220=LINE('',#1352,#305);
#221=LINE('',#1396,#306);
#222=LINE('',#1407,#307);
#223=LINE('',#1450,#308);
#224=LINE('',#1463,#309);
#225=LINE('',#1497,#310);
#226=LINE('',#1499,#311);
#227=LINE('',#1500,#312);
#228=LINE('',#1502,#313);
#229=LINE('',#1503,#314);
#230=LINE('',#1507,#315);
#231=LINE('',#1520,#316);
#232=LINE('',#1533,#317);
#233=LINE('',#1546,#318);
#234=LINE('',#1557,#319);
#235=LINE('',#1560,#320);
#236=LINE('',#1562,#321);
#237=LINE('',#1581,#322);
#238=LINE('',#1583,#323);
#239=LINE('',#1986,#324);
#240=LINE('',#2019,#325);
#241=LINE('',#2020,#326);
#242=LINE('',#2022,#327);
#243=LINE('',#2023,#328);
#244=LINE('',#2033,#329);
#245=LINE('',#2080,#330);
#246=LINE('',#2109,#331);
#247=LINE('',#2111,#332);
#248=LINE('',#2144,#333);
#249=LINE('',#2146,#334);
#250=LINE('',#2149,#335);
#251=LINE('',#2151,#336);
#252=LINE('',#2154,#337);
#253=LINE('',#2155,#338);
#254=LINE('',#2159,#339);
#255=LINE('',#2161,#340);
#256=LINE('',#2164,#341);
#257=LINE('',#2167,#342);
#258=LINE('',#2170,#343);
#259=LINE('',#2172,#344);
#260=LINE('',#2175,#345);
#261=LINE('',#2177,#346);
#262=LINE('',#2179,#347);
#263=LINE('',#2184,#348);
#264=LINE('',#2186,#349);
#265=LINE('',#2188,#350);
#266=LINE('',#2190,#351);
#267=LINE('',#2192,#352);
#268=LINE('',#2194,#353);
#269=LINE('',#2196,#354);
#270=LINE('',#2198,#355);
#271=LINE('',#2200,#356);
#272=LINE('',#2202,#357);
#273=LINE('',#2204,#358);
#274=LINE('',#2205,#359);
#275=LINE('',#2207,#360);
#276=LINE('',#2208,#361);
#277=LINE('',#2210,#362);
#278=LINE('',#2212,#363);
#279=LINE('',#2214,#364);
#280=LINE('',#2216,#365);
#281=LINE('',#2218,#366);
#282=LINE('',#2220,#367);
#283=LINE('',#2222,#368);
#284=LINE('',#2224,#369);
#285=LINE('',#2226,#370);
#286=LINE('',#2228,#371);
#287=LINE('',#2231,#372);
#288=LINE('',#2233,#373);
#289=VECTOR('',#1046,1.);
#290=VECTOR('',#1047,1.);
#291=VECTOR('',#1048,1.);
#292=VECTOR('',#1049,1.);
#293=VECTOR('',#1050,1.);
#294=VECTOR('',#1051,1.);
#295=VECTOR('',#1054,1.);
#296=VECTOR('',#1055,1.);
#297=VECTOR('',#1056,1.);
#298=VECTOR('',#1059,1.);
#299=VECTOR('',#1060,1.);
#300=VECTOR('',#1063,10.);
#301=VECTOR('',#1064,10.);
#302=VECTOR('',#1065,10.);
#303=VECTOR('',#1068,10.);
#304=VECTOR('',#1069,10.);
#305=VECTOR('',#1070,10.);
#306=VECTOR('',#1073,10.);
#307=VECTOR('',#1076,10.);
#308=VECTOR('',#1081,10.);
#309=VECTOR('',#1082,10.);
#310=VECTOR('',#1085,1.);
#311=VECTOR('',#1086,1.);
#312=VECTOR('',#1087,1.);
#313=VECTOR('',#1088,1.);
#314=VECTOR('',#1089,1.);
#315=VECTOR('',#1092,1.);
#316=VECTOR('',#1093,1.);
#317=VECTOR('',#1094,1.);
#318=VECTOR('',#1095,1.);
#319=VECTOR('',#1096,1.);
#320=VECTOR('',#1099,10.45227248018);
#321=VECTOR('',#1100,1.);
#322=VECTOR('',#1103,10.5675730862134);
#323=VECTOR('',#1104,10.0748128051564);
#324=VECTOR('',#1123,10.074812805169);
#325=VECTOR('',#1128,1.);
#326=VECTOR('',#1129,10.);
#327=VECTOR('',#1130,10.);
#328=VECTOR('',#1131,1.);
#329=VECTOR('',#1132,10.);
#330=VECTOR('',#1135,10.5675730862226);
#331=VECTOR('',#1136,1.);
#332=VECTOR('',#1139,10.4865123828692);
#333=VECTOR('',#1144,1.);
#334=VECTOR('',#1145,10.);
#335=VECTOR('',#1150,1.);
#336=VECTOR('',#1153,10.);
#337=VECTOR('',#1156,10.);
#338=VECTOR('',#1157,10.);
#339=VECTOR('',#1162,1.);
#340=VECTOR('',#1165,1.);
#341=VECTOR('',#1168,2.7);
#342=VECTOR('',#1171,10.);
#343=VECTOR('',#1174,1.);
#344=VECTOR('',#1175,10.);
#345=VECTOR('',#1178,1.);
#346=VECTOR('',#1181,1.);
#347=VECTOR('',#1184,10.);
#348=VECTOR('',#1189,1.);
#349=VECTOR('',#1190,1.);
#350=VECTOR('',#1191,1.);
#351=VECTOR('',#1192,1.);
#352=VECTOR('',#1193,1.);
#353=VECTOR('',#1194,1.);
#354=VECTOR('',#1195,1.);
#355=VECTOR('',#1196,1.);
#356=VECTOR('',#1197,1.);
#357=VECTOR('',#1198,1.);
#358=VECTOR('',#1199,1.);
#359=VECTOR('',#1200,1.);
#360=VECTOR('',#1203,1.);
#361=VECTOR('',#1204,1.);
#362=VECTOR('',#1207,1.);
#363=VECTOR('',#1210,1.);
#364=VECTOR('',#1213,1.);
#365=VECTOR('',#1216,1.);
#366=VECTOR('',#1219,1.);
#367=VECTOR('',#1222,1.);
#368=VECTOR('',#1225,1.);
#369=VECTOR('',#1228,1.);
#370=VECTOR('',#1231,1.);
#371=VECTOR('',#1234,1.);
#372=VECTOR('',#1239,10.);
#373=VECTOR('',#1242,1.);
#374=VERTEX_POINT('',#1250);
#375=VERTEX_POINT('',#1251);
#376=VERTEX_POINT('',#1253);
#377=VERTEX_POINT('',#1255);
#378=VERTEX_POINT('',#1257);
#379=VERTEX_POINT('',#1268);
#380=VERTEX_POINT('',#1270);
#381=VERTEX_POINT('',#1272);
#382=VERTEX_POINT('',#1285);
#383=VERTEX_POINT('',#1286);
#384=VERTEX_POINT('',#1288);
#385=VERTEX_POINT('',#1290);
#386=VERTEX_POINT('',#1292);
#387=VERTEX_POINT('',#1294);
#388=VERTEX_POINT('',#1309);
#389=VERTEX_POINT('',#1310);
#390=VERTEX_POINT('',#1312);
#391=VERTEX_POINT('',#1314);
#392=VERTEX_POINT('',#1321);
#393=VERTEX_POINT('',#1323);
#394=VERTEX_POINT('',#1330);
#395=VERTEX_POINT('',#1332);
#396=VERTEX_POINT('',#1334);
#397=VERTEX_POINT('',#1336);
#398=VERTEX_POINT('',#1343);
#399=VERTEX_POINT('',#1345);
#400=VERTEX_POINT('',#1361);
#401=VERTEX_POINT('',#1363);
#402=VERTEX_POINT('',#1395);
#403=VERTEX_POINT('',#1406);
#404=VERTEX_POINT('',#1408);
#405=VERTEX_POINT('',#1446);
#406=VERTEX_POINT('',#1447);
#407=VERTEX_POINT('',#1449);
#408=VERTEX_POINT('',#1451);
#409=VERTEX_POINT('',#1462);
#410=VERTEX_POINT('',#1496);
#411=VERTEX_POINT('',#1498);
#412=VERTEX_POINT('',#1501);
#413=VERTEX_POINT('',#1505);
#414=VERTEX_POINT('',#1506);
#415=VERTEX_POINT('',#1508);
#416=VERTEX_POINT('',#1519);
#417=VERTEX_POINT('',#1521);
#418=VERTEX_POINT('',#1532);
#419=VERTEX_POINT('',#1534);
#420=VERTEX_POINT('',#1545);
#421=VERTEX_POINT('',#1559);
#422=VERTEX_POINT('',#1561);
#423=VERTEX_POINT('',#1580);
#424=VERTEX_POINT('',#1582);
#425=VERTEX_POINT('',#1614);
#426=VERTEX_POINT('',#1616);
#427=VERTEX_POINT('',#1665);
#428=VERTEX_POINT('',#1730);
#429=VERTEX_POINT('',#1731);
#430=VERTEX_POINT('',#1785);
#431=VERTEX_POINT('',#1813);
#432=VERTEX_POINT('',#1814);
#433=VERTEX_POINT('',#1856);
#434=VERTEX_POINT('',#1863);
#435=VERTEX_POINT('',#1906);
#436=VERTEX_POINT('',#1907);
#437=VERTEX_POINT('',#2017);
#438=VERTEX_POINT('',#2018);
#439=VERTEX_POINT('',#2021);
#440=VERTEX_POINT('',#2032);
#441=VERTEX_POINT('',#2034);
#442=VERTEX_POINT('',#2141);
#443=VERTEX_POINT('',#2142);
#444=VERTEX_POINT('',#2145);
#445=VERTEX_POINT('',#2153);
#446=VERTEX_POINT('',#2157);
#447=VERTEX_POINT('',#2163);
#448=VERTEX_POINT('',#2166);
#449=VERTEX_POINT('',#2168);
#450=VERTEX_POINT('',#2171);
#451=VERTEX_POINT('',#2173);
#452=VERTEX_POINT('',#2182);
#453=VERTEX_POINT('',#2183);
#454=VERTEX_POINT('',#2185);
#455=VERTEX_POINT('',#2187);
#456=VERTEX_POINT('',#2189);
#457=VERTEX_POINT('',#2191);
#458=VERTEX_POINT('',#2193);
#459=VERTEX_POINT('',#2195);
#460=VERTEX_POINT('',#2197);
#461=VERTEX_POINT('',#2199);
#462=VERTEX_POINT('',#2201);
#463=VERTEX_POINT('',#2203);
#464=EDGE_CURVE('',#374,#375,#204,.T.);
#465=EDGE_CURVE('',#376,#374,#205,.T.);
#466=EDGE_CURVE('',#377,#376,#206,.T.);
#467=EDGE_CURVE('',#378,#377,#174,.F.);
#468=EDGE_CURVE('',#378,#379,#207,.T.);
#469=EDGE_CURVE('',#380,#379,#208,.F.);
#470=EDGE_CURVE('',#380,#381,#209,.T.);
#471=EDGE_CURVE('',#375,#381,#175,.F.);
#472=EDGE_CURVE('',#382,#383,#210,.T.);
#473=EDGE_CURVE('',#384,#382,#211,.T.);
#474=EDGE_CURVE('',#385,#384,#212,.T.);
#475=EDGE_CURVE('',#385,#386,#58,.T.);
#476=EDGE_CURVE('',#387,#386,#213,.F.);
#477=EDGE_CURVE('',#379,#387,#214,.F.);
#478=EDGE_CURVE('',#378,#383,#176,.T.);
#479=EDGE_CURVE('',#388,#389,#23,.T.);
#480=EDGE_CURVE('',#390,#388,#215,.T.);
#481=EDGE_CURVE('',#391,#390,#177,.T.);
#482=EDGE_CURVE('',#392,#391,#216,.T.);
#483=EDGE_CURVE('',#393,#392,#178,.T.);
#484=EDGE_CURVE('',#394,#393,#217,.T.);
#485=EDGE_CURVE('',#395,#394,#24,.T.);
#486=EDGE_CURVE('',#396,#395,#218,.T.);
#487=EDGE_CURVE('',#397,#396,#179,.T.);
#488=EDGE_CURVE('',#398,#397,#219,.T.);
#489=EDGE_CURVE('',#399,#398,#180,.T.);
#490=EDGE_CURVE('',#389,#399,#220,.T.);
#491=EDGE_CURVE('',#400,#385,#59,.T.);
#492=EDGE_CURVE('',#401,#400,#181,.T.);
#493=EDGE_CURVE('',#402,#401,#221,.T.);
#494=EDGE_CURVE('',#386,#402,#60,.T.);
#495=EDGE_CURVE('',#403,#377,#222,.T.);
#496=EDGE_CURVE('',#404,#403,#182,.T.);
#497=EDGE_CURVE('',#383,#404,#61,.T.);
#498=EDGE_CURVE('',#405,#406,#62,.T.);
#499=EDGE_CURVE('',#405,#407,#223,.F.);
#500=EDGE_CURVE('',#408,#407,#183,.T.);
#501=EDGE_CURVE('',#409,#408,#224,.T.);
#502=EDGE_CURVE('',#406,#409,#184,.T.);
#503=EDGE_CURVE('',#408,#410,#225,.T.);
#504=EDGE_CURVE('',#407,#411,#226,.T.);
#505=EDGE_CURVE('',#387,#411,#227,.F.);
#506=EDGE_CURVE('',#412,#402,#228,.T.);
#507=EDGE_CURVE('',#410,#412,#229,.T.);
#508=EDGE_CURVE('',#413,#414,#230,.T.);
#509=EDGE_CURVE('',#414,#415,#185,.T.);
#510=EDGE_CURVE('',#415,#416,#231,.T.);
#511=EDGE_CURVE('',#416,#417,#186,.T.);
#512=EDGE_CURVE('',#417,#418,#232,.T.);
#513=EDGE_CURVE('',#418,#419,#187,.T.);
#514=EDGE_CURVE('',#419,#420,#233,.T.);
#515=EDGE_CURVE('',#420,#413,#188,.T.);
#516=EDGE_CURVE('',#411,#380,#234,.T.);
#517=EDGE_CURVE('',#421,#414,#235,.T.);
#518=EDGE_CURVE('',#422,#413,#236,.T.);
#519=EDGE_CURVE('',#421,#422,#63,.T.);
#520=EDGE_CURVE('',#423,#416,#237,.T.);
#521=EDGE_CURVE('',#424,#415,#238,.T.);
#522=EDGE_CURVE('',#423,#424,#189,.T.);
#523=EDGE_CURVE('',#425,#423,#25,.T.);
#524=EDGE_CURVE('',#424,#426,#26,.T.);
#525=EDGE_CURVE('',#426,#425,#190,.T.);
#526=EDGE_CURVE('',#424,#421,#191,.T.);
#527=EDGE_CURVE('',#421,#427,#27,.T.);
#528=EDGE_CURVE('',#427,#426,#192,.T.);
#529=EDGE_CURVE('',#428,#429,#28,.T.);
#530=EDGE_CURVE('',#429,#423,#193,.T.);
#531=EDGE_CURVE('',#425,#428,#194,.T.);
#532=EDGE_CURVE('',#422,#430,#29,.T.);
#533=EDGE_CURVE('',#430,#427,#64,.T.);
#534=EDGE_CURVE('',#431,#432,#30,.T.);
#535=EDGE_CURVE('',#432,#429,#195,.T.);
#536=EDGE_CURVE('',#428,#431,#196,.T.);
#537=EDGE_CURVE('',#422,#433,#197,.T.);
#538=EDGE_CURVE('',#433,#434,#31,.T.);
#539=EDGE_CURVE('',#434,#430,#198,.T.);
#540=EDGE_CURVE('',#435,#436,#32,.T.);
#541=EDGE_CURVE('',#436,#432,#199,.T.);
#542=EDGE_CURVE('',#431,#435,#200,.T.);
#543=EDGE_CURVE('',#433,#436,#201,.T.);
#544=EDGE_CURVE('',#435,#434,#202,.T.);
#545=EDGE_CURVE('',#433,#420,#239,.T.);
#546=EDGE_CURVE('',#437,#438,#240,.T.);
#547=EDGE_CURVE('',#381,#437,#241,.F.);
#548=EDGE_CURVE('',#439,#405,#242,.T.);
#549=EDGE_CURVE('',#438,#439,#243,.T.);
#550=EDGE_CURVE('',#375,#440,#244,.T.);
#551=EDGE_CURVE('',#441,#437,#65,.T.);
#552=EDGE_CURVE('',#440,#441,#203,.T.);
#553=EDGE_CURVE('',#436,#419,#245,.T.);
#554=EDGE_CURVE('',#429,#417,#246,.T.);
#555=EDGE_CURVE('',#432,#418,#247,.T.);
#556=EDGE_CURVE('',#442,#443,#33,.T.);
#557=EDGE_CURVE('',#376,#442,#248,.F.);
#558=EDGE_CURVE('',#374,#444,#249,.T.);
#559=EDGE_CURVE('',#443,#444,#34,.T.);
#560=EDGE_CURVE('',#403,#442,#250,.T.);
#561=EDGE_CURVE('',#444,#440,#251,.T.);
#562=EDGE_CURVE('',#445,#406,#252,.T.);
#563=EDGE_CURVE('',#439,#445,#253,.T.);
#564=EDGE_CURVE('',#446,#445,#35,.T.);
#565=EDGE_CURVE('',#438,#446,#254,.F.);
#566=EDGE_CURVE('',#441,#446,#255,.T.);
#567=EDGE_CURVE('',#443,#447,#256,.T.);
#568=EDGE_CURVE('',#447,#447,#36,.F.);
#569=EDGE_CURVE('',#409,#448,#257,.T.);
#570=EDGE_CURVE('',#448,#449,#37,.T.);
#571=EDGE_CURVE('',#449,#401,#258,.T.);
#572=EDGE_CURVE('',#450,#400,#259,.T.);
#573=EDGE_CURVE('',#451,#450,#38,.T.);
#574=EDGE_CURVE('',#404,#451,#260,.T.);
#575=EDGE_CURVE('',#449,#412,#261,.F.);
#576=EDGE_CURVE('',#448,#410,#262,.T.);
#577=EDGE_CURVE('',#452,#453,#263,.F.);
#578=EDGE_CURVE('',#452,#454,#264,.T.);
#579=EDGE_CURVE('',#454,#455,#265,.T.);
#580=EDGE_CURVE('',#455,#456,#266,.T.);
#581=EDGE_CURVE('',#457,#456,#267,.F.);
#582=EDGE_CURVE('',#457,#458,#268,.T.);
#583=EDGE_CURVE('',#458,#459,#269,.T.);
#584=EDGE_CURVE('',#459,#460,#270,.T.);
#585=EDGE_CURVE('',#460,#461,#271,.T.);
#586=EDGE_CURVE('',#461,#462,#272,.T.);
#587=EDGE_CURVE('',#462,#463,#273,.T.);
#588=EDGE_CURVE('',#463,#453,#274,.T.);
#589=EDGE_CURVE('',#453,#389,#275,.T.);
#590=EDGE_CURVE('',#463,#388,#276,.T.);
#591=EDGE_CURVE('',#462,#390,#277,.T.);
#592=EDGE_CURVE('',#452,#399,#278,.T.);
#593=EDGE_CURVE('',#461,#391,#279,.T.);
#594=EDGE_CURVE('',#454,#398,#280,.T.);
#595=EDGE_CURVE('',#460,#392,#281,.T.);
#596=EDGE_CURVE('',#455,#397,#282,.T.);
#597=EDGE_CURVE('',#459,#393,#283,.T.);
#598=EDGE_CURVE('',#456,#396,#284,.T.);
#599=EDGE_CURVE('',#458,#394,#285,.T.);
#600=EDGE_CURVE('',#457,#395,#286,.T.);
#601=EDGE_CURVE('',#450,#384,#287,.T.);
#602=EDGE_CURVE('',#451,#382,#288,.T.);
#603=ORIENTED_EDGE('',*,*,#464,.F.);
#604=ORIENTED_EDGE('',*,*,#465,.F.);
#605=ORIENTED_EDGE('',*,*,#466,.F.);
#606=ORIENTED_EDGE('',*,*,#467,.F.);
#607=ORIENTED_EDGE('',*,*,#468,.T.);
#608=ORIENTED_EDGE('',*,*,#469,.F.);
#609=ORIENTED_EDGE('',*,*,#470,.T.);
#610=ORIENTED_EDGE('',*,*,#471,.F.);
#611=ORIENTED_EDGE('',*,*,#472,.F.);
#612=ORIENTED_EDGE('',*,*,#473,.F.);
#613=ORIENTED_EDGE('',*,*,#474,.F.);
#614=ORIENTED_EDGE('',*,*,#475,.T.);
#615=ORIENTED_EDGE('',*,*,#476,.F.);
#616=ORIENTED_EDGE('',*,*,#477,.F.);
#617=ORIENTED_EDGE('',*,*,#468,.F.);
#618=ORIENTED_EDGE('',*,*,#478,.T.);
#619=ORIENTED_EDGE('',*,*,#479,.F.);
#620=ORIENTED_EDGE('',*,*,#480,.F.);
#621=ORIENTED_EDGE('',*,*,#481,.F.);
#622=ORIENTED_EDGE('',*,*,#482,.F.);
#623=ORIENTED_EDGE('',*,*,#483,.F.);
#624=ORIENTED_EDGE('',*,*,#484,.F.);
#625=ORIENTED_EDGE('',*,*,#485,.F.);
#626=ORIENTED_EDGE('',*,*,#486,.F.);
#627=ORIENTED_EDGE('',*,*,#487,.F.);
#628=ORIENTED_EDGE('',*,*,#488,.F.);
#629=ORIENTED_EDGE('',*,*,#489,.F.);
#630=ORIENTED_EDGE('',*,*,#490,.F.);
#631=ORIENTED_EDGE('',*,*,#491,.F.);
#632=ORIENTED_EDGE('',*,*,#492,.F.);
#633=ORIENTED_EDGE('',*,*,#493,.F.);
#634=ORIENTED_EDGE('',*,*,#494,.F.);
#635=ORIENTED_EDGE('',*,*,#475,.F.);
#636=ORIENTED_EDGE('',*,*,#495,.F.);
#637=ORIENTED_EDGE('',*,*,#496,.F.);
#638=ORIENTED_EDGE('',*,*,#497,.F.);
#639=ORIENTED_EDGE('',*,*,#478,.F.);
#640=ORIENTED_EDGE('',*,*,#467,.T.);
#641=ORIENTED_EDGE('',*,*,#498,.F.);
#642=ORIENTED_EDGE('',*,*,#499,.T.);
#643=ORIENTED_EDGE('',*,*,#500,.F.);
#644=ORIENTED_EDGE('',*,*,#501,.F.);
#645=ORIENTED_EDGE('',*,*,#502,.F.);
#646=ORIENTED_EDGE('',*,*,#503,.F.);
#647=ORIENTED_EDGE('',*,*,#500,.T.);
#648=ORIENTED_EDGE('',*,*,#504,.T.);
#649=ORIENTED_EDGE('',*,*,#505,.F.);
#650=ORIENTED_EDGE('',*,*,#476,.T.);
#651=ORIENTED_EDGE('',*,*,#494,.T.);
#652=ORIENTED_EDGE('',*,*,#506,.F.);
#653=ORIENTED_EDGE('',*,*,#507,.F.);
#654=ORIENTED_EDGE('',*,*,#508,.T.);
#655=ORIENTED_EDGE('',*,*,#509,.T.);
#656=ORIENTED_EDGE('',*,*,#510,.T.);
#657=ORIENTED_EDGE('',*,*,#511,.T.);
#658=ORIENTED_EDGE('',*,*,#512,.T.);
#659=ORIENTED_EDGE('',*,*,#513,.T.);
#660=ORIENTED_EDGE('',*,*,#514,.T.);
#661=ORIENTED_EDGE('',*,*,#515,.T.);
#662=ORIENTED_EDGE('',*,*,#505,.T.);
#663=ORIENTED_EDGE('',*,*,#516,.T.);
#664=ORIENTED_EDGE('',*,*,#469,.T.);
#665=ORIENTED_EDGE('',*,*,#477,.T.);
#666=ORIENTED_EDGE('',*,*,#517,.T.);
#667=ORIENTED_EDGE('',*,*,#508,.F.);
#668=ORIENTED_EDGE('',*,*,#518,.F.);
#669=ORIENTED_EDGE('',*,*,#519,.F.);
#670=ORIENTED_EDGE('',*,*,#520,.T.);
#671=ORIENTED_EDGE('',*,*,#510,.F.);
#672=ORIENTED_EDGE('',*,*,#521,.F.);
#673=ORIENTED_EDGE('',*,*,#522,.F.);
#674=ORIENTED_EDGE('',*,*,#523,.T.);
#675=ORIENTED_EDGE('',*,*,#522,.T.);
#676=ORIENTED_EDGE('',*,*,#524,.T.);
#677=ORIENTED_EDGE('',*,*,#525,.T.);
#678=ORIENTED_EDGE('',*,*,#524,.F.);
#679=ORIENTED_EDGE('',*,*,#526,.T.);
#680=ORIENTED_EDGE('',*,*,#527,.T.);
#681=ORIENTED_EDGE('',*,*,#528,.T.);
#682=ORIENTED_EDGE('',*,*,#529,.T.);
#683=ORIENTED_EDGE('',*,*,#530,.T.);
#684=ORIENTED_EDGE('',*,*,#523,.F.);
#685=ORIENTED_EDGE('',*,*,#531,.T.);
#686=ORIENTED_EDGE('',*,*,#527,.F.);
#687=ORIENTED_EDGE('',*,*,#519,.T.);
#688=ORIENTED_EDGE('',*,*,#532,.T.);
#689=ORIENTED_EDGE('',*,*,#533,.T.);
#690=ORIENTED_EDGE('',*,*,#534,.T.);
#691=ORIENTED_EDGE('',*,*,#535,.T.);
#692=ORIENTED_EDGE('',*,*,#529,.F.);
#693=ORIENTED_EDGE('',*,*,#536,.T.);
#694=ORIENTED_EDGE('',*,*,#532,.F.);
#695=ORIENTED_EDGE('',*,*,#537,.T.);
#696=ORIENTED_EDGE('',*,*,#538,.T.);
#697=ORIENTED_EDGE('',*,*,#539,.T.);
#698=ORIENTED_EDGE('',*,*,#540,.T.);
#699=ORIENTED_EDGE('',*,*,#541,.T.);
#700=ORIENTED_EDGE('',*,*,#534,.F.);
#701=ORIENTED_EDGE('',*,*,#542,.T.);
#702=ORIENTED_EDGE('',*,*,#538,.F.);
#703=ORIENTED_EDGE('',*,*,#543,.T.);
#704=ORIENTED_EDGE('',*,*,#540,.F.);
#705=ORIENTED_EDGE('',*,*,#544,.T.);
#706=ORIENTED_EDGE('',*,*,#537,.F.);
#707=ORIENTED_EDGE('',*,*,#518,.T.);
#708=ORIENTED_EDGE('',*,*,#515,.F.);
#709=ORIENTED_EDGE('',*,*,#545,.F.);
#710=ORIENTED_EDGE('',*,*,#526,.F.);
#711=ORIENTED_EDGE('',*,*,#521,.T.);
#712=ORIENTED_EDGE('',*,*,#509,.F.);
#713=ORIENTED_EDGE('',*,*,#517,.F.);
#714=ORIENTED_EDGE('',*,*,#525,.F.);
#715=ORIENTED_EDGE('',*,*,#528,.F.);
#716=ORIENTED_EDGE('',*,*,#533,.F.);
#717=ORIENTED_EDGE('',*,*,#539,.F.);
#718=ORIENTED_EDGE('',*,*,#544,.F.);
#719=ORIENTED_EDGE('',*,*,#542,.F.);
#720=ORIENTED_EDGE('',*,*,#536,.F.);
#721=ORIENTED_EDGE('',*,*,#531,.F.);
#722=ORIENTED_EDGE('',*,*,#546,.F.);
#723=ORIENTED_EDGE('',*,*,#547,.F.);
#724=ORIENTED_EDGE('',*,*,#470,.F.);
#725=ORIENTED_EDGE('',*,*,#516,.F.);
#726=ORIENTED_EDGE('',*,*,#504,.F.);
#727=ORIENTED_EDGE('',*,*,#499,.F.);
#728=ORIENTED_EDGE('',*,*,#548,.F.);
#729=ORIENTED_EDGE('',*,*,#549,.F.);
#730=ORIENTED_EDGE('',*,*,#550,.F.);
#731=ORIENTED_EDGE('',*,*,#471,.T.);
#732=ORIENTED_EDGE('',*,*,#547,.T.);
#733=ORIENTED_EDGE('',*,*,#551,.F.);
#734=ORIENTED_EDGE('',*,*,#552,.F.);
#735=ORIENTED_EDGE('',*,*,#514,.F.);
#736=ORIENTED_EDGE('',*,*,#553,.F.);
#737=ORIENTED_EDGE('',*,*,#543,.F.);
#738=ORIENTED_EDGE('',*,*,#545,.T.);
#739=ORIENTED_EDGE('',*,*,#530,.F.);
#740=ORIENTED_EDGE('',*,*,#554,.T.);
#741=ORIENTED_EDGE('',*,*,#511,.F.);
#742=ORIENTED_EDGE('',*,*,#520,.F.);
#743=ORIENTED_EDGE('',*,*,#512,.F.);
#744=ORIENTED_EDGE('',*,*,#554,.F.);
#745=ORIENTED_EDGE('',*,*,#535,.F.);
#746=ORIENTED_EDGE('',*,*,#555,.T.);
#747=ORIENTED_EDGE('',*,*,#541,.F.);
#748=ORIENTED_EDGE('',*,*,#553,.T.);
#749=ORIENTED_EDGE('',*,*,#513,.F.);
#750=ORIENTED_EDGE('',*,*,#555,.F.);
#751=ORIENTED_EDGE('',*,*,#556,.F.);
#752=ORIENTED_EDGE('',*,*,#557,.F.);
#753=ORIENTED_EDGE('',*,*,#465,.T.);
#754=ORIENTED_EDGE('',*,*,#558,.T.);
#755=ORIENTED_EDGE('',*,*,#559,.F.);
#756=ORIENTED_EDGE('',*,*,#560,.F.);
#757=ORIENTED_EDGE('',*,*,#495,.T.);
#758=ORIENTED_EDGE('',*,*,#466,.T.);
#759=ORIENTED_EDGE('',*,*,#557,.T.);
#760=ORIENTED_EDGE('',*,*,#561,.F.);
#761=ORIENTED_EDGE('',*,*,#558,.F.);
#762=ORIENTED_EDGE('',*,*,#464,.T.);
#763=ORIENTED_EDGE('',*,*,#550,.T.);
#764=ORIENTED_EDGE('',*,*,#562,.F.);
#765=ORIENTED_EDGE('',*,*,#563,.F.);
#766=ORIENTED_EDGE('',*,*,#548,.T.);
#767=ORIENTED_EDGE('',*,*,#498,.T.);
#768=ORIENTED_EDGE('',*,*,#564,.F.);
#769=ORIENTED_EDGE('',*,*,#565,.F.);
#770=ORIENTED_EDGE('',*,*,#549,.T.);
#771=ORIENTED_EDGE('',*,*,#563,.T.);
#772=ORIENTED_EDGE('',*,*,#566,.F.);
#773=ORIENTED_EDGE('',*,*,#551,.T.);
#774=ORIENTED_EDGE('',*,*,#546,.T.);
#775=ORIENTED_EDGE('',*,*,#565,.T.);
#776=ORIENTED_EDGE('',*,*,#556,.T.);
#777=ORIENTED_EDGE('',*,*,#567,.T.);
#778=ORIENTED_EDGE('',*,*,#568,.T.);
#779=ORIENTED_EDGE('',*,*,#567,.F.);
#780=ORIENTED_EDGE('',*,*,#559,.T.);
#781=ORIENTED_EDGE('',*,*,#561,.T.);
#782=ORIENTED_EDGE('',*,*,#552,.T.);
#783=ORIENTED_EDGE('',*,*,#566,.T.);
#784=ORIENTED_EDGE('',*,*,#564,.T.);
#785=ORIENTED_EDGE('',*,*,#562,.T.);
#786=ORIENTED_EDGE('',*,*,#502,.T.);
#787=ORIENTED_EDGE('',*,*,#569,.T.);
#788=ORIENTED_EDGE('',*,*,#570,.T.);
#789=ORIENTED_EDGE('',*,*,#571,.T.);
#790=ORIENTED_EDGE('',*,*,#492,.T.);
#791=ORIENTED_EDGE('',*,*,#572,.F.);
#792=ORIENTED_EDGE('',*,*,#573,.F.);
#793=ORIENTED_EDGE('',*,*,#574,.F.);
#794=ORIENTED_EDGE('',*,*,#496,.T.);
#795=ORIENTED_EDGE('',*,*,#560,.T.);
#796=ORIENTED_EDGE('',*,*,#571,.F.);
#797=ORIENTED_EDGE('',*,*,#575,.T.);
#798=ORIENTED_EDGE('',*,*,#506,.T.);
#799=ORIENTED_EDGE('',*,*,#493,.T.);
#800=ORIENTED_EDGE('',*,*,#570,.F.);
#801=ORIENTED_EDGE('',*,*,#576,.T.);
#802=ORIENTED_EDGE('',*,*,#507,.T.);
#803=ORIENTED_EDGE('',*,*,#575,.F.);
#804=ORIENTED_EDGE('',*,*,#569,.F.);
#805=ORIENTED_EDGE('',*,*,#501,.T.);
#806=ORIENTED_EDGE('',*,*,#503,.T.);
#807=ORIENTED_EDGE('',*,*,#576,.F.);
#808=ORIENTED_EDGE('',*,*,#568,.F.);
#809=ORIENTED_EDGE('',*,*,#577,.F.);
#810=ORIENTED_EDGE('',*,*,#578,.T.);
#811=ORIENTED_EDGE('',*,*,#579,.T.);
#812=ORIENTED_EDGE('',*,*,#580,.T.);
#813=ORIENTED_EDGE('',*,*,#581,.F.);
#814=ORIENTED_EDGE('',*,*,#582,.T.);
#815=ORIENTED_EDGE('',*,*,#583,.T.);
#816=ORIENTED_EDGE('',*,*,#584,.T.);
#817=ORIENTED_EDGE('',*,*,#585,.T.);
#818=ORIENTED_EDGE('',*,*,#586,.T.);
#819=ORIENTED_EDGE('',*,*,#587,.T.);
#820=ORIENTED_EDGE('',*,*,#588,.T.);
#821=ORIENTED_EDGE('',*,*,#479,.T.);
#822=ORIENTED_EDGE('',*,*,#589,.F.);
#823=ORIENTED_EDGE('',*,*,#588,.F.);
#824=ORIENTED_EDGE('',*,*,#590,.T.);
#825=ORIENTED_EDGE('',*,*,#480,.T.);
#826=ORIENTED_EDGE('',*,*,#590,.F.);
#827=ORIENTED_EDGE('',*,*,#587,.F.);
#828=ORIENTED_EDGE('',*,*,#591,.T.);
#829=ORIENTED_EDGE('',*,*,#490,.T.);
#830=ORIENTED_EDGE('',*,*,#592,.F.);
#831=ORIENTED_EDGE('',*,*,#577,.T.);
#832=ORIENTED_EDGE('',*,*,#589,.T.);
#833=ORIENTED_EDGE('',*,*,#481,.T.);
#834=ORIENTED_EDGE('',*,*,#591,.F.);
#835=ORIENTED_EDGE('',*,*,#586,.F.);
#836=ORIENTED_EDGE('',*,*,#593,.T.);
#837=ORIENTED_EDGE('',*,*,#489,.T.);
#838=ORIENTED_EDGE('',*,*,#594,.F.);
#839=ORIENTED_EDGE('',*,*,#578,.F.);
#840=ORIENTED_EDGE('',*,*,#592,.T.);
#841=ORIENTED_EDGE('',*,*,#482,.T.);
#842=ORIENTED_EDGE('',*,*,#593,.F.);
#843=ORIENTED_EDGE('',*,*,#585,.F.);
#844=ORIENTED_EDGE('',*,*,#595,.T.);
#845=ORIENTED_EDGE('',*,*,#488,.T.);
#846=ORIENTED_EDGE('',*,*,#596,.F.);
#847=ORIENTED_EDGE('',*,*,#579,.F.);
#848=ORIENTED_EDGE('',*,*,#594,.T.);
#849=ORIENTED_EDGE('',*,*,#483,.T.);
#850=ORIENTED_EDGE('',*,*,#595,.F.);
#851=ORIENTED_EDGE('',*,*,#584,.F.);
#852=ORIENTED_EDGE('',*,*,#597,.T.);
#853=ORIENTED_EDGE('',*,*,#487,.T.);
#854=ORIENTED_EDGE('',*,*,#598,.F.);
#855=ORIENTED_EDGE('',*,*,#580,.F.);
#856=ORIENTED_EDGE('',*,*,#596,.T.);
#857=ORIENTED_EDGE('',*,*,#484,.T.);
#858=ORIENTED_EDGE('',*,*,#597,.F.);
#859=ORIENTED_EDGE('',*,*,#583,.F.);
#860=ORIENTED_EDGE('',*,*,#599,.T.);
#861=ORIENTED_EDGE('',*,*,#485,.T.);
#862=ORIENTED_EDGE('',*,*,#599,.F.);
#863=ORIENTED_EDGE('',*,*,#582,.F.);
#864=ORIENTED_EDGE('',*,*,#600,.T.);
#865=ORIENTED_EDGE('',*,*,#486,.T.);
#866=ORIENTED_EDGE('',*,*,#600,.F.);
#867=ORIENTED_EDGE('',*,*,#581,.T.);
#868=ORIENTED_EDGE('',*,*,#598,.T.);
#869=ORIENTED_EDGE('',*,*,#572,.T.);
#870=ORIENTED_EDGE('',*,*,#491,.T.);
#871=ORIENTED_EDGE('',*,*,#474,.T.);
#872=ORIENTED_EDGE('',*,*,#601,.F.);
#873=ORIENTED_EDGE('',*,*,#573,.T.);
#874=ORIENTED_EDGE('',*,*,#601,.T.);
#875=ORIENTED_EDGE('',*,*,#473,.T.);
#876=ORIENTED_EDGE('',*,*,#602,.F.);
#877=ORIENTED_EDGE('',*,*,#574,.T.);
#878=ORIENTED_EDGE('',*,*,#602,.T.);
#879=ORIENTED_EDGE('',*,*,#472,.T.);
#880=ORIENTED_EDGE('',*,*,#497,.T.);
#881=PLANE('',#981);
#882=PLANE('',#982);
#883=PLANE('',#990);
#884=PLANE('',#991);
#885=PLANE('',#992);
#886=PLANE('',#1004);
#887=PLANE('',#1006);
#888=PLANE('',#1007);
#889=PLANE('',#1010);
#890=PLANE('',#1011);
#891=PLANE('',#1012);
#892=PLANE('',#1013);
#893=PLANE('',#1015);
#894=PLANE('',#1020);
#895=PLANE('',#1021);
#896=PLANE('',#1022);
#897=PLANE('',#1023);
#898=PLANE('',#1024);
#899=PLANE('',#1025);
#900=PLANE('',#1026);
#901=PLANE('',#1027);
#902=PLANE('',#1028);
#903=PLANE('',#1029);
#904=PLANE('',#1030);
#905=PLANE('',#1031);
#906=PLANE('',#1032);
#907=PLANE('',#1033);
#908=PLANE('',#1034);
#909=PLANE('',#1035);
#910=PLANE('',#1036);
#911=PLANE('',#1037);
#912=PLANE('',#1038);
#913=ADVANCED_FACE('',(#66),#881,.F.);
#914=ADVANCED_FACE('',(#67),#882,.F.);
#915=ADVANCED_FACE('',(#68),#39,.T.);
#916=ADVANCED_FACE('',(#69),#40,.T.);
#917=ADVANCED_FACE('',(#70),#41,.T.);
#918=ADVANCED_FACE('',(#71),#42,.T.);
#919=ADVANCED_FACE('',(#72),#883,.F.);
#920=ADVANCED_FACE('',(#73,#21),#884,.F.);
#921=ADVANCED_FACE('',(#74),#885,.T.);
#922=ADVANCED_FACE('',(#75),#43,.T.);
#923=ADVANCED_FACE('',(#76),#44,.F.);
#924=ADVANCED_FACE('',(#77),#45,.F.);
#925=ADVANCED_FACE('',(#78),#46,.F.);
#926=ADVANCED_FACE('',(#79),#47,.F.);
#927=ADVANCED_FACE('',(#80),#48,.F.);
#928=ADVANCED_FACE('',(#81),#49,.F.);
#929=ADVANCED_FACE('',(#82),#50,.F.);
#930=ADVANCED_FACE('',(#83),#51,.F.);
#931=ADVANCED_FACE('',(#84),#52,.T.);
#932=ADVANCED_FACE('',(#85),#53,.T.);
#933=ADVANCED_FACE('',(#86),#19,.F.);
#934=ADVANCED_FACE('',(#87),#886,.T.);
#935=ADVANCED_FACE('',(#88),#54,.T.);
#936=ADVANCED_FACE('',(#89),#55,.T.);
#937=ADVANCED_FACE('',(#90),#56,.T.);
#938=ADVANCED_FACE('',(#91),#887,.T.);
#939=ADVANCED_FACE('',(#92),#57,.T.);
#940=ADVANCED_FACE('',(#93),#888,.F.);
#941=ADVANCED_FACE('',(#94),#889,.T.);
#942=ADVANCED_FACE('',(#95),#890,.F.);
#943=ADVANCED_FACE('',(#96),#891,.F.);
#944=ADVANCED_FACE('',(#97),#892,.F.);
#945=ADVANCED_FACE('',(#98),#893,.T.);
#946=ADVANCED_FACE('',(#99),#20,.T.);
#947=ADVANCED_FACE('',(#100),#894,.T.);
#948=ADVANCED_FACE('',(#101),#895,.F.);
#949=ADVANCED_FACE('',(#102),#896,.F.);
#950=ADVANCED_FACE('',(#103,#22),#897,.T.);
#951=ADVANCED_FACE('',(#104),#898,.T.);
#952=ADVANCED_FACE('',(#105),#899,.T.);
#953=ADVANCED_FACE('',(#106),#900,.T.);
#954=ADVANCED_FACE('',(#107),#901,.T.);
#955=ADVANCED_FACE('',(#108),#902,.T.);
#956=ADVANCED_FACE('',(#109),#903,.T.);
#957=ADVANCED_FACE('',(#110),#904,.T.);
#958=ADVANCED_FACE('',(#111),#905,.T.);
#959=ADVANCED_FACE('',(#112),#906,.T.);
#960=ADVANCED_FACE('',(#113),#907,.T.);
#961=ADVANCED_FACE('',(#114),#908,.T.);
#962=ADVANCED_FACE('',(#115),#909,.T.);
#963=ADVANCED_FACE('',(#116),#910,.F.);
#964=ADVANCED_FACE('',(#117),#911,.F.);
#965=ADVANCED_FACE('',(#118),#912,.T.);
#966=CLOSED_SHELL('',(#913,#914,#915,#916,#917,#918,#919,#920,#921,#922,
#923,#924,#925,#926,#927,#928,#929,#930,#931,#932,#933,#934,#935,#936,#937,
#938,#939,#940,#941,#942,#943,#944,#945,#946,#947,#948,#949,#950,#951,#952,
#953,#954,#955,#956,#957,#958,#959,#960,#961,#962,#963,#964,#965));
#967=DERIVED_UNIT_ELEMENT(#969,1.);
#968=DERIVED_UNIT_ELEMENT(#2243,-3.);
#969=(
MASS_UNIT()
NAMED_UNIT(*)
SI_UNIT(.KILO.,.GRAM.)
);
#970=DERIVED_UNIT((#967,#968));
#971=MEASURE_REPRESENTATION_ITEM('density measure',
POSITIVE_RATIO_MEASURE(7850.),#970);
#972=PROPERTY_DEFINITION_REPRESENTATION(#977,#974);
#973=PROPERTY_DEFINITION_REPRESENTATION(#978,#975);
#974=REPRESENTATION('material name',(#976),#2240);
#975=REPRESENTATION('density',(#971),#2240);
#976=DESCRIPTIVE_REPRESENTATION_ITEM('Steel','Steel');
#977=PROPERTY_DEFINITION('material property','material name',#2255);
#978=PROPERTY_DEFINITION('material property','density of part',#2255);
#979=AXIS2_PLACEMENT_3D('',#1247,#1040,#1041);
#980=AXIS2_PLACEMENT_3D('',#1248,#1042,#1043);
#981=AXIS2_PLACEMENT_3D('',#1249,#1044,#1045);
#982=AXIS2_PLACEMENT_3D('',#1284,#1052,#1053);
#983=AXIS2_PLACEMENT_3D('',#1293,#1057,#1058);
#984=AXIS2_PLACEMENT_3D('',#1311,#1061,#1062);
#985=AXIS2_PLACEMENT_3D('',#1333,#1066,#1067);
#986=AXIS2_PLACEMENT_3D('',#1362,#1071,#1072);
#987=AXIS2_PLACEMENT_3D('',#1397,#1074,#1075);
#988=AXIS2_PLACEMENT_3D('',#1437,#1077,#1078);
#989=AXIS2_PLACEMENT_3D('',#1448,#1079,#1080);
#990=AXIS2_PLACEMENT_3D('',#1495,#1083,#1084);
#991=AXIS2_PLACEMENT_3D('',#1504,#1090,#1091);
#992=AXIS2_PLACEMENT_3D('',#1558,#1097,#1098);
#993=AXIS2_PLACEMENT_3D('',#1563,#1101,#1102);
#994=AXIS2_PLACEMENT_3D('',#1615,#1105,#1106);
#995=AXIS2_PLACEMENT_3D('',#1617,#1107,#1108);
#996=AXIS2_PLACEMENT_3D('',#1666,#1109,#1110);
#997=AXIS2_PLACEMENT_3D('',#1732,#1111,#1112);
#998=AXIS2_PLACEMENT_3D('',#1786,#1113,#1114);
#999=AXIS2_PLACEMENT_3D('',#1787,#1115,#1116);
#1000=AXIS2_PLACEMENT_3D('',#1815,#1117,#1118);
#1001=AXIS2_PLACEMENT_3D('',#1864,#1119,#1120);
#1002=AXIS2_PLACEMENT_3D('',#1908,#1121,#1122);
#1003=AXIS2_PLACEMENT_3D('',#2015,#1124,#1125);
#1004=AXIS2_PLACEMENT_3D('',#2016,#1126,#1127);
#1005=AXIS2_PLACEMENT_3D('',#2035,#1133,#1134);
#1006=AXIS2_PLACEMENT_3D('',#2110,#1137,#1138);
#1007=AXIS2_PLACEMENT_3D('',#2140,#1140,#1141);
#1008=AXIS2_PLACEMENT_3D('',#2143,#1142,#1143);
#1009=AXIS2_PLACEMENT_3D('',#2147,#1146,#1147);
#1010=AXIS2_PLACEMENT_3D('',#2148,#1148,#1149);
#1011=AXIS2_PLACEMENT_3D('',#2150,#1151,#1152);
#1012=AXIS2_PLACEMENT_3D('',#2152,#1154,#1155);
#1013=AXIS2_PLACEMENT_3D('',#2156,#1158,#1159);
#1014=AXIS2_PLACEMENT_3D('',#2158,#1160,#1161);
#1015=AXIS2_PLACEMENT_3D('',#2160,#1163,#1164);
#1016=AXIS2_PLACEMENT_3D('',#2162,#1166,#1167);
#1017=AXIS2_PLACEMENT_3D('',#2165,#1169,#1170);
#1018=AXIS2_PLACEMENT_3D('',#2169,#1172,#1173);
#1019=AXIS2_PLACEMENT_3D('',#2174,#1176,#1177);
#1020=AXIS2_PLACEMENT_3D('',#2176,#1179,#1180);
#1021=AXIS2_PLACEMENT_3D('',#2178,#1182,#1183);
#1022=AXIS2_PLACEMENT_3D('',#2180,#1185,#1186);
#1023=AXIS2_PLACEMENT_3D('',#2181,#1187,#1188);
#1024=AXIS2_PLACEMENT_3D('',#2206,#1201,#1202);
#1025=AXIS2_PLACEMENT_3D('',#2209,#1205,#1206);
#1026=AXIS2_PLACEMENT_3D('',#2211,#1208,#1209);
#1027=AXIS2_PLACEMENT_3D('',#2213,#1211,#1212);
#1028=AXIS2_PLACEMENT_3D('',#2215,#1214,#1215);
#1029=AXIS2_PLACEMENT_3D('',#2217,#1217,#1218);
#1030=AXIS2_PLACEMENT_3D('',#2219,#1220,#1221);
#1031=AXIS2_PLACEMENT_3D('',#2221,#1223,#1224);
#1032=AXIS2_PLACEMENT_3D('',#2223,#1226,#1227);
#1033=AXIS2_PLACEMENT_3D('',#2225,#1229,#1230);
#1034=AXIS2_PLACEMENT_3D('',#2227,#1232,#1233);
#1035=AXIS2_PLACEMENT_3D('',#2229,#1235,#1236);
#1036=AXIS2_PLACEMENT_3D('',#2230,#1237,#1238);
#1037=AXIS2_PLACEMENT_3D('',#2232,#1240,#1241);
#1038=AXIS2_PLACEMENT_3D('',#2234,#1243,#1244);
#1039=AXIS2_PLACEMENT_3D('',#2235,#1245,#1246);
#1040=DIRECTION('axis',(0.,0.,1.));
#1041=DIRECTION('refdir',(1.,0.,0.));
#1042=DIRECTION('axis',(0.,0.,1.));
#1043=DIRECTION('refdir',(1.,0.,0.));
#1044=DIRECTION('center_axis',(-2.15465320833926E-17,-0.940880095846728,
0.33873978986746));
#1045=DIRECTION('ref_axis',(-7.72638666601436E-33,-0.33873978986746,-0.940880095846728));
#1046=DIRECTION('',(0.,0.33873978986746,0.940880095846728));
#1047=DIRECTION('',(-1.,2.29004016330074E-17,7.94517286441511E-34));
#1048=DIRECTION('',(-6.84626764809178E-14,-0.33873978986746,-0.940880095846728));
#1049=DIRECTION('',(0.291559846987972,-0.324022423013051,-0.900001291670797));
#1050=DIRECTION('',(-1.,3.42076412572844E-17,3.14068704642415E-17));
#1051=DIRECTION('',(0.301943307514208,0.32292940925592,0.896965348096014));
#1052=DIRECTION('center_axis',(0.951325893333488,-1.05292794854725E-13,
0.308186704244751));
#1053=DIRECTION('ref_axis',(1.10668807837864E-13,1.,3.46944695195009E-17));
#1054=DIRECTION('',(-0.308186704244751,1.24542182993885E-13,0.951325893333488));
#1055=DIRECTION('',(-1.10668807837864E-13,-1.,-3.46944695195361E-17));
#1056=DIRECTION('',(0.308186704244751,-3.40736494030377E-14,-0.951325893333488));
#1057=DIRECTION('center_axis',(0.951325871951753,-2.41396776434402E-9,0.308186770246934));
#1058=DIRECTION('ref_axis',(0.0102787240283367,-0.99944365850665,-0.0317288717604546));
#1059=DIRECTION('',(0.307181537659929,0.0806998379269186,-0.948223095626473));
#1060=DIRECTION('',(-1.10663978743134E-13,-1.,-4.96011569103796E-17));
#1061=DIRECTION('center_axis',(0.,1.,3.46944695195361E-17));
#1062=DIRECTION('ref_axis',(-0.0187095250662153,3.46883966522112E-17,-0.999824961516663));
#1063=DIRECTION('',(-2.42251343845936E-12,0.999392117737712,0.0348625157401285));
#1064=DIRECTION('',(3.59715506901605E-12,0.999392117737704,0.0348625157403557));
#1065=DIRECTION('',(7.27123880910592E-12,0.999392117737708,0.0348625157402562));
#1066=DIRECTION('center_axis',(0.,-1.,-3.46944695195361E-17));
#1067=DIRECTION('ref_axis',(0.0125490148987334,3.46917376080469E-17,-0.999921258012385));
#1068=DIRECTION('',(-2.42473253471463E-12,-0.999392117737712,-0.0348625157401403));
#1069=DIRECTION('',(0.,-0.999392117737703,-0.0348625157403932));
#1070=DIRECTION('',(1.47939751968402E-15,-0.99939211773771,-0.0348625157401847));
#1071=DIRECTION('center_axis',(-4.35182375473985E-13,-1.,-5.46634504474137E-14));
#1072=DIRECTION('ref_axis',(0.995678731106846,-4.38378143845668E-13,0.0928647641544485));
#1073=DIRECTION('',(0.,-0.999392117737713,-0.0348625157401048));
#1074=DIRECTION('center_axis',(2.8798209987996E-13,0.996398007205844,0.0847998304020852));
#1075=DIRECTION('ref_axis',(0.996164053469094,-0.00742043510733687,0.0871901125061926));
#1076=DIRECTION('',(1.40632473048306E-12,-0.999392117737715,-0.034862515740044));
#1077=DIRECTION('center_axis',(4.08515792528334E-13,1.,5.14859454269165E-14));
#1078=DIRECTION('ref_axis',(0.995504910370901,-4.11555708416503E-13,0.0947099436565406));
#1079=DIRECTION('center_axis',(-3.41332046903509E-13,-1.,7.54216678912094E-13));
#1080=DIRECTION('ref_axis',(0.9952043658989,-4.13470759464168E-13,-0.0978175347050184));
#1081=DIRECTION('',(-1.61020793501807E-12,-0.999392117737711,-0.034862515740176));
#1082=DIRECTION('',(0.,0.999392117737713,0.0348625157401169));
#1083=DIRECTION('center_axis',(3.04878835501587E-13,0.996398007205858,0.0847998304019228));
#1084=DIRECTION('ref_axis',(-1.,3.05980976775075E-13,-4.20197499016413E-29));
#1085=DIRECTION('',(2.59471349367411E-14,0.0847998304019228,-0.996398007205858));
#1086=DIRECTION('',(-0.322487783801301,0.0802692829415662,-0.943164074546403));
#1087=DIRECTION('',(1.,-3.0597830384993E-13,-3.14068704642566E-17));
#1088=DIRECTION('',(-1.71388881026204E-14,-0.0847998304019228,0.996398007205858));
#1089=DIRECTION('',(1.,-3.05980976775076E-13,-1.06158476722808E-29));
#1090=DIRECTION('center_axis',(3.14068704642415E-17,-4.9601156910383E-17,
1.));
#1091=DIRECTION('ref_axis',(1.,1.08964471002565E-33,-3.14068704642415E-17));
#1092=DIRECTION('',(1.,0.,0.));
#1093=DIRECTION('',(0.,-1.,-3.46944695195361E-17));
#1094=DIRECTION('',(-1.,0.,0.));
#1095=DIRECTION('',(0.,1.,3.46944695195361E-17));
#1096=DIRECTION('',(0.0118913367601302,-0.999929295555469,-4.99711195614077E-17));
#1097=DIRECTION('center_axis',(0.,0.996398007205757,0.0847998304031115));
#1098=DIRECTION('ref_axis',(0.,-0.0847998304031115,0.996398007205757));
#1099=DIRECTION('',(0.430528385910544,0.0765383797185897,-0.899325961682034));
#1100=DIRECTION('',(-0.430528385912501,0.0765383797198969,-0.899325961680986));
#1101=DIRECTION('center_axis',(-7.89929276191004E-14,0.996398007205107,
0.0847998304107547));
#1102=DIRECTION('ref_axis',(1.,4.0614594216974E-14,4.54300753801714E-13));
#1103=DIRECTION('',(0.283887319776317,-0.44546146208763,-0.849100745179846));
#1104=DIRECTION('',(0.29777228202692,0.228186493438144,-0.926964180682773));
#1105=DIRECTION('center_axis',(-3.82225303545368E-5,0.999392376216917,0.0348550842567196));
#1106=DIRECTION('ref_axis',(-0.19096414500008,-0.0342209413052572,0.981000317278527));
#1107=DIRECTION('center_axis',(3.4442793214059E-5,-0.999392350542998,-0.034855824331611));
#1108=DIRECTION('ref_axis',(0.9527829563379,-0.0105512499462499,0.303468794502141));
#1109=DIRECTION('center_axis',(0.989106822933141,-0.0124824926419624,0.146669288552689));
#1110=DIRECTION('ref_axis',(-9.20178939564142E-13,0.996398007205925,0.0847998304011415));
#1111=DIRECTION('center_axis',(0.987552537580093,0.0532802107943589,0.14799055597175));
#1112=DIRECTION('ref_axis',(-0.146292857464335,-0.0344874412770117,0.988639983132932));
#1113=DIRECTION('center_axis',(0.989106822933397,0.0124824926430099,-0.146669288550871));
#1114=DIRECTION('ref_axis',(3.58551471425743E-15,0.996398007205757,0.0847998304031132));
#1115=DIRECTION('center_axis',(-7.15372331643385E-13,-0.996362975741859,
-0.0852104487186105));
#1116=DIRECTION('ref_axis',(1.,-6.91463364343421E-13,-3.10100894045932E-13));
#1117=DIRECTION('center_axis',(0.98755253757402,-0.0532802109129024,-0.147990555969596));
#1118=DIRECTION('ref_axis',(0.146292857459034,-0.0344874412773848,0.988639983133704));
#1119=DIRECTION('center_axis',(3.44427921772663E-5,0.999392350542974,0.0348558243322753));
#1120=DIRECTION('ref_axis',(-0.952782956337013,-0.010551249947536,0.303468794504883));
#1121=DIRECTION('center_axis',(-3.82225312759064E-5,-0.999392376216907,
-0.0348550842569982));
#1122=DIRECTION('ref_axis',(0.190964144997171,-0.0342209413057261,0.981000317279077));
#1123=DIRECTION('',(-0.297772282029797,0.228186493439303,-0.926964180681563));
#1124=DIRECTION('center_axis',(-1.1761050509089E-12,-0.99939211773771,-0.0348625157401958));
#1125=DIRECTION('ref_axis',(-0.332183064876958,0.0328828454775929,-0.942641570206962));
#1126=DIRECTION('center_axis',(0.946450232904348,0.0112553542497395,-0.322653488491939));
#1127=DIRECTION('ref_axis',(-0.0118913367601302,0.999929295555469,3.70194041115384E-17));
#1128=DIRECTION('',(-0.322673927789771,1.30464050991122E-13,-0.946510188177983));
#1129=DIRECTION('',(-1.52182174577361E-12,-0.999392117737714,-0.0348625157400905));
#1130=DIRECTION('',(0.322673927790239,-3.28386688736659E-17,0.946510188177824));
#1131=DIRECTION('',(-0.0118913367601302,0.999929295555469,3.46920164663405E-17));
#1132=DIRECTION('',(1.40672181660036E-12,0.999392117737715,0.034862515740041));
#1133=DIRECTION('center_axis',(4.91827987516293E-13,1.,6.47399444550784E-13));
#1134=DIRECTION('ref_axis',(0.995365424049719,-4.27291522298026E-13,-0.0961648200035889));
#1135=DIRECTION('',(-0.283887319779165,-0.445461462087239,-0.849100745179099));
#1136=DIRECTION('',(0.42912265162083,-0.305965437746879,-0.849846398339293));
#1137=DIRECTION('center_axis',(-2.15465320833926E-17,-0.940880095846728,
0.33873978986746));
#1138=DIRECTION('ref_axis',(-7.72638666601436E-33,-0.33873978986746,-0.940880095846728));
#1139=DIRECTION('',(-0.429122651623377,-0.305965437746469,-0.849846398338155));
#1140=DIRECTION('center_axis',(0.,-3.46944695195361E-17,1.));
#1141=DIRECTION('ref_axis',(1.,0.,0.));
#1142=DIRECTION('center_axis',(0.,3.46944695195361E-17,-1.));
#1143=DIRECTION('ref_axis',(0.,1.,3.46944695195361E-17));
#1144=DIRECTION('',(-2.02109933727317E-13,-1.,-3.46944695195361E-17));
#1145=DIRECTION('',(0.,1.,3.46944695195361E-17));
#1146=DIRECTION('center_axis',(0.,3.46944695195361E-17,-1.));
#1147=DIRECTION('ref_axis',(0.,1.,3.46944695195361E-17));
#1148=DIRECTION('center_axis',(1.,-2.02109933727317E-13,-7.01209693529787E-30));
#1149=DIRECTION('ref_axis',(0.,3.46944695195361E-17,-1.));
#1150=DIRECTION('',(0.,3.46944695195361E-17,-1.));
#1151=DIRECTION('center_axis',(1.,-2.19797325690906E-13,-7.62575161665868E-30));
#1152=DIRECTION('ref_axis',(0.,3.46944695195361E-17,-1.));
#1153=DIRECTION('',(0.,-3.46944695195361E-17,1.));
#1154=DIRECTION('center_axis',(-4.32918306014659E-13,-1.,-3.46944695195361E-17));
#1155=DIRECTION('ref_axis',(0.,3.46944695195361E-17,-1.));
#1156=DIRECTION('',(-1.68765932891228E-11,-3.46944695195361E-17,1.));
#1157=DIRECTION('',(1.,0.,0.));
#1158=DIRECTION('center_axis',(0.,-3.46944695195361E-17,1.));
#1159=DIRECTION('ref_axis',(1.,0.,0.));
#1160=DIRECTION('center_axis',(0.,3.46944695195361E-17,-1.));
#1161=DIRECTION('ref_axis',(0.,1.,3.46944695195361E-17));
#1162=DIRECTION('',(-1.,4.04219867454635E-13,1.40241938705958E-29));
#1163=DIRECTION('center_axis',(-4.04219867454635E-13,-1.,-3.46944695195361E-17));
#1164=DIRECTION('ref_axis',(0.,3.46944695195361E-17,-1.));
#1165=DIRECTION('',(0.,3.46944695195361E-17,-1.));
#1166=DIRECTION('center_axis',(0.,-3.46944695195361E-17,1.));
#1167=DIRECTION('ref_axis',(0.,1.,3.46944695195361E-17));
#1168=DIRECTION('',(0.,3.46944695195361E-17,-1.));
#1169=DIRECTION('center_axis',(0.,-2.71467230267302E-16,-1.));
#1170=DIRECTION('ref_axis',(0.,1.,-2.71467230267302E-16));
#1171=DIRECTION('',(0.,3.46944695195361E-17,-1.));
#1172=DIRECTION('center_axis',(0.,3.46944695195361E-17,-1.));
#1173=DIRECTION('ref_axis',(0.,1.,3.46944695195361E-17));
#1174=DIRECTION('',(0.,-3.46944695195361E-17,1.));
#1175=DIRECTION('',(9.17172379048875E-10,-1.09975821290133E-10,1.));
#1176=DIRECTION('center_axis',(0.,-3.46944695195361E-17,1.));
#1177=DIRECTION('ref_axis',(0.,1.,3.46944695195361E-17));
#1178=DIRECTION('',(0.,3.46944695195361E-17,-1.));
#1179=DIRECTION('center_axis',(1.,-2.02109933727317E-13,-7.01209693529787E-30));
#1180=DIRECTION('ref_axis',(0.,3.46944695195361E-17,-1.));
#1181=DIRECTION('',(-2.02109933727317E-13,-1.,-3.46944695195361E-17));
#1182=DIRECTION('center_axis',(0.,-3.46944695195361E-17,1.));
#1183=DIRECTION('ref_axis',(1.,0.,0.));
#1184=DIRECTION('',(0.,1.,3.46944695195361E-17));
#1185=DIRECTION('center_axis',(1.,-2.19797325690906E-13,-7.62575161665868E-30));
#1186=DIRECTION('ref_axis',(0.,3.46944695195361E-17,-1.));
#1187=DIRECTION('center_axis',(0.,-2.71467230267302E-16,-1.));
#1188=DIRECTION('ref_axis',(0.,1.,-2.71467230267302E-16));
#1189=DIRECTION('',(0.,-1.,2.71467230267302E-16));
#1190=DIRECTION('',(-1.,0.,0.));
#1191=DIRECTION('',(0.,-1.,2.71467230267302E-16));
#1192=DIRECTION('',(1.,0.,0.));
#1193=DIRECTION('',(0.,-1.,2.71467230267302E-16));
#1194=DIRECTION('',(1.,0.,0.));
#1195=DIRECTION('',(0.,1.,-2.71467230267302E-16));
#1196=DIRECTION('',(1.,0.,0.));
#1197=DIRECTION('',(0.,1.,-2.71467230267302E-16));
#1198=DIRECTION('',(-1.,0.,0.));
#1199=DIRECTION('',(0.,1.,-2.71467230267302E-16));
#1200=DIRECTION('',(-1.,0.,0.));
#1201=DIRECTION('center_axis',(0.,-1.,-3.46944695195361E-17));
#1202=DIRECTION('ref_axis',(1.,0.,0.));
#1203=DIRECTION('',(0.,-3.46944695195361E-17,1.));
#1204=DIRECTION('',(0.,-3.46944695195361E-17,1.));
#1205=DIRECTION('center_axis',(-1.,0.,0.));
#1206=DIRECTION('ref_axis',(0.,-1.,2.71467230267302E-16));
#1207=DIRECTION('',(0.,-3.46944695195361E-17,1.));
#1208=DIRECTION('center_axis',(1.,0.,0.));
#1209=DIRECTION('ref_axis',(0.,1.,-2.71467230267302E-16));
#1210=DIRECTION('',(0.,-3.46944695195361E-17,1.));
#1211=DIRECTION('center_axis',(0.,-1.,-3.46944695195361E-17));
#1212=DIRECTION('ref_axis',(1.,0.,0.));
#1213=DIRECTION('',(0.,-3.46944695195361E-17,1.));
#1214=DIRECTION('center_axis',(0.,-1.,-3.46944695195361E-17));
#1215=DIRECTION('ref_axis',(1.,0.,0.));
#1216=DIRECTION('',(0.,-3.46944695195361E-17,1.));
#1217=DIRECTION('center_axis',(-1.,0.,0.));
#1218=DIRECTION('ref_axis',(0.,-1.,2.71467230267302E-16));
#1219=DIRECTION('',(0.,-3.46944695195361E-17,1.));
#1220=DIRECTION('center_axis',(1.,0.,0.));
#1221=DIRECTION('ref_axis',(0.,1.,-2.71467230267302E-16));
#1222=DIRECTION('',(0.,-3.46944695195361E-17,1.));
#1223=DIRECTION('center_axis',(0.,1.,3.46944695195361E-17));
#1224=DIRECTION('ref_axis',(-1.,0.,0.));
#1225=DIRECTION('',(0.,-3.46944695195361E-17,1.));
#1226=DIRECTION('center_axis',(0.,1.,3.46944695195361E-17));
#1227=DIRECTION('ref_axis',(-1.,0.,0.));
#1228=DIRECTION('',(0.,-3.46944695195361E-17,1.));
#1229=DIRECTION('center_axis',(-1.,0.,0.));
#1230=DIRECTION('ref_axis',(0.,-1.,2.71467230267302E-16));
#1231=DIRECTION('',(0.,-3.46944695195361E-17,1.));
#1232=DIRECTION('center_axis',(0.,1.,3.46944695195361E-17));
#1233=DIRECTION('ref_axis',(-1.,0.,0.));
#1234=DIRECTION('',(0.,-3.46944695195361E-17,1.));
#1235=DIRECTION('center_axis',(1.,0.,0.));
#1236=DIRECTION('ref_axis',(0.,1.,-2.71467230267302E-16));
#1237=DIRECTION('center_axis',(-4.53428817974744E-13,-1.,-3.46944695195361E-17));
#1238=DIRECTION('ref_axis',(0.,3.46944695195361E-17,-1.));
#1239=DIRECTION('',(1.,0.,0.));
#1240=DIRECTION('center_axis',(0.,-3.46944695195361E-17,1.));
#1241=DIRECTION('ref_axis',(1.,0.,0.));
#1242=DIRECTION('',(1.,-4.04219867454635E-13,-1.40241938705958E-29));
#1243=DIRECTION('center_axis',(-4.04219867454635E-13,-1.,-3.46944695195361E-17));
#1244=DIRECTION('ref_axis',(0.,3.46944695195361E-17,-1.));
#1245=DIRECTION('',(0.,0.,1.));
#1246=DIRECTION('',(1.,0.,0.));
#1247=CARTESIAN_POINT('',(0.,0.,0.));
#1248=CARTESIAN_POINT('',(0.,0.,0.));
#1249=CARTESIAN_POINT('Origin',(93.0983544649571,199.892651673632,8.48850004250374));
#1250=CARTESIAN_POINT('',(88.424999999821,198.396479944138,4.3327491022234));
#1251=CARTESIAN_POINT('',(88.424999999821,199.242158862333,6.68169801642801));
#1252=CARTESIAN_POINT('',(88.424999999821,199.892651673632,8.48850004250374));
#1253=CARTESIAN_POINT('',(89.0749999998225,198.396479944138,4.33274910222287));
#1254=CARTESIAN_POINT('',(90.9241772323876,198.396479944138,4.33274910222287));
#1255=CARTESIAN_POINT('',(89.0749999998225,199.241428823494,6.67967026823335));
#1256=CARTESIAN_POINT('',(89.0749999998225,199.734235417505,8.04848470712308));
#1257=CARTESIAN_POINT('',(94.2213758591606,199.407141928816,7.13995325554004));
#1258=CARTESIAN_POINT('Ctrl Pts',(89.0749999998261,199.241428823514,6.6796702682339));
#1259=CARTESIAN_POINT('Ctrl Pts',(89.9375059890489,199.243661029173,6.68587041931523));
#1260=CARTESIAN_POINT('Ctrl Pts',(90.8001590387392,199.258718284363,6.72769329379251));
#1261=CARTESIAN_POINT('Ctrl Pts',(91.6588101074838,199.286381310532,6.80452982582062));
#1262=CARTESIAN_POINT('Ctrl Pts',(92.384778120814,199.309769707614,6.86949319282508));
#1263=CARTESIAN_POINT('Ctrl Pts',(93.1085645646526,199.342191003878,6.9595460778777));
#1264=CARTESIAN_POINT('Ctrl Pts',(93.8276120476936,199.383561870313,7.07445748949541));
#1265=CARTESIAN_POINT('Ctrl Pts',(93.9590303579574,199.391123108603,7.09545952886138));
#1266=CARTESIAN_POINT('Ctrl Pts',(94.0902902289712,199.398983297487,7.11729192653446));
#1267=CARTESIAN_POINT('Ctrl Pts',(94.2213758591606,199.407141928814,7.13995325554011));
#1268=CARTESIAN_POINT('',(96.534398849155,196.836584558012,9.45941254696019E-11));
#1269=CARTESIAN_POINT('',(93.8564911324902,199.812653299727,8.26629739622979));
#1270=CARTESIAN_POINT('',(81.1532796801767,196.836584558012,9.45950136480216E-11));
#1271=CARTESIAN_POINT('',(90.9241772323876,196.836584558012,9.45932372911822E-11));
#1272=CARTESIAN_POINT('',(83.5523369768343,199.402384614856,7.12673939005654));
#1273=CARTESIAN_POINT('',(84.3425637613364,200.247534887589,9.47421994417583));
#1274=CARTESIAN_POINT('Ctrl Pts',(83.5523369768337,199.402384614848,7.12673939005598));
#1275=CARTESIAN_POINT('Ctrl Pts',(84.3147012559985,199.35563523794,6.99688880993225));
#1276=CARTESIAN_POINT('Ctrl Pts',(85.0828425689078,199.318972287099,6.89505413382645));
#1277=CARTESIAN_POINT('Ctrl Pts',(85.8536925546178,199.292499580466,6.82152386461348));
#1278=CARTESIAN_POINT('Ctrl Pts',(85.8954363332992,199.291066006065,6.81754198572484));
#1279=CARTESIAN_POINT('Ctrl Pts',(85.9371880678964,199.289662314991,6.81364310947168));
#1280=CARTESIAN_POINT('Ctrl Pts',(85.9789472754617,199.288288523745,6.80982728128064));
#1281=CARTESIAN_POINT('Ctrl Pts',(86.7918369787959,199.261546139876,6.73554791567408));
#1282=CARTESIAN_POINT('Ctrl Pts',(87.608366347985,199.246106920446,6.69266410133211));
#1283=CARTESIAN_POINT('Ctrl Pts',(88.4249999998174,199.242158862332,6.68169801642822));
#1284=CARTESIAN_POINT('Origin',(94.5590249312881,205.088959844885,6.09768147434899));
#1285=CARTESIAN_POINT('',(95.1307834577747,204.183041201308,4.33274910222287));
#1286=CARTESIAN_POINT('',(94.1702196549621,204.183041201353,7.29786477607737));
#1287=CARTESIAN_POINT('',(94.3219943421827,204.183041201308,6.82935916784591));
#1288=CARTESIAN_POINT('',(95.1307834577747,204.833041201309,4.33274910222281));
#1289=CARTESIAN_POINT('',(95.1307834577747,204.961000523101,4.33274910222287));
#1290=CARTESIAN_POINT('',(94.1632553011368,204.833041201324,7.31936265582437));
#1291=CARTESIAN_POINT('',(94.5590249312881,204.833041201317,6.09768147434899));
#1292=CARTESIAN_POINT('',(94.0905987208263,211.61151028967,7.54364262764624));
#1293=CARTESIAN_POINT('Origin',(89.4694912792923,-176.862533917893,21.8082981342524));
#1294=CARTESIAN_POINT('',(96.5343988491586,212.253522434607,9.45946603520832E-11));
#1295=CARTESIAN_POINT('',(94.3766555840084,211.686660463958,6.66062815513288));
#1296=CARTESIAN_POINT('',(96.534398849155,204.798500523095,9.4593513525633E-11));
#1297=CARTESIAN_POINT('Ctrl Pts',(94.2213758591643,199.407141928823,7.13995325554017));
#1298=CARTESIAN_POINT('Ctrl Pts',(94.204328173162,200.999108845939,7.19257689208766));
#1299=CARTESIAN_POINT('Ctrl Pts',(94.1872761170789,202.591075270347,7.24521401839936));
#1300=CARTESIAN_POINT('Ctrl Pts',(94.1702196878432,204.183041201446,7.29786464403035));
#1301=CARTESIAN_POINT('Ctrl Pts',(86.7499999998145,206.505831719667,7.00129768031176));
#1302=CARTESIAN_POINT('Ctrl Pts',(86.7499999998101,201.705582005785,6.83384710887259));
#1303=CARTESIAN_POINT('Ctrl Pts',(88.0807630698837,206.508885277253,6.91376236274682));
#1304=CARTESIAN_POINT('Ctrl Pts',(88.0807630698793,201.708635563371,6.74631179130765));
#1305=CARTESIAN_POINT('Ctrl Pts',(89.4193262771623,206.509027894012,6.90967401539867));
#1306=CARTESIAN_POINT('Ctrl Pts',(89.419326277158,201.70877818013,6.7422234439595));
#1307=CARTESIAN_POINT('Ctrl Pts',(90.7499999998217,206.506261846516,6.98896737690301));
#1308=CARTESIAN_POINT('Ctrl Pts',(90.7499999998173,201.706012132634,6.82151680546384));
#1309=CARTESIAN_POINT('',(89.24999966173,206.508041200786,6.93493256781237));
#1310=CARTESIAN_POINT('',(88.2500006730731,206.50804057382,6.93801316895904));
#1311=CARTESIAN_POINT('Origin',(88.8485411332226,206.508041201319,38.9236116215307));
#1312=CARTESIAN_POINT('',(89.2499996615228,205.008041201348,6.88260701923008));
#1313=CARTESIAN_POINT('',(89.2499993223478,205.008039318373,6.88260695140171));
#1314=CARTESIAN_POINT('',(90.7499999998181,205.008041201319,6.93670386601611));
#1315=CARTESIAN_POINT('Ctrl Pts',(90.7499999998101,205.008041201319,6.93670386601572));
#1316=CARTESIAN_POINT('Ctrl Pts',(90.500264124118,205.008041201319,6.92180427511225));
#1317=CARTESIAN_POINT('Ctrl Pts',(90.250335279843,205.008041201319,6.90985022584312));
#1318=CARTESIAN_POINT('Ctrl Pts',(89.7503003613688,205.008041201319,6.89182209516301));
#1319=CARTESIAN_POINT('Ctrl Pts',(89.5001597983556,205.008041201319,6.88574676524942));
#1320=CARTESIAN_POINT('Ctrl Pts',(89.2499996614963,205.008041201319,6.88260702134248));
#1321=CARTESIAN_POINT('',(90.7499999998181,204.008041201312,6.90182014508074));
#1322=CARTESIAN_POINT('',(90.7499999998181,204.008041201312,6.90182014508057));
#1323=CARTESIAN_POINT('',(89.2499996615247,204.008041201348,6.84772329829473));
#1324=CARTESIAN_POINT('Ctrl Pts',(89.2499996614981,204.008041201319,6.84772330040713));
#1325=CARTESIAN_POINT('Ctrl Pts',(89.5001597983593,204.008041201319,6.85086304431412));
#1326=CARTESIAN_POINT('Ctrl Pts',(89.7503003613741,204.008041201319,6.8569383742278));
#1327=CARTESIAN_POINT('Ctrl Pts',(90.2503352798509,204.008041201319,6.87496650490812));
#1328=CARTESIAN_POINT('Ctrl Pts',(90.5002641241259,204.008041201319,6.88692055417734));
#1329=CARTESIAN_POINT('Ctrl Pts',(90.7499999998181,204.008041201319,6.90182014508088));
#1330=CARTESIAN_POINT('',(89.2499996617282,202.508041200786,6.79539768407086));
#1331=CARTESIAN_POINT('',(89.2499993223406,202.508039318365,6.7953976490629));
#1332=CARTESIAN_POINT('',(88.2500005042676,202.508041200833,6.79847832483919));
#1333=CARTESIAN_POINT('Origin',(88.8485411334425,202.508041201319,38.7840768134735));
#1334=CARTESIAN_POINT('',(88.2500005044252,204.00804057382,6.85080390633597));
#1335=CARTESIAN_POINT('',(88.2500010097059,204.008039318823,6.85080386867005));
#1336=CARTESIAN_POINT('',(86.7499999998181,204.008041201327,6.9141654529146));
#1337=CARTESIAN_POINT('Ctrl Pts',(86.7499999998176,204.008041201319,6.91416545291432));
#1338=CARTESIAN_POINT('Ctrl Pts',(86.9996993807023,204.008041201319,6.89772066801268));
#1339=CARTESIAN_POINT('Ctrl Pts',(87.2496098695636,204.008041201319,6.88422158799655));
#1340=CARTESIAN_POINT('Ctrl Pts',(87.7496449622398,204.008041201319,6.86310500662255));
#1341=CARTESIAN_POINT('Ctrl Pts',(87.9998038645986,204.008041201319,6.85548605838137));
#1342=CARTESIAN_POINT('Ctrl Pts',(88.250000505126,204.008041201319,6.85080394378113));
#1343=CARTESIAN_POINT('',(86.7499999998145,205.008041201319,6.9490491738503));
#1344=CARTESIAN_POINT('',(86.7499999998181,205.008041201312,6.94904917385005));
#1345=CARTESIAN_POINT('',(88.2500005045765,205.008041201401,6.88568766002941));
#1346=CARTESIAN_POINT('Ctrl Pts',(88.2500005046643,205.008041201319,6.88568766472516));
#1347=CARTESIAN_POINT('Ctrl Pts',(87.9998040322356,205.008041201319,6.89036977618327));
#1348=CARTESIAN_POINT('Ctrl Pts',(87.7496452979595,205.008041201319,6.89798871733535));
#1349=CARTESIAN_POINT('Ctrl Pts',(87.2496102051261,205.008041201319,6.9191052908062));
#1350=CARTESIAN_POINT('Ctrl Pts',(86.9996995483345,205.008041201319,6.9326043779081));
#1351=CARTESIAN_POINT('Ctrl Pts',(86.7499999998144,205.008041201319,6.94904917384996));
#1352=CARTESIAN_POINT('',(88.2500010097023,206.508039318823,6.93801317100865));
#1353=CARTESIAN_POINT('Ctrl Pts',(89.0749999998116,211.648206278798,7.11246483069145));
#1354=CARTESIAN_POINT('Ctrl Pts',(89.0749999997941,203.474346422985,6.82733018451619));
#1355=CARTESIAN_POINT('Ctrl Pts',(90.7841568066287,211.647783583059,7.12458210839631));
#1356=CARTESIAN_POINT('Ctrl Pts',(90.7841568066112,203.473923727246,6.83944746222105));
#1357=CARTESIAN_POINT('Ctrl Pts',(92.4909774321532,211.642549812277,7.27461687084087));
#1358=CARTESIAN_POINT('Ctrl Pts',(92.4909774321357,203.468689956464,6.98948222466561));
#1359=CARTESIAN_POINT('Ctrl Pts',(94.163255301155,211.632714567168,7.55656056397195));
#1360=CARTESIAN_POINT('Ctrl Pts',(94.1632553011375,203.458854711355,7.27142591779669));
#1361=CARTESIAN_POINT('',(91.4303684493703,204.833041200057,6.97864912321283));
#1362=CARTESIAN_POINT('Origin',(90.4456917433492,204.833041201311,21.6845404884075));
#1363=CARTESIAN_POINT('',(89.0749999998261,207.188409646144,6.95689052952935));
#1364=CARTESIAN_POINT('Ctrl Pts',(89.074999999833,207.18840964614,6.95689052952938));
#1365=CARTESIAN_POINT('Ctrl Pts',(89.2103558640776,207.171997478638,6.95727880186942));
#1366=CARTESIAN_POINT('Ctrl Pts',(89.3440272133761,207.145387119214,6.95816991194867));
#1367=CARTESIAN_POINT('Ctrl Pts',(89.4748949362676,207.108912895214,6.95947395886878));
#1368=CARTESIAN_POINT('Ctrl Pts',(89.6102005028147,207.071201797063,6.96082222720746));
#1369=CARTESIAN_POINT('Ctrl Pts',(89.7425089012595,207.022946511738,6.96261175245804));
#1370=CARTESIAN_POINT('Ctrl Pts',(89.8705893604989,206.964518476372,6.9646878092823));
#1371=CARTESIAN_POINT('Ctrl Pts',(89.896553465996,206.952674111641,6.96510866160219));
#1372=CARTESIAN_POINT('Ctrl Pts',(89.9223438516077,206.94041171139,6.96554111853583));
#1373=CARTESIAN_POINT('Ctrl Pts',(89.9479503024631,206.927734378644,6.96598363990486));
#1374=CARTESIAN_POINT('Ctrl Pts',(90.096024302999,206.854425375908,6.96854260091844));
#1375=CARTESIAN_POINT('Ctrl Pts',(90.2368152539639,206.767800274803,6.9714227212314));
#1376=CARTESIAN_POINT('Ctrl Pts',(90.3686302317998,206.669069465659,6.97427424430959));
#1377=CARTESIAN_POINT('Ctrl Pts',(90.47079408195,206.592547663993,6.97648433136678));
#1378=CARTESIAN_POINT('Ctrl Pts',(90.5675663365072,206.508753894581,6.97867568818663));
#1379=CARTESIAN_POINT('Ctrl Pts',(90.6581650210288,206.418252250347,6.98066955537471));
#1380=CARTESIAN_POINT('Ctrl Pts',(90.7812762057565,206.295272930058,6.983378947382));
#1381=CARTESIAN_POINT('Ctrl Pts',(90.8919976863217,206.16089340295,6.98569756796523));
#1382=CARTESIAN_POINT('Ctrl Pts',(90.9889216724485,206.017090805265,6.9871993260222));
#1383=CARTESIAN_POINT('Ctrl Pts',(91.0623494904168,205.908148618835,6.98833703013082));
#1384=CARTESIAN_POINT('Ctrl Pts',(91.1278588562097,205.793798246528,6.98900607470506));
#1385=CARTESIAN_POINT('Ctrl Pts',(91.1848395708963,205.674898631818,6.98904161971833));
#1386=CARTESIAN_POINT('Ctrl Pts',(91.2460069033943,205.547262951802,6.98907977637637));
#1387=CARTESIAN_POINT('Ctrl Pts',(91.2970321548372,205.415039366438,6.98838574164448));
#1388=CARTESIAN_POINT('Ctrl Pts',(91.3374560242087,205.279449850916,6.98681787215668));
#1389=CARTESIAN_POINT('Ctrl Pts',(91.3410725789793,205.267319223224,6.9866776014215));
#1390=CARTESIAN_POINT('Ctrl Pts',(91.3446042760413,205.255161652968,6.98653037106042));
#1391=CARTESIAN_POINT('Ctrl Pts',(91.3480507846706,205.242978014472,6.9863761005344));
#1392=CARTESIAN_POINT('Ctrl Pts',(91.3860498581061,205.108648748614,6.9846752090881));
#1393=CARTESIAN_POINT('Ctrl Pts',(91.4135685937487,204.971594403759,6.98211916895037));
#1394=CARTESIAN_POINT('Ctrl Pts',(91.4303684451449,204.833041197159,6.9786492184486));
#1395=CARTESIAN_POINT('',(89.0749999998225,211.648206278798,7.11246483069134));
#1396=CARTESIAN_POINT('',(89.0749999998225,211.648206278805,7.11246483069126));
#1397=CARTESIAN_POINT('Origin',(90.2324981567264,210.278465905446,23.2069142172807));
#1398=CARTESIAN_POINT('Ctrl Pts',(89.0749999998188,204.198573900649,6.85259393374092));
#1399=CARTESIAN_POINT('Ctrl Pts',(89.0749999998101,198.249999807977,6.64508553512854));
#1400=CARTESIAN_POINT('Ctrl Pts',(90.80396229697,204.198146306771,6.86485162490985));
#1401=CARTESIAN_POINT('Ctrl Pts',(90.8039622969613,198.249572214099,6.65734322629747));
#1402=CARTESIAN_POINT('Ctrl Pts',(92.5305283092894,204.192794792922,7.01826168844139));
#1403=CARTESIAN_POINT('Ctrl Pts',(92.5305283092807,198.24422070025,6.81075328982901));
#1404=CARTESIAN_POINT('Ctrl Pts',(94.2213758591715,204.182738439093,7.30654383150545));
#1405=CARTESIAN_POINT('Ctrl Pts',(94.2213758591628,198.234164346421,7.09903543289307));
#1406=CARTESIAN_POINT('',(89.0749999998225,201.827672756503,6.76988807986282));
#1407=CARTESIAN_POINT('',(89.0749999998188,201.827672756459,6.76988807986145));
#1408=CARTESIAN_POINT('',(91.4303684470598,204.183041198348,6.95598160894998));
#1409=CARTESIAN_POINT('Ctrl Pts',(91.4303684437874,204.183041194286,6.9559817086352));
#1410=CARTESIAN_POINT('Ctrl Pts',(91.4135761987036,204.044550729606,6.94978790412012));
#1411=CARTESIAN_POINT('Ctrl Pts',(91.3861054958892,203.907817064,6.94279717092355));
#1412=CARTESIAN_POINT('Ctrl Pts',(91.3483130372697,203.774035160586,6.93516112980633));
#1413=CARTESIAN_POINT('Ctrl Pts',(91.3105205786502,203.640253257172,6.92752508868911));
#1414=CARTESIAN_POINT('Ctrl Pts',(91.262406206194,203.509423100158,6.91924419237141));
#1415=CARTESIAN_POINT('Ctrl Pts',(91.2043211129645,203.382737742885,6.91052480851271));
#1416=CARTESIAN_POINT('Ctrl Pts',(91.1368225767728,203.235521379832,6.90039233537317));
#1417=CARTESIAN_POINT('Ctrl Pts',(91.0563525503244,203.094974328441,6.88974274304486));
#1418=CARTESIAN_POINT('Ctrl Pts',(90.964028841679,202.962700882545,6.87899170481034));
#1419=CARTESIAN_POINT('Ctrl Pts',(90.8738473706044,202.83349664985,6.86849012880354));
#1420=CARTESIAN_POINT('Ctrl Pts',(90.7723555510398,202.712186465247,6.85789342136043));
#1421=CARTESIAN_POINT('Ctrl Pts',(90.6605985892668,202.600264214878,6.84762633935217));
#1422=CARTESIAN_POINT('Ctrl Pts',(90.537913075516,202.477397249198,6.83635525421419));
#1423=CARTESIAN_POINT('Ctrl Pts',(90.4038471869747,202.366833726142,6.82557738933138));
#1424=CARTESIAN_POINT('Ctrl Pts',(90.2603437796215,202.269991059874,6.81583268842684));
#1425=CARTESIAN_POINT('Ctrl Pts',(90.1503281783591,202.195747497622,6.8083620008041));
#1426=CARTESIAN_POINT('Ctrl Pts',(90.0347660948269,202.12956821353,6.80149846833748));
#1427=CARTESIAN_POINT('Ctrl Pts',(89.9145403747338,202.072092574027,6.79546526706127));
#1428=CARTESIAN_POINT('Ctrl Pts',(89.7822472291441,202.008847927716,6.78882649480699));
#1429=CARTESIAN_POINT('Ctrl Pts',(89.6452191662229,201.956577364527,6.78324139755713));
#1430=CARTESIAN_POINT('Ctrl Pts',(89.5048348823567,201.915700491778,6.7789192924272));
#1431=CARTESIAN_POINT('Ctrl Pts',(89.3742340231935,201.877672341092,6.77489839615721));
#1432=CARTESIAN_POINT('Ctrl Pts',(89.2407286387045,201.849505162646,6.77197043686165));
#1433=CARTESIAN_POINT('Ctrl Pts',(89.1054346162409,201.831538565415,6.77025356383625));
#1434=CARTESIAN_POINT('Ctrl Pts',(89.0952996225662,201.830192671887,6.77012495137477));
#1435=CARTESIAN_POINT('Ctrl Pts',(89.0851545937545,201.828904021187,6.77000311080674));
#1436=CARTESIAN_POINT('Ctrl Pts',(89.0749999998297,201.827672756496,6.76988807986295));
#1437=CARTESIAN_POINT('Origin',(90.5165263394414,204.183041201307,21.2546709999995));
#1438=CARTESIAN_POINT('Ctrl Pts',(83.5523369768489,211.632725283416,7.55337918088282));
#1439=CARTESIAN_POINT('Ctrl Pts',(83.5523369768358,203.459678421319,7.26827289495355));
#1440=CARTESIAN_POINT('Ctrl Pts',(85.1556814156065,211.642120655582,7.28404517875813));
#1441=CARTESIAN_POINT('Ctrl Pts',(85.1556814155934,203.469073793485,6.99893889282886));
#1442=CARTESIAN_POINT('Ctrl Pts',(86.7893540886798,211.647280728452,7.13612308939717));
#1443=CARTESIAN_POINT('Ctrl Pts',(86.7893540886667,203.474233866355,6.8510168034679));
#1444=CARTESIAN_POINT('Ctrl Pts',(88.425000000283,211.64803637626,7.11446118557662));
#1445=CARTESIAN_POINT('Ctrl Pts',(88.4250000002699,203.474989514163,6.82935489964735));
#1446=CARTESIAN_POINT('',(83.5523369768416,204.833041201324,7.31618089891391));
#1447=CARTESIAN_POINT('',(86.0696315508473,204.833041200427,6.99519635838338));
#1448=CARTESIAN_POINT('Origin',(87.0896253984528,204.833041201324,20.9186179284934));
#1449=CARTESIAN_POINT('',(83.5523369768489,211.610746903272,7.55261249320377));
#1450=CARTESIAN_POINT('',(83.5523369768562,211.61074690328,7.55261249320267));
#1451=CARTESIAN_POINT('',(88.4249999998174,211.64803637626,7.11446118558254));
#1452=CARTESIAN_POINT('Ctrl Pts',(88.4249999998174,211.648036376255,7.1144611855826));
#1453=CARTESIAN_POINT('Ctrl Pts',(87.609062379329,211.647118324537,7.12524829326471));
#1454=CARTESIAN_POINT('Ctrl Pts',(86.7929768695883,211.643530191485,7.16740885663364));
#1455=CARTESIAN_POINT('Ctrl Pts',(85.9802742927107,211.637310739451,7.24048741803556));
#1456=CARTESIAN_POINT('Ctrl Pts',(85.2854477181747,211.631993369142,7.30296651916749));
#1457=CARTESIAN_POINT('Ctrl Pts',(84.5922328065524,211.624746030793,7.38812265971255));
#1458=CARTESIAN_POINT('Ctrl Pts',(83.9028872596986,211.61557895499,7.49583586548153));
#1459=CARTESIAN_POINT('Ctrl Pts',(83.7859219198508,211.614023522969,7.51411220276459));
#1460=CARTESIAN_POINT('Ctrl Pts',(83.6690680996713,211.612412822246,7.53303794518504));
#1461=CARTESIAN_POINT('Ctrl Pts',(83.5523369768525,211.610746903266,7.55261249320242));
#1462=CARTESIAN_POINT('',(88.424999999821,207.188409646122,6.9588928112527));
#1463=CARTESIAN_POINT('',(88.424999999821,207.188409646122,6.95889281125265));
#1464=CARTESIAN_POINT('Ctrl Pts',(86.0696315545931,204.833041197999,6.99519643962271));
#1465=CARTESIAN_POINT('Ctrl Pts',(86.0862107082783,204.969774246739,6.99851777551866));
#1466=CARTESIAN_POINT('Ctrl Pts',(86.1132292609889,205.105050114405,7.00088438779707));
#1467=CARTESIAN_POINT('Ctrl Pts',(86.1504593142183,205.237690585552,7.00235382973877));
#1468=CARTESIAN_POINT('Ctrl Pts',(86.1886624779006,205.373797982415,7.00386167961141));
#1469=CARTESIAN_POINT('Ctrl Pts',(86.2374909135731,205.506677184805,7.00442040187407));
#1470=CARTESIAN_POINT('Ctrl Pts',(86.2964891037963,205.635110088438,7.00416868011245));
#1471=CARTESIAN_POINT('Ctrl Pts',(86.3015179225091,205.646057302017,7.00414722414744));
#1472=CARTESIAN_POINT('Ctrl Pts',(86.306620630081,205.656972210746,7.00411991097518));
#1473=CARTESIAN_POINT('Ctrl Pts',(86.3117969456115,205.667854059697,7.00408684339012));
#1474=CARTESIAN_POINT('Ctrl Pts',(86.382273280725,205.816012113198,7.00363662311427));
#1475=CARTESIAN_POINT('Ctrl Pts',(86.4659723845586,205.957156994517,7.00211787939496));
#1476=CARTESIAN_POINT('Ctrl Pts',(86.5617202302211,206.089633094681,6.99985984928733));
#1477=CARTESIAN_POINT('Ctrl Pts',(86.6457427768079,206.205886146858,6.99787833796872));
#1478=CARTESIAN_POINT('Ctrl Pts',(86.7390439932717,206.315463517611,6.99532924090995));
#1479=CARTESIAN_POINT('Ctrl Pts',(86.8408276773413,206.417245497116,6.99246070065131));
#1480=CARTESIAN_POINT('Ctrl Pts',(86.9638735960244,206.540289355157,6.98899293295719));
#1481=CARTESIAN_POINT('Ctrl Pts',(87.0983273272647,206.650954165688,6.9850908964978));
#1482=CARTESIAN_POINT('Ctrl Pts',(87.242225473345,206.747822928612,6.98121047268707));
#1483=CARTESIAN_POINT('Ctrl Pts',(87.3399323364184,206.813596833369,6.97857566432943));
#1484=CARTESIAN_POINT('Ctrl Pts',(87.4419931197845,206.873010206039,6.97595040901578));
#1485=CARTESIAN_POINT('Ctrl Pts',(87.5477882457765,206.92561992774,6.97346397961155));
#1486=CARTESIAN_POINT('Ctrl Pts',(87.6743271747852,206.988545112403,6.97049002300517));
#1487=CARTESIAN_POINT('Ctrl Pts',(87.8053841533435,207.041327564781,6.96773651908725));
#1488=CARTESIAN_POINT('Ctrl Pts',(87.9397205291824,207.083590397642,6.96537793745709));
#1489=CARTESIAN_POINT('Ctrl Pts',(88.069473817124,207.124411370272,6.96309982239346));
#1490=CARTESIAN_POINT('Ctrl Pts',(88.2022864020298,207.155418258237,6.96119032394586));
#1491=CARTESIAN_POINT('Ctrl Pts',(88.337036230541,207.176273155286,6.95975770002111));
#1492=CARTESIAN_POINT('Ctrl Pts',(88.3662701521714,207.180797616895,6.95944689283119));
#1493=CARTESIAN_POINT('Ctrl Pts',(88.3955952366718,207.184844260181,6.95915833727225));
#1494=CARTESIAN_POINT('Ctrl Pts',(88.4249999998187,207.188409646142,6.95889281125322));
#1495=CARTESIAN_POINT('Origin',(89.1226709826624,211.825360904724,5.03089797610033));
#1496=CARTESIAN_POINT('',(88.424999999821,211.884777830164,4.33274910222277));
#1497=CARTESIAN_POINT('',(88.4249999998174,211.825360904724,5.03089797610033));
#1498=CARTESIAN_POINT('',(80.9699387170549,212.253522434614,9.45955485305028E-11));
#1499=CARTESIAN_POINT('',(83.3606333369171,211.65846317188,6.99194633705825));
#1500=CARTESIAN_POINT('',(88.9363354912421,212.253522434607,9.45946603520832E-11));
#1501=CARTESIAN_POINT('',(89.0749999998225,211.884777830164,4.33274910222287));
#1502=CARTESIAN_POINT('',(89.0749999998225,211.765175482935,5.73807668213851));
#1503=CARTESIAN_POINT('',(88.9363354912421,211.884777830164,4.33274910222287));
#1504=CARTESIAN_POINT('Origin',(88.7499999998181,204.508041201305,9.45943916267206E-11));
#1505=CARTESIAN_POINT('',(79.9999999998181,213.508041201305,9.45947038769463E-11));
#1506=CARTESIAN_POINT('',(97.4999999998217,213.508041201305,9.45947038769463E-11));
#1507=CARTESIAN_POINT('',(97.4999999998217,213.508041201305,9.45947038769463E-11));
#1508=CARTESIAN_POINT('',(97.7499999998217,213.258041201305,9.45946952033289E-11));
#1509=CARTESIAN_POINT('Ctrl Pts',(97.4999999998217,213.508041201305,9.45943323671343E-11));
#1510=CARTESIAN_POINT('Ctrl Pts',(97.5328180167057,213.508041201305,9.45943313364231E-11));
#1511=CARTESIAN_POINT('Ctrl Pts',(97.5656389087667,213.501469560752,1.1328609033309E-10));
#1512=CARTESIAN_POINT('Ctrl Pts',(97.6307205037,213.474459149011,1.13286086949333E-10));
#1513=CARTESIAN_POINT('Ctrl Pts',(97.6573700615491,213.454141624053,1.1328746530064E-10));
#1514=CARTESIAN_POINT('Ctrl Pts',(97.6999816459572,213.411591302273,1.13287461851798E-10));
#1515=CARTESIAN_POINT('Ctrl Pts',(97.7182782765706,213.384229957169,1.13288481864322E-10));
#1516=CARTESIAN_POINT('Ctrl Pts',(97.743397706187,213.323641035536,1.13288478070119E-10));
#1517=CARTESIAN_POINT('Ctrl Pts',(97.7499999998217,213.290858911516,9.45942108026467E-11));
#1518=CARTESIAN_POINT('Ctrl Pts',(97.7499999998217,213.258041201305,9.45942091748503E-11));
#1519=CARTESIAN_POINT('',(97.7499999998217,195.758041201305,9.45940880501123E-11));
#1520=CARTESIAN_POINT('',(97.7499999998217,195.758041201305,9.45940880501123E-11));
#1521=CARTESIAN_POINT('',(97.4999999998217,195.508041201305,9.45940793764949E-11));
#1522=CARTESIAN_POINT('Ctrl Pts',(97.7499999998217,195.758041201305,9.45943323666229E-11));
#1523=CARTESIAN_POINT('Ctrl Pts',(97.7499999998217,195.725223184417,9.45943307388113E-11));
#1524=CARTESIAN_POINT('Ctrl Pts',(97.743428359252,195.692402292356,1.20029057548342E-10));
#1525=CARTESIAN_POINT('Ctrl Pts',(97.7164179475198,195.627320697416,1.20029055168532E-10));
#1526=CARTESIAN_POINT('Ctrl Pts',(97.6961004225411,195.600671139563,1.20032367727843E-10));
#1527=CARTESIAN_POINT('Ctrl Pts',(97.6535501007807,195.558059555174,1.20032366950632E-10));
#1528=CARTESIAN_POINT('Ctrl Pts',(97.6261887556606,195.539762924541,1.20032536622526E-10));
#1529=CARTESIAN_POINT('Ctrl Pts',(97.565599834042,195.51464349494,1.20032537279482E-10));
#1530=CARTESIAN_POINT('Ctrl Pts',(97.532817710031,195.508041201305,9.45938903373322E-11));
#1531=CARTESIAN_POINT('Ctrl Pts',(97.4999999998217,195.508041201305,9.45938913680338E-11));
#1532=CARTESIAN_POINT('',(79.9999999998181,195.508041201305,9.45940793764949E-11));
#1533=CARTESIAN_POINT('',(79.9999999998181,195.508041201305,9.45940793764949E-11));
#1534=CARTESIAN_POINT('',(79.7499999998181,195.758041201305,9.45940880501123E-11));
#1535=CARTESIAN_POINT('Ctrl Pts',(79.9999999998181,195.508041201305,9.45954425901706E-11));
#1536=CARTESIAN_POINT('Ctrl Pts',(79.9671819829353,195.508041201305,9.45954436208818E-11));
#1537=CARTESIAN_POINT('Ctrl Pts',(79.9343610908795,195.514612841867,1.20022486571073E-10));
#1538=CARTESIAN_POINT('Ctrl Pts',(79.8692794958514,195.541623253624,1.2002248995483E-10));
#1539=CARTESIAN_POINT('Ctrl Pts',(79.8426299380037,195.561940778648,1.20021070923256E-10));
#1540=CARTESIAN_POINT('Ctrl Pts',(79.8000183536829,195.604491100341,1.20021074372098E-10));
#1541=CARTESIAN_POINT('Ctrl Pts',(79.7817217230453,195.631852445464,1.20018529408628E-10));
#1542=CARTESIAN_POINT('Ctrl Pts',(79.7566022934506,195.692441367092,1.20018533202832E-10));
#1543=CARTESIAN_POINT('Ctrl Pts',(79.7499999998181,195.725223491105,9.45948525108828E-11));
#1544=CARTESIAN_POINT('Ctrl Pts',(79.7499999998181,195.758041201305,9.45948541386792E-11));
#1545=CARTESIAN_POINT('',(79.7499999998181,213.258041201305,9.45955833817486E-11));
#1546=CARTESIAN_POINT('',(79.7499999998181,213.258041201305,9.45955833817486E-11));
#1547=CARTESIAN_POINT('Ctrl Pts',(79.7499999998181,213.258041201305,9.45954425931939E-11));
#1548=CARTESIAN_POINT('Ctrl Pts',(79.7499999998181,213.290859218179,9.45954442210055E-11));
#1549=CARTESIAN_POINT('Ctrl Pts',(79.7565716403732,213.323680110228,1.13290257177251E-10));
#1550=CARTESIAN_POINT('Ctrl Pts',(79.7835820521058,213.388761705176,1.13290259557061E-10));
#1551=CARTESIAN_POINT('Ctrl Pts',(79.8038995770834,213.415411263035,1.13289929752703E-10));
#1552=CARTESIAN_POINT('Ctrl Pts',(79.8464498988605,213.458022847442,1.13289930529914E-10));
#1553=CARTESIAN_POINT('Ctrl Pts',(79.8738112439896,213.476319478083,1.13290730847896E-10));
#1554=CARTESIAN_POINT('Ctrl Pts',(79.9344001656483,213.501438907696,1.1329073019094E-10));
#1555=CARTESIAN_POINT('Ctrl Pts',(79.9671822896369,213.508041201305,9.45930648809743E-11));
#1556=CARTESIAN_POINT('Ctrl Pts',(79.9999999998181,213.508041201305,9.45930638502728E-11));
#1557=CARTESIAN_POINT('',(81.0621085194907,204.503066158883,9.45935032756944E-11));
#1558=CARTESIAN_POINT('Origin',(84.4999999998326,212.70804120128,9.40000000009462));
#1559=CARTESIAN_POINT('',(93.2414391813472,212.75096372245,8.89566037648407));
#1560=CARTESIAN_POINT('',(92.9999999998327,212.708041201295,9.40000000009512));
#1561=CARTESIAN_POINT('',(84.2585608183108,212.750963722443,8.89566037647611));
#1562=CARTESIAN_POINT('',(84.4999999998326,212.70804120128,9.40000000009462));
#1563=CARTESIAN_POINT('Origin',(88.7499999998045,210.841121978139,31.3363008693259));
#1564=CARTESIAN_POINT('Ctrl Pts',(94.8177876189293,211.011051465866,9.12796795178174));
#1565=CARTESIAN_POINT('Ctrl Pts',(95.7951917458922,211.760048044343,6.08531196788603));
#1566=CARTESIAN_POINT('Ctrl Pts',(96.7725958728588,212.509044622828,3.04265598399031));
#1567=CARTESIAN_POINT('Ctrl Pts',(97.7499999998217,213.258041201305,9.45946952033289E-11));
#1568=CARTESIAN_POINT('Ctrl Pts',(94.8177876189293,210.113044781028,9.09674531601529));
#1569=CARTESIAN_POINT('Ctrl Pts',(95.7951917458922,211.117743689822,6.06449687737506));
#1570=CARTESIAN_POINT('Ctrl Pts',(96.7725958728588,212.122442598615,3.03224843873483));
#1571=CARTESIAN_POINT('Ctrl Pts',(97.7499999998217,213.127141507408,9.45946906618334E-11));
#1572=CARTESIAN_POINT('Ctrl Pts',(94.8177876189293,201.257125579119,8.80140553661071));
#1573=CARTESIAN_POINT('Ctrl Pts',(95.7951917458922,199.467730684475,5.86760369110534));
#1574=CARTESIAN_POINT('Ctrl Pts',(96.7725958728588,197.678335789846,2.93380184559997));
#1575=CARTESIAN_POINT('Ctrl Pts',(97.7499999998217,195.888940895202,9.45940925916077E-11));
#1576=CARTESIAN_POINT('Ctrl Pts',(94.8177876189293,200.359118894288,8.7701829008443));
#1577=CARTESIAN_POINT('Ctrl Pts',(95.7951917458922,198.82542632996,5.8467886005944));
#1578=CARTESIAN_POINT('Ctrl Pts',(96.7725958728588,197.291733765633,2.9233943003445));
#1579=CARTESIAN_POINT('Ctrl Pts',(97.7499999998217,195.758041201305,9.45940880501123E-11));
#1580=CARTESIAN_POINT('',(94.8205932743294,200.354716403337,8.76179124708955));
#1581=CARTESIAN_POINT('',(94.7499999998363,200.465487759007,8.97293418234084));
#1582=CARTESIAN_POINT('',(94.8177932494291,211.011055780589,9.12795042405308));
#1583=CARTESIAN_POINT('',(94.7499999998363,210.959104995251,9.33899059755869));
#1584=CARTESIAN_POINT('Ctrl Pts',(94.8205932743294,200.35471640333,8.76179124709027));
#1585=CARTESIAN_POINT('Ctrl Pts',(94.8208536864877,202.386266317131,8.83165130565));
#1586=CARTESIAN_POINT('Ctrl Pts',(94.8189131984218,205.936354635138,8.95342490709769));
#1587=CARTESIAN_POINT('Ctrl Pts',(94.8177546385123,209.489936638842,9.07518414056789));
#1588=CARTESIAN_POINT('Ctrl Pts',(94.8177932494291,211.011055780589,9.12795042405268));
#1589=CARTESIAN_POINT('Ctrl Pts',(94.531892129733,211.005138116016,9.29734023444694));
#1590=CARTESIAN_POINT('Ctrl Pts',(94.531944164788,209.482831040688,9.24424662068547));
#1591=CARTESIAN_POINT('Ctrl Pts',(94.5336864346755,205.930770584251,9.1206764322929));
#1592=CARTESIAN_POINT('Ctrl Pts',(94.5361365994868,202.378705519193,8.99724408088721));
#1593=CARTESIAN_POINT('Ctrl Pts',(94.5362135932992,200.348962700395,8.92645408664781));
#1594=CARTESIAN_POINT('Ctrl Pts',(94.5998706637729,211.004679850579,9.31054687499598));
#1595=CARTESIAN_POINT('Ctrl Pts',(94.5998661401354,209.482708404408,9.25745212895141));
#1596=CARTESIAN_POINT('Ctrl Pts',(94.6012445939778,205.930243833791,9.1337996746036));
#1597=CARTESIAN_POINT('Ctrl Pts',(94.6033878842827,202.378742214409,9.01034310595269));
#1598=CARTESIAN_POINT('Ctrl Pts',(94.6032671878274,200.348510580792,8.93949114704922));
#1599=CARTESIAN_POINT('Ctrl Pts',(94.7280642959413,211.005710045254,9.28113562559867));
#1600=CARTESIAN_POINT('Ctrl Pts',(94.7279488266431,209.484314530346,9.22813632874382));
#1601=CARTESIAN_POINT('Ctrl Pts',(94.728606010638,205.931131532743,9.10493723530406));
#1602=CARTESIAN_POINT('Ctrl Pts',(94.7301321636733,202.380586935113,8.98190561297378));
#1603=CARTESIAN_POINT('Ctrl Pts',(94.7296232825647,200.349499264063,8.91128140662019));
#1604=CARTESIAN_POINT('Ctrl Pts',(94.8020220784383,211.009330365618,9.17740624259898));
#1605=CARTESIAN_POINT('Ctrl Pts',(94.8019365477194,209.488184831949,9.12457970693712));
#1606=CARTESIAN_POINT('Ctrl Pts',(94.8027937165716,205.934652249569,9.002434492623));
#1607=CARTESIAN_POINT('Ctrl Pts',(94.8044857552777,202.384519223095,8.88032462736387));
#1608=CARTESIAN_POINT('Ctrl Pts',(94.8040683819418,200.35302547946,8.81025662415549));
#1609=CARTESIAN_POINT('Ctrl Pts',(94.8177932494291,211.011055780589,9.12795042405268));
#1610=CARTESIAN_POINT('Ctrl Pts',(94.8177546385123,209.489936638842,9.07518414056789));
#1611=CARTESIAN_POINT('Ctrl Pts',(94.8189131984218,205.936354635138,8.95342490709769));
#1612=CARTESIAN_POINT('Ctrl Pts',(94.8208536864877,202.386266317131,8.83165130565));
#1613=CARTESIAN_POINT('Ctrl Pts',(94.8205932743294,200.35471640333,8.76179124709027));
#1614=CARTESIAN_POINT('',(94.5362135932992,200.348962700387,8.92645408664781));
#1615=CARTESIAN_POINT('Origin',(94.5839546295501,200.357517935714,8.68120400732817));
#1616=CARTESIAN_POINT('',(94.531892129733,211.005138116016,9.29734023444694));
#1617=CARTESIAN_POINT('Origin',(94.5795975103429,211.013693593079,9.05208322542755));
#1618=CARTESIAN_POINT('Ctrl Pts',(94.531892129733,211.005138116016,9.29734023444694));
#1619=CARTESIAN_POINT('Ctrl Pts',(94.531944164788,209.482831040688,9.24424662068547));
#1620=CARTESIAN_POINT('Ctrl Pts',(94.5336864346755,205.930770584251,9.1206764322929));
#1621=CARTESIAN_POINT('Ctrl Pts',(94.5361365994868,202.378705519193,8.99724408088721));
#1622=CARTESIAN_POINT('Ctrl Pts',(94.5362135932992,200.348962700395,8.92645408664781));
#1623=CARTESIAN_POINT('Ctrl Pts',(93.2046843598946,212.493243299003,9.12159350612604));
#1624=CARTESIAN_POINT('Ctrl Pts',(93.412491432995,212.490608027809,9.15240764553125));
#1625=CARTESIAN_POINT('Ctrl Pts',(93.7212129595755,212.400850698104,9.19878735530105));
#1626=CARTESIAN_POINT('Ctrl Pts',(94.1429083855874,212.085129321094,9.26127014029832));
#1627=CARTESIAN_POINT('Ctrl Pts',(94.4460905628221,211.640311880241,9.30260853592056));
#1628=CARTESIAN_POINT('Ctrl Pts',(94.5318848934512,211.216838543034,9.3047237255227));
#1629=CARTESIAN_POINT('Ctrl Pts',(94.531892129733,211.005138116016,9.29734023444694));
#1630=CARTESIAN_POINT('Ctrl Pts',(93.2052118662796,212.56563781586,9.12419734953528));
#1631=CARTESIAN_POINT('Ctrl Pts',(93.4255781778957,212.56026012107,9.15668966231101));
#1632=CARTESIAN_POINT('Ctrl Pts',(93.750137454881,212.462731588028,9.20552173151927));
#1633=CARTESIAN_POINT('Ctrl Pts',(94.1909174179273,212.130481833607,9.27129193851583));
#1634=CARTESIAN_POINT('Ctrl Pts',(94.5072428651438,211.666847604436,9.31507378450391));
#1635=CARTESIAN_POINT('Ctrl Pts',(94.5985699909543,211.225999705268,9.31796966970845));
#1636=CARTESIAN_POINT('Ctrl Pts',(94.5998706637729,211.004679850579,9.31054687499599));
#1637=CARTESIAN_POINT('Ctrl Pts',(93.2147678943984,212.693106495259,9.07060190470293));
#1638=CARTESIAN_POINT('Ctrl Pts',(93.4564923739454,212.68313398958,9.11063339792845));
#1639=CARTESIAN_POINT('Ctrl Pts',(93.808528318903,212.571992597535,9.1681429106982));
#1640=CARTESIAN_POINT('Ctrl Pts',(94.2826977534132,212.211068774755,9.24236894049163));
#1641=CARTESIAN_POINT('Ctrl Pts',(94.6225288711503,211.714648381938,9.2896530483652));
#1642=CARTESIAN_POINT('Ctrl Pts',(94.7242108639221,211.243559837436,9.29075809938914));
#1643=CARTESIAN_POINT('Ctrl Pts',(94.7280509678203,211.005713338629,9.2810411843587));
#1644=CARTESIAN_POINT('Ctrl Pts',(93.2334414738107,212.746406530045,8.94920738723126));
#1645=CARTESIAN_POINT('Ctrl Pts',(93.4835376149822,212.73935520996,8.99759634572693));
#1646=CARTESIAN_POINT('Ctrl Pts',(93.8499099837863,212.626542590915,9.06486646410721));
#1647=CARTESIAN_POINT('Ctrl Pts',(94.3426229884644,212.25371864366,9.14695093091454));
#1648=CARTESIAN_POINT('Ctrl Pts',(94.6946455873731,211.740392251006,9.19513200841045));
#1649=CARTESIAN_POINT('Ctrl Pts',(94.7988626044098,211.254376371813,9.19112558537972));
#1650=CARTESIAN_POINT('Ctrl Pts',(94.8020220784383,211.009330365618,9.17740624259896));
#1651=CARTESIAN_POINT('Ctrl Pts',(93.2414391813472,212.75096372245,8.89566037648402));
#1652=CARTESIAN_POINT('Ctrl Pts',(93.4920660030621,212.74665688572,8.94626570809725));
#1653=CARTESIAN_POINT('Ctrl Pts',(93.861309858381,212.63576316175,9.01651759280881));
#1654=CARTESIAN_POINT('Ctrl Pts',(94.3580524881036,212.26199812979,9.10090450502107));
#1655=CARTESIAN_POINT('Ctrl Pts',(94.7123118454183,211.745473398645,9.14904089097751));
#1656=CARTESIAN_POINT('Ctrl Pts',(94.8157052034258,211.256870464218,9.1430528230268));
#1657=CARTESIAN_POINT('Ctrl Pts',(94.8177932494291,211.011055780589,9.12795042405266));
#1658=CARTESIAN_POINT('Ctrl Pts',(94.8177932494291,211.011055780589,9.12795042405266));
#1659=CARTESIAN_POINT('Ctrl Pts',(94.8157052034258,211.256870464218,9.1430528230268));
#1660=CARTESIAN_POINT('Ctrl Pts',(94.7123118454183,211.745473398645,9.14904089097751));
#1661=CARTESIAN_POINT('Ctrl Pts',(94.3580524881036,212.26199812979,9.10090450502107));
#1662=CARTESIAN_POINT('Ctrl Pts',(93.861309858381,212.63576316175,9.01651759280881));
#1663=CARTESIAN_POINT('Ctrl Pts',(93.4920660030621,212.74665688572,8.94626570809725));
#1664=CARTESIAN_POINT('Ctrl Pts',(93.2414391813472,212.75096372245,8.89566037648402));
#1665=CARTESIAN_POINT('',(93.2046843598946,212.493243299003,9.12159350612604));
#1666=CARTESIAN_POINT('Origin',(93.2414391813472,212.501864220649,8.87446041888379));
#1667=CARTESIAN_POINT('Ctrl Pts',(93.2046843598946,212.493243299003,9.12159350612568));
#1668=CARTESIAN_POINT('Ctrl Pts',(93.2896323056922,212.49216604561,9.13418979462033));
#1669=CARTESIAN_POINT('Ctrl Pts',(93.374251766791,212.481530899374,9.14677763914375));
#1670=CARTESIAN_POINT('Ctrl Pts',(93.456980577334,212.462217786996,9.15912135369497));
#1671=CARTESIAN_POINT('Ctrl Pts',(93.5429653674679,212.442144563366,9.17195088307167));
#1672=CARTESIAN_POINT('Ctrl Pts',(93.6269076908194,212.412696852971,9.18451658753176));
#1673=CARTESIAN_POINT('Ctrl Pts',(93.7070633313486,212.374864586787,9.19649745323775));
#1674=CARTESIAN_POINT('Ctrl Pts',(93.7384459285134,212.360052469241,9.20118821086448));
#1675=CARTESIAN_POINT('Ctrl Pts',(93.7692481780288,212.34395511593,9.20578873891721));
#1676=CARTESIAN_POINT('Ctrl Pts',(93.7993657997464,212.326632010789,9.21027769028517));
#1677=CARTESIAN_POINT('Ctrl Pts',(93.889892871811,212.274562494736,9.22377050946566));
#1678=CARTESIAN_POINT('Ctrl Pts',(93.9742337162746,212.211418569261,9.23625703523585));
#1679=CARTESIAN_POINT('Ctrl Pts',(94.0506719849195,212.139667892275,9.24734388966408));
#1680=CARTESIAN_POINT('Ctrl Pts',(94.1433265426859,212.052695393245,9.26078280726752));
#1681=CARTESIAN_POINT('Ctrl Pts',(94.2243712978266,211.953077158289,9.2721592980419));
#1682=CARTESIAN_POINT('Ctrl Pts',(94.2921190318497,211.844714295101,9.28099111589033));
#1683=CARTESIAN_POINT('Ctrl Pts',(94.336152512225,211.774282507552,9.28673146549042));
#1684=CARTESIAN_POINT('Ctrl Pts',(94.3745687043691,211.700156527941,9.29139721539154));
#1685=CARTESIAN_POINT('Ctrl Pts',(94.4069029532011,211.623407078719,9.29486837539388));
#1686=CARTESIAN_POINT('Ctrl Pts',(94.4479440152555,211.525990901695,9.2992742329042));
#1687=CARTESIAN_POINT('Ctrl Pts',(94.4791867401223,211.424348253374,9.30175281655894));
#1688=CARTESIAN_POINT('Ctrl Pts',(94.5001728217899,211.320597604683,9.30219241526262));
#1689=CARTESIAN_POINT('Ctrl Pts',(94.519974521082,211.222702286287,9.3026072045252));
#1690=CARTESIAN_POINT('Ctrl Pts',(94.5306446565356,211.122930191521,9.30120661638991));
#1691=CARTESIAN_POINT('Ctrl Pts',(94.5317891029778,211.023059281923,9.29794535166307));
#1692=CARTESIAN_POINT('Ctrl Pts',(94.5318575547897,211.017085787253,9.29775028838048));
#1693=CARTESIAN_POINT('Ctrl Pts',(94.5318919255376,211.011111938539,9.29754858388576));
#1694=CARTESIAN_POINT('Ctrl Pts',(94.5318921297331,211.005138116016,9.29734023444638));
#1695=CARTESIAN_POINT('Ctrl Pts',(94.5362135932992,200.348962700387,8.92645408664755));
#1696=CARTESIAN_POINT('Ctrl Pts',(94.5362218808077,200.130483926281,8.91883434732997));
#1697=CARTESIAN_POINT('Ctrl Pts',(94.4655584497596,199.804491693641,8.89355718083111));
#1698=CARTESIAN_POINT('Ctrl Pts',(94.2051003689594,199.327163315611,8.82786602205586));
#1699=CARTESIAN_POINT('Ctrl Pts',(93.8138534088212,198.941216664418,8.74405085899789));
#1700=CARTESIAN_POINT('Ctrl Pts',(93.3967973317594,198.79848302804,8.67228874102294));
#1701=CARTESIAN_POINT('Ctrl Pts',(93.1826735809664,198.78682624708,8.64019739488613));
#1702=CARTESIAN_POINT('Ctrl Pts',(94.6032671878274,200.348510580785,8.93949114704898));
#1703=CARTESIAN_POINT('Ctrl Pts',(94.5995370208584,200.119912313989,8.93066564446528));
#1704=CARTESIAN_POINT('Ctrl Pts',(94.5218164620819,199.782840341039,8.90345039882061));
#1705=CARTESIAN_POINT('Ctrl Pts',(94.2484127166354,199.291554041825,8.83431806228273));
#1706=CARTESIAN_POINT('Ctrl Pts',(93.8426374016053,198.8946338612,8.74701845097399));
#1707=CARTESIAN_POINT('Ctrl Pts',(93.4100633083472,198.744548591203,8.67234980932279));
#1708=CARTESIAN_POINT('Ctrl Pts',(93.1859605008722,198.730052910832,8.6387033078382));
#1709=CARTESIAN_POINT('Ctrl Pts',(94.729623282572,200.34949926407,8.91128140661942));
#1710=CARTESIAN_POINT('Ctrl Pts',(94.7185495625017,200.103200122241,8.90670486175951));
#1711=CARTESIAN_POINT('Ctrl Pts',(94.6273745011131,199.746525351416,8.88207987182242));
#1712=CARTESIAN_POINT('Ctrl Pts',(94.3301032287272,199.230626793396,8.81312257158799));
#1713=CARTESIAN_POINT('Ctrl Pts',(93.8980409041251,198.814370112341,8.72237670719069));
#1714=CARTESIAN_POINT('Ctrl Pts',(93.4381347487724,198.651507492228,8.64055668854266));
#1715=CARTESIAN_POINT('Ctrl Pts',(93.1968657890939,198.632281367885,8.60113160876122));
#1716=CARTESIAN_POINT('Ctrl Pts',(94.8040683819454,200.35302547946,8.81025662415469));
#1717=CARTESIAN_POINT('Ctrl Pts',(94.7947205673263,200.098357528404,8.81617257435301));
#1718=CARTESIAN_POINT('Ctrl Pts',(94.7007823467575,199.728726951958,8.8020222476872));
#1719=CARTESIAN_POINT('Ctrl Pts',(94.3922767149525,199.194657108841,8.74209320846077));
#1720=CARTESIAN_POINT('Ctrl Pts',(93.9435539911101,198.763342289967,8.65330913324198));
#1721=CARTESIAN_POINT('Ctrl Pts',(93.4643621300893,198.59359240724,8.5642883580136));
#1722=CARTESIAN_POINT('Ctrl Pts',(93.2125358782796,198.574500863506,8.51736627113996));
#1723=CARTESIAN_POINT('Ctrl Pts',(94.8205932743331,200.35471640333,8.76179124708934));
#1724=CARTESIAN_POINT('Ctrl Pts',(94.8142118989235,200.098898967786,8.77163646826179));
#1725=CARTESIAN_POINT('Ctrl Pts',(94.7219005638581,199.725648842461,8.76199629633888));
#1726=CARTESIAN_POINT('Ctrl Pts',(94.4121713678578,199.185752306556,8.70635227778438));
#1727=CARTESIAN_POINT('Ctrl Pts',(93.9591007606359,198.749277398492,8.61901317068325));
#1728=CARTESIAN_POINT('Ctrl Pts',(93.4738558584359,198.578106807014,8.52738210210529));
#1729=CARTESIAN_POINT('Ctrl Pts',(93.2192467953355,198.560228083436,8.47772234657054));
#1730=CARTESIAN_POINT('',(93.1826735809627,198.786826247073,8.64019739488613));
#1731=CARTESIAN_POINT('',(93.2192467953319,198.560228083436,8.47772234657065));
#1732=CARTESIAN_POINT('Origin',(93.2192467953282,198.795448107398,8.3930373991029));
#1733=CARTESIAN_POINT('Ctrl Pts',(93.2192467953355,198.560228083436,8.47772234657054));
#1734=CARTESIAN_POINT('Ctrl Pts',(93.4738558584359,198.578106807014,8.52738210210529));
#1735=CARTESIAN_POINT('Ctrl Pts',(93.9591007606359,198.749277398492,8.61901317068325));
#1736=CARTESIAN_POINT('Ctrl Pts',(94.4121713678578,199.185752306556,8.70635227778438));
#1737=CARTESIAN_POINT('Ctrl Pts',(94.7219005638581,199.725648842461,8.76199629633888));
#1738=CARTESIAN_POINT('Ctrl Pts',(94.8142118989235,200.098898967786,8.77163646826179));
#1739=CARTESIAN_POINT('Ctrl Pts',(94.8205932743331,200.35471640333,8.76179124708934));
#1740=CARTESIAN_POINT('Ctrl Pts',(94.5362135932993,200.348962700387,8.92645408664724));
#1741=CARTESIAN_POINT('Ctrl Pts',(94.5362174139705,200.248240561919,8.92294126741901));
#1742=CARTESIAN_POINT('Ctrl Pts',(94.5262041390068,200.147762413335,8.91748236365281));
#1743=CARTESIAN_POINT('Ctrl Pts',(94.5070678799466,200.049140832626,8.91033642896084));
#1744=CARTESIAN_POINT('Ctrl Pts',(94.4858791111631,199.939941335266,8.90242403827601));
#1745=CARTESIAN_POINT('Ctrl Pts',(94.4535052252111,199.833018006187,8.89244388948267));
#1746=CARTESIAN_POINT('Ctrl Pts',(94.4111484406698,199.730557806098,8.88080914787627));
#1747=CARTESIAN_POINT('Ctrl Pts',(94.4087818311348,199.72483302578,8.88015907751041));
#1748=CARTESIAN_POINT('Ctrl Pts',(94.4063840545706,199.71912217808,8.87950385463524));
#1749=CARTESIAN_POINT('Ctrl Pts',(94.4039553199365,199.713425644312,8.87884355559613));
#1750=CARTESIAN_POINT('Ctrl Pts',(94.3613776318252,199.613560786829,8.86726797786383));
#1751=CARTESIAN_POINT('Ctrl Pts',(94.3092860305024,199.518095120747,8.85412947307556));
#1752=CARTESIAN_POINT('Ctrl Pts',(94.2484750477596,199.428721544883,8.83978341529163));
#1753=CARTESIAN_POINT('Ctrl Pts',(94.126853082274,199.249974393153,8.81109129972376));
#1754=CARTESIAN_POINT('Ctrl Pts',(93.9703525808221,199.095595369827,8.77757563617206));
#1755=CARTESIAN_POINT('Ctrl Pts',(93.7878433613862,198.982723532488,8.74284621690171));
#1756=CARTESIAN_POINT('Ctrl Pts',(93.7070711603574,198.932770402645,8.72747618987738));
#1757=CARTESIAN_POINT('Ctrl Pts',(93.6212047272036,198.890946920485,8.71187153679979));
#1758=CARTESIAN_POINT('Ctrl Pts',(93.5320092427286,198.858830226301,8.69648684007399));
#1759=CARTESIAN_POINT('Ctrl Pts',(93.4472636092889,198.828315793776,8.68186966660409));
#1760=CARTESIAN_POINT('Ctrl Pts',(93.3595128380173,198.806563780476,8.6674513040552));
#1761=CARTESIAN_POINT('Ctrl Pts',(93.2702797593416,198.794928509417,8.65357441608323));
#1762=CARTESIAN_POINT('Ctrl Pts',(93.2412172618738,198.791138995027,8.64905482505788));
#1763=CARTESIAN_POINT('Ctrl Pts',(93.2119975983902,198.788422630698,8.6445922702321));
#1764=CARTESIAN_POINT('Ctrl Pts',(93.1826735809663,198.78682624708,8.64019739488649));
#1765=CARTESIAN_POINT('Ctrl Pts',(84.2953156397598,212.493243298995,9.12159350611842));
#1766=CARTESIAN_POINT('Ctrl Pts',(87.2434207843216,212.530629209105,8.68444128819787));
#1767=CARTESIAN_POINT('Ctrl Pts',(90.25657921534,212.530629209097,8.68444128820069));
#1768=CARTESIAN_POINT('Ctrl Pts',(93.2046843598946,212.493243298988,9.12159350612546));
#1769=CARTESIAN_POINT('Ctrl Pts',(84.2947881333748,212.565637815853,9.12419734952768));
#1770=CARTESIAN_POINT('Ctrl Pts',(87.2431664918076,212.602994515575,8.68694887540919));
#1771=CARTESIAN_POINT('Ctrl Pts',(90.256833507854,212.602994515575,8.68694887541419));
#1772=CARTESIAN_POINT('Ctrl Pts',(93.2052118662796,212.565637815853,9.12419734953686));
#1773=CARTESIAN_POINT('Ctrl Pts',(84.2852321052487,212.693106495251,9.07060190469337));
#1774=CARTESIAN_POINT('Ctrl Pts',(87.2400030806748,212.730445293288,8.63237169199604));
#1775=CARTESIAN_POINT('Ctrl Pts',(90.2599969189796,212.73044529328,8.63237169200268));
#1776=CARTESIAN_POINT('Ctrl Pts',(93.2147678943984,212.693106495244,9.07060190470429));
#1777=CARTESIAN_POINT('Ctrl Pts',(84.2665585258437,212.746406530037,8.94920738722387));
#1778=CARTESIAN_POINT('Ctrl Pts',(87.2337041336286,212.783853595058,8.50919963289448));
#1779=CARTESIAN_POINT('Ctrl Pts',(90.2662958660367,212.783853595058,8.50919963289917));
#1780=CARTESIAN_POINT('Ctrl Pts',(93.2334414738143,212.746406530037,8.94920738723309));
#1781=CARTESIAN_POINT('Ctrl Pts',(84.2585608183072,212.750963722443,8.89566037647667));
#1782=CARTESIAN_POINT('Ctrl Pts',(87.2309902627421,212.788475675465,8.45489492852406));
#1783=CARTESIAN_POINT('Ctrl Pts',(90.2690097369232,212.788475675465,8.45489492852782));
#1784=CARTESIAN_POINT('Ctrl Pts',(93.2414391813509,212.750963722443,8.89566037648504));
#1785=CARTESIAN_POINT('',(84.2953156397634,212.493243298988,9.12159350611765));
#1786=CARTESIAN_POINT('Origin',(84.2585608183108,212.501864220641,8.87446041887533));
#1787=CARTESIAN_POINT('Origin',(88.7499999997997,210.589818762926,31.3782740350246));
#1788=CARTESIAN_POINT('Ctrl Pts',(93.1826735809627,198.78682624708,8.64019739488559));
#1789=CARTESIAN_POINT('Ctrl Pts',(91.9267704502781,198.718455561226,8.45197155850975));
#1790=CARTESIAN_POINT('Ctrl Pts',(88.9646043557004,198.626603610006,8.19910133897705));
#1791=CARTESIAN_POINT('Ctrl Pts',(85.9918639263597,198.695665332598,8.38922961303625));
#1792=CARTESIAN_POINT('Ctrl Pts',(84.3173264187753,198.786826247073,8.64019739486215));
#1793=CARTESIAN_POINT('Ctrl Pts',(93.1859605008685,198.730052910832,8.63870330783759));
#1794=CARTESIAN_POINT('Ctrl Pts',(91.929153266261,198.661754048771,8.45020293381804));
#1795=CARTESIAN_POINT('Ctrl Pts',(88.9647781212952,198.569998199004,8.19696052338073));
#1796=CARTESIAN_POINT('Ctrl Pts',(85.9897824783475,198.638987761413,8.38736947579662));
#1797=CARTESIAN_POINT('Ctrl Pts',(84.3140394988695,198.730052910825,8.63870330781413));
#1798=CARTESIAN_POINT('Ctrl Pts',(93.1968678689627,198.632294656607,8.60111294532038));
#1799=CARTESIAN_POINT('Ctrl Pts',(91.9369650650478,198.564117976799,8.41206850701742));
#1800=CARTESIAN_POINT('Ctrl Pts',(88.9652976650723,198.472525552337,8.15809422060691));
#1801=CARTESIAN_POINT('Ctrl Pts',(85.9830025359988,198.541392416846,8.34905369423494));
#1802=CARTESIAN_POINT('Ctrl Pts',(84.3031321307753,198.632294656592,8.60111294529696));
#1803=CARTESIAN_POINT('Ctrl Pts',(93.2125358782723,198.574500863506,8.51736627113914));
#1804=CARTESIAN_POINT('Ctrl Pts',(91.9481776041248,198.506257114946,8.32781160495353));
#1805=CARTESIAN_POINT('Ctrl Pts',(88.9660511795009,198.414575232418,8.0731549383724));
#1806=CARTESIAN_POINT('Ctrl Pts',(85.9732751536649,198.483509198748,8.2646267162103));
#1807=CARTESIAN_POINT('Ctrl Pts',(84.2874641214657,198.574500863499,8.5173662711158));
#1808=CARTESIAN_POINT('Ctrl Pts',(93.2192467953282,198.560228083436,8.47772234656969));
#1809=CARTESIAN_POINT('Ctrl Pts',(91.952981427592,198.491910821176,8.28796503377096));
#1810=CARTESIAN_POINT('Ctrl Pts',(88.9663750187028,198.400130641377,8.0330373667236));
#1811=CARTESIAN_POINT('Ctrl Pts',(85.9691070280642,198.469138400418,8.22471259615672));
#1812=CARTESIAN_POINT('Ctrl Pts',(84.2807532044098,198.560228083428,8.47772234654638));
#1813=CARTESIAN_POINT('',(84.3173264187717,198.786826247066,8.64019739486214));
#1814=CARTESIAN_POINT('',(84.2807532043771,198.560228083428,8.4777223465581));
#1815=CARTESIAN_POINT('Origin',(84.2807532044062,198.79544810739,8.39303739907871));
#1816=CARTESIAN_POINT('Ctrl Pts',(84.2807532044098,198.560228083428,8.47772234654638));
#1817=CARTESIAN_POINT('Ctrl Pts',(85.9691070280642,198.469138400418,8.22471259615672));
#1818=CARTESIAN_POINT('Ctrl Pts',(88.9663750187028,198.400130641377,8.0330373667236));
#1819=CARTESIAN_POINT('Ctrl Pts',(91.952981427592,198.491910821176,8.28796503377096));
#1820=CARTESIAN_POINT('Ctrl Pts',(93.2192467953282,198.560228083436,8.47772234656969));
#1821=CARTESIAN_POINT('Ctrl Pts',(93.1826735809627,198.78682624708,8.64019739488559));
#1822=CARTESIAN_POINT('Ctrl Pts',(91.9267704502781,198.718455561226,8.45197155850975));
#1823=CARTESIAN_POINT('Ctrl Pts',(88.9646043557004,198.626603610006,8.19910133897705));
#1824=CARTESIAN_POINT('Ctrl Pts',(85.9918639263597,198.695665332598,8.38922961303625));
#1825=CARTESIAN_POINT('Ctrl Pts',(84.3173264187753,198.786826247073,8.64019739486215));
#1826=CARTESIAN_POINT('Ctrl Pts',(82.9681078699323,211.005138116001,9.29734023443406));
#1827=CARTESIAN_POINT('Ctrl Pts',(82.9681187244569,211.32269177027,9.30841557615835));
#1828=CARTESIAN_POINT('Ctrl Pts',(83.1302806092062,211.852029374131,9.29457395522269));
#1829=CARTESIAN_POINT('Ctrl Pts',(83.6754229709331,212.370630952151,9.21426834954302));
#1830=CARTESIAN_POINT('Ctrl Pts',(84.0875065944674,212.490608002794,9.15240793796507));
#1831=CARTESIAN_POINT('Ctrl Pts',(84.2953156397671,212.493243298995,9.1215935061176));
#1832=CARTESIAN_POINT('Ctrl Pts',(82.9001293358924,211.004679850565,9.31054687498305));
#1833=CARTESIAN_POINT('Ctrl Pts',(82.9020803636377,211.33666278328,9.32168117272191));
#1834=CARTESIAN_POINT('Ctrl Pts',(83.0727043099178,211.886660262513,9.30635802213026));
#1835=CARTESIAN_POINT('Ctrl Pts',(83.6412043921846,212.429859627118,9.22181891243227));
#1836=CARTESIAN_POINT('Ctrl Pts',(84.074419730372,212.560260070029,9.15668997067183));
#1837=CARTESIAN_POINT('Ctrl Pts',(84.2947881333821,212.565637815853,9.12419734952689));
#1838=CARTESIAN_POINT('Ctrl Pts',(82.771949031845,211.005713338614,9.28104118434358));
#1839=CARTESIAN_POINT('Ctrl Pts',(82.7777092423603,211.362486472783,9.2956166952182));
#1840=CARTESIAN_POINT('Ctrl Pts',(82.9640697336072,211.948682094437,9.28098325657095));
#1841=CARTESIAN_POINT('Ctrl Pts',(83.5736624722376,212.534517414977,9.18732655288576));
#1842=CARTESIAN_POINT('Ctrl Pts',(84.0435053316178,212.683133894934,9.11063377783788));
#1843=CARTESIAN_POINT('Ctrl Pts',(84.2852321052596,212.693106495259,9.07060190469225));
#1844=CARTESIAN_POINT('Ctrl Pts',(82.6979779212306,211.009330365603,9.17740624258737));
#1845=CARTESIAN_POINT('Ctrl Pts',(82.7027171772497,211.376902863332,9.19798545206549));
#1846=CARTESIAN_POINT('Ctrl Pts',(82.8945736311689,211.982090835052,9.18811276816808));
#1847=CARTESIAN_POINT('Ctrl Pts',(83.5274287061293,212.588354123385,9.08729280752526));
#1848=CARTESIAN_POINT('Ctrl Pts',(84.0164600111311,212.739355143029,8.99759680495641));
#1849=CARTESIAN_POINT('Ctrl Pts',(84.2665585258474,212.746406530037,8.94920738722411));
#1850=CARTESIAN_POINT('Ctrl Pts',(82.6822067502399,211.011055780575,9.1279504240414));
#1851=CARTESIAN_POINT('Ctrl Pts',(82.685338848969,211.379781305404,9.15060423749862));
#1852=CARTESIAN_POINT('Ctrl Pts',(82.8770316880509,211.988831221403,9.14273966889966));
#1853=CARTESIAN_POINT('Ctrl Pts',(83.5150385100387,212.598158710942,9.03993568746632));
#1854=CARTESIAN_POINT('Ctrl Pts',(84.0079316180127,212.746656844836,8.9462661883614));
#1855=CARTESIAN_POINT('Ctrl Pts',(84.2585608183108,212.750963722443,8.89566037647708));
#1856=CARTESIAN_POINT('',(82.6822067502399,211.011055780575,9.1279504240408));
#1857=CARTESIAN_POINT('Ctrl Pts',(84.2585608183108,212.750963722443,8.89566037647708));
#1858=CARTESIAN_POINT('Ctrl Pts',(84.0079316180127,212.746656844836,8.9462661883614));
#1859=CARTESIAN_POINT('Ctrl Pts',(83.5150385100387,212.598158710942,9.03993568746632));
#1860=CARTESIAN_POINT('Ctrl Pts',(82.8770316880509,211.988831221403,9.14273966889966));
#1861=CARTESIAN_POINT('Ctrl Pts',(82.685338848969,211.379781305404,9.15060423749862));
#1862=CARTESIAN_POINT('Ctrl Pts',(82.6822067502399,211.011055780575,9.1279504240414));
#1863=CARTESIAN_POINT('',(82.9681078699323,211.005138116001,9.29734023443407));
#1864=CARTESIAN_POINT('Origin',(82.9204024893224,211.013693593064,9.05208322541458));
#1865=CARTESIAN_POINT('Ctrl Pts',(82.9681078699323,211.005138116001,9.29734023443406));
#1866=CARTESIAN_POINT('Ctrl Pts',(82.9681187244569,211.32269177027,9.30841557615835));
#1867=CARTESIAN_POINT('Ctrl Pts',(83.1302806092062,211.852029374131,9.29457395522269));
#1868=CARTESIAN_POINT('Ctrl Pts',(83.6754229709331,212.370630952151,9.21426834954302));
#1869=CARTESIAN_POINT('Ctrl Pts',(84.0875065944674,212.490608002794,9.15240793796507));
#1870=CARTESIAN_POINT('Ctrl Pts',(84.2953156397671,212.493243298995,9.1215935061176));
#1871=CARTESIAN_POINT('Ctrl Pts',(84.3173264187099,198.786826247073,8.6401973948716));
#1872=CARTESIAN_POINT('Ctrl Pts',(84.2102645266168,198.792654638462,8.65624307044195));
#1873=CARTESIAN_POINT('Ctrl Pts',(83.8915602319903,198.854516544692,8.70733122205879));
#1874=CARTESIAN_POINT('Ctrl Pts',(83.4274146242751,199.148658180202,8.79679685749411));
#1875=CARTESIAN_POINT('Ctrl Pts',(83.0578547248806,199.696088967081,8.88517653034011));
#1876=CARTESIAN_POINT('Ctrl Pts',(82.9637781188539,200.130483892215,8.91883434612513));
#1877=CARTESIAN_POINT('Ctrl Pts',(82.9637864063661,200.348962700387,8.92645408663051));
#1878=CARTESIAN_POINT('Ctrl Pts',(84.314039498804,198.730052910825,8.6387033078236));
#1879=CARTESIAN_POINT('Ctrl Pts',(84.2019880775915,198.737300752138,8.65552656118911));
#1880=CARTESIAN_POINT('Ctrl Pts',(83.8700387334647,198.804173417564,8.70885843797506));
#1881=CARTESIAN_POINT('Ctrl Pts',(83.3894808386722,199.108351359624,8.80188922692201));
#1882=CARTESIAN_POINT('Ctrl Pts',(83.0039653546082,199.670773182923,8.89439891727429));
#1883=CARTESIAN_POINT('Ctrl Pts',(82.900462979389,200.119912278351,8.93066564307244));
#1884=CARTESIAN_POINT('Ctrl Pts',(82.8967328118379,200.348510580785,8.93949114703189));
#1885=CARTESIAN_POINT('Ctrl Pts',(84.3031342105787,198.632281367863,8.60113160874578));
#1886=CARTESIAN_POINT('Ctrl Pts',(84.1824997119256,198.64189443153,8.62084415171033));
#1887=CARTESIAN_POINT('Ctrl Pts',(83.8274829902366,198.717350250568,8.68111131805868));
#1888=CARTESIAN_POINT('Ctrl Pts',(83.3176409978732,199.039118824527,8.77991065334204));
#1889=CARTESIAN_POINT('Ctrl Pts',(82.9028812740871,199.627996891228,8.87389175325335));
#1890=CARTESIAN_POINT('Ctrl Pts',(82.7814504388843,200.103200083831,8.90670486102815));
#1891=CARTESIAN_POINT('Ctrl Pts',(82.7703767170897,200.349499264055,8.91128140660149));
#1892=CARTESIAN_POINT('Ctrl Pts',(84.2874641214003,198.574500863499,8.51736627112466));
#1893=CARTESIAN_POINT('Ctrl Pts',(84.1615509758594,198.584046636854,8.54082731821997));
#1894=CARTESIAN_POINT('Ctrl Pts',(83.791141425696,198.662255982985,8.60931591856174));
#1895=CARTESIAN_POINT('Ctrl Pts',(83.2610753056397,198.996532495446,8.71096057825227));
#1896=CARTESIAN_POINT('Ctrl Pts',(82.830441336293,199.605939979709,8.79724672890834));
#1897=CARTESIAN_POINT('Ctrl Pts',(82.7052794337978,200.0983574887,8.81617257525929));
#1898=CARTESIAN_POINT('Ctrl Pts',(82.6959316177199,200.35302547946,8.81025662413883));
#1899=CARTESIAN_POINT('Ctrl Pts',(84.2807532043444,198.560228083428,8.4777223465551));
#1900=CARTESIAN_POINT('Ctrl Pts',(84.1534486529417,198.569167446614,8.50255222819445));
#1901=CARTESIAN_POINT('Ctrl Pts',(83.778497751613,198.647111382583,8.57407542790309));
#1902=CARTESIAN_POINT('Ctrl Pts',(83.242370797685,198.985312056357,8.67636469581261));
#1903=CARTESIAN_POINT('Ctrl Pts',(82.8087904640597,199.601683360714,8.75869196282724));
#1904=CARTESIAN_POINT('Ctrl Pts',(82.6857881017349,200.098898927899,8.7716364697809));
#1905=CARTESIAN_POINT('Ctrl Pts',(82.6794067253322,200.35471640333,8.76179124707377));
#1906=CARTESIAN_POINT('',(82.9637864063661,200.34896270038,8.92645408663051));
#1907=CARTESIAN_POINT('',(82.6794067253359,200.354716403323,8.76179124707281));
#1908=CARTESIAN_POINT('Origin',(82.9160453701152,200.357517935707,8.68120400731074));
#1909=CARTESIAN_POINT('Ctrl Pts',(82.6794067253322,200.35471640333,8.76179124707377));
#1910=CARTESIAN_POINT('Ctrl Pts',(82.6857881017349,200.098898927899,8.7716364697809));
#1911=CARTESIAN_POINT('Ctrl Pts',(82.8087904640597,199.601683360714,8.75869196282724));
#1912=CARTESIAN_POINT('Ctrl Pts',(83.242370797685,198.985312056357,8.67636469581261));
#1913=CARTESIAN_POINT('Ctrl Pts',(83.778497751613,198.647111382583,8.57407542790309));
#1914=CARTESIAN_POINT('Ctrl Pts',(84.1534486529417,198.569167446614,8.50255222819445));
#1915=CARTESIAN_POINT('Ctrl Pts',(84.2807532043444,198.560228083428,8.4777223465551));
#1916=CARTESIAN_POINT('Ctrl Pts',(84.3173264187099,198.786826247073,8.6401973948716));
#1917=CARTESIAN_POINT('Ctrl Pts',(84.2102645266168,198.792654638462,8.65624307044195));
#1918=CARTESIAN_POINT('Ctrl Pts',(83.8915602319903,198.854516544692,8.70733122205879));
#1919=CARTESIAN_POINT('Ctrl Pts',(83.4274146242751,199.148658180202,8.79679685749411));
#1920=CARTESIAN_POINT('Ctrl Pts',(83.0578547248806,199.696088967081,8.88517653034011));
#1921=CARTESIAN_POINT('Ctrl Pts',(82.9637781188539,200.130483892215,8.91883434612513));
#1922=CARTESIAN_POINT('Ctrl Pts',(82.9637864063661,200.348962700387,8.92645408663051));
#1923=CARTESIAN_POINT('Ctrl Pts',(82.9637864063661,200.348962700387,8.92645408663051));
#1924=CARTESIAN_POINT('Ctrl Pts',(82.9638634001785,202.378705519106,8.99724408086814));
#1925=CARTESIAN_POINT('Ctrl Pts',(82.9663135650371,205.930770579413,9.12067643210154));
#1926=CARTESIAN_POINT('Ctrl Pts',(82.9680558348773,209.482831040739,9.24424662067441));
#1927=CARTESIAN_POINT('Ctrl Pts',(82.9681078699323,211.005138116001,9.29734023443406));
#1928=CARTESIAN_POINT('Ctrl Pts',(82.8967328118379,200.348510580785,8.93949114703189));
#1929=CARTESIAN_POINT('Ctrl Pts',(82.8966121153826,202.378742214329,9.01034310593361));
#1930=CARTESIAN_POINT('Ctrl Pts',(82.898755405713,205.930243829192,9.1337996744256));
#1931=CARTESIAN_POINT('Ctrl Pts',(82.9001338595299,209.482708404459,9.25745212894028));
#1932=CARTESIAN_POINT('Ctrl Pts',(82.9001293358924,211.004679850565,9.31054687498305));
#1933=CARTESIAN_POINT('Ctrl Pts',(82.7703767170933,200.349499264063,8.91128140660159));
#1934=CARTESIAN_POINT('Ctrl Pts',(82.7698678359884,202.38058693504,8.98190561295344));
#1935=CARTESIAN_POINT('Ctrl Pts',(82.7713939889909,205.931131528574,9.10493723510424));
#1936=CARTESIAN_POINT('Ctrl Pts',(82.7720511730186,209.484314530411,9.22813632873148));
#1937=CARTESIAN_POINT('Ctrl Pts',(82.7719357037204,211.005710045247,9.28113562558453));
#1938=CARTESIAN_POINT('Ctrl Pts',(82.6959316177235,200.35302547946,8.8102566241389));
#1939=CARTESIAN_POINT('Ctrl Pts',(82.6955142443876,202.384519223015,8.88032462734551));
#1940=CARTESIAN_POINT('Ctrl Pts',(82.6972062830755,205.934652245589,9.00243449235042));
#1941=CARTESIAN_POINT('Ctrl Pts',(82.6980634519496,209.488184832007,9.12457970692718));
#1942=CARTESIAN_POINT('Ctrl Pts',(82.6979779212306,211.009330365603,9.17740624258723));
#1943=CARTESIAN_POINT('Ctrl Pts',(82.6794067253359,200.35471640333,8.76179124707386));
#1944=CARTESIAN_POINT('Ctrl Pts',(82.6791463131776,202.386266317058,8.83165130563179));
#1945=CARTESIAN_POINT('Ctrl Pts',(82.6810868012471,205.936354631187,8.95342490679615));
#1946=CARTESIAN_POINT('Ctrl Pts',(82.6822453611567,209.4899366389,9.07518414055825));
#1947=CARTESIAN_POINT('Ctrl Pts',(82.6822067502399,211.011055780575,9.12795042404123));
#1948=CARTESIAN_POINT('Ctrl Pts',(82.6822067502399,211.011055780575,9.12795042404123));
#1949=CARTESIAN_POINT('Ctrl Pts',(82.6822453611567,209.4899366389,9.07518414055825));
#1950=CARTESIAN_POINT('Ctrl Pts',(82.6810868012471,205.936354631187,8.95342490679615));
#1951=CARTESIAN_POINT('Ctrl Pts',(82.6791463131776,202.386266317058,8.83165130563179));
#1952=CARTESIAN_POINT('Ctrl Pts',(82.6794067253359,200.35471640333,8.76179124707386));
#1953=CARTESIAN_POINT('Ctrl Pts',(82.9637864063661,200.348962700387,8.92645408663051));
#1954=CARTESIAN_POINT('Ctrl Pts',(82.9638634001785,202.378705519106,8.99724408086814));
#1955=CARTESIAN_POINT('Ctrl Pts',(82.9663135650371,205.930770579413,9.12067643210154));
#1956=CARTESIAN_POINT('Ctrl Pts',(82.9680558348773,209.482831040739,9.24424662067441));
#1957=CARTESIAN_POINT('Ctrl Pts',(82.9681078699323,211.005138116001,9.29734023443406));
#1958=CARTESIAN_POINT('Ctrl Pts',(82.6839396849075,211.009189097537,9.13332604171551));
#1959=CARTESIAN_POINT('Ctrl Pts',(81.7059596842145,211.758780173684,6.0888840227072));
#1960=CARTESIAN_POINT('Ctrl Pts',(80.7279800129088,212.50837162813,3.04444201909663));
#1961=CARTESIAN_POINT('Ctrl Pts',(79.7500000123504,213.257962704432,9.45955833790251E-11));
#1962=CARTESIAN_POINT('Ctrl Pts',(82.6838575775864,211.266071119201,9.14225829362905));
#1963=CARTESIAN_POINT('Ctrl Pts',(81.7059533783686,211.942570442351,6.09484130866661));
#1964=CARTESIAN_POINT('Ctrl Pts',(80.7278923250865,212.618889536404,3.04741698805511));
#1965=CARTESIAN_POINT('Ctrl Pts',(79.7499880617625,213.295388785895,9.45955846774597E-11));
#1966=CARTESIAN_POINT('Ctrl Pts',(82.8010530164212,211.779641222055,9.16011605461678));
#1967=CARTESIAN_POINT('Ctrl Pts',(81.7897460555201,212.309786358755,6.10674219074381));
#1968=CARTESIAN_POINT('Ctrl Pts',(80.7783593366318,212.840067480472,3.0533738617055));
#1969=CARTESIAN_POINT('Ctrl Pts',(79.7670523431337,213.370212672749,9.45955873977552E-11));
#1970=CARTESIAN_POINT('Ctrl Pts',(83.2118513945213,212.293848030571,9.177995954691));
#1971=CARTESIAN_POINT('Ctrl Pts',(82.0835726999109,212.677545703224,6.11866141534113));
#1972=CARTESIAN_POINT('Ctrl Pts',(80.9551455448143,213.061431581846,3.0593345363137));
#1973=CARTESIAN_POINT('Ctrl Pts',(79.8268667895281,213.44512933142,9.45951457834622E-11));
#1974=CARTESIAN_POINT('Ctrl Pts',(83.7594198590939,212.637472577533,9.18994440103053));
#1975=CARTESIAN_POINT('Ctrl Pts',(82.4751530196736,212.923360482136,6.12662882800699));
#1976=CARTESIAN_POINT('Ctrl Pts',(81.1908625364769,213.209305317586,3.06331557217111));
#1977=CARTESIAN_POINT('Ctrl Pts',(79.9065956873933,213.495193245455,9.45960359473768E-11));
#1978=CARTESIAN_POINT('Ctrl Pts',(84.1444102299013,212.725739723941,9.19301360969825));
#1979=CARTESIAN_POINT('Ctrl Pts',(82.7505483449051,212.986362559829,6.12866970288641));
#1980=CARTESIAN_POINT('Ctrl Pts',(81.3565143074106,213.247430177833,3.06434389950757));
#1981=CARTESIAN_POINT('Ctrl Pts',(79.9626523520558,213.508053195504,9.45955916413129E-11));
#1982=CARTESIAN_POINT('Ctrl Pts',(84.4014485058009,212.725657221621,9.1930107404033));
#1983=CARTESIAN_POINT('Ctrl Pts',(82.9343250489283,212.986452188717,6.12867383964143));
#1984=CARTESIAN_POINT('Ctrl Pts',(81.467201953482,213.247246222,3.064336900872));
#1985=CARTESIAN_POINT('Ctrl Pts',(80.0000784967571,213.508041188714,9.45955920558004E-11));
#1986=CARTESIAN_POINT('',(82.7499999998363,210.959104995236,9.33899059755818));
#1987=CARTESIAN_POINT('Ctrl Pts',(93.0986447628719,212.72558338894,9.19387929211764));
#1988=CARTESIAN_POINT('Ctrl Pts',(94.5657617100985,212.986402665824,6.12925286169181));
#1989=CARTESIAN_POINT('Ctrl Pts',(96.0328786783849,213.247221924383,3.06462643052043));
#1990=CARTESIAN_POINT('Ctrl Pts',(97.499995625612,213.508041201266,9.45947038769493E-11));
#1991=CARTESIAN_POINT('Ctrl Pts',(93.3555335929924,212.725587958765,9.1938794510315));
#1992=CARTESIAN_POINT('Ctrl Pts',(94.7495480824599,212.986353721559,6.12925084248579));
#1993=CARTESIAN_POINT('Ctrl Pts',(96.1433825111388,213.247276100386,3.06462860849511));
#1994=CARTESIAN_POINT('Ctrl Pts',(97.5373969965052,213.508041866747,9.45947038250289E-11));
#1995=CARTESIAN_POINT('Ctrl Pts',(93.8692530465742,212.608423004972,9.18980535776657));
#1996=CARTESIAN_POINT('Ctrl Pts',(95.1168537744427,212.902579794501,6.12653582413222));
#1997=CARTESIAN_POINT('Ctrl Pts',(96.3645905316847,213.196816264948,3.06326953365507));
#1998=CARTESIAN_POINT('Ctrl Pts',(97.6121912626516,213.490973056292,9.45960355662562E-11));
#1999=CARTESIAN_POINT('Ctrl Pts',(94.3836772064022,212.197948859957,9.17553223348556));
#2000=CARTESIAN_POINT('Ctrl Pts',(95.4847514300553,212.608974614936,6.11701947717679));
#2001=CARTESIAN_POINT('Ctrl Pts',(96.5860139020138,213.020148653235,3.0585127562659));
#2002=CARTESIAN_POINT('Ctrl Pts',(97.6870881299546,213.431174411591,9.45951452993037E-11));
#2003=CARTESIAN_POINT('Ctrl Pts',(94.727447032929,211.650812619489,9.15650705574998));
#2004=CARTESIAN_POINT('Ctrl Pts',(95.7306586347986,212.217689388785,6.10433771634546));
#2005=CARTESIAN_POINT('Ctrl Pts',(96.7339272149754,212.784589806565,3.05216933947719));
#2006=CARTESIAN_POINT('Ctrl Pts',(97.7371388181428,213.351466576401,9.45946984377474E-11));
#2007=CARTESIAN_POINT('Ctrl Pts',(94.8157878015885,211.266218631798,9.14313384370134));
#2008=CARTESIAN_POINT('Ctrl Pts',(95.7937105735815,211.942567881561,6.09542023136554));
#2009=CARTESIAN_POINT('Ctrl Pts',(96.7720778862724,212.619088947831,3.04771361227112));
#2010=CARTESIAN_POINT('Ctrl Pts',(97.7500006683906,213.295438201507,9.45946965007982E-11));
#2011=CARTESIAN_POINT('Ctrl Pts',(94.8157832042354,211.009485433145,9.13420664353062));
#2012=CARTESIAN_POINT('Ctrl Pts',(95.7938554867493,211.759002571163,6.08947109599127));
#2013=CARTESIAN_POINT('Ctrl Pts',(96.7719277172699,212.508519689078,3.04473554763397));
#2014=CARTESIAN_POINT('Ctrl Pts',(97.7499999997826,213.258036827095,9.45946952031771E-11));
#2015=CARTESIAN_POINT('Origin',(88.7499999997938,202.565981861002,38.7642723170776));
#2016=CARTESIAN_POINT('Origin',(83.2541920167896,204.615585533473,6.43403668659653));
#2017=CARTESIAN_POINT('',(83.5523369768453,204.183041201315,7.29350648030488));
#2018=CARTESIAN_POINT('',(82.5429878706709,204.183041201315,4.33274910222287));
#2019=CARTESIAN_POINT('',(83.453087007103,204.183041201308,7.0023732357337));
#2020=CARTESIAN_POINT('',(83.5523369768416,204.183041201315,7.29350648030574));
#2021=CARTESIAN_POINT('',(82.5352579552382,204.833041201309,4.33274910222286));
#2022=CARTESIAN_POINT('',(82.5352579552382,204.833041201317,4.33274910222287));
#2023=CARTESIAN_POINT('',(82.5370410075011,204.683106317963,4.33274910222287));
#2024=CARTESIAN_POINT('Ctrl Pts',(83.5523369768343,204.183041201315,7.29350648030682));
#2025=CARTESIAN_POINT('Ctrl Pts',(83.55233697683,198.23560908307,7.08603791801168));
#2026=CARTESIAN_POINT('Ctrl Pts',(85.1556814154465,204.192436573481,7.02417247820621));
#2027=CARTESIAN_POINT('Ctrl Pts',(85.1556814154421,198.245004455236,6.81670391591107));
#2028=CARTESIAN_POINT('Ctrl Pts',(86.789354088367,204.197596646351,6.87625038884732));
#2029=CARTESIAN_POINT('Ctrl Pts',(86.7893540883626,198.250164528106,6.66878182655218));
#2030=CARTESIAN_POINT('Ctrl Pts',(88.4249999998246,204.198352294159,6.85458848500592));
#2031=CARTESIAN_POINT('Ctrl Pts',(88.4249999998203,198.250920175914,6.64711992271078));
#2032=CARTESIAN_POINT('',(88.4249999998174,201.827672756495,6.77189036158657));
#2033=CARTESIAN_POINT('',(88.4249999998174,199.242158862326,6.68169801642792));
#2034=CARTESIAN_POINT('',(86.0696315547643,204.18304119739,6.97252193903257));
#2035=CARTESIAN_POINT('Origin',(87.1865722471351,204.183041201299,21.5878321403626));
#2036=CARTESIAN_POINT('Ctrl Pts',(88.4249999998174,201.827672756496,6.77189036158686));
#2037=CARTESIAN_POINT('Ctrl Pts',(88.2893807723806,201.844116857306,6.7742622707062));
#2038=CARTESIAN_POINT('Ctrl Pts',(88.15547666075,201.870795554535,6.77784211165455));
#2039=CARTESIAN_POINT('Ctrl Pts',(88.0244040865096,201.907365028707,6.78250850329156));
#2040=CARTESIAN_POINT('Ctrl Pts',(87.8890226704716,201.945136677169,6.78732829653411));
#2041=CARTESIAN_POINT('Ctrl Pts',(87.7566621876697,201.993460090371,6.79330708181794));
#2042=CARTESIAN_POINT('Ctrl Pts',(87.6285467477683,202.0519583344,6.8002560603394));
#2043=CARTESIAN_POINT('Ctrl Pts',(87.6123267788794,202.059364465144,6.80113583107987));
#2044=CARTESIAN_POINT('Ctrl Pts',(87.5961748426938,202.066933687099,6.80203108520352));
#2045=CARTESIAN_POINT('Ctrl Pts',(87.5800934146701,202.074665237349,6.80294138238161));
#2046=CARTESIAN_POINT('Ctrl Pts',(87.4317722243834,202.145974373217,6.81133717663385));
#2047=CARTESIAN_POINT('Ctrl Pts',(87.2905890447742,202.230544967568,6.82095250285827));
#2048=CARTESIAN_POINT('Ctrl Pts',(87.1582044658733,202.327171252264,6.83135140633502));
#2049=CARTESIAN_POINT('Ctrl Pts',(87.0459558916152,202.409100452651,6.84016861222717));
#2050=CARTESIAN_POINT('Ctrl Pts',(86.9400325722884,202.499696913946,6.84954748769723));
#2051=CARTESIAN_POINT('Ctrl Pts',(86.8414384070596,202.598226381336,6.85920059324608));
#2052=CARTESIAN_POINT('Ctrl Pts',(86.7197740541978,202.719810897621,6.87111244256274));
#2053=CARTESIAN_POINT('Ctrl Pts',(86.6102395891967,202.852508999121,6.88334268049574));
#2054=CARTESIAN_POINT('Ctrl Pts',(86.5141798071498,202.994400289515,6.89533787729386));
#2055=CARTESIAN_POINT('Ctrl Pts',(86.4294496674125,203.119556401744,6.90591831667469));
#2056=CARTESIAN_POINT('Ctrl Pts',(86.3552027059662,203.251865054101,6.91631519556488));
#2057=CARTESIAN_POINT('Ctrl Pts',(86.292358873639,203.390007170123,6.9261826697725));
#2058=CARTESIAN_POINT('Ctrl Pts',(86.2352068134844,203.515637740895,6.93515644585528));
#2059=CARTESIAN_POINT('Ctrl Pts',(86.1878422287037,203.645311646565,6.94363538477677));
#2060=CARTESIAN_POINT('Ctrl Pts',(86.1506064339485,203.777870434155,6.95141739380047));
#2061=CARTESIAN_POINT('Ctrl Pts',(86.1133706391932,203.910429221746,6.95919940282416));
#2062=CARTESIAN_POINT('Ctrl Pts',(86.0862634841476,204.045872906384,6.96628404827808));
#2063=CARTESIAN_POINT('Ctrl Pts',(86.0696315559061,204.183041193812,6.97252202075391));
#2064=CARTESIAN_POINT('Ctrl Pts',(82.6822120290963,200.359118342501,8.7701818490752));
#2065=CARTESIAN_POINT('Ctrl Pts',(81.7048080193381,198.825425962103,5.846787899415));
#2066=CARTESIAN_POINT('Ctrl Pts',(80.7274040095763,197.291733581704,2.9233939497548));
#2067=CARTESIAN_POINT('Ctrl Pts',(79.7499999998181,195.758041201305,9.4594976228532E-11));
#2068=CARTESIAN_POINT('Ctrl Pts',(82.6822120290963,201.257124935342,8.80140448109722));
#2069=CARTESIAN_POINT('Ctrl Pts',(81.7048080193381,199.467730255295,5.86760298742968));
#2070=CARTESIAN_POINT('Ctrl Pts',(80.7274040095763,197.678335575249,2.93380149376214));
#2071=CARTESIAN_POINT('Ctrl Pts',(79.7499999998181,195.888940895202,9.45949807700274E-11));
#2072=CARTESIAN_POINT('Ctrl Pts',(82.6822120290963,210.113045142491,9.09674422508259));
#2073=CARTESIAN_POINT('Ctrl Pts',(81.7048080193381,211.117743930801,6.06449615008659));
#2074=CARTESIAN_POINT('Ctrl Pts',(80.7274040095763,212.122442719097,3.0322480750906));
#2075=CARTESIAN_POINT('Ctrl Pts',(79.7499999998181,213.127141507408,9.45955788402531E-11));
#2076=CARTESIAN_POINT('Ctrl Pts',(82.6822120290963,211.011051735324,9.12796685710457));
#2077=CARTESIAN_POINT('Ctrl Pts',(81.7048080193381,211.760048223987,6.08531123810125));
#2078=CARTESIAN_POINT('Ctrl Pts',(80.7274040095763,212.509044712642,3.04265561909792));
#2079=CARTESIAN_POINT('Ctrl Pts',(79.7499999998181,213.258041201305,9.45955833817486E-11));
#2080=CARTESIAN_POINT('',(82.7499999998363,200.465487759007,8.97293418234084));
#2081=CARTESIAN_POINT('Ctrl Pts',(94.8135456738245,200.365862017638,8.78287348036875));
#2082=CARTESIAN_POINT('Ctrl Pts',(95.7923638000699,198.82992598221,5.85524898777054));
#2083=CARTESIAN_POINT('Ctrl Pts',(96.7711818732544,197.293989885859,2.92762449269298));
#2084=CARTESIAN_POINT('Ctrl Pts',(97.7499999994963,195.758053850426,9.45940880505257E-11));
#2085=CARTESIAN_POINT('Ctrl Pts',(94.8135589062667,200.108942646961,8.77393881480654));
#2086=CARTESIAN_POINT('Ctrl Pts',(95.7923209545765,198.646118299182,5.84929009953911));
#2087=CARTESIAN_POINT('Ctrl Pts',(96.771239865416,197.183474056657,2.92464871487956));
#2088=CARTESIAN_POINT('Ctrl Pts',(97.7500019240495,195.720649720732,9.45940869030377E-11));
#2089=CARTESIAN_POINT('Ctrl Pts',(94.696250001536,199.595177286859,8.75607203546745));
#2090=CARTESIAN_POINT('Ctrl Pts',(95.708451271767,198.278780924803,5.83738320287376));
#2091=CARTESIAN_POINT('Ctrl Pts',(96.720732343394,196.962248518949,2.9186888330527));
#2092=CARTESIAN_POINT('Ctrl Pts',(97.7329336188771,195.645852147939,9.45927518500907E-11));
#2093=CARTESIAN_POINT('Ctrl Pts',(94.2852472572124,199.080714730551,8.73818101038276));
#2094=CARTESIAN_POINT('Ctrl Pts',(95.4144930678247,197.910856938349,5.82545656143614));
#2095=CARTESIAN_POINT('Ctrl Pts',(96.5438873897183,196.740810875768,2.91272444954553));
#2096=CARTESIAN_POINT('Ctrl Pts',(97.6731332101044,195.570953071176,9.4593637469979E-11));
#2097=CARTESIAN_POINT('Ctrl Pts',(93.7374064224331,198.736919248726,8.72622512846779));
#2098=CARTESIAN_POINT('Ctrl Pts',(95.0227373952198,197.664932129602,5.81748419213906));
#2099=CARTESIAN_POINT('Ctrl Pts',(96.3080920491703,196.592888029339,2.90874093657597));
#2100=CARTESIAN_POINT('Ctrl Pts',(97.5934230235156,195.520900906465,9.45931916242097E-11));
#2101=CARTESIAN_POINT('Ctrl Pts',(93.3523068199447,198.648575939204,8.72315288854402));
#2102=CARTESIAN_POINT('Ctrl Pts',(94.747277674622,197.601878602231,5.81544129188525));
#2103=CARTESIAN_POINT('Ctrl Pts',(96.1424206245677,196.55473663427,2.90771159794441));
#2104=CARTESIAN_POINT('Ctrl Pts',(97.5373914905711,195.508039268035,9.45940795099424E-11));
#2105=CARTESIAN_POINT('Ctrl Pts',(93.09523157792,198.648589235225,8.72315335101513));
#2106=CARTESIAN_POINT('Ctrl Pts',(94.5634835215829,197.601739840559,5.81543556533448));
#2107=CARTESIAN_POINT('Ctrl Pts',(96.0317354070418,196.554890596288,2.90771778577485));
#2108=CARTESIAN_POINT('Ctrl Pts',(97.4999873507008,195.508041201632,9.45940793764723E-11));
#2109=CARTESIAN_POINT('',(92.9999999998363,198.716551552963,8.91192477980441));
#2110=CARTESIAN_POINT('Origin',(92.9999999998363,198.716551552963,8.91192477980441));
#2111=CARTESIAN_POINT('',(84.4999999998363,198.716551552963,8.91192477980441));
#2112=CARTESIAN_POINT('Ctrl Pts',(84.4047250826335,198.648574376841,8.72311208333665));
#2113=CARTESIAN_POINT('Ctrl Pts',(82.9364865284987,197.601729971954,5.81540805505616));
#2114=CARTESIAN_POINT('Ctrl Pts',(81.4682479291909,196.554885606369,2.90770402837502));
#2115=CARTESIAN_POINT('Ctrl Pts',(80.000009375054,195.508041201484,9.45940793764857E-11));
#2116=CARTESIAN_POINT('Ctrl Pts',(84.1476584614924,198.648564575545,8.72311174246293));
#2117=CARTESIAN_POINT('Ctrl Pts',(82.7525810108871,197.601775226034,5.81540995503534));
#2118=CARTESIAN_POINT('Ctrl Pts',(81.3576837786609,196.55482913225,2.90770178783339));
#2119=CARTESIAN_POINT('Ctrl Pts',(79.9626063368466,195.508039775093,9.45940794506618E-11));
#2120=CARTESIAN_POINT('Ctrl Pts',(83.6335926385154,198.7658032887,8.72718885029589));
#2121=CARTESIAN_POINT('Ctrl Pts',(82.3850438309399,197.685598201545,5.81812698217879));
#2122=CARTESIAN_POINT('Ctrl Pts',(81.1363588865171,196.605313371212,2.90906186837002));
#2123=CARTESIAN_POINT('Ctrl Pts',(79.8878100723009,195.525108280168,9.45931917902085E-11));
#2124=CARTESIAN_POINT('Ctrl Pts',(83.1188262137037,199.176550508114,8.74147304580258));
#2125=CARTESIAN_POINT('Ctrl Pts',(82.0169175681977,197.979385805319,5.82765071073387));
#2126=CARTESIAN_POINT('Ctrl Pts',(80.9148205243813,196.782072701053,2.91382233545794));
#2127=CARTESIAN_POINT('Ctrl Pts',(79.8129118696852,195.584907991019,9.45931938649277E-11));
#2128=CARTESIAN_POINT('Ctrl Pts',(82.7748276668509,199.724050742375,8.76051298090067));
#2129=CARTESIAN_POINT('Ctrl Pts',(81.7708575490014,198.370914132764,5.84034230838521));
#2130=CARTESIAN_POINT('Ctrl Pts',(80.7668304097767,197.017753858049,2.92017067265703));
#2131=CARTESIAN_POINT('Ctrl Pts',(79.7628602891457,195.664617247284,9.45936407344509E-11));
#2132=CARTESIAN_POINT('Ctrl Pts',(82.6864305726822,200.10890683455,8.77389678339004));
#2133=CARTESIAN_POINT('Ctrl Pts',(81.7077682173208,198.646211056837,5.84926685546294));
#2134=CARTESIAN_POINT('Ctrl Pts',(80.7286609439684,197.183343316894,2.9246299283631));
#2135=CARTESIAN_POINT('Ctrl Pts',(79.7499985669039,195.720647530792,9.45940868022358E-11));
#2136=CARTESIAN_POINT('Ctrl Pts',(82.6864404330195,200.365817731557,8.78283114817708));
#2137=CARTESIAN_POINT('Ctrl Pts',(81.7076269181658,198.82989533218,5.85522076489803));
#2138=CARTESIAN_POINT('Ctrl Pts',(80.728813514846,197.293972975917,2.92761038337356));
#2139=CARTESIAN_POINT('Ctrl Pts',(79.7499999999977,195.758050576542,9.45940880504313E-11));
#2140=CARTESIAN_POINT('Origin',(88.7499999998181,204.833041201309,4.33274910222287));
#2141=CARTESIAN_POINT('',(89.0749999998225,201.827672756495,4.33274910222287));
#2142=CARTESIAN_POINT('',(88.7499999998181,201.808041201319,4.33274910222287));
#2143=CARTESIAN_POINT('Origin',(88.7499999998181,204.508041201319,4.33274910222287));
#2144=CARTESIAN_POINT('',(89.0749999998225,204.508041201305,4.33274910222287));
#2145=CARTESIAN_POINT('',(88.424999999821,201.827672756495,4.33274910222287));
#2146=CARTESIAN_POINT('',(88.424999999821,198.396479944138,4.33274910222287));
#2147=CARTESIAN_POINT('Origin',(88.7499999998181,204.508041201319,4.33274910222287));
#2148=CARTESIAN_POINT('Origin',(89.0749999998225,204.508041201305,5.83274910222287));
#2149=CARTESIAN_POINT('',(89.0749999998225,201.827672756495,9.3825136121299E-11));
#2150=CARTESIAN_POINT('Origin',(88.4249999998124,172.758041201306,4.33274910222287));
#2151=CARTESIAN_POINT('',(88.424999999821,201.827672756495,4.33274910222287));
#2152=CARTESIAN_POINT('Origin',(64.4999999998181,204.833041201324,-109.667250897763));
#2153=CARTESIAN_POINT('',(86.0696315543537,204.833041201311,4.33274910222287));
#2154=CARTESIAN_POINT('',(86.0696315530728,204.833041201314,4.33274910222287));
#2155=CARTESIAN_POINT('',(82.5352579552418,204.833041201309,4.33274910222287));
#2156=CARTESIAN_POINT('Origin',(88.7499999998181,204.833041201309,4.33274910222287));
#2157=CARTESIAN_POINT('',(86.0696315549976,204.183041201315,4.33274910222287));
#2158=CARTESIAN_POINT('Origin',(88.7499999998181,204.508041201319,4.33274910222287));
#2159=CARTESIAN_POINT('',(88.7499999998181,204.183041201315,4.33274910222287));
#2160=CARTESIAN_POINT('Origin',(88.7499999998181,204.183041201308,5.83274910222287));
#2161=CARTESIAN_POINT('',(86.0696315549976,204.183041201308,9.38252178395577E-11));
#2162=CARTESIAN_POINT('Origin',(88.7499999998181,204.508041201319,9.38252291152603E-11));
#2163=CARTESIAN_POINT('',(88.7499999998181,201.808041201322,0.200000000093825));
#2164=CARTESIAN_POINT('',(88.7499999998181,201.808041201319,9.38251354401926E-11));
#2165=CARTESIAN_POINT('Origin',(88.7499999998181,204.508041201319,0.200000000093825));
#2166=CARTESIAN_POINT('',(88.424999999821,207.188409646144,4.33274910222287));
#2167=CARTESIAN_POINT('',(88.424999999821,207.188409646129,6.9588928112527));
#2168=CARTESIAN_POINT('',(89.0749999998225,207.188409646144,4.33274910222287));
#2169=CARTESIAN_POINT('Origin',(88.7499999998181,204.508041201319,4.33274910222287));
#2170=CARTESIAN_POINT('',(89.0749999998225,207.188409646144,9.38253221092216E-11));
#2171=CARTESIAN_POINT('',(91.4303684446422,204.833041201309,4.33274910222287));
#2172=CARTESIAN_POINT('',(91.4303684446422,204.833041201309,4.33274910222287));
#2173=CARTESIAN_POINT('',(91.4303684446386,204.183041201308,4.33274910222287));
#2174=CARTESIAN_POINT('Origin',(88.7499999998181,204.508041201319,4.33274910222287));
#2175=CARTESIAN_POINT('',(91.4303684446386,204.183041201308,9.38252178395577E-11));
#2176=CARTESIAN_POINT('Origin',(89.0749999998225,204.508041201305,5.83274910222287));
#2177=CARTESIAN_POINT('',(89.0749999998225,204.508041201305,4.33274910222287));
#2178=CARTESIAN_POINT('Origin',(88.7499999998181,204.833041201309,4.33274910222287));
#2179=CARTESIAN_POINT('',(88.424999999821,207.188409646144,4.33274910222287));
#2180=CARTESIAN_POINT('Origin',(88.4249999998124,172.758041201306,4.33274910222287));
#2181=CARTESIAN_POINT('Origin',(79.7499999998181,195.516013692322,0.200000000093825));
#2182=CARTESIAN_POINT('',(88.2499999998181,205.008041201319,0.200000000093822));
#2183=CARTESIAN_POINT('',(88.2499999998181,206.508041201319,0.200000000093822));
#2184=CARTESIAN_POINT('',(88.2499999998181,200.262027446821,0.200000000093824));
#2185=CARTESIAN_POINT('',(86.7499999998181,205.008041201319,0.200000000093822));
#2186=CARTESIAN_POINT('',(83.2499999998181,205.008041201319,0.200000000093823));
#2187=CARTESIAN_POINT('',(86.7499999998181,204.008041201319,0.200000000093823));
#2188=CARTESIAN_POINT('',(86.7499999998181,199.762027446821,0.200000000093824));
#2189=CARTESIAN_POINT('',(88.2499999998181,204.008041201319,0.200000000093823));
#2190=CARTESIAN_POINT('',(83.9999999998181,204.008041201319,0.200000000093823));
#2191=CARTESIAN_POINT('',(88.2499999998181,202.508041201319,0.200000000093823));
#2192=CARTESIAN_POINT('',(88.2499999998181,200.262027446821,0.200000000093824));
#2193=CARTESIAN_POINT('',(89.2499999998181,202.508041201319,0.200000000093823));
#2194=CARTESIAN_POINT('',(84.4999999998181,202.508041201319,0.200000000093824));
#2195=CARTESIAN_POINT('',(89.2499999998181,204.008041201319,0.200000000093823));
#2196=CARTESIAN_POINT('',(89.2499999998181,199.762027446821,0.200000000093824));
#2197=CARTESIAN_POINT('',(90.7499999998181,204.008041201319,0.200000000093823));
#2198=CARTESIAN_POINT('',(83.9999999998181,204.008041201319,0.200000000093823));
#2199=CARTESIAN_POINT('',(90.7499999998181,205.008041201319,0.200000000093822));
#2200=CARTESIAN_POINT('',(90.7499999998181,200.262027446821,0.200000000093824));
#2201=CARTESIAN_POINT('',(89.2499999998181,205.008041201319,0.200000000093822));
#2202=CARTESIAN_POINT('',(84.4999999998181,205.008041201319,0.200000000093823));
#2203=CARTESIAN_POINT('',(89.2499999998181,206.508041201319,0.200000000093822));
#2204=CARTESIAN_POINT('',(89.2499999998181,201.012027446821,0.200000000093824));
#2205=CARTESIAN_POINT('',(83.9999999998181,206.508041201319,0.200000000093822));
#2206=CARTESIAN_POINT('Origin',(88.2499999998181,206.508041201319,9.38217457905205E-11));
#2207=CARTESIAN_POINT('',(88.2499999998181,206.508041201319,9.38217457905205E-11));
#2208=CARTESIAN_POINT('',(89.2499999998181,206.508041201319,9.38217457905205E-11));
#2209=CARTESIAN_POINT('Origin',(89.2499999998181,206.508041201319,9.38217457905205E-11));
#2210=CARTESIAN_POINT('',(89.2499999998181,205.008041201319,9.38216937488162E-11));
#2211=CARTESIAN_POINT('Origin',(88.2499999998181,205.008041201319,9.38216937488162E-11));
#2212=CARTESIAN_POINT('',(88.2499999998181,205.008041201319,9.38216937488162E-11));
#2213=CARTESIAN_POINT('Origin',(89.2499999998181,205.008041201319,9.38216937488162E-11));
#2214=CARTESIAN_POINT('',(90.7499999998181,205.008041201319,9.38216937488162E-11));
#2215=CARTESIAN_POINT('Origin',(86.7499999998181,205.008041201319,9.38216937488162E-11));
#2216=CARTESIAN_POINT('',(86.7499999998181,205.008041201319,9.38216937488162E-11));
#2217=CARTESIAN_POINT('Origin',(90.7499999998181,205.008041201319,9.38216937488162E-11));
#2218=CARTESIAN_POINT('',(90.7499999998181,204.008041201319,9.38225472327664E-11));
#2219=CARTESIAN_POINT('Origin',(86.7499999998181,204.008041201319,9.38225472327664E-11));
#2220=CARTESIAN_POINT('',(86.7499999998181,204.008041201319,9.38225472327664E-11));
#2221=CARTESIAN_POINT('Origin',(88.2499999998181,204.008041201319,9.38225472327664E-11));
#2222=CARTESIAN_POINT('',(89.2499999998181,204.008041201319,9.38225472327664E-11));
#2223=CARTESIAN_POINT('Origin',(88.2499999998181,204.008041201319,9.38225472327664E-11));
#2224=CARTESIAN_POINT('',(88.2499999998181,204.008041201319,9.38225472327664E-11));
#2225=CARTESIAN_POINT('Origin',(89.2499999998181,204.008041201319,9.38225472327664E-11));
#2226=CARTESIAN_POINT('',(89.2499999998181,202.508041201319,9.38224951910621E-11));
#2227=CARTESIAN_POINT('Origin',(89.2499999998181,202.508041201319,9.38233833694818E-11));
#2228=CARTESIAN_POINT('',(88.2499999998181,202.508041201319,9.38224951910621E-11));
#2229=CARTESIAN_POINT('Origin',(88.2499999998181,205.008041201319,9.38216937488162E-11));
#2230=CARTESIAN_POINT('Origin',(112.999999999818,204.833041201302,4.33274910222287));
#2231=CARTESIAN_POINT('',(91.4303684446422,204.833041201309,4.33274910222287));
#2232=CARTESIAN_POINT('Origin',(88.7499999998181,204.833041201309,4.33274910222287));
#2233=CARTESIAN_POINT('',(88.7499999998181,204.183041201308,4.33274910222287));
#2234=CARTESIAN_POINT('Origin',(88.7499999998181,204.183041201308,5.83274910222287));
#2235=CARTESIAN_POINT('',(0.,0.,0.));
#2236=UNCERTAINTY_MEASURE_WITH_UNIT(LENGTH_MEASURE(0.01),#2242,
'DISTANCE_ACCURACY_VALUE',
'Maximum model space distance between geometric entities at asserted c
onnectivities');
#2237=UNCERTAINTY_MEASURE_WITH_UNIT(LENGTH_MEASURE(0.01),#2242,
'DISTANCE_ACCURACY_VALUE',
'Maximum model space distance between geometric entities at asserted c
onnectivities');
#2238=UNCERTAINTY_MEASURE_WITH_UNIT(LENGTH_MEASURE(0.01),#2242,
'DISTANCE_ACCURACY_VALUE',
'Maximum model space distance between geometric entities at asserted c
onnectivities');
#2239=(
GEOMETRIC_REPRESENTATION_CONTEXT(3)
GLOBAL_UNCERTAINTY_ASSIGNED_CONTEXT((#2236))
GLOBAL_UNIT_ASSIGNED_CONTEXT((#2242,#2244,#2245))
REPRESENTATION_CONTEXT('','3D')
);
#2240=(
GEOMETRIC_REPRESENTATION_CONTEXT(3)
GLOBAL_UNCERTAINTY_ASSIGNED_CONTEXT((#2237))
GLOBAL_UNIT_ASSIGNED_CONTEXT((#2242,#2244,#2245))
REPRESENTATION_CONTEXT('','3D')
);
#2241=(
GEOMETRIC_REPRESENTATION_CONTEXT(3)
GLOBAL_UNCERTAINTY_ASSIGNED_CONTEXT((#2238))
GLOBAL_UNIT_ASSIGNED_CONTEXT((#2242,#2244,#2245))
REPRESENTATION_CONTEXT('','3D')
);
#2242=(
LENGTH_UNIT()
NAMED_UNIT(*)
SI_UNIT(.MILLI.,.METRE.)
);
#2243=(
LENGTH_UNIT()
NAMED_UNIT(*)
SI_UNIT($,.METRE.)
);
#2244=(
NAMED_UNIT(*)
PLANE_ANGLE_UNIT()
SI_UNIT($,.RADIAN.)
);
#2245=(
NAMED_UNIT(*)
SI_UNIT($,.STERADIAN.)
SOLID_ANGLE_UNIT()
);
#2246=SHAPE_DEFINITION_REPRESENTATION(#2248,#2251);
#2247=SHAPE_DEFINITION_REPRESENTATION(#2249,#2252);
#2248=PRODUCT_DEFINITION_SHAPE('',$,#2254);
#2249=PRODUCT_DEFINITION_SHAPE('',$,#2255);
#2250=PRODUCT_DEFINITION_SHAPE($,$,#14);
#2251=SHAPE_REPRESENTATION('',(#979,#1039),#2239);
#2252=SHAPE_REPRESENTATION('',(#980),#2240);
#2253=PRODUCT_DEFINITION_CONTEXT('part definition',#2261,'design');
#2254=PRODUCT_DEFINITION('Product','CHERRYMX CAD_CAM KEYCAPS',#2256,#2253);
#2255=PRODUCT_DEFINITION('2026-08-16-11-05-07-650','1u',#2257,#2253);
#2256=PRODUCT_DEFINITION_FORMATION('',$,#2263);
#2257=PRODUCT_DEFINITION_FORMATION('',$,#2264);
#2258=PRODUCT_RELATED_PRODUCT_CATEGORY('CHERRYMX CAD_CAM KEYCAPS',
'CHERRYMX CAD_CAM KEYCAPS',(#2263));
#2259=PRODUCT_RELATED_PRODUCT_CATEGORY('1u','1u',(#2264));
#2260=APPLICATION_PROTOCOL_DEFINITION('international standard',
'automotive_design',2009,#2261);
#2261=APPLICATION_CONTEXT(
'Core Data for Automotive Mechanical Design Process');
#2262=PRODUCT_CONTEXT('part definition',#2261,'mechanical');
#2263=PRODUCT('Product','CHERRYMX CAD_CAM KEYCAPS',$,(#2262));
#2264=PRODUCT('2026-08-16-11-05-07-650','1u',$,(#2262));
#2265=PRESENTATION_STYLE_ASSIGNMENT((#2267));
#2266=PRESENTATION_STYLE_ASSIGNMENT((#2268));
#2267=SURFACE_STYLE_USAGE(.BOTH.,#2269);
#2268=SURFACE_STYLE_USAGE(.BOTH.,#2270);
#2269=SURFACE_SIDE_STYLE('',(#2271));
#2270=SURFACE_SIDE_STYLE('',(#2272));
#2271=SURFACE_STYLE_FILL_AREA(#2273);
#2272=SURFACE_STYLE_FILL_AREA(#2274);
#2273=FILL_AREA_STYLE('Steel - Satin',(#2275));
#2274=FILL_AREA_STYLE('Opaque(255,255,255)',(#2276));
#2275=FILL_AREA_STYLE_COLOUR('Steel - Satin',#2277);
#2276=FILL_AREA_STYLE_COLOUR('Opaque(255,255,255)',#2278);
#2277=COLOUR_RGB('Steel - Satin',0.627450980392157,0.627450980392157,0.627450980392157);
#2278=COLOUR_RGB('Opaque(255,255,255)',1.,1.,1.);
ENDSEC;
END-ISO-10303-21;
