ISO-10303-21;
HEADER;
/* Generated by software containing ST-Developer
 * from STEP Tools, Inc. (www.steptools.com) 
 */

FILE_DESCRIPTION(
/* description */ (''),
/* implementation_level */ '2;1');

FILE_NAME(
/* name */ '6.25u keycap.step',
/* time_stamp */ '2026-08-16T11:31:09-07:00',
/* author */ (''),
/* organization */ (''),
/* preprocessor_version */ 'ST-DEVELOPER v20.1',
/* originating_system */ 'Autodesk Translation Framework v15.8.0.0',
/* authorisation */ '');

FILE_SCHEMA (('AUTOMOTIVE_DESIGN { 1 0 10303 214 3 1 1 }'));
ENDSEC;

DATA;
#10=MECHANICAL_DESIGN_GEOMETRIC_PRESENTATION_REPRESENTATION('',(#13),#7686);
#11=SHAPE_REPRESENTATION_RELATIONSHIP('SRR','None',#7693,#12);
#12=ADVANCED_BREP_SHAPE_REPRESENTATION('',(#14),#7685);
#13=STYLED_ITEM('',(#7703),#14);
#14=MANIFOLD_SOLID_BREP('Body1',#3651);
#15=FACE_BOUND('',#1192,.T.);
#16=FACE_BOUND('',#1208,.T.);
#17=FACE_BOUND('',#1236,.T.);
#18=FACE_BOUND('',#1239,.T.);
#19=FACE_BOUND('',#1273,.T.);
#20=FACE_BOUND('',#1291,.T.);
#21=FACE_BOUND('',#1293,.T.);
#22=PLANE('',#3717);
#23=PLANE('',#3725);
#24=PLANE('',#3727);
#25=PLANE('',#3728);
#26=PLANE('',#3729);
#27=PLANE('',#3731);
#28=PLANE('',#3733);
#29=PLANE('',#3734);
#30=PLANE('',#3735);
#31=PLANE('',#3737);
#32=PLANE('',#3739);
#33=PLANE('',#3740);
#34=PLANE('',#3741);
#35=PLANE('',#3743);
#36=PLANE('',#3751);
#37=PLANE('',#3753);
#38=PLANE('',#3754);
#39=PLANE('',#3755);
#40=PLANE('',#3757);
#41=PLANE('',#3759);
#42=PLANE('',#3760);
#43=PLANE('',#3761);
#44=PLANE('',#3763);
#45=PLANE('',#3765);
#46=PLANE('',#3766);
#47=PLANE('',#3767);
#48=PLANE('',#3769);
#49=PLANE('',#3771);
#50=PLANE('',#3772);
#51=PLANE('',#3773);
#52=PLANE('',#3775);
#53=PLANE('',#3777);
#54=PLANE('',#3778);
#55=PLANE('',#3779);
#56=PLANE('',#3781);
#57=PLANE('',#3783);
#58=PLANE('',#3784);
#59=PLANE('',#3785);
#60=PLANE('',#3787);
#61=PLANE('',#3790);
#62=PLANE('',#3791);
#63=PLANE('',#3793);
#64=PLANE('',#3794);
#65=PLANE('',#3795);
#66=PLANE('',#3797);
#67=PLANE('',#3799);
#68=PLANE('',#3800);
#69=PLANE('',#3801);
#70=PLANE('',#3803);
#71=PLANE('',#3805);
#72=PLANE('',#3806);
#73=PLANE('',#3807);
#74=PLANE('',#3821);
#75=PLANE('',#3822);
#76=PLANE('',#3831);
#77=PLANE('',#3832);
#78=PLANE('',#3833);
#79=PLANE('',#3834);
#80=PLANE('',#3835);
#81=PLANE('',#3836);
#82=PLANE('',#3837);
#83=PLANE('',#3838);
#84=PLANE('',#3839);
#85=PLANE('',#3840);
#86=PLANE('',#3841);
#87=PLANE('',#3842);
#88=PLANE('',#3843);
#89=PLANE('',#3844);
#90=PLANE('',#3845);
#91=PLANE('',#3846);
#92=PLANE('',#3847);
#93=PLANE('',#3848);
#94=PLANE('',#3849);
#95=PLANE('',#3850);
#96=PLANE('',#3851);
#97=PLANE('',#3852);
#98=PLANE('',#3853);
#99=PLANE('',#3854);
#100=PLANE('',#3855);
#101=PLANE('',#3856);
#102=PLANE('',#3857);
#103=PLANE('',#3858);
#104=PLANE('',#3859);
#105=PLANE('',#3860);
#106=PLANE('',#3861);
#107=PLANE('',#3862);
#108=PLANE('',#3863);
#109=PLANE('',#3864);
#110=PLANE('',#3865);
#111=PLANE('',#3866);
#112=PLANE('',#3867);
#113=PLANE('',#3868);
#114=PLANE('',#3869);
#115=PLANE('',#3870);
#116=PLANE('',#3871);
#117=PLANE('',#3872);
#118=PLANE('',#3873);
#119=PLANE('',#3874);
#120=PLANE('',#3875);
#121=PLANE('',#3876);
#122=PLANE('',#3877);
#123=PLANE('',#3878);
#124=PLANE('',#3879);
#125=PLANE('',#3880);
#126=PLANE('',#3881);
#127=PLANE('',#3882);
#128=PLANE('',#3883);
#129=PLANE('',#3884);
#130=PLANE('',#3885);
#131=PLANE('',#3886);
#132=PLANE('',#3887);
#133=PLANE('',#3888);
#134=PLANE('',#3889);
#135=PLANE('',#3890);
#136=PLANE('',#3891);
#137=PLANE('',#3892);
#138=PLANE('',#3893);
#139=PLANE('',#3894);
#140=PLANE('',#3895);
#141=PLANE('',#3896);
#142=PLANE('',#3897);
#143=PLANE('',#3898);
#144=PLANE('',#3899);
#145=PLANE('',#3900);
#146=PLANE('',#3901);
#147=PLANE('',#3902);
#148=PLANE('',#3903);
#149=PLANE('',#3904);
#150=PLANE('',#3905);
#151=PLANE('',#3906);
#152=PLANE('',#3907);
#153=PLANE('',#3908);
#154=PLANE('',#3909);
#155=PLANE('',#3910);
#156=PLANE('',#3911);
#157=PLANE('',#3912);
#158=PLANE('',#3913);
#159=PLANE('',#3914);
#160=PLANE('',#3915);
#161=PLANE('',#3916);
#162=PLANE('',#3917);
#163=PLANE('',#3918);
#164=PLANE('',#3919);
#165=PLANE('',#3920);
#166=PLANE('',#3921);
#167=PLANE('',#3922);
#168=ELLIPSE('',#3688,28.7097829841627,20.2823994370983);
#169=ELLIPSE('',#3689,28.6457208624643,20.191959737959);
#170=ELLIPSE('',#3692,28.6457208674844,20.1919597450358);
#171=ELLIPSE('',#3695,28.6457208700234,20.191959748835);
#172=ELLIPSE('',#3696,28.6457208749221,20.191959755828);
#173=ELLIPSE('',#3697,28.6457208802255,20.1919597632065);
#174=ELLIPSE('',#3698,28.7097829906912,20.2823994463636);
#175=ELLIPSE('',#3699,28.6457208529346,20.1919597241903);
#176=ELLIPSE('',#3700,28.6457208647566,20.1919597412121);
#177=ELLIPSE('',#3701,28.6457208741045,20.1919597543931);
#178=ELLIPSE('',#3702,28.6457208430725,20.1919597103244);
#179=ELLIPSE('',#3703,28.6457208538537,20.191959725564);
#180=ELLIPSE('',#3706,28.6457208675149,20.1919597449509);
#181=ELLIPSE('',#3707,28.6457208776961,20.1919597597543);
#182=LINE('',#4876,#532);
#183=LINE('',#4880,#533);
#184=LINE('',#4911,#534);
#185=LINE('',#4915,#535);
#186=LINE('',#4952,#536);
#187=LINE('',#4956,#537);
#188=LINE('',#4990,#538);
#189=LINE('',#4994,#539);
#190=LINE('',#5028,#540);
#191=LINE('',#5034,#541);
#192=LINE('',#5038,#542);
#193=LINE('',#5075,#543);
#194=LINE('',#5079,#544);
#195=LINE('',#5116,#545);
#196=LINE('',#5120,#546);
#197=LINE('',#5154,#547);
#198=LINE('',#5158,#548);
#199=LINE('',#5192,#549);
#200=LINE('',#5198,#550);
#201=LINE('',#5202,#551);
#202=LINE('',#5236,#552);
#203=LINE('',#5240,#553);
#204=LINE('',#5274,#554);
#205=LINE('',#5278,#555);
#206=LINE('',#5312,#556);
#207=LINE('',#5316,#557);
#208=LINE('',#5347,#558);
#209=LINE('',#5359,#559);
#210=LINE('',#5368,#560);
#211=LINE('',#5416,#561);
#212=LINE('',#5422,#562);
#213=LINE('',#5435,#563);
#214=LINE('',#5437,#564);
#215=LINE('',#5482,#565);
#216=LINE('',#5488,#566);
#217=LINE('',#5498,#567);
#218=LINE('',#5539,#568);
#219=LINE('',#5580,#569);
#220=LINE('',#5581,#570);
#221=LINE('',#5592,#571);
#222=LINE('',#5628,#572);
#223=LINE('',#5712,#573);
#224=LINE('',#5750,#574);
#225=LINE('',#5763,#575);
#226=LINE('',#5767,#576);
#227=LINE('',#5810,#577);
#228=LINE('',#5812,#578);
#229=LINE('',#5825,#579);
#230=LINE('',#5834,#580);
#231=LINE('',#5875,#581);
#232=LINE('',#5879,#582);
#233=LINE('',#5927,#583);
#234=LINE('',#5929,#584);
#235=LINE('',#5938,#585);
#236=LINE('',#5942,#586);
#237=LINE('',#5952,#587);
#238=LINE('',#5956,#588);
#239=LINE('',#5962,#589);
#240=LINE('',#5965,#590);
#241=LINE('',#5967,#591);
#242=LINE('',#5970,#592);
#243=LINE('',#5972,#593);
#244=LINE('',#5976,#594);
#245=LINE('',#6010,#595);
#246=LINE('',#6013,#596);
#247=LINE('',#6015,#597);
#248=LINE('',#6022,#598);
#249=LINE('',#6024,#599);
#250=LINE('',#6026,#600);
#251=LINE('',#6028,#601);
#252=LINE('',#6030,#602);
#253=LINE('',#6032,#603);
#254=LINE('',#6034,#604);
#255=LINE('',#6036,#605);
#256=LINE('',#6038,#606);
#257=LINE('',#6040,#607);
#258=LINE('',#6042,#608);
#259=LINE('',#6043,#609);
#260=LINE('',#6046,#610);
#261=LINE('',#6049,#611);
#262=LINE('',#6051,#612);
#263=LINE('',#6054,#613);
#264=LINE('',#6056,#614);
#265=LINE('',#6059,#615);
#266=LINE('',#6061,#616);
#267=LINE('',#6064,#617);
#268=LINE('',#6066,#618);
#269=LINE('',#6072,#619);
#270=LINE('',#6073,#620);
#271=LINE('',#6076,#621);
#272=LINE('',#6077,#622);
#273=LINE('',#6086,#623);
#274=LINE('',#6090,#624);
#275=LINE('',#6094,#625);
#276=LINE('',#6103,#626);
#277=LINE('',#6112,#627);
#278=LINE('',#6116,#628);
#279=LINE('',#6120,#629);
#280=LINE('',#6129,#630);
#281=LINE('',#6132,#631);
#282=LINE('',#6133,#632);
#283=LINE('',#6149,#633);
#284=LINE('',#6151,#634);
#285=LINE('',#6153,#635);
#286=LINE('',#6155,#636);
#287=LINE('',#6157,#637);
#288=LINE('',#6159,#638);
#289=LINE('',#6161,#639);
#290=LINE('',#6163,#640);
#291=LINE('',#6165,#641);
#292=LINE('',#6167,#642);
#293=LINE('',#6169,#643);
#294=LINE('',#6170,#644);
#295=LINE('',#6173,#645);
#296=LINE('',#6176,#646);
#297=LINE('',#6178,#647);
#298=LINE('',#6181,#648);
#299=LINE('',#6183,#649);
#300=LINE('',#6186,#650);
#301=LINE('',#6188,#651);
#302=LINE('',#6191,#652);
#303=LINE('',#6193,#653);
#304=LINE('',#6199,#654);
#305=LINE('',#6200,#655);
#306=LINE('',#6203,#656);
#307=LINE('',#6204,#657);
#308=LINE('',#6213,#658);
#309=LINE('',#6217,#659);
#310=LINE('',#6221,#660);
#311=LINE('',#6230,#661);
#312=LINE('',#6239,#662);
#313=LINE('',#6243,#663);
#314=LINE('',#6247,#664);
#315=LINE('',#6256,#665);
#316=LINE('',#6259,#666);
#317=LINE('',#6260,#667);
#318=LINE('',#6276,#668);
#319=LINE('',#6278,#669);
#320=LINE('',#6279,#670);
#321=LINE('',#6282,#671);
#322=LINE('',#6284,#672);
#323=LINE('',#6285,#673);
#324=LINE('',#6295,#674);
#325=LINE('',#6296,#675);
#326=LINE('',#6301,#676);
#327=LINE('',#6302,#677);
#328=LINE('',#6307,#678);
#329=LINE('',#6308,#679);
#330=LINE('',#6318,#680);
#331=LINE('',#6319,#681);
#332=LINE('',#6329,#682);
#333=LINE('',#6330,#683);
#334=LINE('',#6335,#684);
#335=LINE('',#6336,#685);
#336=LINE('',#6341,#686);
#337=LINE('',#6342,#687);
#338=LINE('',#6352,#688);
#339=LINE('',#6353,#689);
#340=LINE('',#6356,#690);
#341=LINE('',#6358,#691);
#342=LINE('',#6359,#692);
#343=LINE('',#6362,#693);
#344=LINE('',#6374,#694);
#345=LINE('',#6377,#695);
#346=LINE('',#6381,#696);
#347=LINE('',#6383,#697);
#348=LINE('',#6385,#698);
#349=LINE('',#6387,#699);
#350=LINE('',#6389,#700);
#351=LINE('',#6391,#701);
#352=LINE('',#6393,#702);
#353=LINE('',#6395,#703);
#354=LINE('',#6397,#704);
#355=LINE('',#6399,#705);
#356=LINE('',#6401,#706);
#357=LINE('',#6402,#707);
#358=LINE('',#6407,#708);
#359=LINE('',#6408,#709);
#360=LINE('',#6411,#710);
#361=LINE('',#6412,#711);
#362=LINE('',#6421,#712);
#363=LINE('',#6425,#713);
#364=LINE('',#6429,#714);
#365=LINE('',#6438,#715);
#366=LINE('',#6447,#716);
#367=LINE('',#6451,#717);
#368=LINE('',#6455,#718);
#369=LINE('',#6464,#719);
#370=LINE('',#6467,#720);
#371=LINE('',#6468,#721);
#372=LINE('',#6499,#722);
#373=LINE('',#6521,#723);
#374=LINE('',#6551,#724);
#375=LINE('',#6573,#725);
#376=LINE('',#6593,#726);
#377=LINE('',#6595,#727);
#378=LINE('',#6597,#728);
#379=LINE('',#6598,#729);
#380=LINE('',#6600,#730);
#381=LINE('',#6602,#731);
#382=LINE('',#6603,#732);
#383=LINE('',#6605,#733);
#384=LINE('',#6607,#734);
#385=LINE('',#6608,#735);
#386=LINE('',#6610,#736);
#387=LINE('',#6612,#737);
#388=LINE('',#6613,#738);
#389=LINE('',#6615,#739);
#390=LINE('',#6617,#740);
#391=LINE('',#6618,#741);
#392=LINE('',#6620,#742);
#393=LINE('',#6622,#743);
#394=LINE('',#6623,#744);
#395=LINE('',#6625,#745);
#396=LINE('',#6633,#746);
#397=LINE('',#6634,#747);
#398=LINE('',#6694,#748);
#399=LINE('',#6696,#749);
#400=LINE('',#6698,#750);
#401=LINE('',#6699,#751);
#402=LINE('',#6700,#752);
#403=LINE('',#6702,#753);
#404=LINE('',#6704,#754);
#405=LINE('',#6705,#755);
#406=LINE('',#6707,#756);
#407=LINE('',#6709,#757);
#408=LINE('',#6710,#758);
#409=LINE('',#6712,#759);
#410=LINE('',#6714,#760);
#411=LINE('',#6715,#761);
#412=LINE('',#6717,#762);
#413=LINE('',#6719,#763);
#414=LINE('',#6720,#764);
#415=LINE('',#6722,#765);
#416=LINE('',#6724,#766);
#417=LINE('',#6725,#767);
#418=LINE('',#6727,#768);
#419=LINE('',#6728,#769);
#420=LINE('',#6747,#770);
#421=LINE('',#6749,#771);
#422=LINE('',#6751,#772);
#423=LINE('',#6779,#773);
#424=LINE('',#6782,#774);
#425=LINE('',#7268,#775);
#426=LINE('',#7269,#776);
#427=LINE('',#7309,#777);
#428=LINE('',#7339,#778);
#429=LINE('',#7352,#779);
#430=LINE('',#7353,#780);
#431=LINE('',#7381,#781);
#432=LINE('',#7393,#782);
#433=LINE('',#7422,#783);
#434=LINE('',#7439,#784);
#435=LINE('',#7468,#785);
#436=LINE('',#7472,#786);
#437=LINE('',#7474,#787);
#438=LINE('',#7475,#788);
#439=LINE('',#7478,#789);
#440=LINE('',#7479,#790);
#441=LINE('',#7482,#791);
#442=LINE('',#7483,#792);
#443=LINE('',#7486,#793);
#444=LINE('',#7487,#794);
#445=LINE('',#7490,#795);
#446=LINE('',#7491,#796);
#447=LINE('',#7494,#797);
#448=LINE('',#7495,#798);
#449=LINE('',#7498,#799);
#450=LINE('',#7499,#800);
#451=LINE('',#7502,#801);
#452=LINE('',#7503,#802);
#453=LINE('',#7506,#803);
#454=LINE('',#7507,#804);
#455=LINE('',#7510,#805);
#456=LINE('',#7511,#806);
#457=LINE('',#7514,#807);
#458=LINE('',#7515,#808);
#459=LINE('',#7517,#809);
#460=LINE('',#7522,#810);
#461=LINE('',#7524,#811);
#462=LINE('',#7526,#812);
#463=LINE('',#7528,#813);
#464=LINE('',#7530,#814);
#465=LINE('',#7532,#815);
#466=LINE('',#7534,#816);
#467=LINE('',#7536,#817);
#468=LINE('',#7538,#818);
#469=LINE('',#7540,#819);
#470=LINE('',#7542,#820);
#471=LINE('',#7543,#821);
#472=LINE('',#7545,#822);
#473=LINE('',#7546,#823);
#474=LINE('',#7548,#824);
#475=LINE('',#7550,#825);
#476=LINE('',#7552,#826);
#477=LINE('',#7554,#827);
#478=LINE('',#7556,#828);
#479=LINE('',#7558,#829);
#480=LINE('',#7560,#830);
#481=LINE('',#7562,#831);
#482=LINE('',#7564,#832);
#483=LINE('',#7566,#833);
#484=LINE('',#7569,#834);
#485=LINE('',#7570,#835);
#486=LINE('',#7574,#836);
#487=LINE('',#7576,#837);
#488=LINE('',#7579,#838);
#489=LINE('',#7581,#839);
#490=LINE('',#7584,#840);
#491=LINE('',#7586,#841);
#492=LINE('',#7589,#842);
#493=LINE('',#7591,#843);
#494=LINE('',#7594,#844);
#495=LINE('',#7596,#845);
#496=LINE('',#7600,#846);
#497=LINE('',#7601,#847);
#498=LINE('',#7604,#848);
#499=LINE('',#7605,#849);
#500=LINE('',#7608,#850);
#501=LINE('',#7609,#851);
#502=LINE('',#7611,#852);
#503=LINE('',#7612,#853);
#504=LINE('',#7613,#854);
#505=LINE('',#7614,#855);
#506=LINE('',#7616,#856);
#507=LINE('',#7621,#857);
#508=LINE('',#7624,#858);
#509=LINE('',#7626,#859);
#510=LINE('',#7629,#860);
#511=LINE('',#7631,#861);
#512=LINE('',#7634,#862);
#513=LINE('',#7636,#863);
#514=LINE('',#7639,#864);
#515=LINE('',#7641,#865);
#516=LINE('',#7644,#866);
#517=LINE('',#7646,#867);
#518=LINE('',#7649,#868);
#519=LINE('',#7651,#869);
#520=LINE('',#7654,#870);
#521=LINE('',#7655,#871);
#522=LINE('',#7659,#872);
#523=LINE('',#7661,#873);
#524=LINE('',#7664,#874);
#525=LINE('',#7665,#875);
#526=LINE('',#7669,#876);
#527=LINE('',#7671,#877);
#528=LINE('',#7674,#878);
#529=LINE('',#7676,#879);
#530=LINE('',#7679,#880);
#531=LINE('',#7681,#881);
#532=VECTOR('',#3929,3.);
#533=VECTOR('',#3932,1.);
#534=VECTOR('',#3933,10.);
#535=VECTOR('',#3936,1.);
#536=VECTOR('',#3937,1.);
#537=VECTOR('',#3940,10.);
#538=VECTOR('',#3941,1.);
#539=VECTOR('',#3944,10.);
#540=VECTOR('',#3945,10.);
#541=VECTOR('',#3952,3.);
#542=VECTOR('',#3955,1.);
#543=VECTOR('',#3956,10.);
#544=VECTOR('',#3959,1.);
#545=VECTOR('',#3960,1.);
#546=VECTOR('',#3963,1.);
#547=VECTOR('',#3964,1.);
#548=VECTOR('',#3967,10.);
#549=VECTOR('',#3968,1.);
#550=VECTOR('',#3975,3.);
#551=VECTOR('',#3978,1.);
#552=VECTOR('',#3979,10.);
#553=VECTOR('',#3982,1.);
#554=VECTOR('',#3983,1.);
#555=VECTOR('',#3986,1.);
#556=VECTOR('',#3987,1.);
#557=VECTOR('',#3990,10.);
#558=VECTOR('',#3991,1.);
#559=VECTOR('',#3994,10.);
#560=VECTOR('',#3995,10.);
#561=VECTOR('',#4000,10.);
#562=VECTOR('',#4001,10.);
#563=VECTOR('',#4004,10.);
#564=VECTOR('',#4007,10.);
#565=VECTOR('',#4010,10.);
#566=VECTOR('',#4011,10.);
#567=VECTOR('',#4012,10.);
#568=VECTOR('',#4015,10.);
#569=VECTOR('',#4018,10.);
#570=VECTOR('',#4019,10.);
#571=VECTOR('',#4020,10.);
#572=VECTOR('',#4023,10.);
#573=VECTOR('',#4028,10.);
#574=VECTOR('',#4031,10.);
#575=VECTOR('',#4034,10.);
#576=VECTOR('',#4037,10.);
#577=VECTOR('',#4040,10.);
#578=VECTOR('',#4043,10.);
#579=VECTOR('',#4046,10.);
#580=VECTOR('',#4047,10.);
#581=VECTOR('',#4048,10.);
#582=VECTOR('',#4051,10.);
#583=VECTOR('',#4056,10.);
#584=VECTOR('',#4059,10.);
#585=VECTOR('',#4060,10.);
#586=VECTOR('',#4063,10.);
#587=VECTOR('',#4066,10.);
#588=VECTOR('',#4069,10.);
#589=VECTOR('',#4076,3.);
#590=VECTOR('',#4079,1.);
#591=VECTOR('',#4080,10.);
#592=VECTOR('',#4083,1.);
#593=VECTOR('',#4084,1.);
#594=VECTOR('',#4087,1.);
#595=VECTOR('',#4088,1.);
#596=VECTOR('',#4091,10.);
#597=VECTOR('',#4092,1.);
#598=VECTOR('',#4099,1.);
#599=VECTOR('',#4100,1.);
#600=VECTOR('',#4101,1.);
#601=VECTOR('',#4102,1.);
#602=VECTOR('',#4103,1.);
#603=VECTOR('',#4104,1.);
#604=VECTOR('',#4105,1.);
#605=VECTOR('',#4106,1.);
#606=VECTOR('',#4107,1.);
#607=VECTOR('',#4108,1.);
#608=VECTOR('',#4109,1.);
#609=VECTOR('',#4110,1.);
#610=VECTOR('',#4113,3.);
#611=VECTOR('',#4116,1.);
#612=VECTOR('',#4117,10.);
#613=VECTOR('',#4120,1.);
#614=VECTOR('',#4121,1.);
#615=VECTOR('',#4124,1.);
#616=VECTOR('',#4125,1.);
#617=VECTOR('',#4128,10.);
#618=VECTOR('',#4129,1.);
#619=VECTOR('',#4136,1.);
#620=VECTOR('',#4137,1.);
#621=VECTOR('',#4140,10.);
#622=VECTOR('',#4141,1.);
#623=VECTOR('',#4144,1.);
#624=VECTOR('',#4149,1.);
#625=VECTOR('',#4154,1.);
#626=VECTOR('',#4157,1.);
#627=VECTOR('',#4160,1.);
#628=VECTOR('',#4165,1.);
#629=VECTOR('',#4170,1.);
#630=VECTOR('',#4173,1.);
#631=VECTOR('',#4176,10.);
#632=VECTOR('',#4177,1.);
#633=VECTOR('',#4186,1.);
#634=VECTOR('',#4187,1.);
#635=VECTOR('',#4188,1.);
#636=VECTOR('',#4189,1.);
#637=VECTOR('',#4190,1.);
#638=VECTOR('',#4191,1.);
#639=VECTOR('',#4192,1.);
#640=VECTOR('',#4193,1.);
#641=VECTOR('',#4194,1.);
#642=VECTOR('',#4195,1.);
#643=VECTOR('',#4196,1.);
#644=VECTOR('',#4197,1.);
#645=VECTOR('',#4200,3.);
#646=VECTOR('',#4203,1.);
#647=VECTOR('',#4204,10.);
#648=VECTOR('',#4207,1.);
#649=VECTOR('',#4208,1.);
#650=VECTOR('',#4211,1.);
#651=VECTOR('',#4212,1.);
#652=VECTOR('',#4215,10.);
#653=VECTOR('',#4216,1.);
#654=VECTOR('',#4223,1.);
#655=VECTOR('',#4224,1.);
#656=VECTOR('',#4227,10.);
#657=VECTOR('',#4228,1.);
#658=VECTOR('',#4231,1.);
#659=VECTOR('',#4236,1.);
#660=VECTOR('',#4241,1.);
#661=VECTOR('',#4244,1.);
#662=VECTOR('',#4247,1.);
#663=VECTOR('',#4252,1.);
#664=VECTOR('',#4257,1.);
#665=VECTOR('',#4260,1.);
#666=VECTOR('',#4263,10.);
#667=VECTOR('',#4264,1.);
#668=VECTOR('',#4273,1.);
#669=VECTOR('',#4274,1.);
#670=VECTOR('',#4275,1.);
#671=VECTOR('',#4278,10.);
#672=VECTOR('',#4279,1.);
#673=VECTOR('',#4280,1.);
#674=VECTOR('',#4283,1.);
#675=VECTOR('',#4284,1.);
#676=VECTOR('',#4289,1.);
#677=VECTOR('',#4290,1.);
#678=VECTOR('',#4295,1.);
#679=VECTOR('',#4296,1.);
#680=VECTOR('',#4299,1.);
#681=VECTOR('',#4300,1.);
#682=VECTOR('',#4303,1.);
#683=VECTOR('',#4304,1.);
#684=VECTOR('',#4309,1.);
#685=VECTOR('',#4310,1.);
#686=VECTOR('',#4315,1.);
#687=VECTOR('',#4316,1.);
#688=VECTOR('',#4319,1.);
#689=VECTOR('',#4320,1.);
#690=VECTOR('',#4323,10.);
#691=VECTOR('',#4324,1.);
#692=VECTOR('',#4325,1.);
#693=VECTOR('',#4330,1.);
#694=VECTOR('',#4335,10.);
#695=VECTOR('',#4338,10.);
#696=VECTOR('',#4341,1.);
#697=VECTOR('',#4342,1.);
#698=VECTOR('',#4343,1.);
#699=VECTOR('',#4344,1.);
#700=VECTOR('',#4345,1.);
#701=VECTOR('',#4346,1.);
#702=VECTOR('',#4347,1.);
#703=VECTOR('',#4348,1.);
#704=VECTOR('',#4349,1.);
#705=VECTOR('',#4350,1.);
#706=VECTOR('',#4351,1.);
#707=VECTOR('',#4352,1.);
#708=VECTOR('',#4357,1.);
#709=VECTOR('',#4358,1.);
#710=VECTOR('',#4361,10.);
#711=VECTOR('',#4362,1.);
#712=VECTOR('',#4365,1.);
#713=VECTOR('',#4370,1.);
#714=VECTOR('',#4375,1.);
#715=VECTOR('',#4378,1.);
#716=VECTOR('',#4381,1.);
#717=VECTOR('',#4386,1.);
#718=VECTOR('',#4391,1.);
#719=VECTOR('',#4394,1.);
#720=VECTOR('',#4397,10.);
#721=VECTOR('',#4398,1.);
#722=VECTOR('',#4405,10.);
#723=VECTOR('',#4412,10.);
#724=VECTOR('',#4419,10.);
#725=VECTOR('',#4426,10.);
#726=VECTOR('',#4433,1.);
#727=VECTOR('',#4434,1.);
#728=VECTOR('',#4435,1.);
#729=VECTOR('',#4436,1.);
#730=VECTOR('',#4437,1.);
#731=VECTOR('',#4438,1.);
#732=VECTOR('',#4439,1.);
#733=VECTOR('',#4440,1.);
#734=VECTOR('',#4441,1.);
#735=VECTOR('',#4442,1.);
#736=VECTOR('',#4443,1.);
#737=VECTOR('',#4444,1.);
#738=VECTOR('',#4445,1.);
#739=VECTOR('',#4446,1.);
#740=VECTOR('',#4447,1.);
#741=VECTOR('',#4448,1.);
#742=VECTOR('',#4449,1.);
#743=VECTOR('',#4450,1.);
#744=VECTOR('',#4451,1.);
#745=VECTOR('',#4452,1.);
#746=VECTOR('',#4453,1.);
#747=VECTOR('',#4454,1.);
#748=VECTOR('',#4457,1.);
#749=VECTOR('',#4458,1.);
#750=VECTOR('',#4459,1.);
#751=VECTOR('',#4460,1.);
#752=VECTOR('',#4461,1.);
#753=VECTOR('',#4462,1.);
#754=VECTOR('',#4463,1.);
#755=VECTOR('',#4464,1.);
#756=VECTOR('',#4465,1.);
#757=VECTOR('',#4466,1.);
#758=VECTOR('',#4467,1.);
#759=VECTOR('',#4468,1.);
#760=VECTOR('',#4469,1.);
#761=VECTOR('',#4470,1.);
#762=VECTOR('',#4471,1.);
#763=VECTOR('',#4472,1.);
#764=VECTOR('',#4473,1.);
#765=VECTOR('',#4474,1.);
#766=VECTOR('',#4475,1.);
#767=VECTOR('',#4476,1.);
#768=VECTOR('',#4477,1.);
#769=VECTOR('',#4478,1.);
#770=VECTOR('',#4479,9.82900033968235);
#771=VECTOR('',#4480,1.);
#772=VECTOR('',#4481,7.14901528435214);
#773=VECTOR('',#4484,10.);
#774=VECTOR('',#4487,10.);
#775=VECTOR('',#4500,10.);
#776=VECTOR('',#4501,10.);
#777=VECTOR('',#4502,7.43817484387424);
#778=VECTOR('',#4503,9.9618857786929);
#779=VECTOR('',#4506,1.);
#780=VECTOR('',#4507,9.9618857786929);
#781=VECTOR('',#4510,1.);
#782=VECTOR('',#4511,1.);
#783=VECTOR('',#4512,9.82900033968235);
#784=VECTOR('',#4513,7.14901528435214);
#785=VECTOR('',#4514,7.43817484387424);
#786=VECTOR('',#4519,1.);
#787=VECTOR('',#4520,1.);
#788=VECTOR('',#4521,1.);
#789=VECTOR('',#4524,1.);
#790=VECTOR('',#4525,1.);
#791=VECTOR('',#4528,1.);
#792=VECTOR('',#4529,1.);
#793=VECTOR('',#4532,1.);
#794=VECTOR('',#4533,1.);
#795=VECTOR('',#4536,1.);
#796=VECTOR('',#4537,1.);
#797=VECTOR('',#4540,1.);
#798=VECTOR('',#4541,1.);
#799=VECTOR('',#4544,1.);
#800=VECTOR('',#4545,1.);
#801=VECTOR('',#4548,1.);
#802=VECTOR('',#4549,1.);
#803=VECTOR('',#4552,1.);
#804=VECTOR('',#4553,1.);
#805=VECTOR('',#4556,1.);
#806=VECTOR('',#4557,1.);
#807=VECTOR('',#4560,1.);
#808=VECTOR('',#4561,1.);
#809=VECTOR('',#4564,1.);
#810=VECTOR('',#4569,1.);
#811=VECTOR('',#4570,1.);
#812=VECTOR('',#4571,1.);
#813=VECTOR('',#4572,1.);
#814=VECTOR('',#4573,1.);
#815=VECTOR('',#4574,1.);
#816=VECTOR('',#4575,1.);
#817=VECTOR('',#4576,1.);
#818=VECTOR('',#4577,1.);
#819=VECTOR('',#4578,1.);
#820=VECTOR('',#4579,1.);
#821=VECTOR('',#4580,1.);
#822=VECTOR('',#4583,1.);
#823=VECTOR('',#4584,1.);
#824=VECTOR('',#4587,1.);
#825=VECTOR('',#4590,1.);
#826=VECTOR('',#4593,1.);
#827=VECTOR('',#4596,1.);
#828=VECTOR('',#4599,1.);
#829=VECTOR('',#4602,1.);
#830=VECTOR('',#4605,1.);
#831=VECTOR('',#4608,1.);
#832=VECTOR('',#4611,1.);
#833=VECTOR('',#4614,1.);
#834=VECTOR('',#4619,1.);
#835=VECTOR('',#4620,1.);
#836=VECTOR('',#4627,1.);
#837=VECTOR('',#4630,1.);
#838=VECTOR('',#4635,1.);
#839=VECTOR('',#4638,10.);
#840=VECTOR('',#4643,10.);
#841=VECTOR('',#4646,1.);
#842=VECTOR('',#4651,1.);
#843=VECTOR('',#4654,1.);
#844=VECTOR('',#4659,1.);
#845=VECTOR('',#4662,10.);
#846=VECTOR('',#4667,1.);
#847=VECTOR('',#4668,1.);
#848=VECTOR('',#4671,1.);
#849=VECTOR('',#4672,1.);
#850=VECTOR('',#4675,1.);
#851=VECTOR('',#4676,10.);
#852=VECTOR('',#4677,1.);
#853=VECTOR('',#4678,1.);
#854=VECTOR('',#4679,1.);
#855=VECTOR('',#4680,10.);
#856=VECTOR('',#4683,1.);
#857=VECTOR('',#4692,1.);
#858=VECTOR('',#4697,1.);
#859=VECTOR('',#4700,1.);
#860=VECTOR('',#4705,1.);
#861=VECTOR('',#4708,1.);
#862=VECTOR('',#4713,10.);
#863=VECTOR('',#4716,1.);
#864=VECTOR('',#4721,1.);
#865=VECTOR('',#4724,1.);
#866=VECTOR('',#4729,1.);
#867=VECTOR('',#4732,10.);
#868=VECTOR('',#4737,1.);
#869=VECTOR('',#4740,1.);
#870=VECTOR('',#4745,1.);
#871=VECTOR('',#4746,10.);
#872=VECTOR('',#4753,1.);
#873=VECTOR('',#4756,1.);
#874=VECTOR('',#4761,1.);
#875=VECTOR('',#4762,1.);
#876=VECTOR('',#4769,1.);
#877=VECTOR('',#4772,10.);
#878=VECTOR('',#4777,1.);
#879=VECTOR('',#4780,10.);
#880=VECTOR('',#4785,1.);
#881=VECTOR('',#4788,1.);
#882=CIRCLE('',#3666,3.);
#883=CIRCLE('',#3667,3.);
#884=CIRCLE('',#3668,3.);
#885=CIRCLE('',#3669,3.);
#886=CIRCLE('',#3670,3.);
#887=CIRCLE('',#3671,3.);
#888=CIRCLE('',#3673,3.);
#889=CIRCLE('',#3674,3.);
#890=CIRCLE('',#3675,3.);
#891=CIRCLE('',#3676,3.);
#892=CIRCLE('',#3677,3.);
#893=CIRCLE('',#3678,3.);
#894=CIRCLE('',#3680,3.);
#895=CIRCLE('',#3681,3.);
#896=CIRCLE('',#3682,3.);
#897=CIRCLE('',#3683,3.);
#898=CIRCLE('',#3684,3.);
#899=CIRCLE('',#3685,3.);
#900=CIRCLE('',#3686,40.4633843372885);
#901=CIRCLE('',#3687,40.463396131764);
#902=CIRCLE('',#3690,40.4633843372474);
#903=CIRCLE('',#3691,40.4633844869735);
#904=CIRCLE('',#3693,40.4633843373846);
#905=CIRCLE('',#3694,40.4633843371464);
#906=CIRCLE('',#3704,40.4633843369015);
#907=CIRCLE('',#3705,40.4633961320043);
#908=CIRCLE('',#3708,40.4633843366839);
#909=CIRCLE('',#3709,40.4633843366209);
#910=CIRCLE('',#3711,3.);
#911=CIRCLE('',#3712,3.);
#912=CIRCLE('',#3713,3.);
#913=CIRCLE('',#3714,3.);
#914=CIRCLE('',#3715,3.);
#915=CIRCLE('',#3716,3.);
#916=CIRCLE('',#3718,3.);
#917=CIRCLE('',#3720,3.);
#918=CIRCLE('',#3721,3.);
#919=CIRCLE('',#3722,3.);
#920=CIRCLE('',#3723,3.);
#921=CIRCLE('',#3724,3.);
#922=CIRCLE('',#3726,40.4713742193528);
#923=CIRCLE('',#3730,40.4713742194712);
#924=CIRCLE('',#3732,40.5318334442928);
#925=CIRCLE('',#3736,40.5318334440977);
#926=CIRCLE('',#3738,40.4710630037764);
#927=CIRCLE('',#3742,40.4710630036409);
#928=CIRCLE('',#3744,3.);
#929=CIRCLE('',#3746,3.);
#930=CIRCLE('',#3747,3.);
#931=CIRCLE('',#3748,3.);
#932=CIRCLE('',#3749,3.);
#933=CIRCLE('',#3750,3.);
#934=CIRCLE('',#3752,40.4713742195287);
#935=CIRCLE('',#3756,40.4713742195294);
#936=CIRCLE('',#3758,40.5318334445399);
#937=CIRCLE('',#3762,40.5318334481903);
#938=CIRCLE('',#3764,40.471063004099);
#939=CIRCLE('',#3768,40.4710630040985);
#940=CIRCLE('',#3770,40.4710630038475);
#941=CIRCLE('',#3774,40.4710630038571);
#942=CIRCLE('',#3776,40.5318334446671);
#943=CIRCLE('',#3780,40.5318334430779);
#944=CIRCLE('',#3782,40.471374219627);
#945=CIRCLE('',#3786,40.4713742196249);
#946=CIRCLE('',#3788,40.4633961321556);
#947=CIRCLE('',#3789,40.4633961321476);
#948=CIRCLE('',#3792,40.471374219456);
#949=CIRCLE('',#3796,40.4713742194596);
#950=CIRCLE('',#3798,40.5318334436637);
#951=CIRCLE('',#3802,40.5318334441767);
#952=CIRCLE('',#3804,40.47106300368);
#953=CIRCLE('',#3808,40.4710630036776);
#954=CIRCLE('',#3809,40.4710630038913);
#955=CIRCLE('',#3810,40.4710630038907);
#956=CIRCLE('',#3811,40.5318334402695);
#957=CIRCLE('',#3812,40.4713742194401);
#958=CIRCLE('',#3813,40.4713742194392);
#959=CIRCLE('',#3814,40.5318334450492);
#960=CIRCLE('',#3815,40.4713742200738);
#961=CIRCLE('',#3816,40.4713742201788);
#962=CIRCLE('',#3817,40.5318334391661);
#963=CIRCLE('',#3818,40.4710630034523);
#964=CIRCLE('',#3819,40.4710630035884);
#965=CIRCLE('',#3820,40.5318334433803);
#966=CIRCLE('',#3823,0.25);
#967=CIRCLE('',#3824,0.25);
#968=CIRCLE('',#3825,0.24999999999916);
#969=CIRCLE('',#3826,0.25);
#970=CIRCLE('',#3827,0.250000000000187);
#971=CIRCLE('',#3828,0.25);
#972=CIRCLE('',#3829,0.250000000000018);
#973=CIRCLE('',#3830,0.25);
#974=CYLINDRICAL_SURFACE('',#3665,3.);
#975=CYLINDRICAL_SURFACE('',#3672,3.);
#976=CYLINDRICAL_SURFACE('',#3679,3.);
#977=CYLINDRICAL_SURFACE('',#3710,3.);
#978=CYLINDRICAL_SURFACE('',#3719,3.);
#979=CYLINDRICAL_SURFACE('',#3745,3.);
#980=FACE_OUTER_BOUND('',#1171,.T.);
#981=FACE_OUTER_BOUND('',#1172,.T.);
#982=FACE_OUTER_BOUND('',#1173,.T.);
#983=FACE_OUTER_BOUND('',#1174,.T.);
#984=FACE_OUTER_BOUND('',#1175,.T.);
#985=FACE_OUTER_BOUND('',#1176,.T.);
#986=FACE_OUTER_BOUND('',#1177,.T.);
#987=FACE_OUTER_BOUND('',#1178,.T.);
#988=FACE_OUTER_BOUND('',#1179,.T.);
#989=FACE_OUTER_BOUND('',#1180,.T.);
#990=FACE_OUTER_BOUND('',#1181,.T.);
#991=FACE_OUTER_BOUND('',#1182,.T.);
#992=FACE_OUTER_BOUND('',#1183,.T.);
#993=FACE_OUTER_BOUND('',#1184,.T.);
#994=FACE_OUTER_BOUND('',#1185,.T.);
#995=FACE_OUTER_BOUND('',#1186,.T.);
#996=FACE_OUTER_BOUND('',#1187,.T.);
#997=FACE_OUTER_BOUND('',#1188,.T.);
#998=FACE_OUTER_BOUND('',#1189,.T.);
#999=FACE_OUTER_BOUND('',#1190,.T.);
#1000=FACE_OUTER_BOUND('',#1191,.T.);
#1001=FACE_OUTER_BOUND('',#1193,.T.);
#1002=FACE_OUTER_BOUND('',#1194,.T.);
#1003=FACE_OUTER_BOUND('',#1195,.T.);
#1004=FACE_OUTER_BOUND('',#1196,.T.);
#1005=FACE_OUTER_BOUND('',#1197,.T.);
#1006=FACE_OUTER_BOUND('',#1198,.T.);
#1007=FACE_OUTER_BOUND('',#1199,.T.);
#1008=FACE_OUTER_BOUND('',#1200,.T.);
#1009=FACE_OUTER_BOUND('',#1201,.T.);
#1010=FACE_OUTER_BOUND('',#1202,.T.);
#1011=FACE_OUTER_BOUND('',#1203,.T.);
#1012=FACE_OUTER_BOUND('',#1204,.T.);
#1013=FACE_OUTER_BOUND('',#1205,.T.);
#1014=FACE_OUTER_BOUND('',#1206,.T.);
#1015=FACE_OUTER_BOUND('',#1207,.T.);
#1016=FACE_OUTER_BOUND('',#1209,.T.);
#1017=FACE_OUTER_BOUND('',#1210,.T.);
#1018=FACE_OUTER_BOUND('',#1211,.T.);
#1019=FACE_OUTER_BOUND('',#1212,.T.);
#1020=FACE_OUTER_BOUND('',#1213,.T.);
#1021=FACE_OUTER_BOUND('',#1214,.T.);
#1022=FACE_OUTER_BOUND('',#1215,.T.);
#1023=FACE_OUTER_BOUND('',#1216,.T.);
#1024=FACE_OUTER_BOUND('',#1217,.T.);
#1025=FACE_OUTER_BOUND('',#1218,.T.);
#1026=FACE_OUTER_BOUND('',#1219,.T.);
#1027=FACE_OUTER_BOUND('',#1220,.T.);
#1028=FACE_OUTER_BOUND('',#1221,.T.);
#1029=FACE_OUTER_BOUND('',#1222,.T.);
#1030=FACE_OUTER_BOUND('',#1223,.T.);
#1031=FACE_OUTER_BOUND('',#1224,.T.);
#1032=FACE_OUTER_BOUND('',#1225,.T.);
#1033=FACE_OUTER_BOUND('',#1226,.T.);
#1034=FACE_OUTER_BOUND('',#1227,.T.);
#1035=FACE_OUTER_BOUND('',#1228,.T.);
#1036=FACE_OUTER_BOUND('',#1229,.T.);
#1037=FACE_OUTER_BOUND('',#1230,.T.);
#1038=FACE_OUTER_BOUND('',#1231,.T.);
#1039=FACE_OUTER_BOUND('',#1232,.T.);
#1040=FACE_OUTER_BOUND('',#1233,.T.);
#1041=FACE_OUTER_BOUND('',#1234,.T.);
#1042=FACE_OUTER_BOUND('',#1235,.T.);
#1043=FACE_OUTER_BOUND('',#1237,.T.);
#1044=FACE_OUTER_BOUND('',#1238,.T.);
#1045=FACE_OUTER_BOUND('',#1240,.T.);
#1046=FACE_OUTER_BOUND('',#1241,.T.);
#1047=FACE_OUTER_BOUND('',#1242,.T.);
#1048=FACE_OUTER_BOUND('',#1243,.T.);
#1049=FACE_OUTER_BOUND('',#1244,.T.);
#1050=FACE_OUTER_BOUND('',#1245,.T.);
#1051=FACE_OUTER_BOUND('',#1246,.T.);
#1052=FACE_OUTER_BOUND('',#1247,.T.);
#1053=FACE_OUTER_BOUND('',#1248,.T.);
#1054=FACE_OUTER_BOUND('',#1249,.T.);
#1055=FACE_OUTER_BOUND('',#1250,.T.);
#1056=FACE_OUTER_BOUND('',#1251,.T.);
#1057=FACE_OUTER_BOUND('',#1252,.T.);
#1058=FACE_OUTER_BOUND('',#1253,.T.);
#1059=FACE_OUTER_BOUND('',#1254,.T.);
#1060=FACE_OUTER_BOUND('',#1255,.T.);
#1061=FACE_OUTER_BOUND('',#1256,.T.);
#1062=FACE_OUTER_BOUND('',#1257,.T.);
#1063=FACE_OUTER_BOUND('',#1258,.T.);
#1064=FACE_OUTER_BOUND('',#1259,.T.);
#1065=FACE_OUTER_BOUND('',#1260,.T.);
#1066=FACE_OUTER_BOUND('',#1261,.T.);
#1067=FACE_OUTER_BOUND('',#1262,.T.);
#1068=FACE_OUTER_BOUND('',#1263,.T.);
#1069=FACE_OUTER_BOUND('',#1264,.T.);
#1070=FACE_OUTER_BOUND('',#1265,.T.);
#1071=FACE_OUTER_BOUND('',#1266,.T.);
#1072=FACE_OUTER_BOUND('',#1267,.T.);
#1073=FACE_OUTER_BOUND('',#1268,.T.);
#1074=FACE_OUTER_BOUND('',#1269,.T.);
#1075=FACE_OUTER_BOUND('',#1270,.T.);
#1076=FACE_OUTER_BOUND('',#1271,.T.);
#1077=FACE_OUTER_BOUND('',#1272,.T.);
#1078=FACE_OUTER_BOUND('',#1274,.T.);
#1079=FACE_OUTER_BOUND('',#1275,.T.);
#1080=FACE_OUTER_BOUND('',#1276,.T.);
#1081=FACE_OUTER_BOUND('',#1277,.T.);
#1082=FACE_OUTER_BOUND('',#1278,.T.);
#1083=FACE_OUTER_BOUND('',#1279,.T.);
#1084=FACE_OUTER_BOUND('',#1280,.T.);
#1085=FACE_OUTER_BOUND('',#1281,.T.);
#1086=FACE_OUTER_BOUND('',#1282,.T.);
#1087=FACE_OUTER_BOUND('',#1283,.T.);
#1088=FACE_OUTER_BOUND('',#1284,.T.);
#1089=FACE_OUTER_BOUND('',#1285,.T.);
#1090=FACE_OUTER_BOUND('',#1286,.T.);
#1091=FACE_OUTER_BOUND('',#1287,.T.);
#1092=FACE_OUTER_BOUND('',#1288,.T.);
#1093=FACE_OUTER_BOUND('',#1289,.T.);
#1094=FACE_OUTER_BOUND('',#1290,.T.);
#1095=FACE_OUTER_BOUND('',#1292,.T.);
#1096=FACE_OUTER_BOUND('',#1294,.T.);
#1097=FACE_OUTER_BOUND('',#1295,.T.);
#1098=FACE_OUTER_BOUND('',#1296,.T.);
#1099=FACE_OUTER_BOUND('',#1297,.T.);
#1100=FACE_OUTER_BOUND('',#1298,.T.);
#1101=FACE_OUTER_BOUND('',#1299,.T.);
#1102=FACE_OUTER_BOUND('',#1300,.T.);
#1103=FACE_OUTER_BOUND('',#1301,.T.);
#1104=FACE_OUTER_BOUND('',#1302,.T.);
#1105=FACE_OUTER_BOUND('',#1303,.T.);
#1106=FACE_OUTER_BOUND('',#1304,.T.);
#1107=FACE_OUTER_BOUND('',#1305,.T.);
#1108=FACE_OUTER_BOUND('',#1306,.T.);
#1109=FACE_OUTER_BOUND('',#1307,.T.);
#1110=FACE_OUTER_BOUND('',#1308,.T.);
#1111=FACE_OUTER_BOUND('',#1309,.T.);
#1112=FACE_OUTER_BOUND('',#1310,.T.);
#1113=FACE_OUTER_BOUND('',#1311,.T.);
#1114=FACE_OUTER_BOUND('',#1312,.T.);
#1115=FACE_OUTER_BOUND('',#1313,.T.);
#1116=FACE_OUTER_BOUND('',#1314,.T.);
#1117=FACE_OUTER_BOUND('',#1315,.T.);
#1118=FACE_OUTER_BOUND('',#1316,.T.);
#1119=FACE_OUTER_BOUND('',#1317,.T.);
#1120=FACE_OUTER_BOUND('',#1318,.T.);
#1121=FACE_OUTER_BOUND('',#1319,.T.);
#1122=FACE_OUTER_BOUND('',#1320,.T.);
#1123=FACE_OUTER_BOUND('',#1321,.T.);
#1124=FACE_OUTER_BOUND('',#1322,.T.);
#1125=FACE_OUTER_BOUND('',#1323,.T.);
#1126=FACE_OUTER_BOUND('',#1324,.T.);
#1127=FACE_OUTER_BOUND('',#1325,.T.);
#1128=FACE_OUTER_BOUND('',#1326,.T.);
#1129=FACE_OUTER_BOUND('',#1327,.T.);
#1130=FACE_OUTER_BOUND('',#1328,.T.);
#1131=FACE_OUTER_BOUND('',#1329,.T.);
#1132=FACE_OUTER_BOUND('',#1330,.T.);
#1133=FACE_OUTER_BOUND('',#1331,.T.);
#1134=FACE_OUTER_BOUND('',#1332,.T.);
#1135=FACE_OUTER_BOUND('',#1333,.T.);
#1136=FACE_OUTER_BOUND('',#1334,.T.);
#1137=FACE_OUTER_BOUND('',#1335,.T.);
#1138=FACE_OUTER_BOUND('',#1336,.T.);
#1139=FACE_OUTER_BOUND('',#1337,.T.);
#1140=FACE_OUTER_BOUND('',#1338,.T.);
#1141=FACE_OUTER_BOUND('',#1339,.T.);
#1142=FACE_OUTER_BOUND('',#1340,.T.);
#1143=FACE_OUTER_BOUND('',#1341,.T.);
#1144=FACE_OUTER_BOUND('',#1342,.T.);
#1145=FACE_OUTER_BOUND('',#1343,.T.);
#1146=FACE_OUTER_BOUND('',#1344,.T.);
#1147=FACE_OUTER_BOUND('',#1345,.T.);
#1148=FACE_OUTER_BOUND('',#1346,.T.);
#1149=FACE_OUTER_BOUND('',#1347,.T.);
#1150=FACE_OUTER_BOUND('',#1348,.T.);
#1151=FACE_OUTER_BOUND('',#1349,.T.);
#1152=FACE_OUTER_BOUND('',#1350,.T.);
#1153=FACE_OUTER_BOUND('',#1351,.T.);
#1154=FACE_OUTER_BOUND('',#1352,.T.);
#1155=FACE_OUTER_BOUND('',#1353,.T.);
#1156=FACE_OUTER_BOUND('',#1354,.T.);
#1157=FACE_OUTER_BOUND('',#1355,.T.);
#1158=FACE_OUTER_BOUND('',#1356,.T.);
#1159=FACE_OUTER_BOUND('',#1357,.T.);
#1160=FACE_OUTER_BOUND('',#1358,.T.);
#1161=FACE_OUTER_BOUND('',#1359,.T.);
#1162=FACE_OUTER_BOUND('',#1360,.T.);
#1163=FACE_OUTER_BOUND('',#1361,.T.);
#1164=FACE_OUTER_BOUND('',#1362,.T.);
#1165=FACE_OUTER_BOUND('',#1363,.T.);
#1166=FACE_OUTER_BOUND('',#1364,.T.);
#1167=FACE_OUTER_BOUND('',#1365,.T.);
#1168=FACE_OUTER_BOUND('',#1366,.T.);
#1169=FACE_OUTER_BOUND('',#1367,.T.);
#1170=FACE_OUTER_BOUND('',#1368,.T.);
#1171=EDGE_LOOP('',(#2345,#2346,#2347,#2348,#2349,#2350,#2351,#2352));
#1172=EDGE_LOOP('',(#2353,#2354,#2355,#2356,#2357,#2358,#2359,#2360,#2361,
#2362,#2363,#2364,#2365,#2366,#2367,#2368,#2369,#2370,#2371,#2372));
#1173=EDGE_LOOP('',(#2373,#2374,#2375,#2376,#2377,#2378,#2379,#2380,#2381,
#2382,#2383,#2384,#2385,#2386,#2387,#2388,#2389,#2390,#2391,#2392));
#1174=EDGE_LOOP('',(#2393,#2394,#2395,#2396,#2397,#2398,#2399,#2400,#2401,
#2402,#2403,#2404,#2405,#2406,#2407,#2408,#2409,#2410,#2411,#2412));
#1175=EDGE_LOOP('',(#2413,#2414,#2415,#2416,#2417));
#1176=EDGE_LOOP('',(#2418,#2419,#2420,#2421,#2422));
#1177=EDGE_LOOP('',(#2423,#2424,#2425,#2426,#2427));
#1178=EDGE_LOOP('',(#2428,#2429,#2430,#2431,#2432));
#1179=EDGE_LOOP('',(#2433,#2434,#2435,#2436,#2437));
#1180=EDGE_LOOP('',(#2438,#2439,#2440,#2441,#2442));
#1181=EDGE_LOOP('',(#2443,#2444,#2445,#2446,#2447,#2448));
#1182=EDGE_LOOP('',(#2449,#2450,#2451,#2452,#2453,#2454));
#1183=EDGE_LOOP('',(#2455,#2456,#2457,#2458,#2459));
#1184=EDGE_LOOP('',(#2460,#2461,#2462,#2463,#2464,#2465));
#1185=EDGE_LOOP('',(#2466,#2467,#2468,#2469,#2470));
#1186=EDGE_LOOP('',(#2471,#2472,#2473,#2474,#2475,#2476));
#1187=EDGE_LOOP('',(#2477,#2478,#2479,#2480,#2481,#2482));
#1188=EDGE_LOOP('',(#2483,#2484,#2485,#2486,#2487,#2488));
#1189=EDGE_LOOP('',(#2489,#2490,#2491,#2492,#2493,#2494));
#1190=EDGE_LOOP('',(#2495,#2496,#2497,#2498,#2499,#2500,#2501,#2502,#2503,
#2504,#2505,#2506,#2507,#2508,#2509,#2510,#2511,#2512,#2513,#2514));
#1191=EDGE_LOOP('',(#2515));
#1192=EDGE_LOOP('',(#2516,#2517,#2518,#2519,#2520,#2521,#2522,#2523,#2524,
#2525,#2526,#2527));
#1193=EDGE_LOOP('',(#2528,#2529,#2530,#2531,#2532,#2533,#2534,#2535,#2536,
#2537,#2538,#2539,#2540,#2541,#2542,#2543,#2544,#2545,#2546,#2547));
#1194=EDGE_LOOP('',(#2548,#2549,#2550,#2551));
#1195=EDGE_LOOP('',(#2552,#2553,#2554,#2555));
#1196=EDGE_LOOP('',(#2556,#2557,#2558,#2559));
#1197=EDGE_LOOP('',(#2560,#2561,#2562,#2563));
#1198=EDGE_LOOP('',(#2564,#2565,#2566,#2567));
#1199=EDGE_LOOP('',(#2568,#2569,#2570,#2571));
#1200=EDGE_LOOP('',(#2572,#2573,#2574,#2575));
#1201=EDGE_LOOP('',(#2576,#2577,#2578,#2579));
#1202=EDGE_LOOP('',(#2580,#2581,#2582,#2583));
#1203=EDGE_LOOP('',(#2584,#2585,#2586,#2587));
#1204=EDGE_LOOP('',(#2588,#2589,#2590,#2591));
#1205=EDGE_LOOP('',(#2592,#2593,#2594,#2595));
#1206=EDGE_LOOP('',(#2596,#2597,#2598,#2599,#2600,#2601,#2602,#2603,#2604,
#2605,#2606,#2607));
#1207=EDGE_LOOP('',(#2608));
#1208=EDGE_LOOP('',(#2609,#2610,#2611,#2612,#2613,#2614,#2615,#2616,#2617,
#2618,#2619,#2620));
#1209=EDGE_LOOP('',(#2621,#2622,#2623,#2624,#2625,#2626,#2627,#2628,#2629,
#2630,#2631,#2632,#2633,#2634,#2635,#2636,#2637,#2638,#2639,#2640));
#1210=EDGE_LOOP('',(#2641,#2642,#2643,#2644));
#1211=EDGE_LOOP('',(#2645,#2646,#2647,#2648));
#1212=EDGE_LOOP('',(#2649,#2650,#2651,#2652));
#1213=EDGE_LOOP('',(#2653,#2654,#2655,#2656));
#1214=EDGE_LOOP('',(#2657,#2658,#2659,#2660));
#1215=EDGE_LOOP('',(#2661,#2662,#2663,#2664));
#1216=EDGE_LOOP('',(#2665,#2666,#2667,#2668));
#1217=EDGE_LOOP('',(#2669,#2670,#2671,#2672));
#1218=EDGE_LOOP('',(#2673,#2674,#2675,#2676));
#1219=EDGE_LOOP('',(#2677,#2678,#2679,#2680));
#1220=EDGE_LOOP('',(#2681,#2682,#2683,#2684));
#1221=EDGE_LOOP('',(#2685,#2686,#2687,#2688));
#1222=EDGE_LOOP('',(#2689,#2690,#2691,#2692,#2693,#2694,#2695,#2696,#2697,
#2698,#2699,#2700));
#1223=EDGE_LOOP('',(#2701,#2702,#2703,#2704));
#1224=EDGE_LOOP('',(#2705,#2706,#2707,#2708));
#1225=EDGE_LOOP('',(#2709,#2710,#2711,#2712));
#1226=EDGE_LOOP('',(#2713,#2714,#2715,#2716));
#1227=EDGE_LOOP('',(#2717,#2718,#2719,#2720));
#1228=EDGE_LOOP('',(#2721,#2722,#2723,#2724));
#1229=EDGE_LOOP('',(#2725,#2726,#2727,#2728));
#1230=EDGE_LOOP('',(#2729,#2730,#2731,#2732));
#1231=EDGE_LOOP('',(#2733,#2734,#2735,#2736));
#1232=EDGE_LOOP('',(#2737,#2738,#2739,#2740));
#1233=EDGE_LOOP('',(#2741,#2742,#2743,#2744));
#1234=EDGE_LOOP('',(#2745,#2746,#2747,#2748));
#1235=EDGE_LOOP('',(#2749));
#1236=EDGE_LOOP('',(#2750,#2751,#2752,#2753,#2754,#2755,#2756,#2757,#2758,
#2759,#2760,#2761));
#1237=EDGE_LOOP('',(#2762,#2763,#2764,#2765,#2766,#2767));
#1238=EDGE_LOOP('',(#2768));
#1239=EDGE_LOOP('',(#2769,#2770,#2771,#2772,#2773,#2774,#2775,#2776,#2777,
#2778,#2779,#2780));
#1240=EDGE_LOOP('',(#2781,#2782,#2783,#2784));
#1241=EDGE_LOOP('',(#2785,#2786,#2787,#2788));
#1242=EDGE_LOOP('',(#2789,#2790,#2791,#2792));
#1243=EDGE_LOOP('',(#2793,#2794,#2795,#2796));
#1244=EDGE_LOOP('',(#2797,#2798,#2799,#2800));
#1245=EDGE_LOOP('',(#2801,#2802,#2803,#2804));
#1246=EDGE_LOOP('',(#2805,#2806,#2807,#2808));
#1247=EDGE_LOOP('',(#2809,#2810,#2811,#2812));
#1248=EDGE_LOOP('',(#2813,#2814,#2815,#2816));
#1249=EDGE_LOOP('',(#2817,#2818,#2819,#2820));
#1250=EDGE_LOOP('',(#2821,#2822,#2823,#2824));
#1251=EDGE_LOOP('',(#2825,#2826,#2827,#2828));
#1252=EDGE_LOOP('',(#2829,#2830,#2831,#2832,#2833,#2834,#2835,#2836,#2837,
#2838,#2839,#2840));
#1253=EDGE_LOOP('',(#2841,#2842,#2843,#2844,#2845,#2846,#2847,#2848,#2849,
#2850,#2851,#2852));
#1254=EDGE_LOOP('',(#2853,#2854,#2855,#2856,#2857,#2858,#2859,#2860,#2861,
#2862,#2863,#2864));
#1255=EDGE_LOOP('',(#2865,#2866,#2867,#2868,#2869,#2870,#2871,#2872,#2873,
#2874,#2875,#2876));
#1256=EDGE_LOOP('',(#2877,#2878,#2879,#2880,#2881,#2882,#2883,#2884,#2885,
#2886,#2887,#2888,#2889,#2890,#2891,#2892,#2893,#2894,#2895,#2896,#2897,
#2898,#2899,#2900,#2901,#2902,#2903,#2904,#2905,#2906,#2907,#2908));
#1257=EDGE_LOOP('',(#2909,#2910,#2911,#2912,#2913,#2914,#2915,#2916));
#1258=EDGE_LOOP('',(#2917,#2918,#2919,#2920,#2921,#2922,#2923,#2924,#2925,
#2926,#2927,#2928,#2929,#2930,#2931,#2932,#2933,#2934,#2935,#2936,#2937,
#2938,#2939,#2940,#2941,#2942,#2943,#2944,#2945,#2946,#2947,#2948));
#1259=EDGE_LOOP('',(#2949,#2950,#2951,#2952));
#1260=EDGE_LOOP('',(#2953,#2954,#2955,#2956));
#1261=EDGE_LOOP('',(#2957,#2958,#2959,#2960));
#1262=EDGE_LOOP('',(#2961,#2962,#2963,#2964));
#1263=EDGE_LOOP('',(#2965,#2966,#2967,#2968));
#1264=EDGE_LOOP('',(#2969,#2970,#2971,#2972));
#1265=EDGE_LOOP('',(#2973,#2974,#2975,#2976));
#1266=EDGE_LOOP('',(#2977,#2978,#2979,#2980));
#1267=EDGE_LOOP('',(#2981,#2982,#2983,#2984));
#1268=EDGE_LOOP('',(#2985,#2986,#2987,#2988));
#1269=EDGE_LOOP('',(#2989,#2990,#2991,#2992));
#1270=EDGE_LOOP('',(#2993,#2994,#2995,#2996));
#1271=EDGE_LOOP('',(#2997,#2998,#2999,#3000,#3001,#3002,#3003,#3004));
#1272=EDGE_LOOP('',(#3005,#3006,#3007,#3008,#3009,#3010,#3011,#3012));
#1273=EDGE_LOOP('',(#3013,#3014,#3015,#3016));
#1274=EDGE_LOOP('',(#3017,#3018,#3019,#3020));
#1275=EDGE_LOOP('',(#3021,#3022,#3023,#3024));
#1276=EDGE_LOOP('',(#3025,#3026,#3027,#3028));
#1277=EDGE_LOOP('',(#3029,#3030,#3031,#3032));
#1278=EDGE_LOOP('',(#3033,#3034,#3035,#3036));
#1279=EDGE_LOOP('',(#3037,#3038,#3039,#3040));
#1280=EDGE_LOOP('',(#3041,#3042,#3043,#3044));
#1281=EDGE_LOOP('',(#3045,#3046,#3047,#3048));
#1282=EDGE_LOOP('',(#3049,#3050,#3051,#3052));
#1283=EDGE_LOOP('',(#3053,#3054,#3055,#3056));
#1284=EDGE_LOOP('',(#3057,#3058,#3059,#3060));
#1285=EDGE_LOOP('',(#3061,#3062,#3063,#3064));
#1286=EDGE_LOOP('',(#3065,#3066,#3067,#3068));
#1287=EDGE_LOOP('',(#3069,#3070,#3071,#3072));
#1288=EDGE_LOOP('',(#3073,#3074,#3075,#3076));
#1289=EDGE_LOOP('',(#3077,#3078,#3079,#3080));
#1290=EDGE_LOOP('',(#3081));
#1291=EDGE_LOOP('',(#3082,#3083,#3084,#3085,#3086,#3087,#3088,#3089,#3090,
#3091,#3092,#3093));
#1292=EDGE_LOOP('',(#3094));
#1293=EDGE_LOOP('',(#3095,#3096,#3097,#3098,#3099,#3100,#3101,#3102,#3103,
#3104,#3105,#3106));
#1294=EDGE_LOOP('',(#3107,#3108,#3109,#3110));
#1295=EDGE_LOOP('',(#3111,#3112,#3113,#3114));
#1296=EDGE_LOOP('',(#3115,#3116,#3117,#3118));
#1297=EDGE_LOOP('',(#3119,#3120,#3121,#3122));
#1298=EDGE_LOOP('',(#3123,#3124,#3125,#3126));
#1299=EDGE_LOOP('',(#3127,#3128,#3129,#3130));
#1300=EDGE_LOOP('',(#3131,#3132,#3133,#3134));
#1301=EDGE_LOOP('',(#3135,#3136,#3137,#3138));
#1302=EDGE_LOOP('',(#3139,#3140,#3141,#3142));
#1303=EDGE_LOOP('',(#3143,#3144,#3145,#3146));
#1304=EDGE_LOOP('',(#3147,#3148,#3149,#3150));
#1305=EDGE_LOOP('',(#3151,#3152,#3153,#3154));
#1306=EDGE_LOOP('',(#3155,#3156,#3157,#3158));
#1307=EDGE_LOOP('',(#3159,#3160,#3161,#3162));
#1308=EDGE_LOOP('',(#3163,#3164,#3165,#3166));
#1309=EDGE_LOOP('',(#3167,#3168,#3169,#3170));
#1310=EDGE_LOOP('',(#3171,#3172,#3173,#3174));
#1311=EDGE_LOOP('',(#3175,#3176,#3177,#3178));
#1312=EDGE_LOOP('',(#3179,#3180,#3181,#3182));
#1313=EDGE_LOOP('',(#3183,#3184,#3185,#3186));
#1314=EDGE_LOOP('',(#3187,#3188,#3189,#3190));
#1315=EDGE_LOOP('',(#3191,#3192,#3193,#3194));
#1316=EDGE_LOOP('',(#3195,#3196,#3197,#3198));
#1317=EDGE_LOOP('',(#3199,#3200,#3201,#3202));
#1318=EDGE_LOOP('',(#3203,#3204,#3205,#3206));
#1319=EDGE_LOOP('',(#3207,#3208,#3209,#3210,#3211));
#1320=EDGE_LOOP('',(#3212,#3213,#3214,#3215));
#1321=EDGE_LOOP('',(#3216,#3217,#3218,#3219));
#1322=EDGE_LOOP('',(#3220,#3221,#3222,#3223));
#1323=EDGE_LOOP('',(#3224,#3225,#3226,#3227,#3228));
#1324=EDGE_LOOP('',(#3229,#3230,#3231,#3232));
#1325=EDGE_LOOP('',(#3233,#3234,#3235,#3236));
#1326=EDGE_LOOP('',(#3237,#3238,#3239,#3240,#3241,#3242,#3243,#3244,#3245,
#3246,#3247,#3248));
#1327=EDGE_LOOP('',(#3249,#3250,#3251,#3252));
#1328=EDGE_LOOP('',(#3253,#3254,#3255,#3256));
#1329=EDGE_LOOP('',(#3257,#3258,#3259,#3260));
#1330=EDGE_LOOP('',(#3261,#3262,#3263,#3264));
#1331=EDGE_LOOP('',(#3265,#3266,#3267,#3268));
#1332=EDGE_LOOP('',(#3269,#3270,#3271,#3272));
#1333=EDGE_LOOP('',(#3273,#3274,#3275,#3276));
#1334=EDGE_LOOP('',(#3277,#3278,#3279,#3280));
#1335=EDGE_LOOP('',(#3281,#3282,#3283,#3284));
#1336=EDGE_LOOP('',(#3285,#3286,#3287,#3288));
#1337=EDGE_LOOP('',(#3289,#3290,#3291,#3292));
#1338=EDGE_LOOP('',(#3293,#3294,#3295,#3296));
#1339=EDGE_LOOP('',(#3297,#3298,#3299,#3300));
#1340=EDGE_LOOP('',(#3301,#3302,#3303,#3304));
#1341=EDGE_LOOP('',(#3305,#3306,#3307,#3308));
#1342=EDGE_LOOP('',(#3309,#3310,#3311,#3312));
#1343=EDGE_LOOP('',(#3313,#3314,#3315,#3316,#3317));
#1344=EDGE_LOOP('',(#3318,#3319,#3320,#3321));
#1345=EDGE_LOOP('',(#3322,#3323,#3324,#3325));
#1346=EDGE_LOOP('',(#3326,#3327,#3328,#3329));
#1347=EDGE_LOOP('',(#3330,#3331,#3332,#3333));
#1348=EDGE_LOOP('',(#3334,#3335,#3336,#3337));
#1349=EDGE_LOOP('',(#3338,#3339,#3340,#3341,#3342));
#1350=EDGE_LOOP('',(#3343,#3344,#3345,#3346));
#1351=EDGE_LOOP('',(#3347,#3348,#3349,#3350));
#1352=EDGE_LOOP('',(#3351,#3352,#3353,#3354));
#1353=EDGE_LOOP('',(#3355,#3356,#3357,#3358));
#1354=EDGE_LOOP('',(#3359,#3360,#3361,#3362));
#1355=EDGE_LOOP('',(#3363,#3364,#3365,#3366));
#1356=EDGE_LOOP('',(#3367,#3368,#3369,#3370,#3371));
#1357=EDGE_LOOP('',(#3372,#3373,#3374,#3375,#3376));
#1358=EDGE_LOOP('',(#3377,#3378,#3379,#3380));
#1359=EDGE_LOOP('',(#3381,#3382,#3383,#3384));
#1360=EDGE_LOOP('',(#3385,#3386,#3387,#3388));
#1361=EDGE_LOOP('',(#3389,#3390,#3391,#3392));
#1362=EDGE_LOOP('',(#3393,#3394,#3395,#3396));
#1363=EDGE_LOOP('',(#3397,#3398,#3399,#3400));
#1364=EDGE_LOOP('',(#3401,#3402,#3403,#3404));
#1365=EDGE_LOOP('',(#3405,#3406,#3407,#3408));
#1366=EDGE_LOOP('',(#3409,#3410,#3411,#3412));
#1367=EDGE_LOOP('',(#3413,#3414,#3415,#3416));
#1368=EDGE_LOOP('',(#3417,#3418,#3419,#3420));
#1369=B_SPLINE_CURVE_WITH_KNOTS('',3,(#4810,#4811,#4812,#4813,#4814,#4815,
#4816,#4817,#4818,#4819),.UNSPECIFIED.,.F.,.F.,(4,3,3,4),(-0.432378526737019,
0.,2.32971710385286,2.75377381669834),.UNSPECIFIED.);
#1370=B_SPLINE_CURVE_WITH_KNOTS('',3,(#4821,#4822,#4823,#4824,#4825,#4826),
 .UNSPECIFIED.,.F.,.F.,(4,2,4),(-0.0650557412140994,-0.0325643708403335,
-9.29917508298862E-6),.UNSPECIFIED.);
#1371=B_SPLINE_CURVE_WITH_KNOTS('',3,(#4828,#4829,#4830,#4831,#4832,#4833,
#4834,#4835,#4836,#4837),.UNSPECIFIED.,.F.,.F.,(4,3,3,4),(0.641837892640186,
3.01244250782704,3.47412840784367,3.90589833149968),.UNSPECIFIED.);
#1372=B_SPLINE_CURVE_WITH_KNOTS('',3,(#4839,#4840,#4841,#4842,#4843,#4844),
 .UNSPECIFIED.,.F.,.F.,(4,2,4),(0.,0.197495441677864,0.395054435124557),
 .UNSPECIFIED.);
#1373=B_SPLINE_CURVE_WITH_KNOTS('',3,(#4846,#4847,#4848,#4849,#4850,#4851),
 .UNSPECIFIED.,.F.,.F.,(4,2,4),(1.2013834676732E-6,0.430911629430918,0.861903106083935),
 .UNSPECIFIED.);
#1374=B_SPLINE_CURVE_WITH_KNOTS('',3,(#4853,#4854,#4855,#4856,#4857,#4858),
 .UNSPECIFIED.,.F.,.F.,(4,2,4),(-1.52613562948907,-0.762314697888224,-1.77752315755342E-7),
 .UNSPECIFIED.);
#1375=B_SPLINE_CURVE_WITH_KNOTS('',3,(#4860,#4861,#4862,#4863,#4864,#4865),
 .UNSPECIFIED.,.F.,.F.,(4,2,4),(1.04183906130347E-6,0.313672822623881,0.627623684353978),
 .UNSPECIFIED.);
#1376=B_SPLINE_CURVE_WITH_KNOTS('',3,(#4866,#4867,#4868,#4869,#4870,#4871),
 .UNSPECIFIED.,.F.,.F.,(4,2,4),(-0.710286598919809,-0.355157873936759,-3.10565008931896E-7),
 .UNSPECIFIED.);
#1377=B_SPLINE_CURVE_WITH_KNOTS('',3,(#4882,#4883,#4884,#4885,#4886,#4887,
#4888,#4889,#4890,#4891,#4892,#4893,#4894,#4895,#4896,#4897,#4898,#4899,
#4900,#4901,#4902,#4903,#4904,#4905,#4906,#4907,#4908,#4909),
 .UNSPECIFIED.,.F.,.F.,(4,3,3,3,3,3,3,3,3,4),(2.73341314702483E-5,0.0446042779423868,
0.0918335039826466,0.0959687668121182,0.151331151620562,0.204690066319977,
0.260873342532307,0.313829394909521,0.361605378258204,0.409381361606888),
 .UNSPECIFIED.);
#1378=B_SPLINE_CURVE_WITH_KNOTS('',3,(#4917,#4918,#4919,#4920,#4921,#4922,
#4923,#4924,#4925,#4926,#4927,#4928,#4929,#4930,#4931,#4932,#4933,#4934,
#4935,#4936,#4937,#4938,#4939,#4940,#4941,#4942,#4943,#4944,#4945,#4946,
#4947,#4948,#4949,#4950),.UNSPECIFIED.,.F.,.F.,(4,3,3,3,3,3,3,3,3,3,3,4),
(0.,0.0456819009934629,0.0927610250827122,0.0998658171453686,0.154499327160302,
0.203790159649444,0.261590917658059,0.314755362438112,0.319391675666673,
0.366060892513785,0.369815499016473,0.407805742418224),.UNSPECIFIED.);
#1379=B_SPLINE_CURVE_WITH_KNOTS('',3,(#4958,#4959,#4960,#4961,#4962,#4963,
#4964,#4965,#4966,#4967,#4968,#4969,#4970,#4971,#4972,#4973,#4974,#4975,
#4976,#4977,#4978,#4979,#4980,#4981,#4982,#4983,#4984,#4985,#4986,#4987,
#4988),.UNSPECIFIED.,.F.,.F.,(4,3,3,3,3,3,3,3,3,3,4),(1.08449025078242E-10,
0.0360385216106636,0.0827623375202596,0.092180055685852,0.145802464883084,
0.203895974650567,0.261799098024484,0.306589975213001,0.35379050959985,
0.399521274946703,0.40770374462228),.UNSPECIFIED.);
#1380=B_SPLINE_CURVE_WITH_KNOTS('',3,(#4996,#4997,#4998,#4999,#5000,#5001,
#5002,#5003,#5004,#5005,#5006,#5007,#5008,#5009,#5010,#5011,#5012,#5013,
#5014,#5015,#5016,#5017,#5018,#5019,#5020,#5021,#5022,#5023,#5024,#5025,
#5026),.UNSPECIFIED.,.F.,.F.,(4,3,3,3,3,3,3,3,3,3,4),(0.,0.045619089505587,
0.0926181302972862,0.098876499086635,0.152374208978737,0.204643804331713,
0.263665997625793,0.317541296208571,0.322688190919873,0.371586595160656,
0.409526167561096),.UNSPECIFIED.);
#1381=B_SPLINE_CURVE_WITH_KNOTS('',3,(#5040,#5041,#5042,#5043,#5044,#5045,
#5046,#5047,#5048,#5049,#5050,#5051,#5052,#5053,#5054,#5055,#5056,#5057,
#5058,#5059,#5060,#5061,#5062,#5063,#5064,#5065,#5066,#5067,#5068,#5069,
#5070,#5071,#5072,#5073),.UNSPECIFIED.,.F.,.F.,(4,3,3,3,3,3,3,3,3,3,3,4),
(2.73199632480681E-5,0.0447752794654782,0.047240988133108,0.0947109424594274,
0.0996052024566262,0.155657319815458,0.204550254670436,0.261626058537665,
0.304937281780329,0.352213874856611,0.397952837386248,0.409358753279218),
 .UNSPECIFIED.);
#1382=B_SPLINE_CURVE_WITH_KNOTS('',3,(#5081,#5082,#5083,#5084,#5085,#5086,
#5087,#5088,#5089,#5090,#5091,#5092,#5093,#5094,#5095,#5096,#5097,#5098,
#5099,#5100,#5101,#5102,#5103,#5104,#5105,#5106,#5107,#5108,#5109,#5110,
#5111,#5112,#5113,#5114),.UNSPECIFIED.,.F.,.F.,(4,3,3,3,3,3,3,3,3,3,3,4),
(0.,0.0456691931456012,0.0927207890989073,0.0989838262311878,0.153485736088488,
0.203760669594598,0.261481214797145,0.314666837233606,0.319201759999692,
0.365913068329899,0.368496375380483,0.407804023985883),.UNSPECIFIED.);
#1383=B_SPLINE_CURVE_WITH_KNOTS('',3,(#5122,#5123,#5124,#5125,#5126,#5127,
#5128,#5129,#5130,#5131,#5132,#5133,#5134,#5135,#5136,#5137,#5138,#5139,
#5140,#5141,#5142,#5143,#5144,#5145,#5146,#5147,#5148,#5149,#5150,#5151,
#5152),.UNSPECIFIED.,.F.,.F.,(4,3,3,3,3,3,3,3,3,3,4),(1.09384627168796E-10,
0.0346586216981592,0.0814165615186906,0.0944848227072607,0.148445504830356,
0.203900178299965,0.261848812765004,0.30617945034387,0.353396598829557,
0.399135502028022,0.40769199708958),.UNSPECIFIED.);
#1384=B_SPLINE_CURVE_WITH_KNOTS('',3,(#5160,#5161,#5162,#5163,#5164,#5165,
#5166,#5167,#5168,#5169,#5170,#5171,#5172,#5173,#5174,#5175,#5176,#5177,
#5178,#5179,#5180,#5181,#5182,#5183,#5184,#5185,#5186,#5187,#5188,#5189,
#5190),.UNSPECIFIED.,.F.,.F.,(4,3,3,3,3,3,3,3,3,3,4),(0.,0.0456359657476825,
0.0926734045284903,0.100196677642279,0.153864976076577,0.204694122459707,
0.263557694248245,0.317879433483722,0.364697983418199,0.372562957920412,
0.409490019472623),.UNSPECIFIED.);
#1385=B_SPLINE_CURVE_WITH_KNOTS('',3,(#5204,#5205,#5206,#5207,#5208,#5209,
#5210,#5211,#5212,#5213,#5214,#5215,#5216,#5217,#5218,#5219,#5220,#5221,
#5222,#5223,#5224,#5225,#5226,#5227,#5228,#5229,#5230,#5231,#5232,#5233,
#5234),.UNSPECIFIED.,.F.,.F.,(4,3,3,3,3,3,3,3,3,3,4),(2.73341257877244E-5,
0.0368861973374544,0.0836861967089047,0.091492956953622,0.146057712456822,
0.20466080314896,0.261309526147583,0.30912081649829,0.356232592450811,0.401893183647084,
0.409410074712232),.UNSPECIFIED.);
#1386=B_SPLINE_CURVE_WITH_KNOTS('',3,(#5242,#5243,#5244,#5245,#5246,#5247,
#5248,#5249,#5250,#5251,#5252,#5253,#5254,#5255,#5256,#5257,#5258,#5259,
#5260,#5261,#5262,#5263,#5264,#5265,#5266,#5267,#5268,#5269,#5270,#5271,
#5272),.UNSPECIFIED.,.F.,.F.,(4,3,3,3,3,3,3,3,3,3,4),(0.,0.0457062583440727,
0.0928382141430981,0.101541135121961,0.156429978585562,0.203838734668814,
0.261262868230933,0.313275057339229,0.360041283353753,0.373108420595019,
0.407768209065),.UNSPECIFIED.);
#1387=B_SPLINE_CURVE_WITH_KNOTS('',3,(#5280,#5281,#5282,#5283,#5284,#5285,
#5286,#5287,#5288,#5289,#5290,#5291,#5292,#5293,#5294,#5295,#5296,#5297,
#5298,#5299,#5300,#5301,#5302,#5303,#5304,#5305,#5306,#5307,#5308,#5309,
#5310),.UNSPECIFIED.,.F.,.F.,(4,3,3,3,3,3,3,3,3,3,4),(1.09952492644278E-10,
0.0379448840785556,0.0846007237314727,0.0882844502726579,0.141421811153799,
0.203882477288166,0.261652763280189,0.307780284838326,0.354932725752695,
0.400639957368594,0.407728714418975),.UNSPECIFIED.);
#1388=B_SPLINE_CURVE_WITH_KNOTS('',3,(#5318,#5319,#5320,#5321,#5322,#5323,
#5324,#5325,#5326,#5327,#5328,#5329,#5330,#5331,#5332,#5333,#5334,#5335,
#5336,#5337,#5338,#5339,#5340,#5341,#5342,#5343,#5344,#5345),
 .UNSPECIFIED.,.F.,.F.,(4,3,3,3,3,3,3,3,3,4),(0.,0.0477352266443793,0.0954704532887586,
0.148548413276807,0.204643584013425,0.264153178405677,0.313437705696387,
0.36068279306502,0.364832619317063,0.40946026234328),.UNSPECIFIED.);
#1389=B_SPLINE_CURVE_WITH_KNOTS('',3,(#5361,#5362,#5363,#5364,#5365,#5366),
 .UNSPECIFIED.,.F.,.F.,(4,2,4),(-0.395054435148805,-0.197495441205224,0.),
 .UNSPECIFIED.);
#1390=B_SPLINE_CURVE_WITH_KNOTS('',3,(#5371,#5372,#5373,#5374,#5375,#5376,
#5377,#5378,#5379,#5380,#5381,#5382,#5383,#5384,#5385,#5386,#5387,#5388,
#5389,#5390,#5391,#5392,#5393,#5394,#5395,#5396,#5397,#5398,#5399,#5400,
#5401,#5402,#5403,#5404),.UNSPECIFIED.,.F.,.F.,(4,3,3,3,3,3,3,3,3,3,3,4),
(0.,0.0457179096325523,0.0928751692890986,0.10233560045303,0.157344314042582,
0.203778366515998,0.262205642203494,0.305235894019096,0.352721471528333,
0.358336037637262,0.403334250592911,0.407709148768988),.UNSPECIFIED.);
#1391=B_SPLINE_CURVE_WITH_KNOTS('',3,(#5418,#5419,#5420,#5421),
 .UNSPECIFIED.,.F.,.F.,(4,4),(0.,0.394796537624648),.UNSPECIFIED.);
#1392=B_SPLINE_CURVE_WITH_KNOTS('',3,(#5450,#5451,#5452,#5453,#5454,#5455,
#5456,#5457,#5458,#5459,#5460,#5461,#5462,#5463,#5464,#5465,#5466,#5467,
#5468,#5469,#5470,#5471,#5472,#5473,#5474,#5475,#5476,#5477,#5478,#5479,
#5480),.UNSPECIFIED.,.F.,.F.,(4,3,3,3,3,3,3,3,3,3,4),(0.,0.0457019970651303,
0.0928247035544692,0.10124946354934,0.156093279060706,0.203829693657058,
0.261065857834758,0.314897046683432,0.3616407250124,0.372101540152712,0.407776593948638),
 .UNSPECIFIED.);
#1393=B_SPLINE_CURVE_WITH_KNOTS('',3,(#5484,#5485,#5486,#5487),
 .UNSPECIFIED.,.F.,.F.,(4,4),(-0.394796537622109,0.),.UNSPECIFIED.);
#1394=B_SPLINE_CURVE_WITH_KNOTS('',3,(#5500,#5501,#5502,#5503,#5504,#5505,
#5506,#5507,#5508,#5509,#5510,#5511,#5512,#5513,#5514,#5515,#5516,#5517,
#5518,#5519,#5520,#5521,#5522,#5523,#5524,#5525,#5526,#5527,#5528,#5529,
#5530,#5531,#5532,#5533,#5534,#5535,#5536),.UNSPECIFIED.,.F.,.F.,(4,3,3,
3,3,3,3,3,3,3,3,3,4),(0.0439540934731891,0.498322362659634,0.967342104963941,
1.09571474942939,1.57129558573994,1.66212069766039,2.17554180262033,2.27219755168875,
2.76102899412483,2.81637015218251,3.25556355964984,3.71552211682079,4.12324051024689),
 .UNSPECIFIED.);
#1395=B_SPLINE_CURVE_WITH_KNOTS('',3,(#5552,#5553,#5554,#5555,#5556,#5557,
#5558,#5559,#5560,#5561,#5562,#5563,#5564,#5565,#5566,#5567,#5568,#5569,
#5570,#5571,#5572,#5573,#5574,#5575,#5576,#5577,#5578,#5579),
 .UNSPECIFIED.,.F.,.F.,(4,3,3,3,3,3,3,3,3,4),(0.,0.0464373872441616,0.0928747744883232,
0.145657138400085,0.204888234779808,0.265166074891518,0.308170825410221,
0.355192874875517,0.400499657364163,0.409638081400702),.UNSPECIFIED.);
#1396=B_SPLINE_CURVE_WITH_KNOTS('',3,(#5594,#5595,#5596,#5597,#5598,#5599,
#5600,#5601,#5602,#5603,#5604,#5605,#5606,#5607,#5608,#5609,#5610,#5611,
#5612,#5613,#5614,#5615,#5616,#5617,#5618,#5619,#5620,#5621,#5622,#5623,
#5624),.UNSPECIFIED.,.F.,.F.,(4,3,3,3,3,3,3,3,3,3,4),(1.10114916712984E-10,
0.0392758478829547,0.0859754352555096,0.0885159803418365,0.141672335396872,
0.203793493616371,0.261486065027343,0.308536934050149,0.3581316131682,0.40379531630241,
0.407726292286252),.UNSPECIFIED.);
#1397=B_SPLINE_CURVE_WITH_KNOTS('',3,(#5631,#5632,#5633,#5634,#5635,#5636,
#5637,#5638,#5639,#5640,#5641,#5642,#5643,#5644,#5645,#5646,#5647,#5648,
#5649,#5650,#5651,#5652,#5653,#5654,#5655,#5656,#5657,#5658,#5659,#5660,
#5661,#5662,#5663,#5664),.UNSPECIFIED.,.F.,.F.,(4,3,3,3,3,3,3,3,3,3,3,4),
(0.,0.0456691931441479,0.0927207890960121,0.0989838262464374,0.153485736172513,
0.203760669614153,0.261481214816496,0.314666837258962,0.319201760018839,
0.36591306834801,0.368496375396149,0.4078040239988),.UNSPECIFIED.);
#1398=B_SPLINE_CURVE_WITH_KNOTS('',3,(#5677,#5678,#5679,#5680,#5681,#5682,
#5683,#5684,#5685,#5686,#5687,#5688,#5689,#5690,#5691,#5692,#5693,#5694,
#5695,#5696,#5697,#5698,#5699,#5700,#5701,#5702,#5703,#5704,#5705,#5706,
#5707,#5708,#5709,#5710),.UNSPECIFIED.,.F.,.F.,(4,3,3,3,3,3,3,3,3,3,3,4),
(0.,0.0456897053493829,0.0928499077600039,0.10433349417662,0.161386235093928,
0.204639116326733,0.264709393180405,0.309722318600989,0.357210327049109,
0.36214357117531,0.406903631799412,0.409429841990977),.UNSPECIFIED.);
#1399=B_SPLINE_CURVE_WITH_KNOTS('',3,(#5714,#5715,#5716,#5717,#5718,#5719,
#5720,#5721,#5722,#5723,#5724,#5725,#5726,#5727,#5728,#5729,#5730,#5731,
#5732,#5733,#5734,#5735,#5736,#5737,#5738,#5739,#5740,#5741,#5742,#5743,
#5744,#5745,#5746,#5747),.UNSPECIFIED.,.F.,.F.,(4,3,3,3,3,3,3,3,3,3,3,4),
(2.73341325381082E-5,0.0447752937895199,0.0472409881328666,0.0947109424565074,
0.0996052024560866,0.155657319867982,0.204550254673839,0.261626058620856,
0.304937281789758,0.352213874883305,0.397952837430214,0.409358753293791),
 .UNSPECIFIED.);
#1400=B_SPLINE_CURVE_WITH_KNOTS('',3,(#5768,#5769,#5770,#5771,#5772,#5773,
#5774,#5775,#5776,#5777,#5778,#5779,#5780,#5781,#5782,#5783,#5784,#5785,
#5786,#5787,#5788,#5789,#5790,#5791,#5792,#5793,#5794,#5795,#5796,#5797,
#5798),.UNSPECIFIED.,.F.,.F.,(4,3,3,3,3,3,3,3,3,3,4),(2.73341269922718E-5,
0.0380697707115522,0.084819432478047,0.0889999427525616,0.143149624507097,
0.204679420507898,0.261241902504949,0.310002033968897,0.357079990851424,
0.402724408360402,0.409425102606995),.UNSPECIFIED.);
#1401=B_SPLINE_CURVE_WITH_KNOTS('',3,(#5827,#5828,#5829,#5830,#5831,#5832),
 .UNSPECIFIED.,.F.,.F.,(4,2,4),(3.10547741116059E-7,0.355156670852138,0.710286597722875),
 .UNSPECIFIED.);
#1402=B_SPLINE_CURVE_WITH_KNOTS('',3,(#5835,#5836,#5837,#5838,#5839,#5840,
#5841,#5842,#5843,#5844,#5845,#5846,#5847,#5848,#5849,#5850,#5851,#5852,
#5853,#5854,#5855,#5856,#5857,#5858,#5859,#5860,#5861,#5862,#5863,#5864,
#5865),.UNSPECIFIED.,.F.,.F.,(4,3,3,3,3,3,3,3,3,3,4),(2.73199955585445E-5,
0.045260106760144,0.0921637297445448,0.101412944498729,0.157781239926658,
0.204638681395219,0.2606550148321,0.313429453227906,0.316671348268981,0.363111406804803,
0.409551465340626),.UNSPECIFIED.);
#1403=B_SPLINE_CURVE_WITH_KNOTS('',3,(#5882,#5883,#5884,#5885,#5886,#5887,
#5888,#5889,#5890,#5891,#5892,#5893,#5894,#5895,#5896,#5897,#5898,#5899,
#5900,#5901,#5902,#5903,#5904,#5905,#5906,#5907,#5908,#5909,#5910,#5911,
#5912,#5913,#5914,#5915),.UNSPECIFIED.,.F.,.F.,(4,3,3,3,3,3,3,3,3,3,3,4),
(0.,0.0456897053399932,0.0928499077412315,0.104333494169779,0.161386235067682,
0.204639116315924,0.264709393153489,0.3097223186071,0.35721032705823,0.362143571189077,
0.406903631661393,0.409429856186241),.UNSPECIFIED.);
#1404=B_SPLINE_CURVE_WITH_KNOTS('',3,(#5978,#5979,#5980,#5981,#5982,#5983,
#5984,#5985,#5986,#5987,#5988,#5989,#5990,#5991,#5992,#5993,#5994,#5995,
#5996,#5997,#5998,#5999,#6000,#6001,#6002,#6003,#6004,#6005,#6006,#6007,
#6008),.UNSPECIFIED.,.F.,.F.,(4,3,3,3,3,3,3,3,3,3,4),(1.0856580543737E-10,
0.0392758478815838,0.0859754352479571,0.0885159803357813,0.141672335381346,
0.203793493597981,0.261486064976477,0.308536934016154,0.35813161312105,
0.403795316219153,0.407726292225946),.UNSPECIFIED.);
#1405=B_SPLINE_CURVE_WITH_KNOTS('',3,(#6080,#6081,#6082,#6083,#6084,#6085),
 .UNSPECIFIED.,.F.,.F.,(4,2,4),(3.75189295809264E-6,0.0750037518927122,
0.150003751892964),.UNSPECIFIED.);
#1406=B_SPLINE_CURVE_WITH_KNOTS('',3,(#6097,#6098,#6099,#6100,#6101,#6102),
 .UNSPECIFIED.,.F.,.F.,(4,2,4),(0.,0.0749999999999034,0.149999999999597),
 .UNSPECIFIED.);
#1407=B_SPLINE_CURVE_WITH_KNOTS('',3,(#6106,#6107,#6108,#6109,#6110,#6111),
 .UNSPECIFIED.,.F.,.F.,(4,2,4),(3.73281174149975E-6,0.0750037328108739,
0.150003732811712),.UNSPECIFIED.);
#1408=B_SPLINE_CURVE_WITH_KNOTS('',3,(#6123,#6124,#6125,#6126,#6127,#6128),
 .UNSPECIFIED.,.F.,.F.,(4,2,4),(3.73281220689137E-6,0.0750037328122239,
0.150003732812614),.UNSPECIFIED.);
#1409=B_SPLINE_CURVE_WITH_KNOTS('',3,(#6207,#6208,#6209,#6210,#6211,#6212),
 .UNSPECIFIED.,.F.,.F.,(4,2,4),(3.75189244294916E-6,0.075003751892126,0.150003751892438),
 .UNSPECIFIED.);
#1410=B_SPLINE_CURVE_WITH_KNOTS('',3,(#6224,#6225,#6226,#6227,#6228,#6229),
 .UNSPECIFIED.,.F.,.F.,(4,2,4),(0.,0.0749999999989832,0.149999999999764),
 .UNSPECIFIED.);
#1411=B_SPLINE_CURVE_WITH_KNOTS('',3,(#6233,#6234,#6235,#6236,#6237,#6238),
 .UNSPECIFIED.,.F.,.F.,(4,2,4),(3.73281153542848E-6,0.0750037328107993,
0.150003732811506),.UNSPECIFIED.);
#1412=B_SPLINE_CURVE_WITH_KNOTS('',3,(#6250,#6251,#6252,#6253,#6254,#6255),
 .UNSPECIFIED.,.F.,.F.,(4,2,4),(3.73281152121763E-6,0.0750037328115667,
0.150003732811239),.UNSPECIFIED.);
#1413=B_SPLINE_CURVE_WITH_KNOTS('',3,(#6288,#6289,#6290,#6291,#6292,#6293),
 .UNSPECIFIED.,.F.,.F.,(4,2,4),(3.73281183742302E-6,0.0750037328117301,
0.150003732811591),.UNSPECIFIED.);
#1414=B_SPLINE_CURVE_WITH_KNOTS('',3,(#6311,#6312,#6313,#6314,#6315,#6316),
 .UNSPECIFIED.,.F.,.F.,(4,2,4),(3.73281188359442E-6,0.0750037328121351,
0.150003732811886),.UNSPECIFIED.);
#1415=B_SPLINE_CURVE_WITH_KNOTS('',3,(#6322,#6323,#6324,#6325,#6326,#6327),
 .UNSPECIFIED.,.F.,.F.,(4,2,4),(0.,0.0749999999991537,0.1499999999997),
 .UNSPECIFIED.);
#1416=B_SPLINE_CURVE_WITH_KNOTS('',3,(#6345,#6346,#6347,#6348,#6349,#6350),
 .UNSPECIFIED.,.F.,.F.,(4,2,4),(3.75189209478322E-6,0.0750037518922042,
0.150003751892122),.UNSPECIFIED.);
#1417=B_SPLINE_CURVE_WITH_KNOTS('',3,(#6415,#6416,#6417,#6418,#6419,#6420),
 .UNSPECIFIED.,.F.,.F.,(4,2,4),(3.75189249270103E-6,0.0750037518922326,
0.150003751892488),.UNSPECIFIED.);
#1418=B_SPLINE_CURVE_WITH_KNOTS('',3,(#6432,#6433,#6434,#6435,#6436,#6437),
 .UNSPECIFIED.,.F.,.F.,(4,2,4),(0.,0.0749999999992532,0.149999999999999),
 .UNSPECIFIED.);
#1419=B_SPLINE_CURVE_WITH_KNOTS('',3,(#6441,#6442,#6443,#6444,#6445,#6446),
 .UNSPECIFIED.,.F.,.F.,(4,2,4),(3.73281156383631E-6,0.0750037328109308,
0.150003732811559),.UNSPECIFIED.);
#1420=B_SPLINE_CURVE_WITH_KNOTS('',3,(#6458,#6459,#6460,#6461,#6462,#6463),
 .UNSPECIFIED.,.F.,.F.,(4,2,4),(3.7328113329238E-6,0.0750037328114317,0.150003732811157),
 .UNSPECIFIED.);
#1421=B_SPLINE_CURVE_WITH_KNOTS('',3,(#6503,#6504,#6505,#6506,#6507,#6508),
 .UNSPECIFIED.,.F.,.F.,(4,2,4),(3.73281137200383E-6,0.0750037328117656,
0.150003732811378),.UNSPECIFIED.);
#1422=B_SPLINE_CURVE_WITH_KNOTS('',3,(#6512,#6513,#6514,#6515,#6516,#6517),
 .UNSPECIFIED.,.F.,.F.,(4,2,4),(3.75189232570943E-6,0.0750037518921438,
0.150003751892321),.UNSPECIFIED.);
#1423=B_SPLINE_CURVE_WITH_KNOTS('',3,(#6525,#6526,#6527,#6528,#6529,#6530),
 .UNSPECIFIED.,.F.,.F.,(4,2,4),(0.,0.074999999999239,0.14999999999997),
 .UNSPECIFIED.);
#1424=B_SPLINE_CURVE_WITH_KNOTS('',3,(#6533,#6534,#6535,#6536,#6537,#6538),
 .UNSPECIFIED.,.F.,.F.,(4,2,4),(3.73281174148587E-6,0.0750037328115809,
0.150003732811424),.UNSPECIFIED.);
#1425=B_SPLINE_CURVE_WITH_KNOTS('',3,(#6555,#6556,#6557,#6558,#6559,#6560),
 .UNSPECIFIED.,.F.,.F.,(4,2,4),(0.,0.0749999999992426,0.150000000000013),
 .UNSPECIFIED.);
#1426=B_SPLINE_CURVE_WITH_KNOTS('',3,(#6564,#6565,#6566,#6567,#6568,#6569),
 .UNSPECIFIED.,.F.,.F.,(4,2,4),(3.73281222110222E-6,0.07500373281189,0.150003732811957),
 .UNSPECIFIED.);
#1427=B_SPLINE_CURVE_WITH_KNOTS('',3,(#6577,#6578,#6579,#6580,#6581,#6582),
 .UNSPECIFIED.,.F.,.F.,(4,2,4),(3.7328114572686E-6,0.075003732811652,0.150003732811463),
 .UNSPECIFIED.);
#1428=B_SPLINE_CURVE_WITH_KNOTS('',3,(#6585,#6586,#6587,#6588,#6589,#6590),
 .UNSPECIFIED.,.F.,.F.,(4,2,4),(3.75189213386325E-6,0.0750037518920017,
0.150003751892129),.UNSPECIFIED.);
#1429=B_SPLINE_CURVE_WITH_KNOTS('',3,(#6626,#6627,#6628,#6629,#6630,#6631),
 .UNSPECIFIED.,.F.,.F.,(4,2,4),(-0.627623655615314,-0.313671966730089,-1.04183401882913E-6),
 .UNSPECIFIED.);
#1430=B_SPLINE_CURVE_WITH_KNOTS('',3,(#6652,#6653,#6654,#6655,#6656,#6657,
#6658,#6659,#6660,#6661),.UNSPECIFIED.,.F.,.F.,(4,3,3,4),(0.588493864890211,
2.91894987010004,3.34332283128872,3.77601569634699),.UNSPECIFIED.);
#1431=B_SPLINE_CURVE_WITH_KNOTS('',3,(#6663,#6664,#6665,#6666,#6667,#6668),
 .UNSPECIFIED.,.F.,.F.,(4,2,4),(1.77731071149406E-7,0.762259469712797,1.52613536984459),
 .UNSPECIFIED.);
#1432=B_SPLINE_CURVE_WITH_KNOTS('',3,(#6669,#6670,#6671,#6672,#6673,#6674),
 .UNSPECIFIED.,.F.,.F.,(4,2,4),(1.20121165643632E-6,0.430902099602911,0.861903121850257),
 .UNSPECIFIED.);
#1433=B_SPLINE_CURVE_WITH_KNOTS('',3,(#6676,#6677,#6678,#6679,#6680,#6681,
#6682,#6683,#6684,#6685),.UNSPECIFIED.,.F.,.F.,(4,3,3,4),(-0.377640640952201,
0.0539511340271575,2.30272136399975,2.88507303073818),.UNSPECIFIED.);
#1434=B_SPLINE_CURVE_WITH_KNOTS('',3,(#6686,#6687,#6688,#6689,#6690,#6691),
 .UNSPECIFIED.,.F.,.F.,(4,2,4),(9.299688778174E-6,0.0325617962006088,0.0650557417374086),
 .UNSPECIFIED.);
#1435=B_SPLINE_CURVE_WITH_KNOTS('',3,(#6752,#6753,#6754,#6755,#6756,#6757,
#6758,#6759,#6760,#6761,#6762,#6763,#6764),.UNSPECIFIED.,.F.,.F.,(4,2,1,
1,2,1,1,1,4),(-9.79699807865082,-9.58201750605574,-8.21152702584813,-6.84103654564051,
-2.72956510501767,-1.6377390630106,-0.545913021003534,-0.272956510501767,
0.),.UNSPECIFIED.);
#1436=B_SPLINE_CURVE_WITH_KNOTS('',3,(#6819,#6820,#6821,#6822,#6823,#6824,
#6825),.UNSPECIFIED.,.F.,.F.,(4,1,1,1,4),(0.,0.732506342215041,1.46501268443008,
1.8312658555376,2.56377219775265),.UNSPECIFIED.);
#1437=B_SPLINE_CURVE_WITH_KNOTS('',3,(#6826,#6827,#6828,#6829,#6830,#6831,
#6832),.UNSPECIFIED.,.F.,.F.,(4,1,1,1,4),(-2.56377219775265,-1.8312658555376,
-1.46501268443008,-0.732506342215041,0.),.UNSPECIFIED.);
#1438=B_SPLINE_CURVE_WITH_KNOTS('',3,(#6870,#6871,#6872,#6873,#6874,#6875,
#6876),.UNSPECIFIED.,.F.,.F.,(4,1,1,1,4),(0.,0.732506342235225,1.46501268447045,
2.19751902670568,2.56377219782329),.UNSPECIFIED.);
#1439=B_SPLINE_CURVE_WITH_KNOTS('',3,(#6878,#6879,#6880,#6881,#6882,#6883,
#6884),.UNSPECIFIED.,.F.,.F.,(4,1,1,1,4),(-2.56377219782329,-2.19751902670568,
-1.46501268447045,-0.732506342235225,0.),.UNSPECIFIED.);
#1440=B_SPLINE_CURVE_WITH_KNOTS('',3,(#6953,#6954,#6955,#6956,#6957,#6958,
#6959,#6960,#6961,#6962,#6963,#6964,#6965),.UNSPECIFIED.,.F.,.F.,(4,1,1,
1,2,1,1,2,4),(0.,0.272956510501767,0.545913021003534,1.6377390630106,2.72956510501767,
6.84103654564051,8.21152702584813,9.58201750605574,9.79699807865082),
 .UNSPECIFIED.);
#1441=B_SPLINE_CURVE_WITH_KNOTS('',3,(#7037,#7038,#7039,#7040,#7041,#7042,
#7043,#7044,#7045,#7046,#7047,#7048,#7049,#7050),.UNSPECIFIED.,.F.,.F.,
(4,2,1,1,1,2,1,1,1,4),(-9.79699807866725,-9.5820175087398,-8.21152702853064,
-6.84103654832149,-5.47054606811234,-2.72956510769404,-1.63773906461642,
-0.545913021538807,-0.272956510769404,0.),.UNSPECIFIED.);
#1442=B_SPLINE_CURVE_WITH_KNOTS('',3,(#7053,#7054,#7055,#7056,#7057,#7058,
#7059,#7060,#7061,#7062,#7063,#7064,#7065,#7066),.UNSPECIFIED.,.F.,.F.,
(4,1,1,1,2,1,1,1,2,4),(0.,0.272956510769404,0.545913021538807,1.63773906461642,
2.72956510769404,5.47054606811234,6.84103654832149,8.21152702853064,9.5820175087398,
9.79699807866725),.UNSPECIFIED.);
#1443=B_SPLINE_CURVE_WITH_KNOTS('',3,(#7098,#7099,#7100,#7101,#7102,#7103,
#7104,#7105,#7106,#7107,#7108,#7109,#7110,#7111,#7112,#7113,#7114,#7115,
#7116,#7117,#7118,#7119,#7120,#7121,#7122,#7123,#7124,#7125,#7126,#7127,
#7128,#7129,#7130,#7131,#7132,#7133,#7134,#7135,#7136,#7137,#7138,#7139,
#7140,#7141,#7142,#7143,#7144,#7145,#7146,#7147,#7148,#7149),
 .UNSPECIFIED.,.F.,.F.,(4,3,3,3,3,3,3,3,3,3,3,3,3,3,3,3,3,4),(-2.62742199962267,
-2.44007735157357,-2.25004424843774,-2.06141153792526,-1.8781662383156,
-1.81978946614632,-1.63752822101803,-1.50138399978438,-1.29910383680653,
-1.10119668443591,-1.05190202622075,-0.854945943522627,-0.750691999892191,
-0.569300937944005,-0.38429481165919,-0.339268295577085,-0.155339429947151,
0.),.UNSPECIFIED.);
#1444=B_SPLINE_CURVE_WITH_KNOTS('',3,(#7152,#7153,#7154,#7155,#7156,#7157),
 .UNSPECIFIED.,.F.,.F.,(4,1,1,4),(0.,0.750691999892191,1.50138399978438,
2.62742199962267),.UNSPECIFIED.);
#1445=B_SPLINE_CURVE_WITH_KNOTS('',3,(#7194,#7195,#7196,#7197,#7198,#7199,
#7200),.UNSPECIFIED.,.F.,.F.,(4,1,1,1,4),(-2.62742199933672,-1.87672999952623,
-1.12603799971574,-0.375345999905245,0.),.UNSPECIFIED.);
#1446=B_SPLINE_CURVE_WITH_KNOTS('',3,(#7203,#7204,#7205,#7206,#7207,#7208,
#7209,#7210,#7211,#7212,#7213,#7214,#7215,#7216,#7217,#7218,#7219,#7220,
#7221,#7222,#7223,#7224,#7225,#7226,#7227,#7228,#7229,#7230,#7231,#7232,
#7233,#7234,#7235,#7236,#7237,#7238,#7239,#7240,#7241,#7242,#7243,#7244,
#7245,#7246,#7247,#7248,#7249,#7250,#7251,#7252,#7253,#7254,#7255,#7256,
#7257),.UNSPECIFIED.,.F.,.F.,(4,3,3,3,3,3,3,3,3,3,3,3,3,3,3,3,3,3,4),(1.35707541563237E-13,
0.176842787697601,0.349402097832076,0.375345999905245,0.563908749846788,
0.689245984439304,0.88053232003624,1.06947781418928,1.12603799971574,1.31719022191103,
1.42876389911985,1.62653112573691,1.81960769672495,1.87672999952623,2.05160946654271,
2.23103075293951,2.41080364754845,2.5880044854913,2.62742199933672),
 .UNSPECIFIED.);
#1447=B_SPLINE_CURVE_WITH_KNOTS('',3,(#7299,#7300,#7301,#7302,#7303,#7304,
#7305,#7306,#7307,#7308),.UNSPECIFIED.,.F.,.F.,(4,2,2,2,4),(-0.0257365781452805,
-0.0215333669638829,-0.0168296314438555,-0.00992002954844776,0.),
 .UNSPECIFIED.);
#1448=B_SPLINE_CURVE_WITH_KNOTS('',3,(#7340,#7341,#7342,#7343,#7344,#7345,
#7346,#7347,#7348,#7349),.UNSPECIFIED.,.F.,.F.,(4,2,2,2,4),(-0.0257365782944255,
-0.0215333670563628,-0.0168296315043372,-0.00992002960375714,0.),
 .UNSPECIFIED.);
#1449=B_SPLINE_CURVE_WITH_KNOTS('',3,(#7370,#7371,#7372,#7373,#7374,#7375,
#7376,#7377,#7378,#7379),.UNSPECIFIED.,.F.,.F.,(4,2,2,2,4),(-0.0257365782547028,
-0.021533367029306,-0.0168296314933894,-0.00992002960738849,0.),
 .UNSPECIFIED.);
#1450=B_SPLINE_CURVE_WITH_KNOTS('',3,(#7383,#7384,#7385,#7386,#7387,#7388,
#7389,#7390,#7391,#7392),.UNSPECIFIED.,.F.,.F.,(4,2,2,2,4),(-0.048238216754047,
-0.0346795383977326,-0.0211395960905441,-0.00984540511514557,0.),
 .UNSPECIFIED.);
#1451=VERTEX_POINT('',#4808);
#1452=VERTEX_POINT('',#4809);
#1453=VERTEX_POINT('',#4820);
#1454=VERTEX_POINT('',#4827);
#1455=VERTEX_POINT('',#4838);
#1456=VERTEX_POINT('',#4845);
#1457=VERTEX_POINT('',#4852);
#1458=VERTEX_POINT('',#4859);
#1459=VERTEX_POINT('',#4873);
#1460=VERTEX_POINT('',#4875);
#1461=VERTEX_POINT('',#4877);
#1462=VERTEX_POINT('',#4879);
#1463=VERTEX_POINT('',#4881);
#1464=VERTEX_POINT('',#4910);
#1465=VERTEX_POINT('',#4912);
#1466=VERTEX_POINT('',#4914);
#1467=VERTEX_POINT('',#4916);
#1468=VERTEX_POINT('',#4951);
#1469=VERTEX_POINT('',#4953);
#1470=VERTEX_POINT('',#4955);
#1471=VERTEX_POINT('',#4957);
#1472=VERTEX_POINT('',#4989);
#1473=VERTEX_POINT('',#4991);
#1474=VERTEX_POINT('',#4993);
#1475=VERTEX_POINT('',#4995);
#1476=VERTEX_POINT('',#5027);
#1477=VERTEX_POINT('',#5031);
#1478=VERTEX_POINT('',#5033);
#1479=VERTEX_POINT('',#5035);
#1480=VERTEX_POINT('',#5037);
#1481=VERTEX_POINT('',#5039);
#1482=VERTEX_POINT('',#5074);
#1483=VERTEX_POINT('',#5076);
#1484=VERTEX_POINT('',#5078);
#1485=VERTEX_POINT('',#5080);
#1486=VERTEX_POINT('',#5115);
#1487=VERTEX_POINT('',#5117);
#1488=VERTEX_POINT('',#5119);
#1489=VERTEX_POINT('',#5121);
#1490=VERTEX_POINT('',#5153);
#1491=VERTEX_POINT('',#5155);
#1492=VERTEX_POINT('',#5157);
#1493=VERTEX_POINT('',#5159);
#1494=VERTEX_POINT('',#5191);
#1495=VERTEX_POINT('',#5195);
#1496=VERTEX_POINT('',#5197);
#1497=VERTEX_POINT('',#5199);
#1498=VERTEX_POINT('',#5201);
#1499=VERTEX_POINT('',#5203);
#1500=VERTEX_POINT('',#5235);
#1501=VERTEX_POINT('',#5237);
#1502=VERTEX_POINT('',#5239);
#1503=VERTEX_POINT('',#5241);
#1504=VERTEX_POINT('',#5273);
#1505=VERTEX_POINT('',#5275);
#1506=VERTEX_POINT('',#5277);
#1507=VERTEX_POINT('',#5279);
#1508=VERTEX_POINT('',#5311);
#1509=VERTEX_POINT('',#5313);
#1510=VERTEX_POINT('',#5315);
#1511=VERTEX_POINT('',#5317);
#1512=VERTEX_POINT('',#5346);
#1513=VERTEX_POINT('',#5357);
#1514=VERTEX_POINT('',#5358);
#1515=VERTEX_POINT('',#5360);
#1516=VERTEX_POINT('',#5367);
#1517=VERTEX_POINT('',#5369);
#1518=VERTEX_POINT('',#5413);
#1519=VERTEX_POINT('',#5415);
#1520=VERTEX_POINT('',#5417);
#1521=VERTEX_POINT('',#5431);
#1522=VERTEX_POINT('',#5432);
#1523=VERTEX_POINT('',#5434);
#1524=VERTEX_POINT('',#5446);
#1525=VERTEX_POINT('',#5447);
#1526=VERTEX_POINT('',#5449);
#1527=VERTEX_POINT('',#5481);
#1528=VERTEX_POINT('',#5483);
#1529=VERTEX_POINT('',#5497);
#1530=VERTEX_POINT('',#5499);
#1531=VERTEX_POINT('',#5537);
#1532=VERTEX_POINT('',#5548);
#1533=VERTEX_POINT('',#5549);
#1534=VERTEX_POINT('',#5551);
#1535=VERTEX_POINT('',#5590);
#1536=VERTEX_POINT('',#5591);
#1537=VERTEX_POINT('',#5593);
#1538=VERTEX_POINT('',#5625);
#1539=VERTEX_POINT('',#5627);
#1540=VERTEX_POINT('',#5629);
#1541=VERTEX_POINT('',#5673);
#1542=VERTEX_POINT('',#5674);
#1543=VERTEX_POINT('',#5676);
#1544=VERTEX_POINT('',#5711);
#1545=VERTEX_POINT('',#5713);
#1546=VERTEX_POINT('',#5748);
#1547=VERTEX_POINT('',#5759);
#1548=VERTEX_POINT('',#5760);
#1549=VERTEX_POINT('',#5762);
#1550=VERTEX_POINT('',#5764);
#1551=VERTEX_POINT('',#5766);
#1552=VERTEX_POINT('',#5807);
#1553=VERTEX_POINT('',#5809);
#1554=VERTEX_POINT('',#5821);
#1555=VERTEX_POINT('',#5822);
#1556=VERTEX_POINT('',#5824);
#1557=VERTEX_POINT('',#5826);
#1558=VERTEX_POINT('',#5833);
#1559=VERTEX_POINT('',#5874);
#1560=VERTEX_POINT('',#5876);
#1561=VERTEX_POINT('',#5878);
#1562=VERTEX_POINT('',#5880);
#1563=VERTEX_POINT('',#5924);
#1564=VERTEX_POINT('',#5926);
#1565=VERTEX_POINT('',#5939);
#1566=VERTEX_POINT('',#5941);
#1567=VERTEX_POINT('',#5953);
#1568=VERTEX_POINT('',#5955);
#1569=VERTEX_POINT('',#5959);
#1570=VERTEX_POINT('',#5961);
#1571=VERTEX_POINT('',#5963);
#1572=VERTEX_POINT('',#5966);
#1573=VERTEX_POINT('',#5968);
#1574=VERTEX_POINT('',#5971);
#1575=VERTEX_POINT('',#5973);
#1576=VERTEX_POINT('',#5975);
#1577=VERTEX_POINT('',#5977);
#1578=VERTEX_POINT('',#6009);
#1579=VERTEX_POINT('',#6011);
#1580=VERTEX_POINT('',#6014);
#1581=VERTEX_POINT('',#6018);
#1582=VERTEX_POINT('',#6020);
#1583=VERTEX_POINT('',#6021);
#1584=VERTEX_POINT('',#6023);
#1585=VERTEX_POINT('',#6025);
#1586=VERTEX_POINT('',#6027);
#1587=VERTEX_POINT('',#6029);
#1588=VERTEX_POINT('',#6031);
#1589=VERTEX_POINT('',#6033);
#1590=VERTEX_POINT('',#6035);
#1591=VERTEX_POINT('',#6037);
#1592=VERTEX_POINT('',#6039);
#1593=VERTEX_POINT('',#6041);
#1594=VERTEX_POINT('',#6045);
#1595=VERTEX_POINT('',#6047);
#1596=VERTEX_POINT('',#6050);
#1597=VERTEX_POINT('',#6052);
#1598=VERTEX_POINT('',#6055);
#1599=VERTEX_POINT('',#6057);
#1600=VERTEX_POINT('',#6060);
#1601=VERTEX_POINT('',#6062);
#1602=VERTEX_POINT('',#6065);
#1603=VERTEX_POINT('',#6069);
#1604=VERTEX_POINT('',#6070);
#1605=VERTEX_POINT('',#6075);
#1606=VERTEX_POINT('',#6079);
#1607=VERTEX_POINT('',#6088);
#1608=VERTEX_POINT('',#6092);
#1609=VERTEX_POINT('',#6096);
#1610=VERTEX_POINT('',#6105);
#1611=VERTEX_POINT('',#6114);
#1612=VERTEX_POINT('',#6118);
#1613=VERTEX_POINT('',#6122);
#1614=VERTEX_POINT('',#6131);
#1615=VERTEX_POINT('',#6145);
#1616=VERTEX_POINT('',#6147);
#1617=VERTEX_POINT('',#6148);
#1618=VERTEX_POINT('',#6150);
#1619=VERTEX_POINT('',#6152);
#1620=VERTEX_POINT('',#6154);
#1621=VERTEX_POINT('',#6156);
#1622=VERTEX_POINT('',#6158);
#1623=VERTEX_POINT('',#6160);
#1624=VERTEX_POINT('',#6162);
#1625=VERTEX_POINT('',#6164);
#1626=VERTEX_POINT('',#6166);
#1627=VERTEX_POINT('',#6168);
#1628=VERTEX_POINT('',#6172);
#1629=VERTEX_POINT('',#6174);
#1630=VERTEX_POINT('',#6177);
#1631=VERTEX_POINT('',#6179);
#1632=VERTEX_POINT('',#6182);
#1633=VERTEX_POINT('',#6184);
#1634=VERTEX_POINT('',#6187);
#1635=VERTEX_POINT('',#6189);
#1636=VERTEX_POINT('',#6192);
#1637=VERTEX_POINT('',#6196);
#1638=VERTEX_POINT('',#6197);
#1639=VERTEX_POINT('',#6202);
#1640=VERTEX_POINT('',#6206);
#1641=VERTEX_POINT('',#6215);
#1642=VERTEX_POINT('',#6219);
#1643=VERTEX_POINT('',#6223);
#1644=VERTEX_POINT('',#6232);
#1645=VERTEX_POINT('',#6241);
#1646=VERTEX_POINT('',#6245);
#1647=VERTEX_POINT('',#6249);
#1648=VERTEX_POINT('',#6258);
#1649=VERTEX_POINT('',#6272);
#1650=VERTEX_POINT('',#6273);
#1651=VERTEX_POINT('',#6275);
#1652=VERTEX_POINT('',#6277);
#1653=VERTEX_POINT('',#6281);
#1654=VERTEX_POINT('',#6283);
#1655=VERTEX_POINT('',#6287);
#1656=VERTEX_POINT('',#6294);
#1657=VERTEX_POINT('',#6298);
#1658=VERTEX_POINT('',#6300);
#1659=VERTEX_POINT('',#6304);
#1660=VERTEX_POINT('',#6306);
#1661=VERTEX_POINT('',#6310);
#1662=VERTEX_POINT('',#6317);
#1663=VERTEX_POINT('',#6321);
#1664=VERTEX_POINT('',#6328);
#1665=VERTEX_POINT('',#6332);
#1666=VERTEX_POINT('',#6334);
#1667=VERTEX_POINT('',#6338);
#1668=VERTEX_POINT('',#6340);
#1669=VERTEX_POINT('',#6344);
#1670=VERTEX_POINT('',#6351);
#1671=VERTEX_POINT('',#6355);
#1672=VERTEX_POINT('',#6357);
#1673=VERTEX_POINT('',#6372);
#1674=VERTEX_POINT('',#6375);
#1675=VERTEX_POINT('',#6379);
#1676=VERTEX_POINT('',#6380);
#1677=VERTEX_POINT('',#6382);
#1678=VERTEX_POINT('',#6384);
#1679=VERTEX_POINT('',#6386);
#1680=VERTEX_POINT('',#6388);
#1681=VERTEX_POINT('',#6390);
#1682=VERTEX_POINT('',#6392);
#1683=VERTEX_POINT('',#6394);
#1684=VERTEX_POINT('',#6396);
#1685=VERTEX_POINT('',#6398);
#1686=VERTEX_POINT('',#6400);
#1687=VERTEX_POINT('',#6404);
#1688=VERTEX_POINT('',#6405);
#1689=VERTEX_POINT('',#6410);
#1690=VERTEX_POINT('',#6414);
#1691=VERTEX_POINT('',#6423);
#1692=VERTEX_POINT('',#6427);
#1693=VERTEX_POINT('',#6431);
#1694=VERTEX_POINT('',#6440);
#1695=VERTEX_POINT('',#6449);
#1696=VERTEX_POINT('',#6453);
#1697=VERTEX_POINT('',#6457);
#1698=VERTEX_POINT('',#6466);
#1699=VERTEX_POINT('',#6495);
#1700=VERTEX_POINT('',#6496);
#1701=VERTEX_POINT('',#6498);
#1702=VERTEX_POINT('',#6500);
#1703=VERTEX_POINT('',#6502);
#1704=VERTEX_POINT('',#6509);
#1705=VERTEX_POINT('',#6511);
#1706=VERTEX_POINT('',#6518);
#1707=VERTEX_POINT('',#6520);
#1708=VERTEX_POINT('',#6522);
#1709=VERTEX_POINT('',#6524);
#1710=VERTEX_POINT('',#6531);
#1711=VERTEX_POINT('',#6547);
#1712=VERTEX_POINT('',#6548);
#1713=VERTEX_POINT('',#6550);
#1714=VERTEX_POINT('',#6552);
#1715=VERTEX_POINT('',#6554);
#1716=VERTEX_POINT('',#6561);
#1717=VERTEX_POINT('',#6563);
#1718=VERTEX_POINT('',#6570);
#1719=VERTEX_POINT('',#6572);
#1720=VERTEX_POINT('',#6574);
#1721=VERTEX_POINT('',#6576);
#1722=VERTEX_POINT('',#6583);
#1723=VERTEX_POINT('',#6592);
#1724=VERTEX_POINT('',#6594);
#1725=VERTEX_POINT('',#6596);
#1726=VERTEX_POINT('',#6599);
#1727=VERTEX_POINT('',#6601);
#1728=VERTEX_POINT('',#6604);
#1729=VERTEX_POINT('',#6606);
#1730=VERTEX_POINT('',#6609);
#1731=VERTEX_POINT('',#6611);
#1732=VERTEX_POINT('',#6614);
#1733=VERTEX_POINT('',#6616);
#1734=VERTEX_POINT('',#6619);
#1735=VERTEX_POINT('',#6621);
#1736=VERTEX_POINT('',#6624);
#1737=VERTEX_POINT('',#6632);
#1738=VERTEX_POINT('',#6651);
#1739=VERTEX_POINT('',#6662);
#1740=VERTEX_POINT('',#6675);
#1741=VERTEX_POINT('',#6693);
#1742=VERTEX_POINT('',#6695);
#1743=VERTEX_POINT('',#6697);
#1744=VERTEX_POINT('',#6701);
#1745=VERTEX_POINT('',#6703);
#1746=VERTEX_POINT('',#6706);
#1747=VERTEX_POINT('',#6708);
#1748=VERTEX_POINT('',#6711);
#1749=VERTEX_POINT('',#6713);
#1750=VERTEX_POINT('',#6716);
#1751=VERTEX_POINT('',#6718);
#1752=VERTEX_POINT('',#6721);
#1753=VERTEX_POINT('',#6723);
#1754=VERTEX_POINT('',#6726);
#1755=VERTEX_POINT('',#6745);
#1756=VERTEX_POINT('',#6746);
#1757=VERTEX_POINT('',#6748);
#1758=VERTEX_POINT('',#6750);
#1759=VERTEX_POINT('',#6775);
#1760=VERTEX_POINT('',#6776);
#1761=VERTEX_POINT('',#6778);
#1762=VERTEX_POINT('',#6780);
#1763=VERTEX_POINT('',#6818);
#1764=VERTEX_POINT('',#6869);
#1765=VERTEX_POINT('',#6877);
#1766=VERTEX_POINT('',#6951);
#1767=VERTEX_POINT('',#7036);
#1768=VERTEX_POINT('',#7051);
#1769=VERTEX_POINT('',#7097);
#1770=VERTEX_POINT('',#7150);
#1771=VERTEX_POINT('',#7193);
#1772=VERTEX_POINT('',#7201);
#1773=VERTEX_POINT('',#7298);
#1774=VERTEX_POINT('',#7338);
#1775=VERTEX_POINT('',#7351);
#1776=VERTEX_POINT('',#7369);
#1777=VERTEX_POINT('',#7380);
#1778=VERTEX_POINT('',#7382);
#1779=VERTEX_POINT('',#7471);
#1780=VERTEX_POINT('',#7473);
#1781=VERTEX_POINT('',#7477);
#1782=VERTEX_POINT('',#7481);
#1783=VERTEX_POINT('',#7485);
#1784=VERTEX_POINT('',#7489);
#1785=VERTEX_POINT('',#7493);
#1786=VERTEX_POINT('',#7497);
#1787=VERTEX_POINT('',#7501);
#1788=VERTEX_POINT('',#7505);
#1789=VERTEX_POINT('',#7509);
#1790=VERTEX_POINT('',#7513);
#1791=VERTEX_POINT('',#7520);
#1792=VERTEX_POINT('',#7521);
#1793=VERTEX_POINT('',#7523);
#1794=VERTEX_POINT('',#7525);
#1795=VERTEX_POINT('',#7527);
#1796=VERTEX_POINT('',#7529);
#1797=VERTEX_POINT('',#7531);
#1798=VERTEX_POINT('',#7533);
#1799=VERTEX_POINT('',#7535);
#1800=VERTEX_POINT('',#7537);
#1801=VERTEX_POINT('',#7539);
#1802=VERTEX_POINT('',#7541);
#1803=VERTEX_POINT('',#7599);
#1804=VERTEX_POINT('',#7603);
#1805=VERTEX_POINT('',#7607);
#1806=VERTEX_POINT('',#7610);
#1807=EDGE_CURVE('',#1451,#1452,#1369,.T.);
#1808=EDGE_CURVE('',#1453,#1451,#1370,.F.);
#1809=EDGE_CURVE('',#1454,#1453,#1371,.T.);
#1810=EDGE_CURVE('',#1454,#1455,#1372,.T.);
#1811=EDGE_CURVE('',#1455,#1456,#1373,.T.);
#1812=EDGE_CURVE('',#1457,#1456,#1374,.F.);
#1813=EDGE_CURVE('',#1458,#1457,#1375,.F.);
#1814=EDGE_CURVE('',#1458,#1452,#1376,.T.);
#1815=EDGE_CURVE('',#1459,#1459,#882,.F.);
#1816=EDGE_CURVE('',#1459,#1460,#182,.T.);
#1817=EDGE_CURVE('',#1461,#1460,#883,.T.);
#1818=EDGE_CURVE('',#1462,#1461,#183,.T.);
#1819=EDGE_CURVE('',#1463,#1462,#1377,.F.);
#1820=EDGE_CURVE('',#1464,#1463,#184,.T.);
#1821=EDGE_CURVE('',#1465,#1464,#884,.T.);
#1822=EDGE_CURVE('',#1466,#1465,#185,.T.);
#1823=EDGE_CURVE('',#1467,#1466,#1378,.F.);
#1824=EDGE_CURVE('',#1468,#1467,#186,.T.);
#1825=EDGE_CURVE('',#1469,#1468,#885,.T.);
#1826=EDGE_CURVE('',#1470,#1469,#187,.T.);
#1827=EDGE_CURVE('',#1471,#1470,#1379,.F.);
#1828=EDGE_CURVE('',#1472,#1471,#188,.T.);
#1829=EDGE_CURVE('',#1473,#1472,#886,.T.);
#1830=EDGE_CURVE('',#1474,#1473,#189,.T.);
#1831=EDGE_CURVE('',#1475,#1474,#1380,.F.);
#1832=EDGE_CURVE('',#1476,#1475,#190,.T.);
#1833=EDGE_CURVE('',#1460,#1476,#887,.T.);
#1834=EDGE_CURVE('',#1477,#1477,#888,.F.);
#1835=EDGE_CURVE('',#1477,#1478,#191,.T.);
#1836=EDGE_CURVE('',#1479,#1478,#889,.T.);
#1837=EDGE_CURVE('',#1480,#1479,#192,.T.);
#1838=EDGE_CURVE('',#1480,#1481,#1381,.T.);
#1839=EDGE_CURVE('',#1482,#1481,#193,.T.);
#1840=EDGE_CURVE('',#1483,#1482,#890,.T.);
#1841=EDGE_CURVE('',#1484,#1483,#194,.T.);
#1842=EDGE_CURVE('',#1484,#1485,#1382,.T.);
#1843=EDGE_CURVE('',#1486,#1485,#195,.T.);
#1844=EDGE_CURVE('',#1487,#1486,#891,.T.);
#1845=EDGE_CURVE('',#1488,#1487,#196,.T.);
#1846=EDGE_CURVE('',#1488,#1489,#1383,.T.);
#1847=EDGE_CURVE('',#1490,#1489,#197,.T.);
#1848=EDGE_CURVE('',#1491,#1490,#892,.T.);
#1849=EDGE_CURVE('',#1492,#1491,#198,.T.);
#1850=EDGE_CURVE('',#1492,#1493,#1384,.T.);
#1851=EDGE_CURVE('',#1494,#1493,#199,.T.);
#1852=EDGE_CURVE('',#1478,#1494,#893,.T.);
#1853=EDGE_CURVE('',#1495,#1495,#894,.F.);
#1854=EDGE_CURVE('',#1495,#1496,#200,.T.);
#1855=EDGE_CURVE('',#1497,#1496,#895,.T.);
#1856=EDGE_CURVE('',#1498,#1497,#201,.T.);
#1857=EDGE_CURVE('',#1499,#1498,#1385,.F.);
#1858=EDGE_CURVE('',#1500,#1499,#202,.T.);
#1859=EDGE_CURVE('',#1501,#1500,#896,.T.);
#1860=EDGE_CURVE('',#1502,#1501,#203,.T.);
#1861=EDGE_CURVE('',#1503,#1502,#1386,.F.);
#1862=EDGE_CURVE('',#1504,#1503,#204,.T.);
#1863=EDGE_CURVE('',#1505,#1504,#897,.T.);
#1864=EDGE_CURVE('',#1506,#1505,#205,.T.);
#1865=EDGE_CURVE('',#1507,#1506,#1387,.F.);
#1866=EDGE_CURVE('',#1508,#1507,#206,.T.);
#1867=EDGE_CURVE('',#1509,#1508,#898,.T.);
#1868=EDGE_CURVE('',#1510,#1509,#207,.T.);
#1869=EDGE_CURVE('',#1511,#1510,#1388,.F.);
#1870=EDGE_CURVE('',#1512,#1511,#208,.T.);
#1871=EDGE_CURVE('',#1496,#1512,#899,.T.);
#1872=EDGE_CURVE('',#1513,#1514,#209,.T.);
#1873=EDGE_CURVE('',#1513,#1515,#1389,.F.);
#1874=EDGE_CURVE('',#1515,#1516,#210,.F.);
#1875=EDGE_CURVE('',#1517,#1516,#900,.T.);
#1876=EDGE_CURVE('',#1514,#1517,#1390,.T.);
#1877=EDGE_CURVE('',#1518,#1470,#901,.T.);
#1878=EDGE_CURVE('',#1518,#1519,#211,.F.);
#1879=EDGE_CURVE('',#1520,#1519,#1391,.T.);
#1880=EDGE_CURVE('',#1471,#1520,#212,.T.);
#1881=EDGE_CURVE('',#1521,#1522,#168,.T.);
#1882=EDGE_CURVE('',#1521,#1523,#213,.F.);
#1883=EDGE_CURVE('',#1475,#1523,#169,.T.);
#1884=EDGE_CURVE('',#1522,#1474,#214,.T.);
#1885=EDGE_CURVE('',#1524,#1525,#902,.T.);
#1886=EDGE_CURVE('',#1524,#1526,#1392,.F.);
#1887=EDGE_CURVE('',#1527,#1526,#215,.T.);
#1888=EDGE_CURVE('',#1528,#1527,#1393,.T.);
#1889=EDGE_CURVE('',#1528,#1525,#216,.F.);
#1890=EDGE_CURVE('',#1529,#1454,#217,.T.);
#1891=EDGE_CURVE('',#1529,#1530,#1394,.F.);
#1892=EDGE_CURVE('',#1531,#1530,#903,.T.);
#1893=EDGE_CURVE('',#1531,#1455,#218,.F.);
#1894=EDGE_CURVE('',#1532,#1533,#170,.T.);
#1895=EDGE_CURVE('',#1532,#1534,#1395,.F.);
#1896=EDGE_CURVE('',#1452,#1534,#219,.T.);
#1897=EDGE_CURVE('',#1458,#1533,#220,.F.);
#1898=EDGE_CURVE('',#1535,#1536,#221,.T.);
#1899=EDGE_CURVE('',#1535,#1537,#1396,.F.);
#1900=EDGE_CURVE('',#1538,#1537,#904,.T.);
#1901=EDGE_CURVE('',#1538,#1539,#222,.F.);
#1902=EDGE_CURVE('',#1540,#1539,#905,.T.);
#1903=EDGE_CURVE('',#1540,#1536,#1397,.F.);
#1904=EDGE_CURVE('',#1541,#1542,#171,.T.);
#1905=EDGE_CURVE('',#1541,#1543,#1398,.F.);
#1906=EDGE_CURVE('',#1544,#1543,#223,.T.);
#1907=EDGE_CURVE('',#1544,#1545,#1399,.F.);
#1908=EDGE_CURVE('',#1546,#1545,#172,.T.);
#1909=EDGE_CURVE('',#1546,#1542,#224,.F.);
#1910=EDGE_CURVE('',#1547,#1548,#173,.T.);
#1911=EDGE_CURVE('',#1547,#1549,#225,.F.);
#1912=EDGE_CURVE('',#1550,#1549,#174,.T.);
#1913=EDGE_CURVE('',#1551,#1550,#226,.T.);
#1914=EDGE_CURVE('',#1551,#1548,#1400,.F.);
#1915=EDGE_CURVE('',#1552,#1498,#175,.T.);
#1916=EDGE_CURVE('',#1552,#1553,#227,.F.);
#1917=EDGE_CURVE('',#1493,#1553,#176,.T.);
#1918=EDGE_CURVE('',#1499,#1492,#228,.T.);
#1919=EDGE_CURVE('',#1554,#1555,#177,.T.);
#1920=EDGE_CURVE('',#1554,#1556,#229,.F.);
#1921=EDGE_CURVE('',#1556,#1557,#1401,.F.);
#1922=EDGE_CURVE('',#1558,#1557,#230,.T.);
#1923=EDGE_CURVE('',#1555,#1558,#1402,.T.);
#1924=EDGE_CURVE('',#1481,#1559,#231,.T.);
#1925=EDGE_CURVE('',#1560,#1480,#178,.T.);
#1926=EDGE_CURVE('',#1560,#1561,#232,.F.);
#1927=EDGE_CURVE('',#1562,#1561,#179,.T.);
#1928=EDGE_CURVE('',#1559,#1562,#1403,.T.);
#1929=EDGE_CURVE('',#1563,#1488,#906,.T.);
#1930=EDGE_CURVE('',#1563,#1564,#233,.F.);
#1931=EDGE_CURVE('',#1503,#1564,#907,.T.);
#1932=EDGE_CURVE('',#1489,#1502,#234,.T.);
#1933=EDGE_CURVE('',#1463,#1510,#235,.T.);
#1934=EDGE_CURVE('',#1565,#1462,#180,.T.);
#1935=EDGE_CURVE('',#1565,#1566,#236,.F.);
#1936=EDGE_CURVE('',#1511,#1566,#181,.T.);
#1937=EDGE_CURVE('',#1507,#1466,#237,.T.);
#1938=EDGE_CURVE('',#1567,#1506,#908,.T.);
#1939=EDGE_CURVE('',#1567,#1568,#238,.F.);
#1940=EDGE_CURVE('',#1467,#1568,#909,.T.);
#1941=EDGE_CURVE('',#1569,#1569,#910,.F.);
#1942=EDGE_CURVE('',#1569,#1570,#239,.T.);
#1943=EDGE_CURVE('',#1571,#1570,#911,.T.);
#1944=EDGE_CURVE('',#1555,#1571,#240,.T.);
#1945=EDGE_CURVE('',#1572,#1558,#241,.T.);
#1946=EDGE_CURVE('',#1573,#1572,#912,.T.);
#1947=EDGE_CURVE('',#1514,#1573,#242,.T.);
#1948=EDGE_CURVE('',#1574,#1517,#243,.T.);
#1949=EDGE_CURVE('',#1575,#1574,#913,.T.);
#1950=EDGE_CURVE('',#1576,#1575,#244,.T.);
#1951=EDGE_CURVE('',#1576,#1577,#1404,.T.);
#1952=EDGE_CURVE('',#1578,#1577,#245,.T.);
#1953=EDGE_CURVE('',#1579,#1578,#914,.T.);
#1954=EDGE_CURVE('',#1559,#1579,#246,.T.);
#1955=EDGE_CURVE('',#1580,#1562,#247,.T.);
#1956=EDGE_CURVE('',#1570,#1580,#915,.T.);
#1957=EDGE_CURVE('',#1581,#1581,#916,.F.);
#1958=EDGE_CURVE('',#1582,#1583,#248,.F.);
#1959=EDGE_CURVE('',#1583,#1584,#249,.F.);
#1960=EDGE_CURVE('',#1584,#1585,#250,.F.);
#1961=EDGE_CURVE('',#1585,#1586,#251,.F.);
#1962=EDGE_CURVE('',#1586,#1587,#252,.F.);
#1963=EDGE_CURVE('',#1587,#1588,#253,.F.);
#1964=EDGE_CURVE('',#1588,#1589,#254,.F.);
#1965=EDGE_CURVE('',#1589,#1590,#255,.F.);
#1966=EDGE_CURVE('',#1590,#1591,#256,.F.);
#1967=EDGE_CURVE('',#1591,#1592,#257,.F.);
#1968=EDGE_CURVE('',#1592,#1593,#258,.F.);
#1969=EDGE_CURVE('',#1593,#1582,#259,.F.);
#1970=EDGE_CURVE('',#1581,#1594,#260,.T.);
#1971=EDGE_CURVE('',#1595,#1594,#917,.T.);
#1972=EDGE_CURVE('',#1548,#1595,#261,.T.);
#1973=EDGE_CURVE('',#1596,#1551,#262,.T.);
#1974=EDGE_CURVE('',#1597,#1596,#918,.T.);
#1975=EDGE_CURVE('',#1526,#1597,#263,.T.);
#1976=EDGE_CURVE('',#1598,#1524,#264,.T.);
#1977=EDGE_CURVE('',#1599,#1598,#919,.T.);
#1978=EDGE_CURVE('',#1537,#1599,#265,.T.);
#1979=EDGE_CURVE('',#1600,#1535,#266,.T.);
#1980=EDGE_CURVE('',#1601,#1600,#920,.T.);
#1981=EDGE_CURVE('',#1543,#1601,#267,.T.);
#1982=EDGE_CURVE('',#1602,#1541,#268,.T.);
#1983=EDGE_CURVE('',#1594,#1602,#921,.T.);
#1984=EDGE_CURVE('',#1603,#1604,#922,.F.);
#1985=EDGE_CURVE('',#1603,#1590,#269,.T.);
#1986=EDGE_CURVE('',#1604,#1589,#270,.T.);
#1987=EDGE_CURVE('',#1604,#1605,#271,.F.);
#1988=EDGE_CURVE('',#1605,#1588,#272,.T.);
#1989=EDGE_CURVE('',#1606,#1603,#1405,.F.);
#1990=EDGE_CURVE('',#1606,#1591,#273,.T.);
#1991=EDGE_CURVE('',#1605,#1607,#923,.F.);
#1992=EDGE_CURVE('',#1607,#1587,#274,.T.);
#1993=EDGE_CURVE('',#1608,#1606,#924,.F.);
#1994=EDGE_CURVE('',#1608,#1592,#275,.T.);
#1995=EDGE_CURVE('',#1607,#1609,#1406,.F.);
#1996=EDGE_CURVE('',#1609,#1586,#276,.T.);
#1997=EDGE_CURVE('',#1610,#1608,#1407,.F.);
#1998=EDGE_CURVE('',#1610,#1593,#277,.T.);
#1999=EDGE_CURVE('',#1609,#1611,#925,.F.);
#2000=EDGE_CURVE('',#1611,#1585,#278,.T.);
#2001=EDGE_CURVE('',#1612,#1610,#926,.F.);
#2002=EDGE_CURVE('',#1612,#1582,#279,.T.);
#2003=EDGE_CURVE('',#1611,#1613,#1408,.F.);
#2004=EDGE_CURVE('',#1613,#1584,#280,.T.);
#2005=EDGE_CURVE('',#1614,#1612,#281,.F.);
#2006=EDGE_CURVE('',#1614,#1583,#282,.T.);
#2007=EDGE_CURVE('',#1613,#1614,#927,.F.);
#2008=EDGE_CURVE('',#1615,#1615,#928,.F.);
#2009=EDGE_CURVE('',#1616,#1617,#283,.F.);
#2010=EDGE_CURVE('',#1617,#1618,#284,.F.);
#2011=EDGE_CURVE('',#1618,#1619,#285,.F.);
#2012=EDGE_CURVE('',#1619,#1620,#286,.F.);
#2013=EDGE_CURVE('',#1620,#1621,#287,.F.);
#2014=EDGE_CURVE('',#1621,#1622,#288,.F.);
#2015=EDGE_CURVE('',#1622,#1623,#289,.F.);
#2016=EDGE_CURVE('',#1623,#1624,#290,.F.);
#2017=EDGE_CURVE('',#1624,#1625,#291,.F.);
#2018=EDGE_CURVE('',#1625,#1626,#292,.F.);
#2019=EDGE_CURVE('',#1626,#1627,#293,.F.);
#2020=EDGE_CURVE('',#1627,#1616,#294,.F.);
#2021=EDGE_CURVE('',#1615,#1628,#295,.T.);
#2022=EDGE_CURVE('',#1629,#1628,#929,.T.);
#2023=EDGE_CURVE('',#1545,#1629,#296,.T.);
#2024=EDGE_CURVE('',#1630,#1544,#297,.T.);
#2025=EDGE_CURVE('',#1631,#1630,#930,.T.);
#2026=EDGE_CURVE('',#1536,#1631,#298,.T.);
#2027=EDGE_CURVE('',#1632,#1540,#299,.T.);
#2028=EDGE_CURVE('',#1633,#1632,#931,.T.);
#2029=EDGE_CURVE('',#1530,#1633,#300,.T.);
#2030=EDGE_CURVE('',#1634,#1529,#301,.T.);
#2031=EDGE_CURVE('',#1635,#1634,#932,.T.);
#2032=EDGE_CURVE('',#1534,#1635,#302,.T.);
#2033=EDGE_CURVE('',#1636,#1532,#303,.T.);
#2034=EDGE_CURVE('',#1628,#1636,#933,.T.);
#2035=EDGE_CURVE('',#1637,#1638,#934,.F.);
#2036=EDGE_CURVE('',#1637,#1624,#304,.T.);
#2037=EDGE_CURVE('',#1638,#1623,#305,.T.);
#2038=EDGE_CURVE('',#1638,#1639,#306,.F.);
#2039=EDGE_CURVE('',#1639,#1622,#307,.T.);
#2040=EDGE_CURVE('',#1640,#1637,#1409,.F.);
#2041=EDGE_CURVE('',#1640,#1625,#308,.T.);
#2042=EDGE_CURVE('',#1639,#1641,#935,.F.);
#2043=EDGE_CURVE('',#1641,#1621,#309,.T.);
#2044=EDGE_CURVE('',#1642,#1640,#936,.F.);
#2045=EDGE_CURVE('',#1642,#1626,#310,.T.);
#2046=EDGE_CURVE('',#1641,#1643,#1410,.F.);
#2047=EDGE_CURVE('',#1643,#1620,#311,.T.);
#2048=EDGE_CURVE('',#1644,#1642,#1411,.F.);
#2049=EDGE_CURVE('',#1644,#1627,#312,.T.);
#2050=EDGE_CURVE('',#1643,#1645,#937,.F.);
#2051=EDGE_CURVE('',#1645,#1619,#313,.T.);
#2052=EDGE_CURVE('',#1646,#1644,#938,.F.);
#2053=EDGE_CURVE('',#1646,#1616,#314,.T.);
#2054=EDGE_CURVE('',#1645,#1647,#1412,.F.);
#2055=EDGE_CURVE('',#1647,#1618,#315,.T.);
#2056=EDGE_CURVE('',#1648,#1646,#316,.F.);
#2057=EDGE_CURVE('',#1648,#1617,#317,.T.);
#2058=EDGE_CURVE('',#1647,#1648,#939,.F.);
#2059=EDGE_CURVE('',#1649,#1650,#940,.F.);
#2060=EDGE_CURVE('',#1649,#1651,#318,.T.);
#2061=EDGE_CURVE('',#1652,#1651,#319,.F.);
#2062=EDGE_CURVE('',#1650,#1652,#320,.T.);
#2063=EDGE_CURVE('',#1650,#1653,#321,.F.);
#2064=EDGE_CURVE('',#1654,#1652,#322,.F.);
#2065=EDGE_CURVE('',#1653,#1654,#323,.T.);
#2066=EDGE_CURVE('',#1655,#1649,#1413,.F.);
#2067=EDGE_CURVE('',#1655,#1656,#324,.T.);
#2068=EDGE_CURVE('',#1651,#1656,#325,.F.);
#2069=EDGE_CURVE('',#1653,#1657,#941,.F.);
#2070=EDGE_CURVE('',#1658,#1654,#326,.F.);
#2071=EDGE_CURVE('',#1657,#1658,#327,.T.);
#2072=EDGE_CURVE('',#1659,#1655,#942,.F.);
#2073=EDGE_CURVE('',#1659,#1660,#328,.T.);
#2074=EDGE_CURVE('',#1656,#1660,#329,.F.);
#2075=EDGE_CURVE('',#1657,#1661,#1414,.F.);
#2076=EDGE_CURVE('',#1662,#1658,#330,.F.);
#2077=EDGE_CURVE('',#1661,#1662,#331,.T.);
#2078=EDGE_CURVE('',#1663,#1659,#1415,.F.);
#2079=EDGE_CURVE('',#1663,#1664,#332,.T.);
#2080=EDGE_CURVE('',#1660,#1664,#333,.F.);
#2081=EDGE_CURVE('',#1661,#1665,#943,.F.);
#2082=EDGE_CURVE('',#1666,#1662,#334,.F.);
#2083=EDGE_CURVE('',#1665,#1666,#335,.T.);
#2084=EDGE_CURVE('',#1667,#1663,#944,.F.);
#2085=EDGE_CURVE('',#1667,#1668,#336,.T.);
#2086=EDGE_CURVE('',#1664,#1668,#337,.F.);
#2087=EDGE_CURVE('',#1665,#1669,#1416,.F.);
#2088=EDGE_CURVE('',#1670,#1666,#338,.F.);
#2089=EDGE_CURVE('',#1669,#1670,#339,.T.);
#2090=EDGE_CURVE('',#1671,#1667,#340,.F.);
#2091=EDGE_CURVE('',#1671,#1672,#341,.T.);
#2092=EDGE_CURVE('',#1668,#1672,#342,.F.);
#2093=EDGE_CURVE('',#1669,#1671,#945,.F.);
#2094=EDGE_CURVE('',#1672,#1670,#343,.F.);
#2095=EDGE_CURVE('',#1485,#1673,#946,.T.);
#2096=EDGE_CURVE('',#1577,#1484,#344,.T.);
#2097=EDGE_CURVE('',#1674,#1576,#947,.T.);
#2098=EDGE_CURVE('',#1674,#1673,#345,.F.);
#2099=EDGE_CURVE('',#1675,#1676,#346,.F.);
#2100=EDGE_CURVE('',#1676,#1677,#347,.F.);
#2101=EDGE_CURVE('',#1677,#1678,#348,.F.);
#2102=EDGE_CURVE('',#1678,#1679,#349,.F.);
#2103=EDGE_CURVE('',#1679,#1680,#350,.F.);
#2104=EDGE_CURVE('',#1680,#1681,#351,.F.);
#2105=EDGE_CURVE('',#1681,#1682,#352,.F.);
#2106=EDGE_CURVE('',#1682,#1683,#353,.F.);
#2107=EDGE_CURVE('',#1683,#1684,#354,.F.);
#2108=EDGE_CURVE('',#1684,#1685,#355,.F.);
#2109=EDGE_CURVE('',#1685,#1686,#356,.F.);
#2110=EDGE_CURVE('',#1686,#1675,#357,.F.);
#2111=EDGE_CURVE('',#1687,#1688,#948,.F.);
#2112=EDGE_CURVE('',#1687,#1683,#358,.T.);
#2113=EDGE_CURVE('',#1688,#1682,#359,.T.);
#2114=EDGE_CURVE('',#1688,#1689,#360,.F.);
#2115=EDGE_CURVE('',#1689,#1681,#361,.T.);
#2116=EDGE_CURVE('',#1690,#1687,#1417,.F.);
#2117=EDGE_CURVE('',#1690,#1684,#362,.T.);
#2118=EDGE_CURVE('',#1689,#1691,#949,.F.);
#2119=EDGE_CURVE('',#1691,#1680,#363,.T.);
#2120=EDGE_CURVE('',#1692,#1690,#950,.F.);
#2121=EDGE_CURVE('',#1692,#1685,#364,.T.);
#2122=EDGE_CURVE('',#1691,#1693,#1418,.F.);
#2123=EDGE_CURVE('',#1693,#1679,#365,.T.);
#2124=EDGE_CURVE('',#1694,#1692,#1419,.F.);
#2125=EDGE_CURVE('',#1694,#1686,#366,.T.);
#2126=EDGE_CURVE('',#1693,#1695,#951,.F.);
#2127=EDGE_CURVE('',#1695,#1678,#367,.T.);
#2128=EDGE_CURVE('',#1696,#1694,#952,.F.);
#2129=EDGE_CURVE('',#1696,#1675,#368,.T.);
#2130=EDGE_CURVE('',#1695,#1697,#1420,.F.);
#2131=EDGE_CURVE('',#1697,#1677,#369,.T.);
#2132=EDGE_CURVE('',#1698,#1696,#370,.F.);
#2133=EDGE_CURVE('',#1698,#1676,#371,.T.);
#2134=EDGE_CURVE('',#1697,#1698,#953,.F.);
#2135=EDGE_CURVE('',#1699,#1700,#954,.T.);
#2136=EDGE_CURVE('',#1701,#1699,#372,.T.);
#2137=EDGE_CURVE('',#1702,#1701,#955,.T.);
#2138=EDGE_CURVE('',#1703,#1702,#1421,.T.);
#2139=EDGE_CURVE('',#1704,#1703,#956,.T.);
#2140=EDGE_CURVE('',#1705,#1704,#1422,.T.);
#2141=EDGE_CURVE('',#1706,#1705,#957,.T.);
#2142=EDGE_CURVE('',#1707,#1706,#373,.T.);
#2143=EDGE_CURVE('',#1708,#1707,#958,.T.);
#2144=EDGE_CURVE('',#1709,#1708,#1423,.T.);
#2145=EDGE_CURVE('',#1710,#1709,#959,.T.);
#2146=EDGE_CURVE('',#1700,#1710,#1424,.T.);
#2147=EDGE_CURVE('',#1711,#1712,#960,.T.);
#2148=EDGE_CURVE('',#1713,#1711,#374,.T.);
#2149=EDGE_CURVE('',#1714,#1713,#961,.T.);
#2150=EDGE_CURVE('',#1715,#1714,#1425,.T.);
#2151=EDGE_CURVE('',#1716,#1715,#962,.T.);
#2152=EDGE_CURVE('',#1717,#1716,#1426,.T.);
#2153=EDGE_CURVE('',#1718,#1717,#963,.T.);
#2154=EDGE_CURVE('',#1719,#1718,#375,.T.);
#2155=EDGE_CURVE('',#1720,#1719,#964,.T.);
#2156=EDGE_CURVE('',#1721,#1720,#1427,.T.);
#2157=EDGE_CURVE('',#1722,#1721,#965,.T.);
#2158=EDGE_CURVE('',#1712,#1722,#1428,.T.);
#2159=EDGE_CURVE('',#1561,#1723,#376,.T.);
#2160=EDGE_CURVE('',#1724,#1560,#377,.T.);
#2161=EDGE_CURVE('',#1725,#1724,#378,.F.);
#2162=EDGE_CURVE('',#1553,#1725,#379,.T.);
#2163=EDGE_CURVE('',#1726,#1552,#380,.T.);
#2164=EDGE_CURVE('',#1727,#1726,#381,.F.);
#2165=EDGE_CURVE('',#1566,#1727,#382,.T.);
#2166=EDGE_CURVE('',#1728,#1565,#383,.T.);
#2167=EDGE_CURVE('',#1729,#1728,#384,.F.);
#2168=EDGE_CURVE('',#1523,#1729,#385,.T.);
#2169=EDGE_CURVE('',#1730,#1521,#386,.T.);
#2170=EDGE_CURVE('',#1731,#1730,#387,.F.);
#2171=EDGE_CURVE('',#1549,#1731,#388,.T.);
#2172=EDGE_CURVE('',#1732,#1547,#389,.T.);
#2173=EDGE_CURVE('',#1733,#1732,#390,.F.);
#2174=EDGE_CURVE('',#1542,#1733,#391,.T.);
#2175=EDGE_CURVE('',#1734,#1546,#392,.T.);
#2176=EDGE_CURVE('',#1735,#1734,#393,.F.);
#2177=EDGE_CURVE('',#1533,#1735,#394,.T.);
#2178=EDGE_CURVE('',#1736,#1457,#395,.F.);
#2179=EDGE_CURVE('',#1556,#1736,#1429,.T.);
#2180=EDGE_CURVE('',#1737,#1554,#396,.T.);
#2181=EDGE_CURVE('',#1723,#1737,#397,.F.);
#2182=EDGE_CURVE('',#1557,#1738,#1430,.T.);
#2183=EDGE_CURVE('',#1739,#1736,#1431,.F.);
#2184=EDGE_CURVE('',#1515,#1739,#1432,.T.);
#2185=EDGE_CURVE('',#1740,#1513,#1433,.T.);
#2186=EDGE_CURVE('',#1738,#1740,#1434,.F.);
#2187=EDGE_CURVE('',#1673,#1741,#398,.T.);
#2188=EDGE_CURVE('',#1742,#1674,#399,.T.);
#2189=EDGE_CURVE('',#1743,#1742,#400,.F.);
#2190=EDGE_CURVE('',#1516,#1743,#401,.T.);
#2191=EDGE_CURVE('',#1456,#1739,#402,.F.);
#2192=EDGE_CURVE('',#1744,#1531,#403,.T.);
#2193=EDGE_CURVE('',#1745,#1744,#404,.F.);
#2194=EDGE_CURVE('',#1539,#1745,#405,.T.);
#2195=EDGE_CURVE('',#1746,#1538,#406,.T.);
#2196=EDGE_CURVE('',#1747,#1746,#407,.F.);
#2197=EDGE_CURVE('',#1525,#1747,#408,.T.);
#2198=EDGE_CURVE('',#1748,#1528,#409,.T.);
#2199=EDGE_CURVE('',#1749,#1748,#410,.F.);
#2200=EDGE_CURVE('',#1519,#1749,#411,.T.);
#2201=EDGE_CURVE('',#1750,#1518,#412,.T.);
#2202=EDGE_CURVE('',#1751,#1750,#413,.F.);
#2203=EDGE_CURVE('',#1568,#1751,#414,.T.);
#2204=EDGE_CURVE('',#1752,#1567,#415,.T.);
#2205=EDGE_CURVE('',#1753,#1752,#416,.F.);
#2206=EDGE_CURVE('',#1564,#1753,#417,.T.);
#2207=EDGE_CURVE('',#1754,#1563,#418,.T.);
#2208=EDGE_CURVE('',#1741,#1754,#419,.F.);
#2209=EDGE_CURVE('',#1755,#1756,#420,.T.);
#2210=EDGE_CURVE('',#1756,#1757,#421,.T.);
#2211=EDGE_CURVE('',#1758,#1757,#422,.T.);
#2212=EDGE_CURVE('',#1755,#1758,#1435,.T.);
#2213=EDGE_CURVE('',#1759,#1760,#966,.T.);
#2214=EDGE_CURVE('',#1760,#1761,#423,.T.);
#2215=EDGE_CURVE('',#1761,#1762,#967,.T.);
#2216=EDGE_CURVE('',#1762,#1759,#424,.T.);
#2217=EDGE_CURVE('',#1763,#1762,#1436,.T.);
#2218=EDGE_CURVE('',#1761,#1755,#1437,.T.);
#2219=EDGE_CURVE('',#1755,#1763,#968,.T.);
#2220=EDGE_CURVE('',#1764,#1760,#1438,.T.);
#2221=EDGE_CURVE('',#1759,#1765,#1439,.T.);
#2222=EDGE_CURVE('',#1765,#1764,#969,.T.);
#2223=EDGE_CURVE('',#1758,#1766,#970,.T.);
#2224=EDGE_CURVE('',#1766,#1763,#1440,.T.);
#2225=EDGE_CURVE('',#1765,#1767,#1441,.T.);
#2226=EDGE_CURVE('',#1767,#1768,#971,.T.);
#2227=EDGE_CURVE('',#1768,#1764,#1442,.T.);
#2228=EDGE_CURVE('',#1758,#1769,#1443,.T.);
#2229=EDGE_CURVE('',#1769,#1770,#972,.T.);
#2230=EDGE_CURVE('',#1770,#1766,#1444,.T.);
#2231=EDGE_CURVE('',#1767,#1771,#1445,.T.);
#2232=EDGE_CURVE('',#1771,#1772,#973,.T.);
#2233=EDGE_CURVE('',#1772,#1768,#1446,.T.);
#2234=EDGE_CURVE('',#1769,#1772,#425,.T.);
#2235=EDGE_CURVE('',#1771,#1770,#426,.T.);
#2236=EDGE_CURVE('',#1757,#1773,#1447,.T.);
#2237=EDGE_CURVE('',#1769,#1773,#427,.T.);
#2238=EDGE_CURVE('',#1761,#1774,#428,.T.);
#2239=EDGE_CURVE('',#1774,#1756,#1448,.T.);
#2240=EDGE_CURVE('',#1774,#1775,#429,.T.);
#2241=EDGE_CURVE('',#1760,#1775,#430,.T.);
#2242=EDGE_CURVE('',#1775,#1776,#1449,.T.);
#2243=EDGE_CURVE('',#1776,#1777,#431,.T.);
#2244=EDGE_CURVE('',#1777,#1778,#1450,.T.);
#2245=EDGE_CURVE('',#1778,#1773,#432,.T.);
#2246=EDGE_CURVE('',#1764,#1776,#433,.T.);
#2247=EDGE_CURVE('',#1768,#1777,#434,.T.);
#2248=EDGE_CURVE('',#1772,#1778,#435,.T.);
#2249=EDGE_CURVE('',#1700,#1779,#436,.T.);
#2250=EDGE_CURVE('',#1780,#1779,#437,.F.);
#2251=EDGE_CURVE('',#1699,#1780,#438,.T.);
#2252=EDGE_CURVE('',#1781,#1780,#439,.F.);
#2253=EDGE_CURVE('',#1701,#1781,#440,.T.);
#2254=EDGE_CURVE('',#1710,#1782,#441,.T.);
#2255=EDGE_CURVE('',#1779,#1782,#442,.F.);
#2256=EDGE_CURVE('',#1783,#1781,#443,.F.);
#2257=EDGE_CURVE('',#1702,#1783,#444,.T.);
#2258=EDGE_CURVE('',#1709,#1784,#445,.T.);
#2259=EDGE_CURVE('',#1782,#1784,#446,.F.);
#2260=EDGE_CURVE('',#1785,#1783,#447,.F.);
#2261=EDGE_CURVE('',#1703,#1785,#448,.T.);
#2262=EDGE_CURVE('',#1708,#1786,#449,.T.);
#2263=EDGE_CURVE('',#1784,#1786,#450,.F.);
#2264=EDGE_CURVE('',#1787,#1785,#451,.F.);
#2265=EDGE_CURVE('',#1704,#1787,#452,.T.);
#2266=EDGE_CURVE('',#1707,#1788,#453,.T.);
#2267=EDGE_CURVE('',#1786,#1788,#454,.F.);
#2268=EDGE_CURVE('',#1789,#1787,#455,.F.);
#2269=EDGE_CURVE('',#1705,#1789,#456,.T.);
#2270=EDGE_CURVE('',#1706,#1790,#457,.T.);
#2271=EDGE_CURVE('',#1788,#1790,#458,.F.);
#2272=EDGE_CURVE('',#1790,#1789,#459,.F.);
#2273=EDGE_CURVE('',#1791,#1792,#460,.F.);
#2274=EDGE_CURVE('',#1792,#1793,#461,.F.);
#2275=EDGE_CURVE('',#1793,#1794,#462,.F.);
#2276=EDGE_CURVE('',#1794,#1795,#463,.F.);
#2277=EDGE_CURVE('',#1795,#1796,#464,.F.);
#2278=EDGE_CURVE('',#1796,#1797,#465,.F.);
#2279=EDGE_CURVE('',#1797,#1798,#466,.F.);
#2280=EDGE_CURVE('',#1798,#1799,#467,.F.);
#2281=EDGE_CURVE('',#1799,#1800,#468,.F.);
#2282=EDGE_CURVE('',#1800,#1801,#469,.F.);
#2283=EDGE_CURVE('',#1801,#1802,#470,.F.);
#2284=EDGE_CURVE('',#1802,#1791,#471,.F.);
#2285=EDGE_CURVE('',#1712,#1799,#472,.T.);
#2286=EDGE_CURVE('',#1711,#1798,#473,.T.);
#2287=EDGE_CURVE('',#1713,#1797,#474,.T.);
#2288=EDGE_CURVE('',#1722,#1800,#475,.T.);
#2289=EDGE_CURVE('',#1714,#1796,#476,.T.);
#2290=EDGE_CURVE('',#1721,#1801,#477,.T.);
#2291=EDGE_CURVE('',#1715,#1795,#478,.T.);
#2292=EDGE_CURVE('',#1720,#1802,#479,.T.);
#2293=EDGE_CURVE('',#1716,#1794,#480,.T.);
#2294=EDGE_CURVE('',#1719,#1791,#481,.T.);
#2295=EDGE_CURVE('',#1717,#1793,#482,.T.);
#2296=EDGE_CURVE('',#1718,#1792,#483,.T.);
#2297=EDGE_CURVE('',#1742,#1575,#484,.F.);
#2298=EDGE_CURVE('',#1574,#1743,#485,.T.);
#2299=EDGE_CURVE('',#1752,#1505,#486,.F.);
#2300=EDGE_CURVE('',#1504,#1753,#487,.T.);
#2301=EDGE_CURVE('',#1501,#1490,#488,.T.);
#2302=EDGE_CURVE('',#1500,#1491,#489,.T.);
#2303=EDGE_CURVE('',#1572,#1738,#490,.T.);
#2304=EDGE_CURVE('',#1573,#1740,#491,.T.);
#2305=EDGE_CURVE('',#1724,#1479,#492,.T.);
#2306=EDGE_CURVE('',#1494,#1725,#493,.F.);
#2307=EDGE_CURVE('',#1461,#1728,#494,.T.);
#2308=EDGE_CURVE('',#1476,#1729,#495,.T.);
#2309=EDGE_CURVE('',#1731,#1803,#496,.F.);
#2310=EDGE_CURVE('',#1550,#1803,#497,.T.);
#2311=EDGE_CURVE('',#1804,#1527,#498,.T.);
#2312=EDGE_CURVE('',#1804,#1748,#499,.F.);
#2313=EDGE_CURVE('',#1805,#1730,#500,.T.);
#2314=EDGE_CURVE('',#1805,#1473,#501,.T.);
#2315=EDGE_CURVE('',#1806,#1472,#502,.T.);
#2316=EDGE_CURVE('',#1749,#1806,#503,.T.);
#2317=EDGE_CURVE('',#1597,#1804,#504,.T.);
#2318=EDGE_CURVE('',#1596,#1803,#505,.T.);
#2319=EDGE_CURVE('',#1805,#1522,#506,.T.);
#2320=EDGE_CURVE('',#1520,#1806,#507,.T.);
#2321=EDGE_CURVE('',#1747,#1598,#508,.T.);
#2322=EDGE_CURVE('',#1599,#1746,#509,.F.);
#2323=EDGE_CURVE('',#1745,#1632,#510,.T.);
#2324=EDGE_CURVE('',#1633,#1744,#511,.F.);
#2325=EDGE_CURVE('',#1451,#1635,#512,.T.);
#2326=EDGE_CURVE('',#1453,#1634,#513,.T.);
#2327=EDGE_CURVE('',#1629,#1734,#514,.T.);
#2328=EDGE_CURVE('',#1735,#1636,#515,.F.);
#2329=EDGE_CURVE('',#1631,#1600,#516,.T.);
#2330=EDGE_CURVE('',#1630,#1601,#517,.T.);
#2331=EDGE_CURVE('',#1733,#1602,#518,.F.);
#2332=EDGE_CURVE('',#1595,#1732,#519,.T.);
#2333=EDGE_CURVE('',#1751,#1468,#520,.T.);
#2334=EDGE_CURVE('',#1750,#1469,#521,.T.);
#2335=EDGE_CURVE('',#1726,#1497,#522,.T.);
#2336=EDGE_CURVE('',#1512,#1727,#523,.F.);
#2337=EDGE_CURVE('',#1737,#1571,#524,.T.);
#2338=EDGE_CURVE('',#1580,#1723,#525,.F.);
#2339=EDGE_CURVE('',#1483,#1578,#526,.T.);
#2340=EDGE_CURVE('',#1482,#1579,#527,.T.);
#2341=EDGE_CURVE('',#1465,#1508,#528,.T.);
#2342=EDGE_CURVE('',#1464,#1509,#529,.T.);
#2343=EDGE_CURVE('',#1486,#1741,#530,.T.);
#2344=EDGE_CURVE('',#1754,#1487,#531,.F.);
#2345=ORIENTED_EDGE('',*,*,#1807,.F.);
#2346=ORIENTED_EDGE('',*,*,#1808,.F.);
#2347=ORIENTED_EDGE('',*,*,#1809,.F.);
#2348=ORIENTED_EDGE('',*,*,#1810,.T.);
#2349=ORIENTED_EDGE('',*,*,#1811,.T.);
#2350=ORIENTED_EDGE('',*,*,#1812,.F.);
#2351=ORIENTED_EDGE('',*,*,#1813,.F.);
#2352=ORIENTED_EDGE('',*,*,#1814,.T.);
#2353=ORIENTED_EDGE('',*,*,#1815,.F.);
#2354=ORIENTED_EDGE('',*,*,#1816,.T.);
#2355=ORIENTED_EDGE('',*,*,#1817,.F.);
#2356=ORIENTED_EDGE('',*,*,#1818,.F.);
#2357=ORIENTED_EDGE('',*,*,#1819,.F.);
#2358=ORIENTED_EDGE('',*,*,#1820,.F.);
#2359=ORIENTED_EDGE('',*,*,#1821,.F.);
#2360=ORIENTED_EDGE('',*,*,#1822,.F.);
#2361=ORIENTED_EDGE('',*,*,#1823,.F.);
#2362=ORIENTED_EDGE('',*,*,#1824,.F.);
#2363=ORIENTED_EDGE('',*,*,#1825,.F.);
#2364=ORIENTED_EDGE('',*,*,#1826,.F.);
#2365=ORIENTED_EDGE('',*,*,#1827,.F.);
#2366=ORIENTED_EDGE('',*,*,#1828,.F.);
#2367=ORIENTED_EDGE('',*,*,#1829,.F.);
#2368=ORIENTED_EDGE('',*,*,#1830,.F.);
#2369=ORIENTED_EDGE('',*,*,#1831,.F.);
#2370=ORIENTED_EDGE('',*,*,#1832,.F.);
#2371=ORIENTED_EDGE('',*,*,#1833,.F.);
#2372=ORIENTED_EDGE('',*,*,#1816,.F.);
#2373=ORIENTED_EDGE('',*,*,#1834,.F.);
#2374=ORIENTED_EDGE('',*,*,#1835,.T.);
#2375=ORIENTED_EDGE('',*,*,#1836,.F.);
#2376=ORIENTED_EDGE('',*,*,#1837,.F.);
#2377=ORIENTED_EDGE('',*,*,#1838,.T.);
#2378=ORIENTED_EDGE('',*,*,#1839,.F.);
#2379=ORIENTED_EDGE('',*,*,#1840,.F.);
#2380=ORIENTED_EDGE('',*,*,#1841,.F.);
#2381=ORIENTED_EDGE('',*,*,#1842,.T.);
#2382=ORIENTED_EDGE('',*,*,#1843,.F.);
#2383=ORIENTED_EDGE('',*,*,#1844,.F.);
#2384=ORIENTED_EDGE('',*,*,#1845,.F.);
#2385=ORIENTED_EDGE('',*,*,#1846,.T.);
#2386=ORIENTED_EDGE('',*,*,#1847,.F.);
#2387=ORIENTED_EDGE('',*,*,#1848,.F.);
#2388=ORIENTED_EDGE('',*,*,#1849,.F.);
#2389=ORIENTED_EDGE('',*,*,#1850,.T.);
#2390=ORIENTED_EDGE('',*,*,#1851,.F.);
#2391=ORIENTED_EDGE('',*,*,#1852,.F.);
#2392=ORIENTED_EDGE('',*,*,#1835,.F.);
#2393=ORIENTED_EDGE('',*,*,#1853,.F.);
#2394=ORIENTED_EDGE('',*,*,#1854,.T.);
#2395=ORIENTED_EDGE('',*,*,#1855,.F.);
#2396=ORIENTED_EDGE('',*,*,#1856,.F.);
#2397=ORIENTED_EDGE('',*,*,#1857,.F.);
#2398=ORIENTED_EDGE('',*,*,#1858,.F.);
#2399=ORIENTED_EDGE('',*,*,#1859,.F.);
#2400=ORIENTED_EDGE('',*,*,#1860,.F.);
#2401=ORIENTED_EDGE('',*,*,#1861,.F.);
#2402=ORIENTED_EDGE('',*,*,#1862,.F.);
#2403=ORIENTED_EDGE('',*,*,#1863,.F.);
#2404=ORIENTED_EDGE('',*,*,#1864,.F.);
#2405=ORIENTED_EDGE('',*,*,#1865,.F.);
#2406=ORIENTED_EDGE('',*,*,#1866,.F.);
#2407=ORIENTED_EDGE('',*,*,#1867,.F.);
#2408=ORIENTED_EDGE('',*,*,#1868,.F.);
#2409=ORIENTED_EDGE('',*,*,#1869,.F.);
#2410=ORIENTED_EDGE('',*,*,#1870,.F.);
#2411=ORIENTED_EDGE('',*,*,#1871,.F.);
#2412=ORIENTED_EDGE('',*,*,#1854,.F.);
#2413=ORIENTED_EDGE('',*,*,#1872,.F.);
#2414=ORIENTED_EDGE('',*,*,#1873,.T.);
#2415=ORIENTED_EDGE('',*,*,#1874,.T.);
#2416=ORIENTED_EDGE('',*,*,#1875,.F.);
#2417=ORIENTED_EDGE('',*,*,#1876,.F.);
#2418=ORIENTED_EDGE('',*,*,#1877,.F.);
#2419=ORIENTED_EDGE('',*,*,#1878,.T.);
#2420=ORIENTED_EDGE('',*,*,#1879,.F.);
#2421=ORIENTED_EDGE('',*,*,#1880,.F.);
#2422=ORIENTED_EDGE('',*,*,#1827,.T.);
#2423=ORIENTED_EDGE('',*,*,#1881,.F.);
#2424=ORIENTED_EDGE('',*,*,#1882,.T.);
#2425=ORIENTED_EDGE('',*,*,#1883,.F.);
#2426=ORIENTED_EDGE('',*,*,#1831,.T.);
#2427=ORIENTED_EDGE('',*,*,#1884,.F.);
#2428=ORIENTED_EDGE('',*,*,#1885,.F.);
#2429=ORIENTED_EDGE('',*,*,#1886,.T.);
#2430=ORIENTED_EDGE('',*,*,#1887,.F.);
#2431=ORIENTED_EDGE('',*,*,#1888,.F.);
#2432=ORIENTED_EDGE('',*,*,#1889,.T.);
#2433=ORIENTED_EDGE('',*,*,#1890,.F.);
#2434=ORIENTED_EDGE('',*,*,#1891,.T.);
#2435=ORIENTED_EDGE('',*,*,#1892,.F.);
#2436=ORIENTED_EDGE('',*,*,#1893,.T.);
#2437=ORIENTED_EDGE('',*,*,#1810,.F.);
#2438=ORIENTED_EDGE('',*,*,#1894,.F.);
#2439=ORIENTED_EDGE('',*,*,#1895,.T.);
#2440=ORIENTED_EDGE('',*,*,#1896,.F.);
#2441=ORIENTED_EDGE('',*,*,#1814,.F.);
#2442=ORIENTED_EDGE('',*,*,#1897,.T.);
#2443=ORIENTED_EDGE('',*,*,#1898,.F.);
#2444=ORIENTED_EDGE('',*,*,#1899,.T.);
#2445=ORIENTED_EDGE('',*,*,#1900,.F.);
#2446=ORIENTED_EDGE('',*,*,#1901,.T.);
#2447=ORIENTED_EDGE('',*,*,#1902,.F.);
#2448=ORIENTED_EDGE('',*,*,#1903,.T.);
#2449=ORIENTED_EDGE('',*,*,#1904,.F.);
#2450=ORIENTED_EDGE('',*,*,#1905,.T.);
#2451=ORIENTED_EDGE('',*,*,#1906,.F.);
#2452=ORIENTED_EDGE('',*,*,#1907,.T.);
#2453=ORIENTED_EDGE('',*,*,#1908,.F.);
#2454=ORIENTED_EDGE('',*,*,#1909,.T.);
#2455=ORIENTED_EDGE('',*,*,#1910,.F.);
#2456=ORIENTED_EDGE('',*,*,#1911,.T.);
#2457=ORIENTED_EDGE('',*,*,#1912,.F.);
#2458=ORIENTED_EDGE('',*,*,#1913,.F.);
#2459=ORIENTED_EDGE('',*,*,#1914,.T.);
#2460=ORIENTED_EDGE('',*,*,#1915,.F.);
#2461=ORIENTED_EDGE('',*,*,#1916,.T.);
#2462=ORIENTED_EDGE('',*,*,#1917,.F.);
#2463=ORIENTED_EDGE('',*,*,#1850,.F.);
#2464=ORIENTED_EDGE('',*,*,#1918,.F.);
#2465=ORIENTED_EDGE('',*,*,#1857,.T.);
#2466=ORIENTED_EDGE('',*,*,#1919,.F.);
#2467=ORIENTED_EDGE('',*,*,#1920,.T.);
#2468=ORIENTED_EDGE('',*,*,#1921,.T.);
#2469=ORIENTED_EDGE('',*,*,#1922,.F.);
#2470=ORIENTED_EDGE('',*,*,#1923,.F.);
#2471=ORIENTED_EDGE('',*,*,#1924,.F.);
#2472=ORIENTED_EDGE('',*,*,#1838,.F.);
#2473=ORIENTED_EDGE('',*,*,#1925,.F.);
#2474=ORIENTED_EDGE('',*,*,#1926,.T.);
#2475=ORIENTED_EDGE('',*,*,#1927,.F.);
#2476=ORIENTED_EDGE('',*,*,#1928,.F.);
#2477=ORIENTED_EDGE('',*,*,#1929,.F.);
#2478=ORIENTED_EDGE('',*,*,#1930,.T.);
#2479=ORIENTED_EDGE('',*,*,#1931,.F.);
#2480=ORIENTED_EDGE('',*,*,#1861,.T.);
#2481=ORIENTED_EDGE('',*,*,#1932,.F.);
#2482=ORIENTED_EDGE('',*,*,#1846,.F.);
#2483=ORIENTED_EDGE('',*,*,#1933,.F.);
#2484=ORIENTED_EDGE('',*,*,#1819,.T.);
#2485=ORIENTED_EDGE('',*,*,#1934,.F.);
#2486=ORIENTED_EDGE('',*,*,#1935,.T.);
#2487=ORIENTED_EDGE('',*,*,#1936,.F.);
#2488=ORIENTED_EDGE('',*,*,#1869,.T.);
#2489=ORIENTED_EDGE('',*,*,#1937,.F.);
#2490=ORIENTED_EDGE('',*,*,#1865,.T.);
#2491=ORIENTED_EDGE('',*,*,#1938,.F.);
#2492=ORIENTED_EDGE('',*,*,#1939,.T.);
#2493=ORIENTED_EDGE('',*,*,#1940,.F.);
#2494=ORIENTED_EDGE('',*,*,#1823,.T.);
#2495=ORIENTED_EDGE('',*,*,#1941,.F.);
#2496=ORIENTED_EDGE('',*,*,#1942,.T.);
#2497=ORIENTED_EDGE('',*,*,#1943,.F.);
#2498=ORIENTED_EDGE('',*,*,#1944,.F.);
#2499=ORIENTED_EDGE('',*,*,#1923,.T.);
#2500=ORIENTED_EDGE('',*,*,#1945,.F.);
#2501=ORIENTED_EDGE('',*,*,#1946,.F.);
#2502=ORIENTED_EDGE('',*,*,#1947,.F.);
#2503=ORIENTED_EDGE('',*,*,#1876,.T.);
#2504=ORIENTED_EDGE('',*,*,#1948,.F.);
#2505=ORIENTED_EDGE('',*,*,#1949,.F.);
#2506=ORIENTED_EDGE('',*,*,#1950,.F.);
#2507=ORIENTED_EDGE('',*,*,#1951,.T.);
#2508=ORIENTED_EDGE('',*,*,#1952,.F.);
#2509=ORIENTED_EDGE('',*,*,#1953,.F.);
#2510=ORIENTED_EDGE('',*,*,#1954,.F.);
#2511=ORIENTED_EDGE('',*,*,#1928,.T.);
#2512=ORIENTED_EDGE('',*,*,#1955,.F.);
#2513=ORIENTED_EDGE('',*,*,#1956,.F.);
#2514=ORIENTED_EDGE('',*,*,#1942,.F.);
#2515=ORIENTED_EDGE('',*,*,#1957,.T.);
#2516=ORIENTED_EDGE('',*,*,#1958,.T.);
#2517=ORIENTED_EDGE('',*,*,#1959,.T.);
#2518=ORIENTED_EDGE('',*,*,#1960,.T.);
#2519=ORIENTED_EDGE('',*,*,#1961,.T.);
#2520=ORIENTED_EDGE('',*,*,#1962,.T.);
#2521=ORIENTED_EDGE('',*,*,#1963,.T.);
#2522=ORIENTED_EDGE('',*,*,#1964,.T.);
#2523=ORIENTED_EDGE('',*,*,#1965,.T.);
#2524=ORIENTED_EDGE('',*,*,#1966,.T.);
#2525=ORIENTED_EDGE('',*,*,#1967,.T.);
#2526=ORIENTED_EDGE('',*,*,#1968,.T.);
#2527=ORIENTED_EDGE('',*,*,#1969,.T.);
#2528=ORIENTED_EDGE('',*,*,#1957,.F.);
#2529=ORIENTED_EDGE('',*,*,#1970,.T.);
#2530=ORIENTED_EDGE('',*,*,#1971,.F.);
#2531=ORIENTED_EDGE('',*,*,#1972,.F.);
#2532=ORIENTED_EDGE('',*,*,#1914,.F.);
#2533=ORIENTED_EDGE('',*,*,#1973,.F.);
#2534=ORIENTED_EDGE('',*,*,#1974,.F.);
#2535=ORIENTED_EDGE('',*,*,#1975,.F.);
#2536=ORIENTED_EDGE('',*,*,#1886,.F.);
#2537=ORIENTED_EDGE('',*,*,#1976,.F.);
#2538=ORIENTED_EDGE('',*,*,#1977,.F.);
#2539=ORIENTED_EDGE('',*,*,#1978,.F.);
#2540=ORIENTED_EDGE('',*,*,#1899,.F.);
#2541=ORIENTED_EDGE('',*,*,#1979,.F.);
#2542=ORIENTED_EDGE('',*,*,#1980,.F.);
#2543=ORIENTED_EDGE('',*,*,#1981,.F.);
#2544=ORIENTED_EDGE('',*,*,#1905,.F.);
#2545=ORIENTED_EDGE('',*,*,#1982,.F.);
#2546=ORIENTED_EDGE('',*,*,#1983,.F.);
#2547=ORIENTED_EDGE('',*,*,#1970,.F.);
#2548=ORIENTED_EDGE('',*,*,#1984,.F.);
#2549=ORIENTED_EDGE('',*,*,#1985,.T.);
#2550=ORIENTED_EDGE('',*,*,#1965,.F.);
#2551=ORIENTED_EDGE('',*,*,#1986,.F.);
#2552=ORIENTED_EDGE('',*,*,#1987,.F.);
#2553=ORIENTED_EDGE('',*,*,#1986,.T.);
#2554=ORIENTED_EDGE('',*,*,#1964,.F.);
#2555=ORIENTED_EDGE('',*,*,#1988,.F.);
#2556=ORIENTED_EDGE('',*,*,#1989,.F.);
#2557=ORIENTED_EDGE('',*,*,#1990,.T.);
#2558=ORIENTED_EDGE('',*,*,#1966,.F.);
#2559=ORIENTED_EDGE('',*,*,#1985,.F.);
#2560=ORIENTED_EDGE('',*,*,#1991,.F.);
#2561=ORIENTED_EDGE('',*,*,#1988,.T.);
#2562=ORIENTED_EDGE('',*,*,#1963,.F.);
#2563=ORIENTED_EDGE('',*,*,#1992,.F.);
#2564=ORIENTED_EDGE('',*,*,#1993,.F.);
#2565=ORIENTED_EDGE('',*,*,#1994,.T.);
#2566=ORIENTED_EDGE('',*,*,#1967,.F.);
#2567=ORIENTED_EDGE('',*,*,#1990,.F.);
#2568=ORIENTED_EDGE('',*,*,#1995,.F.);
#2569=ORIENTED_EDGE('',*,*,#1992,.T.);
#2570=ORIENTED_EDGE('',*,*,#1962,.F.);
#2571=ORIENTED_EDGE('',*,*,#1996,.F.);
#2572=ORIENTED_EDGE('',*,*,#1997,.F.);
#2573=ORIENTED_EDGE('',*,*,#1998,.T.);
#2574=ORIENTED_EDGE('',*,*,#1968,.F.);
#2575=ORIENTED_EDGE('',*,*,#1994,.F.);
#2576=ORIENTED_EDGE('',*,*,#1999,.F.);
#2577=ORIENTED_EDGE('',*,*,#1996,.T.);
#2578=ORIENTED_EDGE('',*,*,#1961,.F.);
#2579=ORIENTED_EDGE('',*,*,#2000,.F.);
#2580=ORIENTED_EDGE('',*,*,#2001,.F.);
#2581=ORIENTED_EDGE('',*,*,#2002,.T.);
#2582=ORIENTED_EDGE('',*,*,#1969,.F.);
#2583=ORIENTED_EDGE('',*,*,#1998,.F.);
#2584=ORIENTED_EDGE('',*,*,#2003,.F.);
#2585=ORIENTED_EDGE('',*,*,#2000,.T.);
#2586=ORIENTED_EDGE('',*,*,#1960,.F.);
#2587=ORIENTED_EDGE('',*,*,#2004,.F.);
#2588=ORIENTED_EDGE('',*,*,#2005,.F.);
#2589=ORIENTED_EDGE('',*,*,#2006,.T.);
#2590=ORIENTED_EDGE('',*,*,#1958,.F.);
#2591=ORIENTED_EDGE('',*,*,#2002,.F.);
#2592=ORIENTED_EDGE('',*,*,#2007,.F.);
#2593=ORIENTED_EDGE('',*,*,#2004,.T.);
#2594=ORIENTED_EDGE('',*,*,#1959,.F.);
#2595=ORIENTED_EDGE('',*,*,#2006,.F.);
#2596=ORIENTED_EDGE('',*,*,#1984,.T.);
#2597=ORIENTED_EDGE('',*,*,#1987,.T.);
#2598=ORIENTED_EDGE('',*,*,#1991,.T.);
#2599=ORIENTED_EDGE('',*,*,#1995,.T.);
#2600=ORIENTED_EDGE('',*,*,#1999,.T.);
#2601=ORIENTED_EDGE('',*,*,#2003,.T.);
#2602=ORIENTED_EDGE('',*,*,#2007,.T.);
#2603=ORIENTED_EDGE('',*,*,#2005,.T.);
#2604=ORIENTED_EDGE('',*,*,#2001,.T.);
#2605=ORIENTED_EDGE('',*,*,#1997,.T.);
#2606=ORIENTED_EDGE('',*,*,#1993,.T.);
#2607=ORIENTED_EDGE('',*,*,#1989,.T.);
#2608=ORIENTED_EDGE('',*,*,#2008,.T.);
#2609=ORIENTED_EDGE('',*,*,#2009,.T.);
#2610=ORIENTED_EDGE('',*,*,#2010,.T.);
#2611=ORIENTED_EDGE('',*,*,#2011,.T.);
#2612=ORIENTED_EDGE('',*,*,#2012,.T.);
#2613=ORIENTED_EDGE('',*,*,#2013,.T.);
#2614=ORIENTED_EDGE('',*,*,#2014,.T.);
#2615=ORIENTED_EDGE('',*,*,#2015,.T.);
#2616=ORIENTED_EDGE('',*,*,#2016,.T.);
#2617=ORIENTED_EDGE('',*,*,#2017,.T.);
#2618=ORIENTED_EDGE('',*,*,#2018,.T.);
#2619=ORIENTED_EDGE('',*,*,#2019,.T.);
#2620=ORIENTED_EDGE('',*,*,#2020,.T.);
#2621=ORIENTED_EDGE('',*,*,#2008,.F.);
#2622=ORIENTED_EDGE('',*,*,#2021,.T.);
#2623=ORIENTED_EDGE('',*,*,#2022,.F.);
#2624=ORIENTED_EDGE('',*,*,#2023,.F.);
#2625=ORIENTED_EDGE('',*,*,#1907,.F.);
#2626=ORIENTED_EDGE('',*,*,#2024,.F.);
#2627=ORIENTED_EDGE('',*,*,#2025,.F.);
#2628=ORIENTED_EDGE('',*,*,#2026,.F.);
#2629=ORIENTED_EDGE('',*,*,#1903,.F.);
#2630=ORIENTED_EDGE('',*,*,#2027,.F.);
#2631=ORIENTED_EDGE('',*,*,#2028,.F.);
#2632=ORIENTED_EDGE('',*,*,#2029,.F.);
#2633=ORIENTED_EDGE('',*,*,#1891,.F.);
#2634=ORIENTED_EDGE('',*,*,#2030,.F.);
#2635=ORIENTED_EDGE('',*,*,#2031,.F.);
#2636=ORIENTED_EDGE('',*,*,#2032,.F.);
#2637=ORIENTED_EDGE('',*,*,#1895,.F.);
#2638=ORIENTED_EDGE('',*,*,#2033,.F.);
#2639=ORIENTED_EDGE('',*,*,#2034,.F.);
#2640=ORIENTED_EDGE('',*,*,#2021,.F.);
#2641=ORIENTED_EDGE('',*,*,#2035,.F.);
#2642=ORIENTED_EDGE('',*,*,#2036,.T.);
#2643=ORIENTED_EDGE('',*,*,#2016,.F.);
#2644=ORIENTED_EDGE('',*,*,#2037,.F.);
#2645=ORIENTED_EDGE('',*,*,#2038,.F.);
#2646=ORIENTED_EDGE('',*,*,#2037,.T.);
#2647=ORIENTED_EDGE('',*,*,#2015,.F.);
#2648=ORIENTED_EDGE('',*,*,#2039,.F.);
#2649=ORIENTED_EDGE('',*,*,#2040,.F.);
#2650=ORIENTED_EDGE('',*,*,#2041,.T.);
#2651=ORIENTED_EDGE('',*,*,#2017,.F.);
#2652=ORIENTED_EDGE('',*,*,#2036,.F.);
#2653=ORIENTED_EDGE('',*,*,#2042,.F.);
#2654=ORIENTED_EDGE('',*,*,#2039,.T.);
#2655=ORIENTED_EDGE('',*,*,#2014,.F.);
#2656=ORIENTED_EDGE('',*,*,#2043,.F.);
#2657=ORIENTED_EDGE('',*,*,#2044,.F.);
#2658=ORIENTED_EDGE('',*,*,#2045,.T.);
#2659=ORIENTED_EDGE('',*,*,#2018,.F.);
#2660=ORIENTED_EDGE('',*,*,#2041,.F.);
#2661=ORIENTED_EDGE('',*,*,#2046,.F.);
#2662=ORIENTED_EDGE('',*,*,#2043,.T.);
#2663=ORIENTED_EDGE('',*,*,#2013,.F.);
#2664=ORIENTED_EDGE('',*,*,#2047,.F.);
#2665=ORIENTED_EDGE('',*,*,#2048,.F.);
#2666=ORIENTED_EDGE('',*,*,#2049,.T.);
#2667=ORIENTED_EDGE('',*,*,#2019,.F.);
#2668=ORIENTED_EDGE('',*,*,#2045,.F.);
#2669=ORIENTED_EDGE('',*,*,#2050,.F.);
#2670=ORIENTED_EDGE('',*,*,#2047,.T.);
#2671=ORIENTED_EDGE('',*,*,#2012,.F.);
#2672=ORIENTED_EDGE('',*,*,#2051,.F.);
#2673=ORIENTED_EDGE('',*,*,#2052,.F.);
#2674=ORIENTED_EDGE('',*,*,#2053,.T.);
#2675=ORIENTED_EDGE('',*,*,#2020,.F.);
#2676=ORIENTED_EDGE('',*,*,#2049,.F.);
#2677=ORIENTED_EDGE('',*,*,#2054,.F.);
#2678=ORIENTED_EDGE('',*,*,#2051,.T.);
#2679=ORIENTED_EDGE('',*,*,#2011,.F.);
#2680=ORIENTED_EDGE('',*,*,#2055,.F.);
#2681=ORIENTED_EDGE('',*,*,#2056,.F.);
#2682=ORIENTED_EDGE('',*,*,#2057,.T.);
#2683=ORIENTED_EDGE('',*,*,#2009,.F.);
#2684=ORIENTED_EDGE('',*,*,#2053,.F.);
#2685=ORIENTED_EDGE('',*,*,#2058,.F.);
#2686=ORIENTED_EDGE('',*,*,#2055,.T.);
#2687=ORIENTED_EDGE('',*,*,#2010,.F.);
#2688=ORIENTED_EDGE('',*,*,#2057,.F.);
#2689=ORIENTED_EDGE('',*,*,#2035,.T.);
#2690=ORIENTED_EDGE('',*,*,#2038,.T.);
#2691=ORIENTED_EDGE('',*,*,#2042,.T.);
#2692=ORIENTED_EDGE('',*,*,#2046,.T.);
#2693=ORIENTED_EDGE('',*,*,#2050,.T.);
#2694=ORIENTED_EDGE('',*,*,#2054,.T.);
#2695=ORIENTED_EDGE('',*,*,#2058,.T.);
#2696=ORIENTED_EDGE('',*,*,#2056,.T.);
#2697=ORIENTED_EDGE('',*,*,#2052,.T.);
#2698=ORIENTED_EDGE('',*,*,#2048,.T.);
#2699=ORIENTED_EDGE('',*,*,#2044,.T.);
#2700=ORIENTED_EDGE('',*,*,#2040,.T.);
#2701=ORIENTED_EDGE('',*,*,#2059,.F.);
#2702=ORIENTED_EDGE('',*,*,#2060,.T.);
#2703=ORIENTED_EDGE('',*,*,#2061,.F.);
#2704=ORIENTED_EDGE('',*,*,#2062,.F.);
#2705=ORIENTED_EDGE('',*,*,#2063,.F.);
#2706=ORIENTED_EDGE('',*,*,#2062,.T.);
#2707=ORIENTED_EDGE('',*,*,#2064,.F.);
#2708=ORIENTED_EDGE('',*,*,#2065,.F.);
#2709=ORIENTED_EDGE('',*,*,#2066,.F.);
#2710=ORIENTED_EDGE('',*,*,#2067,.T.);
#2711=ORIENTED_EDGE('',*,*,#2068,.F.);
#2712=ORIENTED_EDGE('',*,*,#2060,.F.);
#2713=ORIENTED_EDGE('',*,*,#2069,.F.);
#2714=ORIENTED_EDGE('',*,*,#2065,.T.);
#2715=ORIENTED_EDGE('',*,*,#2070,.F.);
#2716=ORIENTED_EDGE('',*,*,#2071,.F.);
#2717=ORIENTED_EDGE('',*,*,#2072,.F.);
#2718=ORIENTED_EDGE('',*,*,#2073,.T.);
#2719=ORIENTED_EDGE('',*,*,#2074,.F.);
#2720=ORIENTED_EDGE('',*,*,#2067,.F.);
#2721=ORIENTED_EDGE('',*,*,#2075,.F.);
#2722=ORIENTED_EDGE('',*,*,#2071,.T.);
#2723=ORIENTED_EDGE('',*,*,#2076,.F.);
#2724=ORIENTED_EDGE('',*,*,#2077,.F.);
#2725=ORIENTED_EDGE('',*,*,#2078,.F.);
#2726=ORIENTED_EDGE('',*,*,#2079,.T.);
#2727=ORIENTED_EDGE('',*,*,#2080,.F.);
#2728=ORIENTED_EDGE('',*,*,#2073,.F.);
#2729=ORIENTED_EDGE('',*,*,#2081,.F.);
#2730=ORIENTED_EDGE('',*,*,#2077,.T.);
#2731=ORIENTED_EDGE('',*,*,#2082,.F.);
#2732=ORIENTED_EDGE('',*,*,#2083,.F.);
#2733=ORIENTED_EDGE('',*,*,#2084,.F.);
#2734=ORIENTED_EDGE('',*,*,#2085,.T.);
#2735=ORIENTED_EDGE('',*,*,#2086,.F.);
#2736=ORIENTED_EDGE('',*,*,#2079,.F.);
#2737=ORIENTED_EDGE('',*,*,#2087,.F.);
#2738=ORIENTED_EDGE('',*,*,#2083,.T.);
#2739=ORIENTED_EDGE('',*,*,#2088,.F.);
#2740=ORIENTED_EDGE('',*,*,#2089,.F.);
#2741=ORIENTED_EDGE('',*,*,#2090,.F.);
#2742=ORIENTED_EDGE('',*,*,#2091,.T.);
#2743=ORIENTED_EDGE('',*,*,#2092,.F.);
#2744=ORIENTED_EDGE('',*,*,#2085,.F.);
#2745=ORIENTED_EDGE('',*,*,#2093,.F.);
#2746=ORIENTED_EDGE('',*,*,#2089,.T.);
#2747=ORIENTED_EDGE('',*,*,#2094,.F.);
#2748=ORIENTED_EDGE('',*,*,#2091,.F.);
#2749=ORIENTED_EDGE('',*,*,#1853,.T.);
#2750=ORIENTED_EDGE('',*,*,#2064,.T.);
#2751=ORIENTED_EDGE('',*,*,#2061,.T.);
#2752=ORIENTED_EDGE('',*,*,#2068,.T.);
#2753=ORIENTED_EDGE('',*,*,#2074,.T.);
#2754=ORIENTED_EDGE('',*,*,#2080,.T.);
#2755=ORIENTED_EDGE('',*,*,#2086,.T.);
#2756=ORIENTED_EDGE('',*,*,#2092,.T.);
#2757=ORIENTED_EDGE('',*,*,#2094,.T.);
#2758=ORIENTED_EDGE('',*,*,#2088,.T.);
#2759=ORIENTED_EDGE('',*,*,#2082,.T.);
#2760=ORIENTED_EDGE('',*,*,#2076,.T.);
#2761=ORIENTED_EDGE('',*,*,#2070,.T.);
#2762=ORIENTED_EDGE('',*,*,#2095,.F.);
#2763=ORIENTED_EDGE('',*,*,#1842,.F.);
#2764=ORIENTED_EDGE('',*,*,#2096,.F.);
#2765=ORIENTED_EDGE('',*,*,#1951,.F.);
#2766=ORIENTED_EDGE('',*,*,#2097,.F.);
#2767=ORIENTED_EDGE('',*,*,#2098,.T.);
#2768=ORIENTED_EDGE('',*,*,#1815,.T.);
#2769=ORIENTED_EDGE('',*,*,#2099,.T.);
#2770=ORIENTED_EDGE('',*,*,#2100,.T.);
#2771=ORIENTED_EDGE('',*,*,#2101,.T.);
#2772=ORIENTED_EDGE('',*,*,#2102,.T.);
#2773=ORIENTED_EDGE('',*,*,#2103,.T.);
#2774=ORIENTED_EDGE('',*,*,#2104,.T.);
#2775=ORIENTED_EDGE('',*,*,#2105,.T.);
#2776=ORIENTED_EDGE('',*,*,#2106,.T.);
#2777=ORIENTED_EDGE('',*,*,#2107,.T.);
#2778=ORIENTED_EDGE('',*,*,#2108,.T.);
#2779=ORIENTED_EDGE('',*,*,#2109,.T.);
#2780=ORIENTED_EDGE('',*,*,#2110,.T.);
#2781=ORIENTED_EDGE('',*,*,#2111,.F.);
#2782=ORIENTED_EDGE('',*,*,#2112,.T.);
#2783=ORIENTED_EDGE('',*,*,#2106,.F.);
#2784=ORIENTED_EDGE('',*,*,#2113,.F.);
#2785=ORIENTED_EDGE('',*,*,#2114,.F.);
#2786=ORIENTED_EDGE('',*,*,#2113,.T.);
#2787=ORIENTED_EDGE('',*,*,#2105,.F.);
#2788=ORIENTED_EDGE('',*,*,#2115,.F.);
#2789=ORIENTED_EDGE('',*,*,#2116,.F.);
#2790=ORIENTED_EDGE('',*,*,#2117,.T.);
#2791=ORIENTED_EDGE('',*,*,#2107,.F.);
#2792=ORIENTED_EDGE('',*,*,#2112,.F.);
#2793=ORIENTED_EDGE('',*,*,#2118,.F.);
#2794=ORIENTED_EDGE('',*,*,#2115,.T.);
#2795=ORIENTED_EDGE('',*,*,#2104,.F.);
#2796=ORIENTED_EDGE('',*,*,#2119,.F.);
#2797=ORIENTED_EDGE('',*,*,#2120,.F.);
#2798=ORIENTED_EDGE('',*,*,#2121,.T.);
#2799=ORIENTED_EDGE('',*,*,#2108,.F.);
#2800=ORIENTED_EDGE('',*,*,#2117,.F.);
#2801=ORIENTED_EDGE('',*,*,#2122,.F.);
#2802=ORIENTED_EDGE('',*,*,#2119,.T.);
#2803=ORIENTED_EDGE('',*,*,#2103,.F.);
#2804=ORIENTED_EDGE('',*,*,#2123,.F.);
#2805=ORIENTED_EDGE('',*,*,#2124,.F.);
#2806=ORIENTED_EDGE('',*,*,#2125,.T.);
#2807=ORIENTED_EDGE('',*,*,#2109,.F.);
#2808=ORIENTED_EDGE('',*,*,#2121,.F.);
#2809=ORIENTED_EDGE('',*,*,#2126,.F.);
#2810=ORIENTED_EDGE('',*,*,#2123,.T.);
#2811=ORIENTED_EDGE('',*,*,#2102,.F.);
#2812=ORIENTED_EDGE('',*,*,#2127,.F.);
#2813=ORIENTED_EDGE('',*,*,#2128,.F.);
#2814=ORIENTED_EDGE('',*,*,#2129,.T.);
#2815=ORIENTED_EDGE('',*,*,#2110,.F.);
#2816=ORIENTED_EDGE('',*,*,#2125,.F.);
#2817=ORIENTED_EDGE('',*,*,#2130,.F.);
#2818=ORIENTED_EDGE('',*,*,#2127,.T.);
#2819=ORIENTED_EDGE('',*,*,#2101,.F.);
#2820=ORIENTED_EDGE('',*,*,#2131,.F.);
#2821=ORIENTED_EDGE('',*,*,#2132,.F.);
#2822=ORIENTED_EDGE('',*,*,#2133,.T.);
#2823=ORIENTED_EDGE('',*,*,#2099,.F.);
#2824=ORIENTED_EDGE('',*,*,#2129,.F.);
#2825=ORIENTED_EDGE('',*,*,#2134,.F.);
#2826=ORIENTED_EDGE('',*,*,#2131,.T.);
#2827=ORIENTED_EDGE('',*,*,#2100,.F.);
#2828=ORIENTED_EDGE('',*,*,#2133,.F.);
#2829=ORIENTED_EDGE('',*,*,#2111,.T.);
#2830=ORIENTED_EDGE('',*,*,#2114,.T.);
#2831=ORIENTED_EDGE('',*,*,#2118,.T.);
#2832=ORIENTED_EDGE('',*,*,#2122,.T.);
#2833=ORIENTED_EDGE('',*,*,#2126,.T.);
#2834=ORIENTED_EDGE('',*,*,#2130,.T.);
#2835=ORIENTED_EDGE('',*,*,#2134,.T.);
#2836=ORIENTED_EDGE('',*,*,#2132,.T.);
#2837=ORIENTED_EDGE('',*,*,#2128,.T.);
#2838=ORIENTED_EDGE('',*,*,#2124,.T.);
#2839=ORIENTED_EDGE('',*,*,#2120,.T.);
#2840=ORIENTED_EDGE('',*,*,#2116,.T.);
#2841=ORIENTED_EDGE('',*,*,#2059,.T.);
#2842=ORIENTED_EDGE('',*,*,#2063,.T.);
#2843=ORIENTED_EDGE('',*,*,#2069,.T.);
#2844=ORIENTED_EDGE('',*,*,#2075,.T.);
#2845=ORIENTED_EDGE('',*,*,#2081,.T.);
#2846=ORIENTED_EDGE('',*,*,#2087,.T.);
#2847=ORIENTED_EDGE('',*,*,#2093,.T.);
#2848=ORIENTED_EDGE('',*,*,#2090,.T.);
#2849=ORIENTED_EDGE('',*,*,#2084,.T.);
#2850=ORIENTED_EDGE('',*,*,#2078,.T.);
#2851=ORIENTED_EDGE('',*,*,#2072,.T.);
#2852=ORIENTED_EDGE('',*,*,#2066,.T.);
#2853=ORIENTED_EDGE('',*,*,#2135,.F.);
#2854=ORIENTED_EDGE('',*,*,#2136,.F.);
#2855=ORIENTED_EDGE('',*,*,#2137,.F.);
#2856=ORIENTED_EDGE('',*,*,#2138,.F.);
#2857=ORIENTED_EDGE('',*,*,#2139,.F.);
#2858=ORIENTED_EDGE('',*,*,#2140,.F.);
#2859=ORIENTED_EDGE('',*,*,#2141,.F.);
#2860=ORIENTED_EDGE('',*,*,#2142,.F.);
#2861=ORIENTED_EDGE('',*,*,#2143,.F.);
#2862=ORIENTED_EDGE('',*,*,#2144,.F.);
#2863=ORIENTED_EDGE('',*,*,#2145,.F.);
#2864=ORIENTED_EDGE('',*,*,#2146,.F.);
#2865=ORIENTED_EDGE('',*,*,#2147,.F.);
#2866=ORIENTED_EDGE('',*,*,#2148,.F.);
#2867=ORIENTED_EDGE('',*,*,#2149,.F.);
#2868=ORIENTED_EDGE('',*,*,#2150,.F.);
#2869=ORIENTED_EDGE('',*,*,#2151,.F.);
#2870=ORIENTED_EDGE('',*,*,#2152,.F.);
#2871=ORIENTED_EDGE('',*,*,#2153,.F.);
#2872=ORIENTED_EDGE('',*,*,#2154,.F.);
#2873=ORIENTED_EDGE('',*,*,#2155,.F.);
#2874=ORIENTED_EDGE('',*,*,#2156,.F.);
#2875=ORIENTED_EDGE('',*,*,#2157,.F.);
#2876=ORIENTED_EDGE('',*,*,#2158,.F.);
#2877=ORIENTED_EDGE('',*,*,#2159,.F.);
#2878=ORIENTED_EDGE('',*,*,#1926,.F.);
#2879=ORIENTED_EDGE('',*,*,#2160,.F.);
#2880=ORIENTED_EDGE('',*,*,#2161,.F.);
#2881=ORIENTED_EDGE('',*,*,#2162,.F.);
#2882=ORIENTED_EDGE('',*,*,#1916,.F.);
#2883=ORIENTED_EDGE('',*,*,#2163,.F.);
#2884=ORIENTED_EDGE('',*,*,#2164,.F.);
#2885=ORIENTED_EDGE('',*,*,#2165,.F.);
#2886=ORIENTED_EDGE('',*,*,#1935,.F.);
#2887=ORIENTED_EDGE('',*,*,#2166,.F.);
#2888=ORIENTED_EDGE('',*,*,#2167,.F.);
#2889=ORIENTED_EDGE('',*,*,#2168,.F.);
#2890=ORIENTED_EDGE('',*,*,#1882,.F.);
#2891=ORIENTED_EDGE('',*,*,#2169,.F.);
#2892=ORIENTED_EDGE('',*,*,#2170,.F.);
#2893=ORIENTED_EDGE('',*,*,#2171,.F.);
#2894=ORIENTED_EDGE('',*,*,#1911,.F.);
#2895=ORIENTED_EDGE('',*,*,#2172,.F.);
#2896=ORIENTED_EDGE('',*,*,#2173,.F.);
#2897=ORIENTED_EDGE('',*,*,#2174,.F.);
#2898=ORIENTED_EDGE('',*,*,#1909,.F.);
#2899=ORIENTED_EDGE('',*,*,#2175,.F.);
#2900=ORIENTED_EDGE('',*,*,#2176,.F.);
#2901=ORIENTED_EDGE('',*,*,#2177,.F.);
#2902=ORIENTED_EDGE('',*,*,#1897,.F.);
#2903=ORIENTED_EDGE('',*,*,#1813,.T.);
#2904=ORIENTED_EDGE('',*,*,#2178,.F.);
#2905=ORIENTED_EDGE('',*,*,#2179,.F.);
#2906=ORIENTED_EDGE('',*,*,#1920,.F.);
#2907=ORIENTED_EDGE('',*,*,#2180,.F.);
#2908=ORIENTED_EDGE('',*,*,#2181,.F.);
#2909=ORIENTED_EDGE('',*,*,#2182,.F.);
#2910=ORIENTED_EDGE('',*,*,#1921,.F.);
#2911=ORIENTED_EDGE('',*,*,#2179,.T.);
#2912=ORIENTED_EDGE('',*,*,#2183,.F.);
#2913=ORIENTED_EDGE('',*,*,#2184,.F.);
#2914=ORIENTED_EDGE('',*,*,#1873,.F.);
#2915=ORIENTED_EDGE('',*,*,#2185,.F.);
#2916=ORIENTED_EDGE('',*,*,#2186,.F.);
#2917=ORIENTED_EDGE('',*,*,#2187,.F.);
#2918=ORIENTED_EDGE('',*,*,#2098,.F.);
#2919=ORIENTED_EDGE('',*,*,#2188,.F.);
#2920=ORIENTED_EDGE('',*,*,#2189,.F.);
#2921=ORIENTED_EDGE('',*,*,#2190,.F.);
#2922=ORIENTED_EDGE('',*,*,#1874,.F.);
#2923=ORIENTED_EDGE('',*,*,#2184,.T.);
#2924=ORIENTED_EDGE('',*,*,#2191,.F.);
#2925=ORIENTED_EDGE('',*,*,#1811,.F.);
#2926=ORIENTED_EDGE('',*,*,#1893,.F.);
#2927=ORIENTED_EDGE('',*,*,#2192,.F.);
#2928=ORIENTED_EDGE('',*,*,#2193,.F.);
#2929=ORIENTED_EDGE('',*,*,#2194,.F.);
#2930=ORIENTED_EDGE('',*,*,#1901,.F.);
#2931=ORIENTED_EDGE('',*,*,#2195,.F.);
#2932=ORIENTED_EDGE('',*,*,#2196,.F.);
#2933=ORIENTED_EDGE('',*,*,#2197,.F.);
#2934=ORIENTED_EDGE('',*,*,#1889,.F.);
#2935=ORIENTED_EDGE('',*,*,#2198,.F.);
#2936=ORIENTED_EDGE('',*,*,#2199,.F.);
#2937=ORIENTED_EDGE('',*,*,#2200,.F.);
#2938=ORIENTED_EDGE('',*,*,#1878,.F.);
#2939=ORIENTED_EDGE('',*,*,#2201,.F.);
#2940=ORIENTED_EDGE('',*,*,#2202,.F.);
#2941=ORIENTED_EDGE('',*,*,#2203,.F.);
#2942=ORIENTED_EDGE('',*,*,#1939,.F.);
#2943=ORIENTED_EDGE('',*,*,#2204,.F.);
#2944=ORIENTED_EDGE('',*,*,#2205,.F.);
#2945=ORIENTED_EDGE('',*,*,#2206,.F.);
#2946=ORIENTED_EDGE('',*,*,#1930,.F.);
#2947=ORIENTED_EDGE('',*,*,#2207,.F.);
#2948=ORIENTED_EDGE('',*,*,#2208,.F.);
#2949=ORIENTED_EDGE('',*,*,#2209,.T.);
#2950=ORIENTED_EDGE('',*,*,#2210,.T.);
#2951=ORIENTED_EDGE('',*,*,#2211,.F.);
#2952=ORIENTED_EDGE('',*,*,#2212,.F.);
#2953=ORIENTED_EDGE('',*,*,#2213,.T.);
#2954=ORIENTED_EDGE('',*,*,#2214,.T.);
#2955=ORIENTED_EDGE('',*,*,#2215,.T.);
#2956=ORIENTED_EDGE('',*,*,#2216,.T.);
#2957=ORIENTED_EDGE('',*,*,#2217,.T.);
#2958=ORIENTED_EDGE('',*,*,#2215,.F.);
#2959=ORIENTED_EDGE('',*,*,#2218,.T.);
#2960=ORIENTED_EDGE('',*,*,#2219,.T.);
#2961=ORIENTED_EDGE('',*,*,#2220,.T.);
#2962=ORIENTED_EDGE('',*,*,#2213,.F.);
#2963=ORIENTED_EDGE('',*,*,#2221,.T.);
#2964=ORIENTED_EDGE('',*,*,#2222,.T.);
#2965=ORIENTED_EDGE('',*,*,#2219,.F.);
#2966=ORIENTED_EDGE('',*,*,#2212,.T.);
#2967=ORIENTED_EDGE('',*,*,#2223,.T.);
#2968=ORIENTED_EDGE('',*,*,#2224,.T.);
#2969=ORIENTED_EDGE('',*,*,#2222,.F.);
#2970=ORIENTED_EDGE('',*,*,#2225,.T.);
#2971=ORIENTED_EDGE('',*,*,#2226,.T.);
#2972=ORIENTED_EDGE('',*,*,#2227,.T.);
#2973=ORIENTED_EDGE('',*,*,#2223,.F.);
#2974=ORIENTED_EDGE('',*,*,#2228,.T.);
#2975=ORIENTED_EDGE('',*,*,#2229,.T.);
#2976=ORIENTED_EDGE('',*,*,#2230,.T.);
#2977=ORIENTED_EDGE('',*,*,#2226,.F.);
#2978=ORIENTED_EDGE('',*,*,#2231,.T.);
#2979=ORIENTED_EDGE('',*,*,#2232,.T.);
#2980=ORIENTED_EDGE('',*,*,#2233,.T.);
#2981=ORIENTED_EDGE('',*,*,#2229,.F.);
#2982=ORIENTED_EDGE('',*,*,#2234,.T.);
#2983=ORIENTED_EDGE('',*,*,#2232,.F.);
#2984=ORIENTED_EDGE('',*,*,#2235,.T.);
#2985=ORIENTED_EDGE('',*,*,#2228,.F.);
#2986=ORIENTED_EDGE('',*,*,#2211,.T.);
#2987=ORIENTED_EDGE('',*,*,#2236,.T.);
#2988=ORIENTED_EDGE('',*,*,#2237,.F.);
#2989=ORIENTED_EDGE('',*,*,#2238,.T.);
#2990=ORIENTED_EDGE('',*,*,#2239,.T.);
#2991=ORIENTED_EDGE('',*,*,#2209,.F.);
#2992=ORIENTED_EDGE('',*,*,#2218,.F.);
#2993=ORIENTED_EDGE('',*,*,#2240,.F.);
#2994=ORIENTED_EDGE('',*,*,#2238,.F.);
#2995=ORIENTED_EDGE('',*,*,#2214,.F.);
#2996=ORIENTED_EDGE('',*,*,#2241,.T.);
#2997=ORIENTED_EDGE('',*,*,#2216,.F.);
#2998=ORIENTED_EDGE('',*,*,#2217,.F.);
#2999=ORIENTED_EDGE('',*,*,#2224,.F.);
#3000=ORIENTED_EDGE('',*,*,#2230,.F.);
#3001=ORIENTED_EDGE('',*,*,#2235,.F.);
#3002=ORIENTED_EDGE('',*,*,#2231,.F.);
#3003=ORIENTED_EDGE('',*,*,#2225,.F.);
#3004=ORIENTED_EDGE('',*,*,#2221,.F.);
#3005=ORIENTED_EDGE('',*,*,#2210,.F.);
#3006=ORIENTED_EDGE('',*,*,#2239,.F.);
#3007=ORIENTED_EDGE('',*,*,#2240,.T.);
#3008=ORIENTED_EDGE('',*,*,#2242,.T.);
#3009=ORIENTED_EDGE('',*,*,#2243,.T.);
#3010=ORIENTED_EDGE('',*,*,#2244,.T.);
#3011=ORIENTED_EDGE('',*,*,#2245,.T.);
#3012=ORIENTED_EDGE('',*,*,#2236,.F.);
#3013=ORIENTED_EDGE('',*,*,#2183,.T.);
#3014=ORIENTED_EDGE('',*,*,#2178,.T.);
#3015=ORIENTED_EDGE('',*,*,#1812,.T.);
#3016=ORIENTED_EDGE('',*,*,#2191,.T.);
#3017=ORIENTED_EDGE('',*,*,#2241,.F.);
#3018=ORIENTED_EDGE('',*,*,#2220,.F.);
#3019=ORIENTED_EDGE('',*,*,#2246,.T.);
#3020=ORIENTED_EDGE('',*,*,#2242,.F.);
#3021=ORIENTED_EDGE('',*,*,#2243,.F.);
#3022=ORIENTED_EDGE('',*,*,#2246,.F.);
#3023=ORIENTED_EDGE('',*,*,#2227,.F.);
#3024=ORIENTED_EDGE('',*,*,#2247,.T.);
#3025=ORIENTED_EDGE('',*,*,#2233,.F.);
#3026=ORIENTED_EDGE('',*,*,#2248,.T.);
#3027=ORIENTED_EDGE('',*,*,#2244,.F.);
#3028=ORIENTED_EDGE('',*,*,#2247,.F.);
#3029=ORIENTED_EDGE('',*,*,#2234,.F.);
#3030=ORIENTED_EDGE('',*,*,#2237,.T.);
#3031=ORIENTED_EDGE('',*,*,#2245,.F.);
#3032=ORIENTED_EDGE('',*,*,#2248,.F.);
#3033=ORIENTED_EDGE('',*,*,#2135,.T.);
#3034=ORIENTED_EDGE('',*,*,#2249,.T.);
#3035=ORIENTED_EDGE('',*,*,#2250,.F.);
#3036=ORIENTED_EDGE('',*,*,#2251,.F.);
#3037=ORIENTED_EDGE('',*,*,#2136,.T.);
#3038=ORIENTED_EDGE('',*,*,#2251,.T.);
#3039=ORIENTED_EDGE('',*,*,#2252,.F.);
#3040=ORIENTED_EDGE('',*,*,#2253,.F.);
#3041=ORIENTED_EDGE('',*,*,#2146,.T.);
#3042=ORIENTED_EDGE('',*,*,#2254,.T.);
#3043=ORIENTED_EDGE('',*,*,#2255,.F.);
#3044=ORIENTED_EDGE('',*,*,#2249,.F.);
#3045=ORIENTED_EDGE('',*,*,#2137,.T.);
#3046=ORIENTED_EDGE('',*,*,#2253,.T.);
#3047=ORIENTED_EDGE('',*,*,#2256,.F.);
#3048=ORIENTED_EDGE('',*,*,#2257,.F.);
#3049=ORIENTED_EDGE('',*,*,#2145,.T.);
#3050=ORIENTED_EDGE('',*,*,#2258,.T.);
#3051=ORIENTED_EDGE('',*,*,#2259,.F.);
#3052=ORIENTED_EDGE('',*,*,#2254,.F.);
#3053=ORIENTED_EDGE('',*,*,#2138,.T.);
#3054=ORIENTED_EDGE('',*,*,#2257,.T.);
#3055=ORIENTED_EDGE('',*,*,#2260,.F.);
#3056=ORIENTED_EDGE('',*,*,#2261,.F.);
#3057=ORIENTED_EDGE('',*,*,#2144,.T.);
#3058=ORIENTED_EDGE('',*,*,#2262,.T.);
#3059=ORIENTED_EDGE('',*,*,#2263,.F.);
#3060=ORIENTED_EDGE('',*,*,#2258,.F.);
#3061=ORIENTED_EDGE('',*,*,#2139,.T.);
#3062=ORIENTED_EDGE('',*,*,#2261,.T.);
#3063=ORIENTED_EDGE('',*,*,#2264,.F.);
#3064=ORIENTED_EDGE('',*,*,#2265,.F.);
#3065=ORIENTED_EDGE('',*,*,#2143,.T.);
#3066=ORIENTED_EDGE('',*,*,#2266,.T.);
#3067=ORIENTED_EDGE('',*,*,#2267,.F.);
#3068=ORIENTED_EDGE('',*,*,#2262,.F.);
#3069=ORIENTED_EDGE('',*,*,#2140,.T.);
#3070=ORIENTED_EDGE('',*,*,#2265,.T.);
#3071=ORIENTED_EDGE('',*,*,#2268,.F.);
#3072=ORIENTED_EDGE('',*,*,#2269,.F.);
#3073=ORIENTED_EDGE('',*,*,#2142,.T.);
#3074=ORIENTED_EDGE('',*,*,#2270,.T.);
#3075=ORIENTED_EDGE('',*,*,#2271,.F.);
#3076=ORIENTED_EDGE('',*,*,#2266,.F.);
#3077=ORIENTED_EDGE('',*,*,#2141,.T.);
#3078=ORIENTED_EDGE('',*,*,#2269,.T.);
#3079=ORIENTED_EDGE('',*,*,#2272,.F.);
#3080=ORIENTED_EDGE('',*,*,#2270,.F.);
#3081=ORIENTED_EDGE('',*,*,#1941,.T.);
#3082=ORIENTED_EDGE('',*,*,#2252,.T.);
#3083=ORIENTED_EDGE('',*,*,#2250,.T.);
#3084=ORIENTED_EDGE('',*,*,#2255,.T.);
#3085=ORIENTED_EDGE('',*,*,#2259,.T.);
#3086=ORIENTED_EDGE('',*,*,#2263,.T.);
#3087=ORIENTED_EDGE('',*,*,#2267,.T.);
#3088=ORIENTED_EDGE('',*,*,#2271,.T.);
#3089=ORIENTED_EDGE('',*,*,#2272,.T.);
#3090=ORIENTED_EDGE('',*,*,#2268,.T.);
#3091=ORIENTED_EDGE('',*,*,#2264,.T.);
#3092=ORIENTED_EDGE('',*,*,#2260,.T.);
#3093=ORIENTED_EDGE('',*,*,#2256,.T.);
#3094=ORIENTED_EDGE('',*,*,#1834,.T.);
#3095=ORIENTED_EDGE('',*,*,#2273,.T.);
#3096=ORIENTED_EDGE('',*,*,#2274,.T.);
#3097=ORIENTED_EDGE('',*,*,#2275,.T.);
#3098=ORIENTED_EDGE('',*,*,#2276,.T.);
#3099=ORIENTED_EDGE('',*,*,#2277,.T.);
#3100=ORIENTED_EDGE('',*,*,#2278,.T.);
#3101=ORIENTED_EDGE('',*,*,#2279,.T.);
#3102=ORIENTED_EDGE('',*,*,#2280,.T.);
#3103=ORIENTED_EDGE('',*,*,#2281,.T.);
#3104=ORIENTED_EDGE('',*,*,#2282,.T.);
#3105=ORIENTED_EDGE('',*,*,#2283,.T.);
#3106=ORIENTED_EDGE('',*,*,#2284,.T.);
#3107=ORIENTED_EDGE('',*,*,#2147,.T.);
#3108=ORIENTED_EDGE('',*,*,#2285,.T.);
#3109=ORIENTED_EDGE('',*,*,#2280,.F.);
#3110=ORIENTED_EDGE('',*,*,#2286,.F.);
#3111=ORIENTED_EDGE('',*,*,#2148,.T.);
#3112=ORIENTED_EDGE('',*,*,#2286,.T.);
#3113=ORIENTED_EDGE('',*,*,#2279,.F.);
#3114=ORIENTED_EDGE('',*,*,#2287,.F.);
#3115=ORIENTED_EDGE('',*,*,#2158,.T.);
#3116=ORIENTED_EDGE('',*,*,#2288,.T.);
#3117=ORIENTED_EDGE('',*,*,#2281,.F.);
#3118=ORIENTED_EDGE('',*,*,#2285,.F.);
#3119=ORIENTED_EDGE('',*,*,#2149,.T.);
#3120=ORIENTED_EDGE('',*,*,#2287,.T.);
#3121=ORIENTED_EDGE('',*,*,#2278,.F.);
#3122=ORIENTED_EDGE('',*,*,#2289,.F.);
#3123=ORIENTED_EDGE('',*,*,#2157,.T.);
#3124=ORIENTED_EDGE('',*,*,#2290,.T.);
#3125=ORIENTED_EDGE('',*,*,#2282,.F.);
#3126=ORIENTED_EDGE('',*,*,#2288,.F.);
#3127=ORIENTED_EDGE('',*,*,#2150,.T.);
#3128=ORIENTED_EDGE('',*,*,#2289,.T.);
#3129=ORIENTED_EDGE('',*,*,#2277,.F.);
#3130=ORIENTED_EDGE('',*,*,#2291,.F.);
#3131=ORIENTED_EDGE('',*,*,#2156,.T.);
#3132=ORIENTED_EDGE('',*,*,#2292,.T.);
#3133=ORIENTED_EDGE('',*,*,#2283,.F.);
#3134=ORIENTED_EDGE('',*,*,#2290,.F.);
#3135=ORIENTED_EDGE('',*,*,#2151,.T.);
#3136=ORIENTED_EDGE('',*,*,#2291,.T.);
#3137=ORIENTED_EDGE('',*,*,#2276,.F.);
#3138=ORIENTED_EDGE('',*,*,#2293,.F.);
#3139=ORIENTED_EDGE('',*,*,#2155,.T.);
#3140=ORIENTED_EDGE('',*,*,#2294,.T.);
#3141=ORIENTED_EDGE('',*,*,#2284,.F.);
#3142=ORIENTED_EDGE('',*,*,#2292,.F.);
#3143=ORIENTED_EDGE('',*,*,#2152,.T.);
#3144=ORIENTED_EDGE('',*,*,#2293,.T.);
#3145=ORIENTED_EDGE('',*,*,#2275,.F.);
#3146=ORIENTED_EDGE('',*,*,#2295,.F.);
#3147=ORIENTED_EDGE('',*,*,#2154,.T.);
#3148=ORIENTED_EDGE('',*,*,#2296,.T.);
#3149=ORIENTED_EDGE('',*,*,#2273,.F.);
#3150=ORIENTED_EDGE('',*,*,#2294,.F.);
#3151=ORIENTED_EDGE('',*,*,#2153,.T.);
#3152=ORIENTED_EDGE('',*,*,#2295,.T.);
#3153=ORIENTED_EDGE('',*,*,#2274,.F.);
#3154=ORIENTED_EDGE('',*,*,#2296,.F.);
#3155=ORIENTED_EDGE('',*,*,#2189,.T.);
#3156=ORIENTED_EDGE('',*,*,#2297,.T.);
#3157=ORIENTED_EDGE('',*,*,#1949,.T.);
#3158=ORIENTED_EDGE('',*,*,#2298,.T.);
#3159=ORIENTED_EDGE('',*,*,#2188,.T.);
#3160=ORIENTED_EDGE('',*,*,#2097,.T.);
#3161=ORIENTED_EDGE('',*,*,#1950,.T.);
#3162=ORIENTED_EDGE('',*,*,#2297,.F.);
#3163=ORIENTED_EDGE('',*,*,#2190,.T.);
#3164=ORIENTED_EDGE('',*,*,#2298,.F.);
#3165=ORIENTED_EDGE('',*,*,#1948,.T.);
#3166=ORIENTED_EDGE('',*,*,#1875,.T.);
#3167=ORIENTED_EDGE('',*,*,#2204,.T.);
#3168=ORIENTED_EDGE('',*,*,#1938,.T.);
#3169=ORIENTED_EDGE('',*,*,#1864,.T.);
#3170=ORIENTED_EDGE('',*,*,#2299,.F.);
#3171=ORIENTED_EDGE('',*,*,#2206,.T.);
#3172=ORIENTED_EDGE('',*,*,#2300,.F.);
#3173=ORIENTED_EDGE('',*,*,#1862,.T.);
#3174=ORIENTED_EDGE('',*,*,#1931,.T.);
#3175=ORIENTED_EDGE('',*,*,#2205,.T.);
#3176=ORIENTED_EDGE('',*,*,#2299,.T.);
#3177=ORIENTED_EDGE('',*,*,#1863,.T.);
#3178=ORIENTED_EDGE('',*,*,#2300,.T.);
#3179=ORIENTED_EDGE('',*,*,#1847,.T.);
#3180=ORIENTED_EDGE('',*,*,#1932,.T.);
#3181=ORIENTED_EDGE('',*,*,#1860,.T.);
#3182=ORIENTED_EDGE('',*,*,#2301,.T.);
#3183=ORIENTED_EDGE('',*,*,#1849,.T.);
#3184=ORIENTED_EDGE('',*,*,#2302,.F.);
#3185=ORIENTED_EDGE('',*,*,#1858,.T.);
#3186=ORIENTED_EDGE('',*,*,#1918,.T.);
#3187=ORIENTED_EDGE('',*,*,#1848,.T.);
#3188=ORIENTED_EDGE('',*,*,#2301,.F.);
#3189=ORIENTED_EDGE('',*,*,#1859,.T.);
#3190=ORIENTED_EDGE('',*,*,#2302,.T.);
#3191=ORIENTED_EDGE('',*,*,#2182,.T.);
#3192=ORIENTED_EDGE('',*,*,#2303,.F.);
#3193=ORIENTED_EDGE('',*,*,#1945,.T.);
#3194=ORIENTED_EDGE('',*,*,#1922,.T.);
#3195=ORIENTED_EDGE('',*,*,#2185,.T.);
#3196=ORIENTED_EDGE('',*,*,#1872,.T.);
#3197=ORIENTED_EDGE('',*,*,#1947,.T.);
#3198=ORIENTED_EDGE('',*,*,#2304,.T.);
#3199=ORIENTED_EDGE('',*,*,#2186,.T.);
#3200=ORIENTED_EDGE('',*,*,#2304,.F.);
#3201=ORIENTED_EDGE('',*,*,#1946,.T.);
#3202=ORIENTED_EDGE('',*,*,#2303,.T.);
#3203=ORIENTED_EDGE('',*,*,#1837,.T.);
#3204=ORIENTED_EDGE('',*,*,#2305,.F.);
#3205=ORIENTED_EDGE('',*,*,#2160,.T.);
#3206=ORIENTED_EDGE('',*,*,#1925,.T.);
#3207=ORIENTED_EDGE('',*,*,#1836,.T.);
#3208=ORIENTED_EDGE('',*,*,#1852,.T.);
#3209=ORIENTED_EDGE('',*,*,#2306,.T.);
#3210=ORIENTED_EDGE('',*,*,#2161,.T.);
#3211=ORIENTED_EDGE('',*,*,#2305,.T.);
#3212=ORIENTED_EDGE('',*,*,#1851,.T.);
#3213=ORIENTED_EDGE('',*,*,#1917,.T.);
#3214=ORIENTED_EDGE('',*,*,#2162,.T.);
#3215=ORIENTED_EDGE('',*,*,#2306,.F.);
#3216=ORIENTED_EDGE('',*,*,#1818,.T.);
#3217=ORIENTED_EDGE('',*,*,#2307,.T.);
#3218=ORIENTED_EDGE('',*,*,#2166,.T.);
#3219=ORIENTED_EDGE('',*,*,#1934,.T.);
#3220=ORIENTED_EDGE('',*,*,#1832,.T.);
#3221=ORIENTED_EDGE('',*,*,#1883,.T.);
#3222=ORIENTED_EDGE('',*,*,#2168,.T.);
#3223=ORIENTED_EDGE('',*,*,#2308,.F.);
#3224=ORIENTED_EDGE('',*,*,#1817,.T.);
#3225=ORIENTED_EDGE('',*,*,#1833,.T.);
#3226=ORIENTED_EDGE('',*,*,#2308,.T.);
#3227=ORIENTED_EDGE('',*,*,#2167,.T.);
#3228=ORIENTED_EDGE('',*,*,#2307,.F.);
#3229=ORIENTED_EDGE('',*,*,#2171,.T.);
#3230=ORIENTED_EDGE('',*,*,#2309,.T.);
#3231=ORIENTED_EDGE('',*,*,#2310,.F.);
#3232=ORIENTED_EDGE('',*,*,#1912,.T.);
#3233=ORIENTED_EDGE('',*,*,#1888,.T.);
#3234=ORIENTED_EDGE('',*,*,#2311,.F.);
#3235=ORIENTED_EDGE('',*,*,#2312,.T.);
#3236=ORIENTED_EDGE('',*,*,#2198,.T.);
#3237=ORIENTED_EDGE('',*,*,#2170,.T.);
#3238=ORIENTED_EDGE('',*,*,#2313,.F.);
#3239=ORIENTED_EDGE('',*,*,#2314,.T.);
#3240=ORIENTED_EDGE('',*,*,#1829,.T.);
#3241=ORIENTED_EDGE('',*,*,#2315,.F.);
#3242=ORIENTED_EDGE('',*,*,#2316,.F.);
#3243=ORIENTED_EDGE('',*,*,#2199,.T.);
#3244=ORIENTED_EDGE('',*,*,#2312,.F.);
#3245=ORIENTED_EDGE('',*,*,#2317,.F.);
#3246=ORIENTED_EDGE('',*,*,#1974,.T.);
#3247=ORIENTED_EDGE('',*,*,#2318,.T.);
#3248=ORIENTED_EDGE('',*,*,#2309,.F.);
#3249=ORIENTED_EDGE('',*,*,#2169,.T.);
#3250=ORIENTED_EDGE('',*,*,#1881,.T.);
#3251=ORIENTED_EDGE('',*,*,#2319,.F.);
#3252=ORIENTED_EDGE('',*,*,#2313,.T.);
#3253=ORIENTED_EDGE('',*,*,#1884,.T.);
#3254=ORIENTED_EDGE('',*,*,#1830,.T.);
#3255=ORIENTED_EDGE('',*,*,#2314,.F.);
#3256=ORIENTED_EDGE('',*,*,#2319,.T.);
#3257=ORIENTED_EDGE('',*,*,#1913,.T.);
#3258=ORIENTED_EDGE('',*,*,#2310,.T.);
#3259=ORIENTED_EDGE('',*,*,#2318,.F.);
#3260=ORIENTED_EDGE('',*,*,#1973,.T.);
#3261=ORIENTED_EDGE('',*,*,#1975,.T.);
#3262=ORIENTED_EDGE('',*,*,#2317,.T.);
#3263=ORIENTED_EDGE('',*,*,#2311,.T.);
#3264=ORIENTED_EDGE('',*,*,#1887,.T.);
#3265=ORIENTED_EDGE('',*,*,#1879,.T.);
#3266=ORIENTED_EDGE('',*,*,#2200,.T.);
#3267=ORIENTED_EDGE('',*,*,#2316,.T.);
#3268=ORIENTED_EDGE('',*,*,#2320,.F.);
#3269=ORIENTED_EDGE('',*,*,#1828,.T.);
#3270=ORIENTED_EDGE('',*,*,#1880,.T.);
#3271=ORIENTED_EDGE('',*,*,#2320,.T.);
#3272=ORIENTED_EDGE('',*,*,#2315,.T.);
#3273=ORIENTED_EDGE('',*,*,#2197,.T.);
#3274=ORIENTED_EDGE('',*,*,#2321,.T.);
#3275=ORIENTED_EDGE('',*,*,#1976,.T.);
#3276=ORIENTED_EDGE('',*,*,#1885,.T.);
#3277=ORIENTED_EDGE('',*,*,#2196,.T.);
#3278=ORIENTED_EDGE('',*,*,#2322,.F.);
#3279=ORIENTED_EDGE('',*,*,#1977,.T.);
#3280=ORIENTED_EDGE('',*,*,#2321,.F.);
#3281=ORIENTED_EDGE('',*,*,#2195,.T.);
#3282=ORIENTED_EDGE('',*,*,#1900,.T.);
#3283=ORIENTED_EDGE('',*,*,#1978,.T.);
#3284=ORIENTED_EDGE('',*,*,#2322,.T.);
#3285=ORIENTED_EDGE('',*,*,#2194,.T.);
#3286=ORIENTED_EDGE('',*,*,#2323,.T.);
#3287=ORIENTED_EDGE('',*,*,#2027,.T.);
#3288=ORIENTED_EDGE('',*,*,#1902,.T.);
#3289=ORIENTED_EDGE('',*,*,#2193,.T.);
#3290=ORIENTED_EDGE('',*,*,#2324,.F.);
#3291=ORIENTED_EDGE('',*,*,#2028,.T.);
#3292=ORIENTED_EDGE('',*,*,#2323,.F.);
#3293=ORIENTED_EDGE('',*,*,#2192,.T.);
#3294=ORIENTED_EDGE('',*,*,#1892,.T.);
#3295=ORIENTED_EDGE('',*,*,#2029,.T.);
#3296=ORIENTED_EDGE('',*,*,#2324,.T.);
#3297=ORIENTED_EDGE('',*,*,#1807,.T.);
#3298=ORIENTED_EDGE('',*,*,#1896,.T.);
#3299=ORIENTED_EDGE('',*,*,#2032,.T.);
#3300=ORIENTED_EDGE('',*,*,#2325,.F.);
#3301=ORIENTED_EDGE('',*,*,#1808,.T.);
#3302=ORIENTED_EDGE('',*,*,#2325,.T.);
#3303=ORIENTED_EDGE('',*,*,#2031,.T.);
#3304=ORIENTED_EDGE('',*,*,#2326,.F.);
#3305=ORIENTED_EDGE('',*,*,#1809,.T.);
#3306=ORIENTED_EDGE('',*,*,#2326,.T.);
#3307=ORIENTED_EDGE('',*,*,#2030,.T.);
#3308=ORIENTED_EDGE('',*,*,#1890,.T.);
#3309=ORIENTED_EDGE('',*,*,#2175,.T.);
#3310=ORIENTED_EDGE('',*,*,#1908,.T.);
#3311=ORIENTED_EDGE('',*,*,#2023,.T.);
#3312=ORIENTED_EDGE('',*,*,#2327,.T.);
#3313=ORIENTED_EDGE('',*,*,#2176,.T.);
#3314=ORIENTED_EDGE('',*,*,#2327,.F.);
#3315=ORIENTED_EDGE('',*,*,#2022,.T.);
#3316=ORIENTED_EDGE('',*,*,#2034,.T.);
#3317=ORIENTED_EDGE('',*,*,#2328,.F.);
#3318=ORIENTED_EDGE('',*,*,#2177,.T.);
#3319=ORIENTED_EDGE('',*,*,#2328,.T.);
#3320=ORIENTED_EDGE('',*,*,#2033,.T.);
#3321=ORIENTED_EDGE('',*,*,#1894,.T.);
#3322=ORIENTED_EDGE('',*,*,#1979,.T.);
#3323=ORIENTED_EDGE('',*,*,#1898,.T.);
#3324=ORIENTED_EDGE('',*,*,#2026,.T.);
#3325=ORIENTED_EDGE('',*,*,#2329,.T.);
#3326=ORIENTED_EDGE('',*,*,#1981,.T.);
#3327=ORIENTED_EDGE('',*,*,#2330,.F.);
#3328=ORIENTED_EDGE('',*,*,#2024,.T.);
#3329=ORIENTED_EDGE('',*,*,#1906,.T.);
#3330=ORIENTED_EDGE('',*,*,#1980,.T.);
#3331=ORIENTED_EDGE('',*,*,#2329,.F.);
#3332=ORIENTED_EDGE('',*,*,#2025,.T.);
#3333=ORIENTED_EDGE('',*,*,#2330,.T.);
#3334=ORIENTED_EDGE('',*,*,#2174,.T.);
#3335=ORIENTED_EDGE('',*,*,#2331,.T.);
#3336=ORIENTED_EDGE('',*,*,#1982,.T.);
#3337=ORIENTED_EDGE('',*,*,#1904,.T.);
#3338=ORIENTED_EDGE('',*,*,#2173,.T.);
#3339=ORIENTED_EDGE('',*,*,#2332,.F.);
#3340=ORIENTED_EDGE('',*,*,#1971,.T.);
#3341=ORIENTED_EDGE('',*,*,#1983,.T.);
#3342=ORIENTED_EDGE('',*,*,#2331,.F.);
#3343=ORIENTED_EDGE('',*,*,#2172,.T.);
#3344=ORIENTED_EDGE('',*,*,#1910,.T.);
#3345=ORIENTED_EDGE('',*,*,#1972,.T.);
#3346=ORIENTED_EDGE('',*,*,#2332,.T.);
#3347=ORIENTED_EDGE('',*,*,#1825,.T.);
#3348=ORIENTED_EDGE('',*,*,#2333,.F.);
#3349=ORIENTED_EDGE('',*,*,#2202,.T.);
#3350=ORIENTED_EDGE('',*,*,#2334,.T.);
#3351=ORIENTED_EDGE('',*,*,#1826,.T.);
#3352=ORIENTED_EDGE('',*,*,#2334,.F.);
#3353=ORIENTED_EDGE('',*,*,#2201,.T.);
#3354=ORIENTED_EDGE('',*,*,#1877,.T.);
#3355=ORIENTED_EDGE('',*,*,#1824,.T.);
#3356=ORIENTED_EDGE('',*,*,#1940,.T.);
#3357=ORIENTED_EDGE('',*,*,#2203,.T.);
#3358=ORIENTED_EDGE('',*,*,#2333,.T.);
#3359=ORIENTED_EDGE('',*,*,#2163,.T.);
#3360=ORIENTED_EDGE('',*,*,#1915,.T.);
#3361=ORIENTED_EDGE('',*,*,#1856,.T.);
#3362=ORIENTED_EDGE('',*,*,#2335,.F.);
#3363=ORIENTED_EDGE('',*,*,#2165,.T.);
#3364=ORIENTED_EDGE('',*,*,#2336,.F.);
#3365=ORIENTED_EDGE('',*,*,#1870,.T.);
#3366=ORIENTED_EDGE('',*,*,#1936,.T.);
#3367=ORIENTED_EDGE('',*,*,#2164,.T.);
#3368=ORIENTED_EDGE('',*,*,#2335,.T.);
#3369=ORIENTED_EDGE('',*,*,#1855,.T.);
#3370=ORIENTED_EDGE('',*,*,#1871,.T.);
#3371=ORIENTED_EDGE('',*,*,#2336,.T.);
#3372=ORIENTED_EDGE('',*,*,#2181,.T.);
#3373=ORIENTED_EDGE('',*,*,#2337,.T.);
#3374=ORIENTED_EDGE('',*,*,#1943,.T.);
#3375=ORIENTED_EDGE('',*,*,#1956,.T.);
#3376=ORIENTED_EDGE('',*,*,#2338,.T.);
#3377=ORIENTED_EDGE('',*,*,#2180,.T.);
#3378=ORIENTED_EDGE('',*,*,#1919,.T.);
#3379=ORIENTED_EDGE('',*,*,#1944,.T.);
#3380=ORIENTED_EDGE('',*,*,#2337,.F.);
#3381=ORIENTED_EDGE('',*,*,#2159,.T.);
#3382=ORIENTED_EDGE('',*,*,#2338,.F.);
#3383=ORIENTED_EDGE('',*,*,#1955,.T.);
#3384=ORIENTED_EDGE('',*,*,#1927,.T.);
#3385=ORIENTED_EDGE('',*,*,#1841,.T.);
#3386=ORIENTED_EDGE('',*,*,#2339,.T.);
#3387=ORIENTED_EDGE('',*,*,#1952,.T.);
#3388=ORIENTED_EDGE('',*,*,#2096,.T.);
#3389=ORIENTED_EDGE('',*,*,#1840,.T.);
#3390=ORIENTED_EDGE('',*,*,#2340,.T.);
#3391=ORIENTED_EDGE('',*,*,#1953,.T.);
#3392=ORIENTED_EDGE('',*,*,#2339,.F.);
#3393=ORIENTED_EDGE('',*,*,#1839,.T.);
#3394=ORIENTED_EDGE('',*,*,#1924,.T.);
#3395=ORIENTED_EDGE('',*,*,#1954,.T.);
#3396=ORIENTED_EDGE('',*,*,#2340,.F.);
#3397=ORIENTED_EDGE('',*,*,#1822,.T.);
#3398=ORIENTED_EDGE('',*,*,#2341,.T.);
#3399=ORIENTED_EDGE('',*,*,#1866,.T.);
#3400=ORIENTED_EDGE('',*,*,#1937,.T.);
#3401=ORIENTED_EDGE('',*,*,#1820,.T.);
#3402=ORIENTED_EDGE('',*,*,#1933,.T.);
#3403=ORIENTED_EDGE('',*,*,#1868,.T.);
#3404=ORIENTED_EDGE('',*,*,#2342,.F.);
#3405=ORIENTED_EDGE('',*,*,#1821,.T.);
#3406=ORIENTED_EDGE('',*,*,#2342,.T.);
#3407=ORIENTED_EDGE('',*,*,#1867,.T.);
#3408=ORIENTED_EDGE('',*,*,#2341,.F.);
#3409=ORIENTED_EDGE('',*,*,#2187,.T.);
#3410=ORIENTED_EDGE('',*,*,#2343,.F.);
#3411=ORIENTED_EDGE('',*,*,#1843,.T.);
#3412=ORIENTED_EDGE('',*,*,#2095,.T.);
#3413=ORIENTED_EDGE('',*,*,#2208,.T.);
#3414=ORIENTED_EDGE('',*,*,#2344,.T.);
#3415=ORIENTED_EDGE('',*,*,#1844,.T.);
#3416=ORIENTED_EDGE('',*,*,#2343,.T.);
#3417=ORIENTED_EDGE('',*,*,#2207,.T.);
#3418=ORIENTED_EDGE('',*,*,#1929,.T.);
#3419=ORIENTED_EDGE('',*,*,#1845,.T.);
#3420=ORIENTED_EDGE('',*,*,#2344,.F.);
#3421=B_SPLINE_SURFACE_WITH_KNOTS('',3,3,((#4792,#4793,#4794,#4795),(#4796,
#4797,#4798,#4799),(#4800,#4801,#4802,#4803),(#4804,#4805,#4806,#4807)),
 .UNSPECIFIED.,.F.,.F.,.F.,(4,4),(4,4),(0.0659712396195498,0.931825699096098),
(-0.0649415878817585,0.944692651748564),.UNSPECIFIED.);
#3422=B_SPLINE_SURFACE_WITH_KNOTS('',3,1,((#5349,#5350),(#5351,#5352),(#5353,
#5354),(#5355,#5356)),.UNSPECIFIED.,.F.,.F.,.F.,(4,4),(2,2),(-0.230387484881535,
-0.133236973622534),(0.,0.542735450589348),.UNSPECIFIED.);
#3423=B_SPLINE_SURFACE_WITH_KNOTS('',3,1,((#5405,#5406),(#5407,#5408),(#5409,
#5410),(#5411,#5412)),.UNSPECIFIED.,.F.,.F.,.F.,(4,4),(2,2),(-0.230387484921272,
-0.133236973655234),(0.,2.20800000000373),.UNSPECIFIED.);
#3424=B_SPLINE_SURFACE_WITH_KNOTS('',3,1,((#5423,#5424),(#5425,#5426),(#5427,
#5428),(#5429,#5430)),.UNSPECIFIED.,.F.,.F.,.F.,(4,4),(2,2),(-0.420848107907257,
-0.246456117117135),(0.,2.2080000000187),.UNSPECIFIED.);
#3425=B_SPLINE_SURFACE_WITH_KNOTS('',3,1,((#5438,#5439),(#5440,#5441),(#5442,
#5443),(#5444,#5445)),.UNSPECIFIED.,.F.,.F.,.F.,(4,4),(2,2),(-0.230387484931769,
-0.133236973666611),(0.,2.43600000001181),.UNSPECIFIED.);
#3426=B_SPLINE_SURFACE_WITH_KNOTS('',3,1,((#5489,#5490),(#5491,#5492),(#5493,
#5494),(#5495,#5496)),.UNSPECIFIED.,.F.,.F.,.F.,(4,4),(2,2),(-0.230387484941491,
-0.133236973684417),(0.,0.54273545057364),.UNSPECIFIED.);
#3427=B_SPLINE_SURFACE_WITH_KNOTS('',3,1,((#5540,#5541),(#5542,#5543),(#5544,
#5545),(#5546,#5547)),.UNSPECIFIED.,.F.,.F.,.F.,(4,4),(2,2),(-0.420848107928684,
-0.246456117145533),(0.,0.542341085788441),.UNSPECIFIED.);
#3428=B_SPLINE_SURFACE_WITH_KNOTS('',3,1,((#5582,#5583),(#5584,#5585),(#5586,
#5587),(#5588,#5589)),.UNSPECIFIED.,.F.,.F.,.F.,(4,4),(2,2),(-0.230387484937158,
-0.133236973678708),(0.,1.1220000000049),.UNSPECIFIED.);
#3429=B_SPLINE_SURFACE_WITH_KNOTS('',3,1,((#5665,#5666),(#5667,#5668),(#5669,
#5670),(#5671,#5672)),.UNSPECIFIED.,.F.,.F.,.F.,(4,4),(2,2),(-0.4208481079259,
-0.246456117139569),(0.,1.12200000001466),.UNSPECIFIED.);
#3430=B_SPLINE_SURFACE_WITH_KNOTS('',3,1,((#5751,#5752),(#5753,#5754),(#5755,
#5756),(#5757,#5758)),.UNSPECIFIED.,.F.,.F.,.F.,(4,4),(2,2),(-0.420848107919871,
-0.246456117126341),(0.,2.43600000001328),.UNSPECIFIED.);
#3431=B_SPLINE_SURFACE_WITH_KNOTS('',3,1,((#5799,#5800),(#5801,#5802),(#5803,
#5804),(#5805,#5806)),.UNSPECIFIED.,.F.,.F.,.F.,(4,4),(2,2),(-0.420848107889694,
-0.246456117094677),(0.,3.28800000001733),.UNSPECIFIED.);
#3432=B_SPLINE_SURFACE_WITH_KNOTS('',3,1,((#5813,#5814),(#5815,#5816),(#5817,
#5818),(#5819,#5820)),.UNSPECIFIED.,.F.,.F.,.F.,(4,4),(2,2),(-0.420848107867476,
-0.246456117084826),(0.,0.542341085777466),.UNSPECIFIED.);
#3433=B_SPLINE_SURFACE_WITH_KNOTS('',3,1,((#5866,#5867),(#5868,#5869),(#5870,
#5871),(#5872,#5873)),.UNSPECIFIED.,.F.,.F.,.F.,(4,4),(2,2),(-0.42084810787293,
-0.246456117089188),(0.,1.12200000001585),.UNSPECIFIED.);
#3434=B_SPLINE_SURFACE_WITH_KNOTS('',3,1,((#5916,#5917),(#5918,#5919),(#5920,
#5921),(#5922,#5923)),.UNSPECIFIED.,.F.,.F.,.F.,(4,4),(2,2),(-0.230387484902452,
-0.133236973632039),(0.,3.28800000000381),.UNSPECIFIED.);
#3435=B_SPLINE_SURFACE_WITH_KNOTS('',3,1,((#5930,#5931),(#5932,#5933),(#5934,
#5935),(#5936,#5937)),.UNSPECIFIED.,.F.,.F.,.F.,(4,4),(2,2),(-0.42084810789652,
-0.246456117110204),(0.,1.35600000001371),.UNSPECIFIED.);
#3436=B_SPLINE_SURFACE_WITH_KNOTS('',3,1,((#5944,#5945),(#5946,#5947),(#5948,
#5949),(#5950,#5951)),.UNSPECIFIED.,.F.,.F.,.F.,(4,4),(2,2),(-0.230387484909125,
-0.133236973648122),(0.,1.35600000000388),.UNSPECIFIED.);
#3437=B_SPLINE_SURFACE_WITH_KNOTS('',3,1,((#6136,#6137),(#6138,#6139),(#6140,
#6141),(#6142,#6143)),.UNSPECIFIED.,.F.,.F.,.F.,(4,4),(2,2),(-0.288008117647807,
-0.189063181282764),(0.,0.48000000000273),.UNSPECIFIED.);
#3438=B_SPLINE_SURFACE_WITH_KNOTS('',3,1,((#6263,#6264),(#6265,#6266),(#6267,
#6268),(#6269,#6270)),.UNSPECIFIED.,.F.,.F.,.F.,(4,4),(2,2),(-0.288008117653054,
-0.189063181288205),(0.,0.48000000000288),.UNSPECIFIED.);
#3439=B_SPLINE_SURFACE_WITH_KNOTS('',3,1,((#6364,#6365),(#6366,#6367),(#6368,
#6369),(#6370,#6371)),.UNSPECIFIED.,.F.,.F.,.F.,(4,4),(2,2),(-0.230387484886947,
-0.133236973625884),(0.,1.12200000000321),.UNSPECIFIED.);
#3440=B_SPLINE_SURFACE_WITH_KNOTS('',3,1,((#6471,#6472),(#6473,#6474),(#6475,
#6476),(#6477,#6478)),.UNSPECIFIED.,.F.,.F.,.F.,(4,4),(2,2),(-0.288008117625767,
-0.18906318126116),(0.,0.480000000002641),.UNSPECIFIED.);
#3441=B_SPLINE_SURFACE_WITH_KNOTS('',3,1,((#6479,#6480),(#6481,#6482),(#6483,
#6484),(#6485,#6486)),.UNSPECIFIED.,.F.,.F.,.F.,(4,4),(2,2),(-0.288008117618635,
-0.189063181254299),(0.,0.480000000003088),.UNSPECIFIED.);
#3442=B_SPLINE_SURFACE_WITH_KNOTS('',3,1,((#6487,#6488),(#6489,#6490),(#6491,
#6492),(#6493,#6494)),.UNSPECIFIED.,.F.,.F.,.F.,(4,4),(2,2),(-0.288008117597814,
-0.189063181233228),(0.,0.480000000003238),.UNSPECIFIED.);
#3443=B_SPLINE_SURFACE_WITH_KNOTS('',3,1,((#6539,#6540),(#6541,#6542),(#6543,
#6544),(#6545,#6546)),.UNSPECIFIED.,.F.,.F.,.F.,(4,4),(2,2),(-0.288008117603657,
-0.189063181238682),(0.,0.480000000003084),.UNSPECIFIED.);
#3444=B_SPLINE_SURFACE_WITH_KNOTS('',3,3,((#6635,#6636,#6637,#6638),(#6639,
#6640,#6641,#6642),(#6643,#6644,#6645,#6646),(#6647,#6648,#6649,#6650)),
 .UNSPECIFIED.,.F.,.F.,.F.,(4,4),(4,4),(0.0659712396191258,0.931825699096109),
(-0.0648939118958056,0.944692651748508),.UNSPECIFIED.);
#3445=B_SPLINE_SURFACE_WITH_KNOTS('',3,3,((#6729,#6730,#6731,#6732),(#6733,
#6734,#6735,#6736),(#6737,#6738,#6739,#6740),(#6741,#6742,#6743,#6744)),
 .UNSPECIFIED.,.F.,.F.,.F.,(4,4),(4,4),(-4.429913065508E-5,1.00004429913123),
(-0.154188420415584,1.),.UNSPECIFIED.);
#3446=B_SPLINE_SURFACE_WITH_KNOTS('',3,1,((#6765,#6766),(#6767,#6768),(#6769,
#6770),(#6771,#6772),(#6773,#6774)),.UNSPECIFIED.,.F.,.F.,.F.,(4,1,4),(2,
2),(0.,0.571428571428571,1.),(0.,12.9606786989158),.UNSPECIFIED.);
#3447=B_SPLINE_SURFACE_WITH_KNOTS('',3,3,((#6783,#6784,#6785,#6786,#6787,
#6788,#6789),(#6790,#6791,#6792,#6793,#6794,#6795,#6796),(#6797,#6798,#6799,
#6800,#6801,#6802,#6803),(#6804,#6805,#6806,#6807,#6808,#6809,#6810),(#6811,
#6812,#6813,#6814,#6815,#6816,#6817)),.UNSPECIFIED.,.F.,.F.,.F.,(4,1,4),
(4,1,1,1,4),(0.,0.571428571428571,1.),(0.,0.732506342215041,1.46501268443008,
1.8312658555376,2.56377219775265),.UNSPECIFIED.);
#3448=B_SPLINE_SURFACE_WITH_KNOTS('',3,3,((#6834,#6835,#6836,#6837,#6838,
#6839,#6840),(#6841,#6842,#6843,#6844,#6845,#6846,#6847),(#6848,#6849,#6850,
#6851,#6852,#6853,#6854),(#6855,#6856,#6857,#6858,#6859,#6860,#6861),(#6862,
#6863,#6864,#6865,#6866,#6867,#6868)),.UNSPECIFIED.,.F.,.F.,.F.,(4,1,4),
(4,1,1,1,4),(0.,0.571428571428571,1.),(0.,0.732506342235225,1.46501268447045,
2.19751902670568,2.56377219782329),.UNSPECIFIED.);
#3449=B_SPLINE_SURFACE_WITH_KNOTS('',3,3,((#6886,#6887,#6888,#6889,#6890,
#6891,#6892,#6893,#6894,#6895,#6896,#6897,#6898),(#6899,#6900,#6901,#6902,
#6903,#6904,#6905,#6906,#6907,#6908,#6909,#6910,#6911),(#6912,#6913,#6914,
#6915,#6916,#6917,#6918,#6919,#6920,#6921,#6922,#6923,#6924),(#6925,#6926,
#6927,#6928,#6929,#6930,#6931,#6932,#6933,#6934,#6935,#6936,#6937),(#6938,
#6939,#6940,#6941,#6942,#6943,#6944,#6945,#6946,#6947,#6948,#6949,#6950)),
 .UNSPECIFIED.,.F.,.F.,.F.,(4,1,4),(4,1,1,1,2,1,1,2,4),(0.,0.571428571428571,
1.),(0.,0.272956510501767,0.545913021003534,1.6377390630106,2.72956510501767,
6.84103654564051,8.21152702584813,9.58201750605574,9.79699807865082),
 .UNSPECIFIED.);
#3450=B_SPLINE_SURFACE_WITH_KNOTS('',3,3,((#6966,#6967,#6968,#6969,#6970,
#6971,#6972,#6973,#6974,#6975,#6976,#6977,#6978,#6979),(#6980,#6981,#6982,
#6983,#6984,#6985,#6986,#6987,#6988,#6989,#6990,#6991,#6992,#6993),(#6994,
#6995,#6996,#6997,#6998,#6999,#7000,#7001,#7002,#7003,#7004,#7005,#7006,
#7007),(#7008,#7009,#7010,#7011,#7012,#7013,#7014,#7015,#7016,#7017,#7018,
#7019,#7020,#7021),(#7022,#7023,#7024,#7025,#7026,#7027,#7028,#7029,#7030,
#7031,#7032,#7033,#7034,#7035)),.UNSPECIFIED.,.F.,.F.,.F.,(4,1,4),(4,1,
1,1,2,1,1,1,2,4),(0.,0.571428571428571,1.),(0.,0.272956510769404,0.545913021538807,
1.63773906461642,2.72956510769404,5.47054606811234,6.84103654832149,8.21152702853064,
9.5820175087398,9.79699807866725),.UNSPECIFIED.);
#3451=B_SPLINE_SURFACE_WITH_KNOTS('',3,3,((#7067,#7068,#7069,#7070,#7071,
#7072),(#7073,#7074,#7075,#7076,#7077,#7078),(#7079,#7080,#7081,#7082,#7083,
#7084),(#7085,#7086,#7087,#7088,#7089,#7090),(#7091,#7092,#7093,#7094,#7095,
#7096)),.UNSPECIFIED.,.F.,.F.,.F.,(4,1,4),(4,1,1,4),(0.,0.571428571428571,
1.00030862552847),(-0.000308625528473091,0.750691999892191,1.50138399978438,
2.62773062515091),.UNSPECIFIED.);
#3452=B_SPLINE_SURFACE_WITH_KNOTS('',3,3,((#7158,#7159,#7160,#7161,#7162,
#7163,#7164),(#7165,#7166,#7167,#7168,#7169,#7170,#7171),(#7172,#7173,#7174,
#7175,#7176,#7177,#7178),(#7179,#7180,#7181,#7182,#7183,#7184,#7185),(#7186,
#7187,#7188,#7189,#7190,#7191,#7192)),.UNSPECIFIED.,.F.,.F.,.F.,(4,1,4),
(4,1,1,1,4),(-0.00047048997602138,0.571428571428571,1.),(-0.00047048997602138,
0.375345999905245,1.12603799971574,1.87672999952623,2.62789248931274),
 .UNSPECIFIED.);
#3453=B_SPLINE_SURFACE_WITH_KNOTS('',3,1,((#7258,#7259),(#7260,#7261),(#7262,
#7263),(#7264,#7265),(#7266,#7267)),.UNSPECIFIED.,.F.,.F.,.F.,(4,1,4),(2,
2),(0.,0.571428571428571,1.),(0.,12.9320378823008),.UNSPECIFIED.);
#3454=B_SPLINE_SURFACE_WITH_KNOTS('',3,3,((#7270,#7271,#7272,#7273),(#7274,
#7275,#7276,#7277),(#7278,#7279,#7280,#7281),(#7282,#7283,#7284,#7285),
(#7286,#7287,#7288,#7289),(#7290,#7291,#7292,#7293),(#7294,#7295,#7296,
#7297)),.UNSPECIFIED.,.F.,.F.,.F.,(4,1,1,1,4),(4,4),(0.,0.285714285714286,
0.571428571428571,0.857142857142857,1.),(-0.134873790497537,1.),
 .UNSPECIFIED.);
#3455=B_SPLINE_SURFACE_WITH_KNOTS('',3,3,((#7310,#7311,#7312,#7313),(#7314,
#7315,#7316,#7317),(#7318,#7319,#7320,#7321),(#7322,#7323,#7324,#7325),
(#7326,#7327,#7328,#7329),(#7330,#7331,#7332,#7333),(#7334,#7335,#7336,
#7337)),.UNSPECIFIED.,.F.,.F.,.F.,(4,1,1,1,4),(4,4),(0.,0.285714285714286,
0.571428571428571,0.857142857142857,1.),(-0.0867487416573402,1.),
 .UNSPECIFIED.);
#3456=B_SPLINE_SURFACE_WITH_KNOTS('',3,1,((#7354,#7355),(#7356,#7357),(#7358,
#7359),(#7360,#7361),(#7362,#7363),(#7364,#7365),(#7366,#7367)),
 .UNSPECIFIED.,.F.,.F.,.F.,(4,1,1,1,4),(2,2),(-0.574482017916546,-0.492413158214176,
-0.328275438809436,-0.164137719404696,4.39194871718885E-14),(0.,38.5589449672362),
 .UNSPECIFIED.);
#3457=B_SPLINE_SURFACE_WITH_KNOTS('',3,3,((#7394,#7395,#7396,#7397),(#7398,
#7399,#7400,#7401),(#7402,#7403,#7404,#7405),(#7406,#7407,#7408,#7409),
(#7410,#7411,#7412,#7413),(#7414,#7415,#7416,#7417),(#7418,#7419,#7420,
#7421)),.UNSPECIFIED.,.F.,.F.,.F.,(4,1,1,1,4),(4,4),(-4.54799331254171E-13,
0.285714285714156,0.571428571428766,0.857142857143376,1.00000000000068),
(-0.0867487416940437,1.),.UNSPECIFIED.);
#3458=B_SPLINE_SURFACE_WITH_KNOTS('',3,3,((#7423,#7424,#7425,#7426),(#7427,
#7428,#7429,#7430),(#7431,#7432,#7433,#7434),(#7435,#7436,#7437,#7438)),
 .UNSPECIFIED.,.F.,.F.,.F.,(4,4),(4,4),(-3.98921290801613E-5,1.00003989213078),
(-0.154184013395595,1.),.UNSPECIFIED.);
#3459=B_SPLINE_SURFACE_WITH_KNOTS('',3,3,((#7440,#7441,#7442,#7443),(#7444,
#7445,#7446,#7447),(#7448,#7449,#7450,#7451),(#7452,#7453,#7454,#7455),
(#7456,#7457,#7458,#7459),(#7460,#7461,#7462,#7463),(#7464,#7465,#7466,
#7467)),.UNSPECIFIED.,.F.,.F.,.F.,(4,1,1,1,4),(4,4),(-2.88730861668189E-14,
0.285714285720522,0.428571428580798,0.714285714301349,1.0000000000219),
(-0.134873790443399,1.),.UNSPECIFIED.);
#3460=ADVANCED_FACE('',(#980),#3421,.F.);
#3461=ADVANCED_FACE('',(#981),#974,.T.);
#3462=ADVANCED_FACE('',(#982),#975,.T.);
#3463=ADVANCED_FACE('',(#983),#976,.T.);
#3464=ADVANCED_FACE('',(#984),#3422,.T.);
#3465=ADVANCED_FACE('',(#985),#3423,.T.);
#3466=ADVANCED_FACE('',(#986),#3424,.T.);
#3467=ADVANCED_FACE('',(#987),#3425,.T.);
#3468=ADVANCED_FACE('',(#988),#3426,.T.);
#3469=ADVANCED_FACE('',(#989),#3427,.T.);
#3470=ADVANCED_FACE('',(#990),#3428,.T.);
#3471=ADVANCED_FACE('',(#991),#3429,.T.);
#3472=ADVANCED_FACE('',(#992),#3430,.T.);
#3473=ADVANCED_FACE('',(#993),#3431,.T.);
#3474=ADVANCED_FACE('',(#994),#3432,.T.);
#3475=ADVANCED_FACE('',(#995),#3433,.T.);
#3476=ADVANCED_FACE('',(#996),#3434,.T.);
#3477=ADVANCED_FACE('',(#997),#3435,.T.);
#3478=ADVANCED_FACE('',(#998),#3436,.T.);
#3479=ADVANCED_FACE('',(#999),#977,.T.);
#3480=ADVANCED_FACE('',(#1000,#15),#22,.F.);
#3481=ADVANCED_FACE('',(#1001),#978,.T.);
#3482=ADVANCED_FACE('',(#1002),#23,.T.);
#3483=ADVANCED_FACE('',(#1003),#24,.T.);
#3484=ADVANCED_FACE('',(#1004),#25,.T.);
#3485=ADVANCED_FACE('',(#1005),#26,.T.);
#3486=ADVANCED_FACE('',(#1006),#27,.T.);
#3487=ADVANCED_FACE('',(#1007),#28,.T.);
#3488=ADVANCED_FACE('',(#1008),#29,.T.);
#3489=ADVANCED_FACE('',(#1009),#30,.T.);
#3490=ADVANCED_FACE('',(#1010),#31,.T.);
#3491=ADVANCED_FACE('',(#1011),#32,.T.);
#3492=ADVANCED_FACE('',(#1012),#33,.T.);
#3493=ADVANCED_FACE('',(#1013),#34,.T.);
#3494=ADVANCED_FACE('',(#1014),#3437,.T.);
#3495=ADVANCED_FACE('',(#1015,#16),#35,.F.);
#3496=ADVANCED_FACE('',(#1016),#979,.T.);
#3497=ADVANCED_FACE('',(#1017),#36,.T.);
#3498=ADVANCED_FACE('',(#1018),#37,.T.);
#3499=ADVANCED_FACE('',(#1019),#38,.T.);
#3500=ADVANCED_FACE('',(#1020),#39,.T.);
#3501=ADVANCED_FACE('',(#1021),#40,.T.);
#3502=ADVANCED_FACE('',(#1022),#41,.T.);
#3503=ADVANCED_FACE('',(#1023),#42,.T.);
#3504=ADVANCED_FACE('',(#1024),#43,.T.);
#3505=ADVANCED_FACE('',(#1025),#44,.T.);
#3506=ADVANCED_FACE('',(#1026),#45,.T.);
#3507=ADVANCED_FACE('',(#1027),#46,.T.);
#3508=ADVANCED_FACE('',(#1028),#47,.T.);
#3509=ADVANCED_FACE('',(#1029),#3438,.T.);
#3510=ADVANCED_FACE('',(#1030),#48,.T.);
#3511=ADVANCED_FACE('',(#1031),#49,.T.);
#3512=ADVANCED_FACE('',(#1032),#50,.T.);
#3513=ADVANCED_FACE('',(#1033),#51,.T.);
#3514=ADVANCED_FACE('',(#1034),#52,.T.);
#3515=ADVANCED_FACE('',(#1035),#53,.T.);
#3516=ADVANCED_FACE('',(#1036),#54,.T.);
#3517=ADVANCED_FACE('',(#1037),#55,.T.);
#3518=ADVANCED_FACE('',(#1038),#56,.T.);
#3519=ADVANCED_FACE('',(#1039),#57,.T.);
#3520=ADVANCED_FACE('',(#1040),#58,.T.);
#3521=ADVANCED_FACE('',(#1041),#59,.T.);
#3522=ADVANCED_FACE('',(#1042,#17),#60,.F.);
#3523=ADVANCED_FACE('',(#1043),#3439,.T.);
#3524=ADVANCED_FACE('',(#1044,#18),#61,.F.);
#3525=ADVANCED_FACE('',(#1045),#62,.T.);
#3526=ADVANCED_FACE('',(#1046),#63,.T.);
#3527=ADVANCED_FACE('',(#1047),#64,.T.);
#3528=ADVANCED_FACE('',(#1048),#65,.T.);
#3529=ADVANCED_FACE('',(#1049),#66,.T.);
#3530=ADVANCED_FACE('',(#1050),#67,.T.);
#3531=ADVANCED_FACE('',(#1051),#68,.T.);
#3532=ADVANCED_FACE('',(#1052),#69,.T.);
#3533=ADVANCED_FACE('',(#1053),#70,.T.);
#3534=ADVANCED_FACE('',(#1054),#71,.T.);
#3535=ADVANCED_FACE('',(#1055),#72,.T.);
#3536=ADVANCED_FACE('',(#1056),#73,.T.);
#3537=ADVANCED_FACE('',(#1057),#3440,.T.);
#3538=ADVANCED_FACE('',(#1058),#3441,.T.);
#3539=ADVANCED_FACE('',(#1059),#3442,.T.);
#3540=ADVANCED_FACE('',(#1060),#3443,.T.);
#3541=ADVANCED_FACE('',(#1061),#74,.T.);
#3542=ADVANCED_FACE('',(#1062),#3444,.T.);
#3543=ADVANCED_FACE('',(#1063),#75,.T.);
#3544=ADVANCED_FACE('',(#1064),#3445,.F.);
#3545=ADVANCED_FACE('',(#1065),#3446,.F.);
#3546=ADVANCED_FACE('',(#1066),#3447,.F.);
#3547=ADVANCED_FACE('',(#1067),#3448,.F.);
#3548=ADVANCED_FACE('',(#1068),#3449,.F.);
#3549=ADVANCED_FACE('',(#1069),#3450,.F.);
#3550=ADVANCED_FACE('',(#1070),#3451,.F.);
#3551=ADVANCED_FACE('',(#1071),#3452,.F.);
#3552=ADVANCED_FACE('',(#1072),#3453,.F.);
#3553=ADVANCED_FACE('',(#1073),#3454,.F.);
#3554=ADVANCED_FACE('',(#1074),#3455,.F.);
#3555=ADVANCED_FACE('',(#1075),#76,.F.);
#3556=ADVANCED_FACE('',(#1076),#3456,.F.);
#3557=ADVANCED_FACE('',(#1077,#19),#77,.T.);
#3558=ADVANCED_FACE('',(#1078),#3457,.T.);
#3559=ADVANCED_FACE('',(#1079),#3458,.T.);
#3560=ADVANCED_FACE('',(#1080),#3459,.T.);
#3561=ADVANCED_FACE('',(#1081),#78,.F.);
#3562=ADVANCED_FACE('',(#1082),#79,.T.);
#3563=ADVANCED_FACE('',(#1083),#80,.T.);
#3564=ADVANCED_FACE('',(#1084),#81,.T.);
#3565=ADVANCED_FACE('',(#1085),#82,.T.);
#3566=ADVANCED_FACE('',(#1086),#83,.T.);
#3567=ADVANCED_FACE('',(#1087),#84,.T.);
#3568=ADVANCED_FACE('',(#1088),#85,.T.);
#3569=ADVANCED_FACE('',(#1089),#86,.T.);
#3570=ADVANCED_FACE('',(#1090),#87,.T.);
#3571=ADVANCED_FACE('',(#1091),#88,.T.);
#3572=ADVANCED_FACE('',(#1092),#89,.T.);
#3573=ADVANCED_FACE('',(#1093),#90,.T.);
#3574=ADVANCED_FACE('',(#1094,#20),#91,.F.);
#3575=ADVANCED_FACE('',(#1095,#21),#92,.F.);
#3576=ADVANCED_FACE('',(#1096),#93,.T.);
#3577=ADVANCED_FACE('',(#1097),#94,.T.);
#3578=ADVANCED_FACE('',(#1098),#95,.T.);
#3579=ADVANCED_FACE('',(#1099),#96,.T.);
#3580=ADVANCED_FACE('',(#1100),#97,.T.);
#3581=ADVANCED_FACE('',(#1101),#98,.T.);
#3582=ADVANCED_FACE('',(#1102),#99,.T.);
#3583=ADVANCED_FACE('',(#1103),#100,.T.);
#3584=ADVANCED_FACE('',(#1104),#101,.T.);
#3585=ADVANCED_FACE('',(#1105),#102,.T.);
#3586=ADVANCED_FACE('',(#1106),#103,.T.);
#3587=ADVANCED_FACE('',(#1107),#104,.T.);
#3588=ADVANCED_FACE('',(#1108),#105,.F.);
#3589=ADVANCED_FACE('',(#1109),#106,.F.);
#3590=ADVANCED_FACE('',(#1110),#107,.T.);
#3591=ADVANCED_FACE('',(#1111),#108,.F.);
#3592=ADVANCED_FACE('',(#1112),#109,.T.);
#3593=ADVANCED_FACE('',(#1113),#110,.F.);
#3594=ADVANCED_FACE('',(#1114),#111,.T.);
#3595=ADVANCED_FACE('',(#1115),#112,.F.);
#3596=ADVANCED_FACE('',(#1116),#113,.F.);
#3597=ADVANCED_FACE('',(#1117),#114,.F.);
#3598=ADVANCED_FACE('',(#1118),#115,.T.);
#3599=ADVANCED_FACE('',(#1119),#116,.F.);
#3600=ADVANCED_FACE('',(#1120),#117,.T.);
#3601=ADVANCED_FACE('',(#1121),#118,.F.);
#3602=ADVANCED_FACE('',(#1122),#119,.F.);
#3603=ADVANCED_FACE('',(#1123),#120,.T.);
#3604=ADVANCED_FACE('',(#1124),#121,.F.);
#3605=ADVANCED_FACE('',(#1125),#122,.F.);
#3606=ADVANCED_FACE('',(#1126),#123,.F.);
#3607=ADVANCED_FACE('',(#1127),#124,.F.);
#3608=ADVANCED_FACE('',(#1128),#125,.F.);
#3609=ADVANCED_FACE('',(#1129),#126,.T.);
#3610=ADVANCED_FACE('',(#1130),#127,.F.);
#3611=ADVANCED_FACE('',(#1131),#128,.F.);
#3612=ADVANCED_FACE('',(#1132),#129,.T.);
#3613=ADVANCED_FACE('',(#1133),#130,.T.);
#3614=ADVANCED_FACE('',(#1134),#131,.T.);
#3615=ADVANCED_FACE('',(#1135),#132,.T.);
#3616=ADVANCED_FACE('',(#1136),#133,.F.);
#3617=ADVANCED_FACE('',(#1137),#134,.F.);
#3618=ADVANCED_FACE('',(#1138),#135,.T.);
#3619=ADVANCED_FACE('',(#1139),#136,.F.);
#3620=ADVANCED_FACE('',(#1140),#137,.F.);
#3621=ADVANCED_FACE('',(#1141),#138,.F.);
#3622=ADVANCED_FACE('',(#1142),#139,.F.);
#3623=ADVANCED_FACE('',(#1143),#140,.T.);
#3624=ADVANCED_FACE('',(#1144),#141,.T.);
#3625=ADVANCED_FACE('',(#1145),#142,.F.);
#3626=ADVANCED_FACE('',(#1146),#143,.F.);
#3627=ADVANCED_FACE('',(#1147),#144,.T.);
#3628=ADVANCED_FACE('',(#1148),#145,.F.);
#3629=ADVANCED_FACE('',(#1149),#146,.F.);
#3630=ADVANCED_FACE('',(#1150),#147,.F.);
#3631=ADVANCED_FACE('',(#1151),#148,.F.);
#3632=ADVANCED_FACE('',(#1152),#149,.T.);
#3633=ADVANCED_FACE('',(#1153),#150,.F.);
#3634=ADVANCED_FACE('',(#1154),#151,.F.);
#3635=ADVANCED_FACE('',(#1155),#152,.T.);
#3636=ADVANCED_FACE('',(#1156),#153,.T.);
#3637=ADVANCED_FACE('',(#1157),#154,.F.);
#3638=ADVANCED_FACE('',(#1158),#155,.F.);
#3639=ADVANCED_FACE('',(#1159),#156,.F.);
#3640=ADVANCED_FACE('',(#1160),#157,.T.);
#3641=ADVANCED_FACE('',(#1161),#158,.F.);
#3642=ADVANCED_FACE('',(#1162),#159,.T.);
#3643=ADVANCED_FACE('',(#1163),#160,.F.);
#3644=ADVANCED_FACE('',(#1164),#161,.F.);
#3645=ADVANCED_FACE('',(#1165),#162,.T.);
#3646=ADVANCED_FACE('',(#1166),#163,.F.);
#3647=ADVANCED_FACE('',(#1167),#164,.F.);
#3648=ADVANCED_FACE('',(#1168),#165,.T.);
#3649=ADVANCED_FACE('',(#1169),#166,.F.);
#3650=ADVANCED_FACE('',(#1170),#167,.F.);
#3651=CLOSED_SHELL('',(#3460,#3461,#3462,#3463,#3464,#3465,#3466,#3467,
#3468,#3469,#3470,#3471,#3472,#3473,#3474,#3475,#3476,#3477,#3478,#3479,
#3480,#3481,#3482,#3483,#3484,#3485,#3486,#3487,#3488,#3489,#3490,#3491,
#3492,#3493,#3494,#3495,#3496,#3497,#3498,#3499,#3500,#3501,#3502,#3503,
#3504,#3505,#3506,#3507,#3508,#3509,#3510,#3511,#3512,#3513,#3514,#3515,
#3516,#3517,#3518,#3519,#3520,#3521,#3522,#3523,#3524,#3525,#3526,#3527,
#3528,#3529,#3530,#3531,#3532,#3533,#3534,#3535,#3536,#3537,#3538,#3539,
#3540,#3541,#3542,#3543,#3544,#3545,#3546,#3547,#3548,#3549,#3550,#3551,
#3552,#3553,#3554,#3555,#3556,#3557,#3558,#3559,#3560,#3561,#3562,#3563,
#3564,#3565,#3566,#3567,#3568,#3569,#3570,#3571,#3572,#3573,#3574,#3575,
#3576,#3577,#3578,#3579,#3580,#3581,#3582,#3583,#3584,#3585,#3586,#3587,
#3588,#3589,#3590,#3591,#3592,#3593,#3594,#3595,#3596,#3597,#3598,#3599,
#3600,#3601,#3602,#3603,#3604,#3605,#3606,#3607,#3608,#3609,#3610,#3611,
#3612,#3613,#3614,#3615,#3616,#3617,#3618,#3619,#3620,#3621,#3622,#3623,
#3624,#3625,#3626,#3627,#3628,#3629,#3630,#3631,#3632,#3633,#3634,#3635,
#3636,#3637,#3638,#3639,#3640,#3641,#3642,#3643,#3644,#3645,#3646,#3647,
#3648,#3649,#3650));
#3652=DERIVED_UNIT_ELEMENT(#3654,1.);
#3653=DERIVED_UNIT_ELEMENT(#7688,-3.);
#3654=(
MASS_UNIT()
NAMED_UNIT(*)
SI_UNIT(.KILO.,.GRAM.)
);
#3655=DERIVED_UNIT((#3652,#3653));
#3656=MEASURE_REPRESENTATION_ITEM('density measure',
POSITIVE_RATIO_MEASURE(7850.),#3655);
#3657=PROPERTY_DEFINITION_REPRESENTATION(#3662,#3659);
#3658=PROPERTY_DEFINITION_REPRESENTATION(#3663,#3660);
#3659=REPRESENTATION('material name',(#3661),#7685);
#3660=REPRESENTATION('density',(#3656),#7685);
#3661=DESCRIPTIVE_REPRESENTATION_ITEM('Steel','Steel');
#3662=PROPERTY_DEFINITION('material property','material name',#7695);
#3663=PROPERTY_DEFINITION('material property','density of part',#7695);
#3664=AXIS2_PLACEMENT_3D('',#4791,#3923,#3924);
#3665=AXIS2_PLACEMENT_3D('',#4872,#3925,#3926);
#3666=AXIS2_PLACEMENT_3D('',#4874,#3927,#3928);
#3667=AXIS2_PLACEMENT_3D('',#4878,#3930,#3931);
#3668=AXIS2_PLACEMENT_3D('',#4913,#3934,#3935);
#3669=AXIS2_PLACEMENT_3D('',#4954,#3938,#3939);
#3670=AXIS2_PLACEMENT_3D('',#4992,#3942,#3943);
#3671=AXIS2_PLACEMENT_3D('',#5029,#3946,#3947);
#3672=AXIS2_PLACEMENT_3D('',#5030,#3948,#3949);
#3673=AXIS2_PLACEMENT_3D('',#5032,#3950,#3951);
#3674=AXIS2_PLACEMENT_3D('',#5036,#3953,#3954);
#3675=AXIS2_PLACEMENT_3D('',#5077,#3957,#3958);
#3676=AXIS2_PLACEMENT_3D('',#5118,#3961,#3962);
#3677=AXIS2_PLACEMENT_3D('',#5156,#3965,#3966);
#3678=AXIS2_PLACEMENT_3D('',#5193,#3969,#3970);
#3679=AXIS2_PLACEMENT_3D('',#5194,#3971,#3972);
#3680=AXIS2_PLACEMENT_3D('',#5196,#3973,#3974);
#3681=AXIS2_PLACEMENT_3D('',#5200,#3976,#3977);
#3682=AXIS2_PLACEMENT_3D('',#5238,#3980,#3981);
#3683=AXIS2_PLACEMENT_3D('',#5276,#3984,#3985);
#3684=AXIS2_PLACEMENT_3D('',#5314,#3988,#3989);
#3685=AXIS2_PLACEMENT_3D('',#5348,#3992,#3993);
#3686=AXIS2_PLACEMENT_3D('',#5370,#3996,#3997);
#3687=AXIS2_PLACEMENT_3D('',#5414,#3998,#3999);
#3688=AXIS2_PLACEMENT_3D('',#5433,#4002,#4003);
#3689=AXIS2_PLACEMENT_3D('',#5436,#4005,#4006);
#3690=AXIS2_PLACEMENT_3D('',#5448,#4008,#4009);
#3691=AXIS2_PLACEMENT_3D('',#5538,#4013,#4014);
#3692=AXIS2_PLACEMENT_3D('',#5550,#4016,#4017);
#3693=AXIS2_PLACEMENT_3D('',#5626,#4021,#4022);
#3694=AXIS2_PLACEMENT_3D('',#5630,#4024,#4025);
#3695=AXIS2_PLACEMENT_3D('',#5675,#4026,#4027);
#3696=AXIS2_PLACEMENT_3D('',#5749,#4029,#4030);
#3697=AXIS2_PLACEMENT_3D('',#5761,#4032,#4033);
#3698=AXIS2_PLACEMENT_3D('',#5765,#4035,#4036);
#3699=AXIS2_PLACEMENT_3D('',#5808,#4038,#4039);
#3700=AXIS2_PLACEMENT_3D('',#5811,#4041,#4042);
#3701=AXIS2_PLACEMENT_3D('',#5823,#4044,#4045);
#3702=AXIS2_PLACEMENT_3D('',#5877,#4049,#4050);
#3703=AXIS2_PLACEMENT_3D('',#5881,#4052,#4053);
#3704=AXIS2_PLACEMENT_3D('',#5925,#4054,#4055);
#3705=AXIS2_PLACEMENT_3D('',#5928,#4057,#4058);
#3706=AXIS2_PLACEMENT_3D('',#5940,#4061,#4062);
#3707=AXIS2_PLACEMENT_3D('',#5943,#4064,#4065);
#3708=AXIS2_PLACEMENT_3D('',#5954,#4067,#4068);
#3709=AXIS2_PLACEMENT_3D('',#5957,#4070,#4071);
#3710=AXIS2_PLACEMENT_3D('',#5958,#4072,#4073);
#3711=AXIS2_PLACEMENT_3D('',#5960,#4074,#4075);
#3712=AXIS2_PLACEMENT_3D('',#5964,#4077,#4078);
#3713=AXIS2_PLACEMENT_3D('',#5969,#4081,#4082);
#3714=AXIS2_PLACEMENT_3D('',#5974,#4085,#4086);
#3715=AXIS2_PLACEMENT_3D('',#6012,#4089,#4090);
#3716=AXIS2_PLACEMENT_3D('',#6016,#4093,#4094);
#3717=AXIS2_PLACEMENT_3D('',#6017,#4095,#4096);
#3718=AXIS2_PLACEMENT_3D('',#6019,#4097,#4098);
#3719=AXIS2_PLACEMENT_3D('',#6044,#4111,#4112);
#3720=AXIS2_PLACEMENT_3D('',#6048,#4114,#4115);
#3721=AXIS2_PLACEMENT_3D('',#6053,#4118,#4119);
#3722=AXIS2_PLACEMENT_3D('',#6058,#4122,#4123);
#3723=AXIS2_PLACEMENT_3D('',#6063,#4126,#4127);
#3724=AXIS2_PLACEMENT_3D('',#6067,#4130,#4131);
#3725=AXIS2_PLACEMENT_3D('',#6068,#4132,#4133);
#3726=AXIS2_PLACEMENT_3D('',#6071,#4134,#4135);
#3727=AXIS2_PLACEMENT_3D('',#6074,#4138,#4139);
#3728=AXIS2_PLACEMENT_3D('',#6078,#4142,#4143);
#3729=AXIS2_PLACEMENT_3D('',#6087,#4145,#4146);
#3730=AXIS2_PLACEMENT_3D('',#6089,#4147,#4148);
#3731=AXIS2_PLACEMENT_3D('',#6091,#4150,#4151);
#3732=AXIS2_PLACEMENT_3D('',#6093,#4152,#4153);
#3733=AXIS2_PLACEMENT_3D('',#6095,#4155,#4156);
#3734=AXIS2_PLACEMENT_3D('',#6104,#4158,#4159);
#3735=AXIS2_PLACEMENT_3D('',#6113,#4161,#4162);
#3736=AXIS2_PLACEMENT_3D('',#6115,#4163,#4164);
#3737=AXIS2_PLACEMENT_3D('',#6117,#4166,#4167);
#3738=AXIS2_PLACEMENT_3D('',#6119,#4168,#4169);
#3739=AXIS2_PLACEMENT_3D('',#6121,#4171,#4172);
#3740=AXIS2_PLACEMENT_3D('',#6130,#4174,#4175);
#3741=AXIS2_PLACEMENT_3D('',#6134,#4178,#4179);
#3742=AXIS2_PLACEMENT_3D('',#6135,#4180,#4181);
#3743=AXIS2_PLACEMENT_3D('',#6144,#4182,#4183);
#3744=AXIS2_PLACEMENT_3D('',#6146,#4184,#4185);
#3745=AXIS2_PLACEMENT_3D('',#6171,#4198,#4199);
#3746=AXIS2_PLACEMENT_3D('',#6175,#4201,#4202);
#3747=AXIS2_PLACEMENT_3D('',#6180,#4205,#4206);
#3748=AXIS2_PLACEMENT_3D('',#6185,#4209,#4210);
#3749=AXIS2_PLACEMENT_3D('',#6190,#4213,#4214);
#3750=AXIS2_PLACEMENT_3D('',#6194,#4217,#4218);
#3751=AXIS2_PLACEMENT_3D('',#6195,#4219,#4220);
#3752=AXIS2_PLACEMENT_3D('',#6198,#4221,#4222);
#3753=AXIS2_PLACEMENT_3D('',#6201,#4225,#4226);
#3754=AXIS2_PLACEMENT_3D('',#6205,#4229,#4230);
#3755=AXIS2_PLACEMENT_3D('',#6214,#4232,#4233);
#3756=AXIS2_PLACEMENT_3D('',#6216,#4234,#4235);
#3757=AXIS2_PLACEMENT_3D('',#6218,#4237,#4238);
#3758=AXIS2_PLACEMENT_3D('',#6220,#4239,#4240);
#3759=AXIS2_PLACEMENT_3D('',#6222,#4242,#4243);
#3760=AXIS2_PLACEMENT_3D('',#6231,#4245,#4246);
#3761=AXIS2_PLACEMENT_3D('',#6240,#4248,#4249);
#3762=AXIS2_PLACEMENT_3D('',#6242,#4250,#4251);
#3763=AXIS2_PLACEMENT_3D('',#6244,#4253,#4254);
#3764=AXIS2_PLACEMENT_3D('',#6246,#4255,#4256);
#3765=AXIS2_PLACEMENT_3D('',#6248,#4258,#4259);
#3766=AXIS2_PLACEMENT_3D('',#6257,#4261,#4262);
#3767=AXIS2_PLACEMENT_3D('',#6261,#4265,#4266);
#3768=AXIS2_PLACEMENT_3D('',#6262,#4267,#4268);
#3769=AXIS2_PLACEMENT_3D('',#6271,#4269,#4270);
#3770=AXIS2_PLACEMENT_3D('',#6274,#4271,#4272);
#3771=AXIS2_PLACEMENT_3D('',#6280,#4276,#4277);
#3772=AXIS2_PLACEMENT_3D('',#6286,#4281,#4282);
#3773=AXIS2_PLACEMENT_3D('',#6297,#4285,#4286);
#3774=AXIS2_PLACEMENT_3D('',#6299,#4287,#4288);
#3775=AXIS2_PLACEMENT_3D('',#6303,#4291,#4292);
#3776=AXIS2_PLACEMENT_3D('',#6305,#4293,#4294);
#3777=AXIS2_PLACEMENT_3D('',#6309,#4297,#4298);
#3778=AXIS2_PLACEMENT_3D('',#6320,#4301,#4302);
#3779=AXIS2_PLACEMENT_3D('',#6331,#4305,#4306);
#3780=AXIS2_PLACEMENT_3D('',#6333,#4307,#4308);
#3781=AXIS2_PLACEMENT_3D('',#6337,#4311,#4312);
#3782=AXIS2_PLACEMENT_3D('',#6339,#4313,#4314);
#3783=AXIS2_PLACEMENT_3D('',#6343,#4317,#4318);
#3784=AXIS2_PLACEMENT_3D('',#6354,#4321,#4322);
#3785=AXIS2_PLACEMENT_3D('',#6360,#4326,#4327);
#3786=AXIS2_PLACEMENT_3D('',#6361,#4328,#4329);
#3787=AXIS2_PLACEMENT_3D('',#6363,#4331,#4332);
#3788=AXIS2_PLACEMENT_3D('',#6373,#4333,#4334);
#3789=AXIS2_PLACEMENT_3D('',#6376,#4336,#4337);
#3790=AXIS2_PLACEMENT_3D('',#6378,#4339,#4340);
#3791=AXIS2_PLACEMENT_3D('',#6403,#4353,#4354);
#3792=AXIS2_PLACEMENT_3D('',#6406,#4355,#4356);
#3793=AXIS2_PLACEMENT_3D('',#6409,#4359,#4360);
#3794=AXIS2_PLACEMENT_3D('',#6413,#4363,#4364);
#3795=AXIS2_PLACEMENT_3D('',#6422,#4366,#4367);
#3796=AXIS2_PLACEMENT_3D('',#6424,#4368,#4369);
#3797=AXIS2_PLACEMENT_3D('',#6426,#4371,#4372);
#3798=AXIS2_PLACEMENT_3D('',#6428,#4373,#4374);
#3799=AXIS2_PLACEMENT_3D('',#6430,#4376,#4377);
#3800=AXIS2_PLACEMENT_3D('',#6439,#4379,#4380);
#3801=AXIS2_PLACEMENT_3D('',#6448,#4382,#4383);
#3802=AXIS2_PLACEMENT_3D('',#6450,#4384,#4385);
#3803=AXIS2_PLACEMENT_3D('',#6452,#4387,#4388);
#3804=AXIS2_PLACEMENT_3D('',#6454,#4389,#4390);
#3805=AXIS2_PLACEMENT_3D('',#6456,#4392,#4393);
#3806=AXIS2_PLACEMENT_3D('',#6465,#4395,#4396);
#3807=AXIS2_PLACEMENT_3D('',#6469,#4399,#4400);
#3808=AXIS2_PLACEMENT_3D('',#6470,#4401,#4402);
#3809=AXIS2_PLACEMENT_3D('',#6497,#4403,#4404);
#3810=AXIS2_PLACEMENT_3D('',#6501,#4406,#4407);
#3811=AXIS2_PLACEMENT_3D('',#6510,#4408,#4409);
#3812=AXIS2_PLACEMENT_3D('',#6519,#4410,#4411);
#3813=AXIS2_PLACEMENT_3D('',#6523,#4413,#4414);
#3814=AXIS2_PLACEMENT_3D('',#6532,#4415,#4416);
#3815=AXIS2_PLACEMENT_3D('',#6549,#4417,#4418);
#3816=AXIS2_PLACEMENT_3D('',#6553,#4420,#4421);
#3817=AXIS2_PLACEMENT_3D('',#6562,#4422,#4423);
#3818=AXIS2_PLACEMENT_3D('',#6571,#4424,#4425);
#3819=AXIS2_PLACEMENT_3D('',#6575,#4427,#4428);
#3820=AXIS2_PLACEMENT_3D('',#6584,#4429,#4430);
#3821=AXIS2_PLACEMENT_3D('',#6591,#4431,#4432);
#3822=AXIS2_PLACEMENT_3D('',#6692,#4455,#4456);
#3823=AXIS2_PLACEMENT_3D('',#6777,#4482,#4483);
#3824=AXIS2_PLACEMENT_3D('',#6781,#4485,#4486);
#3825=AXIS2_PLACEMENT_3D('',#6833,#4488,#4489);
#3826=AXIS2_PLACEMENT_3D('',#6885,#4490,#4491);
#3827=AXIS2_PLACEMENT_3D('',#6952,#4492,#4493);
#3828=AXIS2_PLACEMENT_3D('',#7052,#4494,#4495);
#3829=AXIS2_PLACEMENT_3D('',#7151,#4496,#4497);
#3830=AXIS2_PLACEMENT_3D('',#7202,#4498,#4499);
#3831=AXIS2_PLACEMENT_3D('',#7350,#4504,#4505);
#3832=AXIS2_PLACEMENT_3D('',#7368,#4508,#4509);
#3833=AXIS2_PLACEMENT_3D('',#7469,#4515,#4516);
#3834=AXIS2_PLACEMENT_3D('',#7470,#4517,#4518);
#3835=AXIS2_PLACEMENT_3D('',#7476,#4522,#4523);
#3836=AXIS2_PLACEMENT_3D('',#7480,#4526,#4527);
#3837=AXIS2_PLACEMENT_3D('',#7484,#4530,#4531);
#3838=AXIS2_PLACEMENT_3D('',#7488,#4534,#4535);
#3839=AXIS2_PLACEMENT_3D('',#7492,#4538,#4539);
#3840=AXIS2_PLACEMENT_3D('',#7496,#4542,#4543);
#3841=AXIS2_PLACEMENT_3D('',#7500,#4546,#4547);
#3842=AXIS2_PLACEMENT_3D('',#7504,#4550,#4551);
#3843=AXIS2_PLACEMENT_3D('',#7508,#4554,#4555);
#3844=AXIS2_PLACEMENT_3D('',#7512,#4558,#4559);
#3845=AXIS2_PLACEMENT_3D('',#7516,#4562,#4563);
#3846=AXIS2_PLACEMENT_3D('',#7518,#4565,#4566);
#3847=AXIS2_PLACEMENT_3D('',#7519,#4567,#4568);
#3848=AXIS2_PLACEMENT_3D('',#7544,#4581,#4582);
#3849=AXIS2_PLACEMENT_3D('',#7547,#4585,#4586);
#3850=AXIS2_PLACEMENT_3D('',#7549,#4588,#4589);
#3851=AXIS2_PLACEMENT_3D('',#7551,#4591,#4592);
#3852=AXIS2_PLACEMENT_3D('',#7553,#4594,#4595);
#3853=AXIS2_PLACEMENT_3D('',#7555,#4597,#4598);
#3854=AXIS2_PLACEMENT_3D('',#7557,#4600,#4601);
#3855=AXIS2_PLACEMENT_3D('',#7559,#4603,#4604);
#3856=AXIS2_PLACEMENT_3D('',#7561,#4606,#4607);
#3857=AXIS2_PLACEMENT_3D('',#7563,#4609,#4610);
#3858=AXIS2_PLACEMENT_3D('',#7565,#4612,#4613);
#3859=AXIS2_PLACEMENT_3D('',#7567,#4615,#4616);
#3860=AXIS2_PLACEMENT_3D('',#7568,#4617,#4618);
#3861=AXIS2_PLACEMENT_3D('',#7571,#4621,#4622);
#3862=AXIS2_PLACEMENT_3D('',#7572,#4623,#4624);
#3863=AXIS2_PLACEMENT_3D('',#7573,#4625,#4626);
#3864=AXIS2_PLACEMENT_3D('',#7575,#4628,#4629);
#3865=AXIS2_PLACEMENT_3D('',#7577,#4631,#4632);
#3866=AXIS2_PLACEMENT_3D('',#7578,#4633,#4634);
#3867=AXIS2_PLACEMENT_3D('',#7580,#4636,#4637);
#3868=AXIS2_PLACEMENT_3D('',#7582,#4639,#4640);
#3869=AXIS2_PLACEMENT_3D('',#7583,#4641,#4642);
#3870=AXIS2_PLACEMENT_3D('',#7585,#4644,#4645);
#3871=AXIS2_PLACEMENT_3D('',#7587,#4647,#4648);
#3872=AXIS2_PLACEMENT_3D('',#7588,#4649,#4650);
#3873=AXIS2_PLACEMENT_3D('',#7590,#4652,#4653);
#3874=AXIS2_PLACEMENT_3D('',#7592,#4655,#4656);
#3875=AXIS2_PLACEMENT_3D('',#7593,#4657,#4658);
#3876=AXIS2_PLACEMENT_3D('',#7595,#4660,#4661);
#3877=AXIS2_PLACEMENT_3D('',#7597,#4663,#4664);
#3878=AXIS2_PLACEMENT_3D('',#7598,#4665,#4666);
#3879=AXIS2_PLACEMENT_3D('',#7602,#4669,#4670);
#3880=AXIS2_PLACEMENT_3D('',#7606,#4673,#4674);
#3881=AXIS2_PLACEMENT_3D('',#7615,#4681,#4682);
#3882=AXIS2_PLACEMENT_3D('',#7617,#4684,#4685);
#3883=AXIS2_PLACEMENT_3D('',#7618,#4686,#4687);
#3884=AXIS2_PLACEMENT_3D('',#7619,#4688,#4689);
#3885=AXIS2_PLACEMENT_3D('',#7620,#4690,#4691);
#3886=AXIS2_PLACEMENT_3D('',#7622,#4693,#4694);
#3887=AXIS2_PLACEMENT_3D('',#7623,#4695,#4696);
#3888=AXIS2_PLACEMENT_3D('',#7625,#4698,#4699);
#3889=AXIS2_PLACEMENT_3D('',#7627,#4701,#4702);
#3890=AXIS2_PLACEMENT_3D('',#7628,#4703,#4704);
#3891=AXIS2_PLACEMENT_3D('',#7630,#4706,#4707);
#3892=AXIS2_PLACEMENT_3D('',#7632,#4709,#4710);
#3893=AXIS2_PLACEMENT_3D('',#7633,#4711,#4712);
#3894=AXIS2_PLACEMENT_3D('',#7635,#4714,#4715);
#3895=AXIS2_PLACEMENT_3D('',#7637,#4717,#4718);
#3896=AXIS2_PLACEMENT_3D('',#7638,#4719,#4720);
#3897=AXIS2_PLACEMENT_3D('',#7640,#4722,#4723);
#3898=AXIS2_PLACEMENT_3D('',#7642,#4725,#4726);
#3899=AXIS2_PLACEMENT_3D('',#7643,#4727,#4728);
#3900=AXIS2_PLACEMENT_3D('',#7645,#4730,#4731);
#3901=AXIS2_PLACEMENT_3D('',#7647,#4733,#4734);
#3902=AXIS2_PLACEMENT_3D('',#7648,#4735,#4736);
#3903=AXIS2_PLACEMENT_3D('',#7650,#4738,#4739);
#3904=AXIS2_PLACEMENT_3D('',#7652,#4741,#4742);
#3905=AXIS2_PLACEMENT_3D('',#7653,#4743,#4744);
#3906=AXIS2_PLACEMENT_3D('',#7656,#4747,#4748);
#3907=AXIS2_PLACEMENT_3D('',#7657,#4749,#4750);
#3908=AXIS2_PLACEMENT_3D('',#7658,#4751,#4752);
#3909=AXIS2_PLACEMENT_3D('',#7660,#4754,#4755);
#3910=AXIS2_PLACEMENT_3D('',#7662,#4757,#4758);
#3911=AXIS2_PLACEMENT_3D('',#7663,#4759,#4760);
#3912=AXIS2_PLACEMENT_3D('',#7666,#4763,#4764);
#3913=AXIS2_PLACEMENT_3D('',#7667,#4765,#4766);
#3914=AXIS2_PLACEMENT_3D('',#7668,#4767,#4768);
#3915=AXIS2_PLACEMENT_3D('',#7670,#4770,#4771);
#3916=AXIS2_PLACEMENT_3D('',#7672,#4773,#4774);
#3917=AXIS2_PLACEMENT_3D('',#7673,#4775,#4776);
#3918=AXIS2_PLACEMENT_3D('',#7675,#4778,#4779);
#3919=AXIS2_PLACEMENT_3D('',#7677,#4781,#4782);
#3920=AXIS2_PLACEMENT_3D('',#7678,#4783,#4784);
#3921=AXIS2_PLACEMENT_3D('',#7680,#4786,#4787);
#3922=AXIS2_PLACEMENT_3D('',#7682,#4789,#4790);
#3923=DIRECTION('axis',(0.,0.,1.));
#3924=DIRECTION('refdir',(1.,0.,0.));
#3925=DIRECTION('center_axis',(0.,1.22464679914735E-16,-1.));
#3926=DIRECTION('ref_axis',(0.,-1.,-1.22464679914735E-16));
#3927=DIRECTION('center_axis',(0.,1.83697019872103E-16,1.));
#3928=DIRECTION('ref_axis',(0.,-1.,1.83697019872103E-16));
#3929=DIRECTION('',(0.,-1.22464679914735E-16,1.));
#3930=DIRECTION('center_axis',(0.,0.,1.));
#3931=DIRECTION('ref_axis',(0.,-1.,0.));
#3932=DIRECTION('',(0.,1.22464679914735E-16,-1.));
#3933=DIRECTION('',(1.34558865257774E-12,0.,1.));
#3934=DIRECTION('center_axis',(0.,0.,1.));
#3935=DIRECTION('ref_axis',(0.,-1.,0.));
#3936=DIRECTION('',(0.,1.22464679914735E-16,-1.));
#3937=DIRECTION('',(0.,-1.22464679914735E-16,1.));
#3938=DIRECTION('center_axis',(0.,0.,1.));
#3939=DIRECTION('ref_axis',(0.,-1.,0.));
#3940=DIRECTION('',(0.,-2.24244599000894E-12,-1.));
#3941=DIRECTION('',(0.,-1.22464679914735E-16,1.));
#3942=DIRECTION('center_axis',(0.,0.,1.));
#3943=DIRECTION('ref_axis',(0.,-1.,0.));
#3944=DIRECTION('',(0.,0.,-1.));
#3945=DIRECTION('',(0.,-2.88817664107753E-12,1.));
#3946=DIRECTION('center_axis',(0.,0.,1.));
#3947=DIRECTION('ref_axis',(0.,-1.,0.));
#3948=DIRECTION('center_axis',(0.,1.22464679914735E-16,-1.));
#3949=DIRECTION('ref_axis',(0.,-1.,-1.22464679914735E-16));
#3950=DIRECTION('center_axis',(0.,1.83697019872103E-16,1.));
#3951=DIRECTION('ref_axis',(0.,-1.,1.83697019872103E-16));
#3952=DIRECTION('',(0.,-1.22464679914735E-16,1.));
#3953=DIRECTION('center_axis',(0.,0.,1.));
#3954=DIRECTION('ref_axis',(0.,-1.,0.));
#3955=DIRECTION('',(0.,1.22464679914735E-16,-1.));
#3956=DIRECTION('',(1.34558865258941E-12,-2.46178147182722E-12,1.));
#3957=DIRECTION('center_axis',(0.,0.,1.));
#3958=DIRECTION('ref_axis',(0.,-1.,0.));
#3959=DIRECTION('',(0.,1.22464679914735E-16,-1.));
#3960=DIRECTION('',(0.,-1.22464679914735E-16,1.));
#3961=DIRECTION('center_axis',(0.,0.,1.));
#3962=DIRECTION('ref_axis',(0.,-1.,0.));
#3963=DIRECTION('',(0.,1.22464679914735E-16,-1.));
#3964=DIRECTION('',(0.,-1.22464679914735E-16,1.));
#3965=DIRECTION('center_axis',(0.,0.,1.));
#3966=DIRECTION('ref_axis',(0.,-1.,0.));
#3967=DIRECTION('',(0.,0.,-1.));
#3968=DIRECTION('',(0.,-1.22464679914735E-16,1.));
#3969=DIRECTION('center_axis',(0.,0.,1.));
#3970=DIRECTION('ref_axis',(0.,-1.,0.));
#3971=DIRECTION('center_axis',(0.,1.22464679914735E-16,-1.));
#3972=DIRECTION('ref_axis',(0.,-1.,-1.22464679914735E-16));
#3973=DIRECTION('center_axis',(0.,1.83697019872103E-16,1.));
#3974=DIRECTION('ref_axis',(0.,-1.,1.83697019872103E-16));
#3975=DIRECTION('',(0.,-1.22464679914735E-16,1.));
#3976=DIRECTION('center_axis',(0.,0.,1.));
#3977=DIRECTION('ref_axis',(0.,-1.,0.));
#3978=DIRECTION('',(0.,1.22464679914735E-16,-1.));
#3979=DIRECTION('',(0.,0.,1.));
#3980=DIRECTION('center_axis',(0.,0.,1.));
#3981=DIRECTION('ref_axis',(0.,-1.,0.));
#3982=DIRECTION('',(0.,1.22464679914735E-16,-1.));
#3983=DIRECTION('',(0.,-1.22464679914735E-16,1.));
#3984=DIRECTION('center_axis',(0.,0.,1.));
#3985=DIRECTION('ref_axis',(0.,-1.,0.));
#3986=DIRECTION('',(0.,1.22464679914735E-16,-1.));
#3987=DIRECTION('',(0.,-1.22464679914735E-16,1.));
#3988=DIRECTION('center_axis',(0.,0.,1.));
#3989=DIRECTION('ref_axis',(0.,-1.,0.));
#3990=DIRECTION('',(0.,2.45877792570895E-12,-1.));
#3991=DIRECTION('',(0.,-1.22464679914735E-16,1.));
#3992=DIRECTION('center_axis',(0.,0.,1.));
#3993=DIRECTION('ref_axis',(0.,-1.,0.));
#3994=DIRECTION('',(-1.,0.,1.02511414972715E-12));
#3995=DIRECTION('',(1.,-1.60956481422765E-12,-3.21274733698513E-12));
#3996=DIRECTION('center_axis',(1.,3.0769654435365E-11,2.80503218110012E-10));
#3997=DIRECTION('ref_axis',(-2.80884991956802E-10,0.0132131600506935,0.999912702390301));
#3998=DIRECTION('center_axis',(-1.,3.25191694495862E-12,1.74796950310817E-10));
#3999=DIRECTION('ref_axis',(1.74766374712782E-10,0.0448925449687591,0.998991821491161));
#4000=DIRECTION('',(1.,-1.58152476621993E-12,-3.23424861771473E-12));
#4001=DIRECTION('',(-1.,4.61856660741698E-13,1.03796096087896E-12));
#4002=DIRECTION('center_axis',(1.,2.28904179495336E-11,1.7463484201203E-12));
#4003=DIRECTION('ref_axis',(-2.19927850552902E-11,0.977040033201583,-0.213055799079606));
#4004=DIRECTION('',(-1.,0.,-3.25385853524239E-12));
#4005=DIRECTION('center_axis',(-1.,-2.15673411398559E-11,5.4559822064211E-12));
#4006=DIRECTION('ref_axis',(-2.22347435954544E-11,0.976993739929665,-0.213267981980993));
#4007=DIRECTION('',(1.,-4.61786137511346E-13,-5.88798482297225E-13));
#4008=DIRECTION('center_axis',(1.,2.63317937490647E-11,2.38434921275818E-10));
#4009=DIRECTION('ref_axis',(-2.38761725639683E-10,0.0132131601030795,0.999912702389609));
#4010=DIRECTION('',(-1.,4.12621111110685E-13,1.06619482774872E-12));
#4011=DIRECTION('',(1.,-1.43399249781019E-12,-3.23304601479974E-12));
#4012=DIRECTION('',(-1.,-2.54338258298557E-11,3.54812380171872E-12));
#4013=DIRECTION('center_axis',(-1.,-2.334544393904E-11,2.54606713468101E-12));
#4014=DIRECTION('ref_axis',(1.49524600369132E-12,0.0448926314621183,0.998991817604332));
#4015=DIRECTION('',(1.,-1.60968755070174E-12,-3.20145559073612E-12));
#4016=DIRECTION('center_axis',(-1.,-2.69466990644881E-11,-1.8601421190418E-11));
#4017=DIRECTION('ref_axis',(-2.23596687363066E-11,0.97699373990998,-0.213267982071173));
#4018=DIRECTION('',(1.,0.,-6.51675715233188E-13));
#4019=DIRECTION('',(-1.,0.,-3.03796894729451E-12));
#4020=DIRECTION('',(-1.,3.60581339755039E-12,9.42034569907869E-13));
#4021=DIRECTION('center_axis',(-1.,-2.26424016612154E-11,-9.16195600220431E-13));
#4022=DIRECTION('ref_axis',(-1.93161551396477E-12,0.0448925496057379,0.998991821282785));
#4023=DIRECTION('',(1.,-1.55609334092734E-12,-3.23532050822184E-12));
#4024=DIRECTION('center_axis',(1.,2.25685590466378E-11,-2.57751939369001E-12));
#4025=DIRECTION('ref_axis',(2.27930630649184E-12,0.0132131601143828,0.999912702389459));
#4026=DIRECTION('center_axis',(-1.,-2.27961150717845E-11,5.66142573465015E-13));
#4027=DIRECTION('ref_axis',(-2.23924018039632E-11,0.976993739927538,-0.213267981990739));
#4028=DIRECTION('',(1.,0.,-5.89872113866376E-13));
#4029=DIRECTION('center_axis',(1.,2.76771647880254E-11,1.86942623652249E-11));
#4030=DIRECTION('ref_axis',(-2.30535291261624E-11,0.976993739916557,-0.213267982041045));
#4031=DIRECTION('',(-1.,-2.33365317560424E-11,3.54653917637393E-12));
#4032=DIRECTION('center_axis',(1.,2.8850240405966E-11,1.9583198272737E-11));
#4033=DIRECTION('ref_axis',(-2.40100350926469E-11,0.976993739903624,-0.213267982100291));
#4034=DIRECTION('',(-1.,0.,-3.54483820511065E-12));
#4035=DIRECTION('center_axis',(-1.,-2.35917905942605E-11,-2.28239868132814E-12));
#4036=DIRECTION('ref_axis',(-2.25638455901478E-11,0.977040033187353,-0.213055799144861));
#4037=DIRECTION('',(1.,0.,-6.67732592649637E-13));
#4038=DIRECTION('center_axis',(1.,1.67698359635784E-11,-1.79424560269122E-11));
#4039=DIRECTION('ref_axis',(-2.021057614457E-11,0.97699373993174,-0.213267981971491));
#4040=DIRECTION('',(-1.,2.66453525908783E-13,-3.6164502049782E-12));
#4041=DIRECTION('center_axis',(-1.,-2.08368754158993E-11,5.54882338109432E-12));
#4042=DIRECTION('ref_axis',(-2.1540883205864E-11,0.976993739933793,-0.213267981962086));
#4043=DIRECTION('',(1.,-6.58835283762399E-13,-6.75575108994573E-13));
#4044=DIRECTION('center_axis',(1.,1.45815797823659E-11,-3.02740737779809E-11));
#4045=DIRECTION('ref_axis',(-2.07026027888346E-11,0.976993739911903,-0.213267982062363));
#4046=DIRECTION('',(-1.,1.61540258741009E-12,-3.85230282478179E-12));
#4047=DIRECTION('',(1.,0.,-4.04690619171684E-13));
#4048=DIRECTION('',(1.,0.,-5.62634548910127E-13));
#4049=DIRECTION('center_axis',(1.,1.58041597936819E-11,-2.44553114053504E-11));
#4050=DIRECTION('ref_axis',(-2.06561000929095E-11,0.976993739955664,-0.213267981861894));
#4051=DIRECTION('',(-1.,7.80837070570515E-13,-3.23852649980843E-12));
#4052=DIRECTION('center_axis',(-1.,-2.10782973961505E-11,4.6931850594544E-12));
#4053=DIRECTION('ref_axis',(-2.15942707111064E-11,0.976993739933444,-0.213267981963683));
#4054=DIRECTION('center_axis',(-1.,-2.24575668758983E-11,2.58201054747453E-12));
#4055=DIRECTION('ref_axis',(1.57163262274464E-12,0.0448925495620656,0.998991821284748));
#4056=DIRECTION('',(1.,-1.5934334144124E-12,-3.23467935324297E-12));
#4057=DIRECTION('center_axis',(1.,-3.10140893816273E-12,9.34409881887218E-14));
#4058=DIRECTION('ref_axis',(-5.26804077523859E-14,0.0132131646923792,0.999912702328964));
#4059=DIRECTION('',(-1.,3.29618720863504E-13,1.02962492614401E-12));
#4060=DIRECTION('',(1.,0.,-5.79660142899401E-13));
#4061=DIRECTION('center_axis',(1.,2.59964988886204E-11,1.20839855404894E-11));
#4062=DIRECTION('ref_axis',(-2.28212894624461E-11,0.976993739913478,-0.213267982055149));
#4063=DIRECTION('',(-1.,0.,-3.32310383730305E-12));
#4064=DIRECTION('center_axis',(-1.,-1.46465777795499E-11,2.99842807270037E-11));
#4065=DIRECTION('ref_axis',(-2.07043018440666E-11,0.976993739927597,-0.213267981990469));
#4066=DIRECTION('',(-1.,-2.18820312760438E-11,3.54529417959977E-12));
#4067=DIRECTION('center_axis',(-1.,-2.28455829794662E-11,-7.90587116296441E-12));
#4068=DIRECTION('ref_axis',(-8.92318566761994E-12,0.0448925495774111,0.998991821284058));
#4069=DIRECTION('',(1.,-2.57611041642541E-12,-3.21502902962199E-12));
#4070=DIRECTION('center_axis',(1.,3.1176017084313E-11,2.94482569250667E-10));
#4071=DIRECTION('ref_axis',(-2.94869010275753E-10,0.0132131600798571,0.999912702389916));
#4072=DIRECTION('center_axis',(0.,1.22464679914735E-16,-1.));
#4073=DIRECTION('ref_axis',(0.,-1.,-1.22464679914735E-16));
#4074=DIRECTION('center_axis',(0.,1.83697019872103E-16,1.));
#4075=DIRECTION('ref_axis',(0.,-1.,1.83697019872103E-16));
#4076=DIRECTION('',(0.,-1.22464679914735E-16,1.));
#4077=DIRECTION('center_axis',(0.,0.,1.));
#4078=DIRECTION('ref_axis',(0.,-1.,0.));
#4079=DIRECTION('',(0.,1.22464679914735E-16,-1.));
#4080=DIRECTION('',(2.36679432643547E-12,-2.46178147183334E-12,1.));
#4081=DIRECTION('center_axis',(0.,0.,1.));
#4082=DIRECTION('ref_axis',(0.,-1.,0.));
#4083=DIRECTION('',(0.,1.22464679914735E-16,-1.));
#4084=DIRECTION('',(0.,-1.22464679914735E-16,1.));
#4085=DIRECTION('center_axis',(0.,0.,1.));
#4086=DIRECTION('ref_axis',(0.,-1.,0.));
#4087=DIRECTION('',(0.,1.22464679914735E-16,-1.));
#4088=DIRECTION('',(0.,-1.22464679914735E-16,1.));
#4089=DIRECTION('center_axis',(0.,0.,1.));
#4090=DIRECTION('ref_axis',(0.,-1.,0.));
#4091=DIRECTION('',(-1.00919148944329E-12,0.,-1.));
#4092=DIRECTION('',(0.,-1.22464679914735E-16,1.));
#4093=DIRECTION('center_axis',(0.,0.,1.));
#4094=DIRECTION('ref_axis',(0.,-1.,0.));
#4095=DIRECTION('center_axis',(0.,1.83697019872103E-16,1.));
#4096=DIRECTION('ref_axis',(0.,-1.,1.83697019872103E-16));
#4097=DIRECTION('center_axis',(0.,1.83697019872103E-16,1.));
#4098=DIRECTION('ref_axis',(0.,-1.,1.83697019872103E-16));
#4099=DIRECTION('',(-1.,0.,0.));
#4100=DIRECTION('',(0.,-1.,1.83697019872103E-16));
#4101=DIRECTION('',(-1.,0.,0.));
#4102=DIRECTION('',(0.,-1.,1.83697019872103E-16));
#4103=DIRECTION('',(1.,0.,0.));
#4104=DIRECTION('',(0.,-1.,1.83697019872103E-16));
#4105=DIRECTION('',(1.,0.,0.));
#4106=DIRECTION('',(0.,1.,-1.83697019872103E-16));
#4107=DIRECTION('',(1.,0.,0.));
#4108=DIRECTION('',(0.,1.,-1.83697019872103E-16));
#4109=DIRECTION('',(-1.,0.,0.));
#4110=DIRECTION('',(0.,1.,-1.83697019872103E-16));
#4111=DIRECTION('center_axis',(0.,1.22464679914735E-16,-1.));
#4112=DIRECTION('ref_axis',(0.,-1.,-1.22464679914735E-16));
#4113=DIRECTION('',(0.,-1.22464679914735E-16,1.));
#4114=DIRECTION('center_axis',(0.,0.,1.));
#4115=DIRECTION('ref_axis',(0.,-1.,0.));
#4116=DIRECTION('',(0.,1.22464679914735E-16,-1.));
#4117=DIRECTION('',(0.,0.,1.));
#4118=DIRECTION('center_axis',(0.,0.,1.));
#4119=DIRECTION('ref_axis',(0.,-1.,0.));
#4120=DIRECTION('',(0.,1.22464679914735E-16,-1.));
#4121=DIRECTION('',(0.,-1.22464679914735E-16,1.));
#4122=DIRECTION('center_axis',(0.,0.,1.));
#4123=DIRECTION('ref_axis',(0.,-1.,0.));
#4124=DIRECTION('',(0.,1.22464679914735E-16,-1.));
#4125=DIRECTION('',(0.,-1.22464679914735E-16,1.));
#4126=DIRECTION('center_axis',(0.,0.,1.));
#4127=DIRECTION('ref_axis',(0.,-1.,0.));
#4128=DIRECTION('',(0.,0.,-1.));
#4129=DIRECTION('',(0.,-1.22464679914735E-16,1.));
#4130=DIRECTION('center_axis',(0.,0.,1.));
#4131=DIRECTION('ref_axis',(0.,-1.,0.));
#4132=DIRECTION('center_axis',(1.,0.,0.));
#4133=DIRECTION('ref_axis',(0.,-1.,1.83697019872103E-16));
#4134=DIRECTION('center_axis',(1.,7.46761967277944E-13,4.94158186660152E-12));
#4135=DIRECTION('ref_axis',(-4.99662950660632E-12,0.13086358108172,0.991400384883155));
#4136=DIRECTION('',(0.,1.22464679914735E-16,-1.));
#4137=DIRECTION('',(0.,1.22464679914735E-16,-1.));
#4138=DIRECTION('center_axis',(0.,-1.,-1.22464679914735E-16));
#4139=DIRECTION('ref_axis',(-1.,0.,0.));
#4140=DIRECTION('',(-1.,0.,-2.90878432448583E-13));
#4141=DIRECTION('',(0.,1.22464679914735E-16,-1.));
#4142=DIRECTION('center_axis',(0.,-1.,-1.22464679914735E-16));
#4143=DIRECTION('ref_axis',(-1.,0.,0.));
#4144=DIRECTION('',(0.,1.22464679914735E-16,-1.));
#4145=DIRECTION('center_axis',(-1.,0.,0.));
#4146=DIRECTION('ref_axis',(0.,1.,-1.83697019872103E-16));
#4147=DIRECTION('center_axis',(-1.,0.,0.));
#4148=DIRECTION('ref_axis',(0.,0.167926903039769,0.985799449804813));
#4149=DIRECTION('',(0.,1.22464679914735E-16,-1.));
#4150=DIRECTION('center_axis',(1.,0.,0.));
#4151=DIRECTION('ref_axis',(0.,-1.,1.83697019872103E-16));
#4152=DIRECTION('center_axis',(1.,2.24189690382233E-11,3.58175703968275E-12));
#4153=DIRECTION('ref_axis',(-5.94283472899721E-12,0.106200343921131,0.994344752563734));
#4154=DIRECTION('',(0.,1.22464679914735E-16,-1.));
#4155=DIRECTION('center_axis',(0.,-1.,-1.22464679914735E-16));
#4156=DIRECTION('ref_axis',(-1.,0.,0.));
#4157=DIRECTION('',(0.,1.22464679914735E-16,-1.));
#4158=DIRECTION('center_axis',(0.,1.,1.22464679914735E-16));
#4159=DIRECTION('ref_axis',(1.,0.,0.));
#4160=DIRECTION('',(0.,1.22464679914735E-16,-1.));
#4161=DIRECTION('center_axis',(-1.,0.,0.));
#4162=DIRECTION('ref_axis',(0.,1.,-1.83697019872103E-16));
#4163=DIRECTION('center_axis',(-1.,-6.87999435187581E-11,-3.5844698929022E-10));
#4164=DIRECTION('ref_axis',(-3.64367643881581E-10,0.130872247687235,0.991399240863786));
#4165=DIRECTION('',(0.,1.22464679914735E-16,-1.));
#4166=DIRECTION('center_axis',(1.,0.,0.));
#4167=DIRECTION('ref_axis',(0.,-1.,1.83697019872103E-16));
#4168=DIRECTION('center_axis',(1.,-1.74228117512226E-12,1.03419418159025E-11));
#4169=DIRECTION('ref_axis',(-1.01969948476757E-11,0.0691454835577908,0.997606586838499));
#4170=DIRECTION('',(0.,1.22464679914735E-16,-1.));
#4171=DIRECTION('center_axis',(0.,1.,1.22464679914735E-16));
#4172=DIRECTION('ref_axis',(1.,0.,0.));
#4173=DIRECTION('',(0.,1.22464679914735E-16,-1.));
#4174=DIRECTION('center_axis',(0.,1.,1.22464679914735E-16));
#4175=DIRECTION('ref_axis',(1.,0.,0.));
#4176=DIRECTION('',(1.,0.,-2.01949568177096E-12));
#4177=DIRECTION('',(0.,1.22464679914735E-16,-1.));
#4178=DIRECTION('center_axis',(-1.,0.,0.));
#4179=DIRECTION('ref_axis',(0.,1.,-1.83697019872103E-16));
#4180=DIRECTION('center_axis',(-1.,0.,0.));
#4181=DIRECTION('ref_axis',(0.,0.106208930902722,0.994343835399255));
#4182=DIRECTION('center_axis',(0.,1.83697019872103E-16,1.));
#4183=DIRECTION('ref_axis',(0.,-1.,1.83697019872103E-16));
#4184=DIRECTION('center_axis',(0.,1.83697019872103E-16,1.));
#4185=DIRECTION('ref_axis',(0.,-1.,1.83697019872103E-16));
#4186=DIRECTION('',(-1.,0.,0.));
#4187=DIRECTION('',(0.,-1.,1.83697019872103E-16));
#4188=DIRECTION('',(-1.,0.,0.));
#4189=DIRECTION('',(0.,-1.,1.83697019872103E-16));
#4190=DIRECTION('',(1.,0.,0.));
#4191=DIRECTION('',(0.,-1.,1.83697019872103E-16));
#4192=DIRECTION('',(1.,0.,0.));
#4193=DIRECTION('',(0.,1.,-1.83697019872103E-16));
#4194=DIRECTION('',(1.,0.,0.));
#4195=DIRECTION('',(0.,1.,-1.83697019872103E-16));
#4196=DIRECTION('',(-1.,0.,0.));
#4197=DIRECTION('',(0.,1.,-1.83697019872103E-16));
#4198=DIRECTION('center_axis',(0.,1.22464679914735E-16,-1.));
#4199=DIRECTION('ref_axis',(0.,-1.,-1.22464679914735E-16));
#4200=DIRECTION('',(0.,-1.22464679914735E-16,1.));
#4201=DIRECTION('center_axis',(0.,0.,1.));
#4202=DIRECTION('ref_axis',(0.,-1.,0.));
#4203=DIRECTION('',(0.,1.22464679914735E-16,-1.));
#4204=DIRECTION('',(0.,0.,1.));
#4205=DIRECTION('center_axis',(0.,0.,1.));
#4206=DIRECTION('ref_axis',(0.,-1.,0.));
#4207=DIRECTION('',(0.,1.22464679914735E-16,-1.));
#4208=DIRECTION('',(0.,-1.22464679914735E-16,1.));
#4209=DIRECTION('center_axis',(0.,0.,1.));
#4210=DIRECTION('ref_axis',(0.,-1.,0.));
#4211=DIRECTION('',(0.,1.22464679914735E-16,-1.));
#4212=DIRECTION('',(0.,-1.22464679914735E-16,1.));
#4213=DIRECTION('center_axis',(0.,0.,1.));
#4214=DIRECTION('ref_axis',(0.,-1.,0.));
#4215=DIRECTION('',(0.,-4.92055939745529E-12,-1.));
#4216=DIRECTION('',(0.,-1.22464679914735E-16,1.));
#4217=DIRECTION('center_axis',(0.,0.,1.));
#4218=DIRECTION('ref_axis',(0.,-1.,0.));
#4219=DIRECTION('center_axis',(1.,0.,0.));
#4220=DIRECTION('ref_axis',(0.,-1.,1.83697019872103E-16));
#4221=DIRECTION('center_axis',(1.,-2.59389914394308E-12,3.89016648767302E-13));
#4222=DIRECTION('ref_axis',(-4.65251869024919E-14,0.130863581086409,0.991400384882536));
#4223=DIRECTION('',(0.,1.22464679914735E-16,-1.));
#4224=DIRECTION('',(0.,1.22464679914735E-16,-1.));
#4225=DIRECTION('center_axis',(0.,-1.,-1.22464679914735E-16));
#4226=DIRECTION('ref_axis',(-1.,0.,0.));
#4227=DIRECTION('',(-1.,0.,-4.00790511895685E-13));
#4228=DIRECTION('',(0.,1.22464679914735E-16,-1.));
#4229=DIRECTION('center_axis',(0.,-1.,-1.22464679914735E-16));
#4230=DIRECTION('ref_axis',(-1.,0.,0.));
#4231=DIRECTION('',(0.,1.22464679914735E-16,-1.));
#4232=DIRECTION('center_axis',(-1.,0.,0.));
#4233=DIRECTION('ref_axis',(0.,1.,-1.83697019872103E-16));
#4234=DIRECTION('center_axis',(-1.,-7.46761967309166E-13,-4.94158186666084E-12));
#4235=DIRECTION('ref_axis',(-4.99662950658452E-12,0.167926903045019,0.985799449803919));
#4236=DIRECTION('',(0.,1.22464679914735E-16,-1.));
#4237=DIRECTION('center_axis',(1.,0.,0.));
#4238=DIRECTION('ref_axis',(0.,-1.,1.83697019872103E-16));
#4239=DIRECTION('center_axis',(1.,1.87425388121555E-11,-1.88801644142664E-11));
#4240=DIRECTION('ref_axis',(1.67828107013888E-11,0.106200343926471,0.994344752563164));
#4241=DIRECTION('',(0.,1.22464679914735E-16,-1.));
#4242=DIRECTION('center_axis',(0.,-1.,-1.22464679914735E-16));
#4243=DIRECTION('ref_axis',(-1.,0.,0.));
#4244=DIRECTION('',(0.,1.22464679914735E-16,-1.));
#4245=DIRECTION('center_axis',(0.,1.,1.22464679914735E-16));
#4246=DIRECTION('ref_axis',(1.,0.,0.));
#4247=DIRECTION('',(0.,1.22464679914735E-16,-1.));
#4248=DIRECTION('center_axis',(-1.,0.,0.));
#4249=DIRECTION('ref_axis',(0.,1.,-1.83697019872103E-16));
#4250=DIRECTION('center_axis',(-1.,-1.03014750914296E-11,9.79155972376532E-11));
#4251=DIRECTION('ref_axis',(9.57252183910584E-11,0.130872247691468,0.991399240863227));
#4252=DIRECTION('',(0.,1.22464679914735E-16,-1.));
#4253=DIRECTION('center_axis',(1.,0.,0.));
#4254=DIRECTION('ref_axis',(0.,-1.,1.83697019872103E-16));
#4255=DIRECTION('center_axis',(1.,-6.30114937480887E-12,1.07507007614872E-11));
#4256=DIRECTION('ref_axis',(-1.0289168096475E-11,0.0691454835630779,0.997606586838132));
#4257=DIRECTION('',(0.,1.22464679914735E-16,-1.));
#4258=DIRECTION('center_axis',(0.,1.,1.22464679914735E-16));
#4259=DIRECTION('ref_axis',(1.,0.,0.));
#4260=DIRECTION('',(0.,1.22464679914735E-16,-1.));
#4261=DIRECTION('center_axis',(0.,1.,1.22464679914735E-16));
#4262=DIRECTION('ref_axis',(1.,0.,0.));
#4263=DIRECTION('',(1.,0.,-1.87072579651403E-12));
#4264=DIRECTION('',(0.,1.22464679914735E-16,-1.));
#4265=DIRECTION('center_axis',(-1.,0.,0.));
#4266=DIRECTION('ref_axis',(0.,1.,-1.83697019872103E-16));
#4267=DIRECTION('center_axis',(-1.,2.87783391362556E-12,2.28839777087015E-12));
#4268=DIRECTION('ref_axis',(2.58085096865771E-12,0.106208930907776,0.994343835398715));
#4269=DIRECTION('center_axis',(-1.,0.,0.));
#4270=DIRECTION('ref_axis',(0.,1.,-1.83697019872103E-16));
#4271=DIRECTION('center_axis',(-1.,-1.97394293201072E-12,1.76988407744958E-13));
#4272=DIRECTION('ref_axis',(-3.33579376903405E-14,0.106208930873806,0.994343835402344));
#4273=DIRECTION('',(0.,1.22464679914735E-16,-1.));
#4274=DIRECTION('',(0.,-1.,1.83697019872103E-16));
#4275=DIRECTION('',(0.,1.22464679914735E-16,-1.));
#4276=DIRECTION('center_axis',(0.,1.,1.22464679914735E-16));
#4277=DIRECTION('ref_axis',(1.,0.,0.));
#4278=DIRECTION('',(1.,-7.27862214954431E-12,-1.93955962404727E-12));
#4279=DIRECTION('',(-1.,0.,0.));
#4280=DIRECTION('',(0.,1.22464679914735E-16,-1.));
#4281=DIRECTION('center_axis',(0.,1.,1.22464679914735E-16));
#4282=DIRECTION('ref_axis',(1.,0.,0.));
#4283=DIRECTION('',(0.,1.22464679914735E-16,-1.));
#4284=DIRECTION('',(-1.,0.,0.));
#4285=DIRECTION('center_axis',(1.,0.,0.));
#4286=DIRECTION('ref_axis',(0.,-1.,1.83697019872103E-16));
#4287=DIRECTION('center_axis',(1.,2.67892255066571E-12,-2.40198552311999E-13));
#4288=DIRECTION('ref_axis',(5.44261088631742E-14,0.0691454835290172,0.997606586840493));
#4289=DIRECTION('',(0.,1.,-1.83697019872103E-16));
#4290=DIRECTION('',(0.,1.22464679914735E-16,-1.));
#4291=DIRECTION('center_axis',(-1.,0.,0.));
#4292=DIRECTION('ref_axis',(0.,1.,-1.83697019872103E-16));
#4293=DIRECTION('center_axis',(-1.,-6.26231044546211E-12,1.31748048673553E-10));
#4294=DIRECTION('ref_axis',(1.29795717796723E-10,0.13087224765746,0.991399240867716));
#4295=DIRECTION('',(0.,1.22464679914735E-16,-1.));
#4296=DIRECTION('',(0.,-1.,1.83697019872103E-16));
#4297=DIRECTION('center_axis',(0.,1.,1.22464679914735E-16));
#4298=DIRECTION('ref_axis',(1.,0.,0.));
#4299=DIRECTION('',(-1.,0.,0.));
#4300=DIRECTION('',(0.,1.22464679914735E-16,-1.));
#4301=DIRECTION('center_axis',(0.,-1.,-1.22464679914735E-16));
#4302=DIRECTION('ref_axis',(-1.,0.,0.));
#4303=DIRECTION('',(0.,1.22464679914735E-16,-1.));
#4304=DIRECTION('',(1.,0.,0.));
#4305=DIRECTION('center_axis',(1.,0.,0.));
#4306=DIRECTION('ref_axis',(0.,-1.,1.83697019872103E-16));
#4307=DIRECTION('center_axis',(1.,8.37981378506944E-11,4.59671851244316E-10));
#4308=DIRECTION('ref_axis',(-4.65971710749424E-10,0.106200343893852,0.994344752566647));
#4309=DIRECTION('',(0.,1.,-1.83697019872103E-16));
#4310=DIRECTION('',(0.,1.22464679914735E-16,-1.));
#4311=DIRECTION('center_axis',(-1.,0.,0.));
#4312=DIRECTION('ref_axis',(0.,1.,-1.83697019872103E-16));
#4313=DIRECTION('center_axis',(-1.,7.46761967134425E-13,4.94158186665389E-12));
#4314=DIRECTION('ref_axis',(4.99662950657247E-12,0.167926903011186,0.985799449809682));
#4315=DIRECTION('',(0.,1.22464679914735E-16,-1.));
#4316=DIRECTION('',(0.,-1.,1.83697019872103E-16));
#4317=DIRECTION('center_axis',(0.,-1.,-1.22464679914735E-16));
#4318=DIRECTION('ref_axis',(-1.,0.,0.));
#4319=DIRECTION('',(1.,0.,0.));
#4320=DIRECTION('',(0.,1.22464679914735E-16,-1.));
#4321=DIRECTION('center_axis',(0.,-1.,-1.22464679914735E-16));
#4322=DIRECTION('ref_axis',(-1.,0.,0.));
#4323=DIRECTION('',(-1.,0.,-2.10942374675832E-13));
#4324=DIRECTION('',(0.,1.22464679914735E-16,-1.));
#4325=DIRECTION('',(1.,0.,0.));
#4326=DIRECTION('center_axis',(1.,0.,0.));
#4327=DIRECTION('ref_axis',(0.,-1.,1.83697019872103E-16));
#4328=DIRECTION('center_axis',(1.,3.96540797355109E-13,2.46731757039938E-12));
#4329=DIRECTION('ref_axis',(-2.49831475328636E-12,0.130863581052602,0.991400384886999));
#4330=DIRECTION('',(0.,1.,-1.83697019872103E-16));
#4331=DIRECTION('center_axis',(0.,1.83697019872103E-16,1.));
#4332=DIRECTION('ref_axis',(0.,-1.,1.83697019872103E-16));
#4333=DIRECTION('center_axis',(1.,-5.15038481729189E-12,1.06488692410384E-11));
#4334=DIRECTION('ref_axis',(-1.05799818902313E-11,0.0132131646756991,0.999912702329185));
#4335=DIRECTION('',(-1.,0.,1.01356756878906E-12));
#4336=DIRECTION('center_axis',(-1.,6.07624505560671E-12,1.6421816184873E-10));
#4337=DIRECTION('ref_axis',(1.64325117894639E-10,0.0448925449411596,0.998991821492401));
#4338=DIRECTION('',(1.,-2.33479308376918E-12,-3.22783986111892E-12));
#4339=DIRECTION('center_axis',(0.,1.83697019872103E-16,1.));
#4340=DIRECTION('ref_axis',(0.,-1.,1.83697019872103E-16));
#4341=DIRECTION('',(-1.,0.,0.));
#4342=DIRECTION('',(0.,-1.,1.83697019872103E-16));
#4343=DIRECTION('',(-1.,0.,0.));
#4344=DIRECTION('',(0.,-1.,1.83697019872103E-16));
#4345=DIRECTION('',(1.,0.,0.));
#4346=DIRECTION('',(0.,-1.,1.83697019872103E-16));
#4347=DIRECTION('',(1.,0.,0.));
#4348=DIRECTION('',(0.,1.,-1.83697019872103E-16));
#4349=DIRECTION('',(1.,0.,0.));
#4350=DIRECTION('',(0.,1.,-1.83697019872103E-16));
#4351=DIRECTION('',(-1.,0.,0.));
#4352=DIRECTION('',(0.,1.,-1.83697019872103E-16));
#4353=DIRECTION('center_axis',(1.,0.,0.));
#4354=DIRECTION('ref_axis',(0.,-1.,1.83697019872103E-16));
#4355=DIRECTION('center_axis',(1.,0.,0.));
#4356=DIRECTION('ref_axis',(0.,0.130863581059288,0.991400384886116));
#4357=DIRECTION('',(0.,1.22464679914735E-16,-1.));
#4358=DIRECTION('',(0.,1.22464679914735E-16,-1.));
#4359=DIRECTION('center_axis',(0.,-1.,-1.22464679914735E-16));
#4360=DIRECTION('ref_axis',(-1.,0.,0.));
#4361=DIRECTION('',(-1.,0.,-2.90878432452944E-13));
#4362=DIRECTION('',(0.,1.22464679914735E-16,-1.));
#4363=DIRECTION('center_axis',(0.,-1.,-1.22464679914735E-16));
#4364=DIRECTION('ref_axis',(-1.,0.,0.));
#4365=DIRECTION('',(0.,1.22464679914735E-16,-1.));
#4366=DIRECTION('center_axis',(-1.,0.,0.));
#4367=DIRECTION('ref_axis',(0.,1.,-1.83697019872103E-16));
#4368=DIRECTION('center_axis',(-1.,0.,0.));
#4369=DIRECTION('ref_axis',(0.,0.167926903018,0.985799449808521));
#4370=DIRECTION('',(0.,1.22464679914735E-16,-1.));
#4371=DIRECTION('center_axis',(1.,0.,0.));
#4372=DIRECTION('ref_axis',(0.,-1.,1.83697019872103E-16));
#4373=DIRECTION('center_axis',(1.,2.59737055435546E-11,-2.52665987172082E-11));
#4374=DIRECTION('ref_axis',(2.23653939450511E-11,0.106200343899769,0.994344752566016));
#4375=DIRECTION('',(0.,1.22464679914735E-16,-1.));
#4376=DIRECTION('center_axis',(0.,-1.,-1.22464679914735E-16));
#4377=DIRECTION('ref_axis',(-1.,0.,0.));
#4378=DIRECTION('',(0.,1.22464679914735E-16,-1.));
#4379=DIRECTION('center_axis',(0.,1.,1.22464679914735E-16));
#4380=DIRECTION('ref_axis',(1.,0.,0.));
#4381=DIRECTION('',(0.,1.22464679914735E-16,-1.));
#4382=DIRECTION('center_axis',(-1.,0.,0.));
#4383=DIRECTION('ref_axis',(0.,1.,-1.83697019872103E-16));
#4384=DIRECTION('center_axis',(-1.,-6.03629105352349E-11,-3.53542647483309E-10));
#4385=DIRECTION('ref_axis',(-3.58402019520152E-10,0.130872247664566,0.991399240866779));
#4386=DIRECTION('',(0.,1.22464679914735E-16,-1.));
#4387=DIRECTION('center_axis',(1.,0.,0.));
#4388=DIRECTION('ref_axis',(0.,-1.,1.83697019872103E-16));
#4389=DIRECTION('center_axis',(1.,-2.63192390928118E-12,2.35984544686825E-13));
#4390=DIRECTION('ref_axis',(-5.35482683978735E-14,0.0691454835359146,0.997606586840015));
#4391=DIRECTION('',(0.,1.22464679914735E-16,-1.));
#4392=DIRECTION('center_axis',(0.,1.,1.22464679914735E-16));
#4393=DIRECTION('ref_axis',(1.,0.,0.));
#4394=DIRECTION('',(0.,1.22464679914735E-16,-1.));
#4395=DIRECTION('center_axis',(0.,1.,1.22464679914735E-16));
#4396=DIRECTION('ref_axis',(1.,0.,0.));
#4397=DIRECTION('',(1.,0.,-1.94955163126315E-12));
#4398=DIRECTION('',(0.,1.22464679914735E-16,-1.));
#4399=DIRECTION('center_axis',(-1.,0.,0.));
#4400=DIRECTION('ref_axis',(0.,1.,-1.83697019872103E-16));
#4401=DIRECTION('center_axis',(-1.,-2.45910004138353E-13,-2.52438231350874E-12));
#4402=DIRECTION('ref_axis',(-2.53608110494206E-12,0.106208930880163,0.994343835401665));
#4403=DIRECTION('center_axis',(-1.,2.63192390924995E-12,-2.35984544678662E-13));
#4404=DIRECTION('ref_axis',(4.47698637422507E-14,0.106208930852699,0.994343835404598));
#4405=DIRECTION('',(1.,0.,-2.02060590478136E-12));
#4406=DIRECTION('center_axis',(1.,5.26384781868031E-12,-4.71969087309405E-13));
#4407=DIRECTION('ref_axis',(1.07096536795189E-13,0.069145483507905,0.997606586841956));
#4408=DIRECTION('center_axis',(1.,2.27114424730245E-11,1.49589331495325E-11));
#4409=DIRECTION('ref_axis',(-1.72859356492902E-11,0.106200343869547,0.994344752569244));
#4410=DIRECTION('center_axis',(1.,7.46761967033208E-13,4.94158186667709E-12));
#4411=DIRECTION('ref_axis',(-4.99662950659554E-12,0.13086358103156,0.991400384889776));
#4412=DIRECTION('',(-1.,-7.30082660993493E-12,-3.89688281643424E-13));
#4413=DIRECTION('center_axis',(-1.,-2.59389914384848E-12,3.89016649796032E-13));
#4414=DIRECTION('ref_axis',(-5.17921891934546E-14,0.16792690298989,0.98579944981331));
#4415=DIRECTION('center_axis',(-1.,-5.49413851652633E-11,-3.42650640644771E-10));
#4416=DIRECTION('ref_axis',(-3.46894132026368E-10,0.13087224763545,0.991399240870622));
#4417=DIRECTION('center_axis',(1.,7.46761967071261E-13,4.94158186674036E-12));
#4418=DIRECTION('ref_axis',(-4.9966295065173E-12,0.130863581037408,0.991400384889004));
#4419=DIRECTION('',(-1.,0.,-2.09832151651848E-13));
#4420=DIRECTION('center_axis',(-1.,3.50221169758598E-13,2.47426429637028E-12));
#4421=DIRECTION('ref_axis',(2.49831475325217E-12,0.167926902995375,0.985799449812375));
#4422=DIRECTION('center_axis',(-1.,2.97960139334091E-11,4.9329214600876E-10));
#4423=DIRECTION('ref_axis',(4.9294849906541E-10,0.130872247645186,0.991399240869337));
#4424=DIRECTION('center_axis',(-1.,3.07674527635059E-12,4.81699409403601E-12));
#4425=DIRECTION('ref_axis',(5.1169320736551E-12,0.106208930858574,0.994343835403971));
#4426=DIRECTION('',(1.,0.,-1.93955962400648E-12));
#4427=DIRECTION('center_axis',(1.,0.,0.));
#4428=DIRECTION('ref_axis',(0.,0.0691454835134018,0.997606586841576));
#4429=DIRECTION('center_axis',(1.,3.90388807846395E-11,1.10355637800888E-10));
#4430=DIRECTION('ref_axis',(-1.13877160055158E-10,0.106200343877554,0.994344752568388));
#4431=DIRECTION('center_axis',(4.1987542633473E-18,-0.996194698091586,-0.0871557427494796));
#4432=DIRECTION('ref_axis',(-5.96430952137506E-35,-0.0871557427494796,0.996194698091586));
#4433=DIRECTION('',(0.,0.0871557427494796,-0.996194698091586));
#4434=DIRECTION('',(0.,-0.0871557427494796,0.996194698091586));
#4435=DIRECTION('',(-1.,-4.2147928225184E-18,0.));
#4436=DIRECTION('',(0.,0.0871557427494796,-0.996194698091586));
#4437=DIRECTION('',(0.,-0.0871557427494796,0.996194698091586));
#4438=DIRECTION('',(-1.,-4.2147928225184E-18,0.));
#4439=DIRECTION('',(0.,0.0871557427494796,-0.996194698091586));
#4440=DIRECTION('',(-1.76150413910524E-14,-0.0871557427494796,0.996194698091586));
#4441=DIRECTION('',(-1.,-4.2147928225184E-18,0.));
#4442=DIRECTION('',(0.,0.0871557427494796,-0.996194698091586));
#4443=DIRECTION('',(0.,-0.0871557427494796,0.996194698091586));
#4444=DIRECTION('',(-1.,-4.2147928225184E-18,0.));
#4445=DIRECTION('',(0.,0.0871557427494796,-0.996194698091586));
#4446=DIRECTION('',(0.,-0.0871557427494796,0.996194698091586));
#4447=DIRECTION('',(-1.,-4.2147928225184E-18,0.));
#4448=DIRECTION('',(0.,0.0871557427494796,-0.996194698091586));
#4449=DIRECTION('',(0.,-0.0871557427494796,0.996194698091586));
#4450=DIRECTION('',(-1.,-4.2147928225184E-18,0.));
#4451=DIRECTION('',(0.,0.0871557427494796,-0.996194698091586));
#4452=DIRECTION('',(1.,-4.59802801390603E-18,1.00731003093075E-16));
#4453=DIRECTION('',(0.,-0.0871557427494796,0.996194698091586));
#4454=DIRECTION('',(-1.,-4.2147928225184E-18,0.));
#4455=DIRECTION('center_axis',(2.41998684125492E-17,0.911383682043619,-0.411557753060995));
#4456=DIRECTION('ref_axis',(8.39279197393208E-34,-0.411557753060995,-0.911383682043619));
#4457=DIRECTION('',(0.,-0.411557753060995,-0.911383682043619));
#4458=DIRECTION('',(0.,0.411557753060995,0.911383682043619));
#4459=DIRECTION('',(1.,-2.65528875372063E-17,0.));
#4460=DIRECTION('',(0.,-0.411557753060995,-0.911383682043619));
#4461=DIRECTION('',(-1.,-1.89346783621598E-17,-1.00731003093075E-16));
#4462=DIRECTION('',(0.,0.411557753060995,0.911383682043619));
#4463=DIRECTION('',(1.,-2.65528875372063E-17,0.));
#4464=DIRECTION('',(0.,-0.411557753060995,-0.911383682043619));
#4465=DIRECTION('',(0.,0.411557753060995,0.911383682043619));
#4466=DIRECTION('',(1.,-2.65528875372063E-17,0.));
#4467=DIRECTION('',(0.,-0.411557753060995,-0.911383682043619));
#4468=DIRECTION('',(0.,0.411557753060995,0.911383682043619));
#4469=DIRECTION('',(1.,-2.65528875372063E-17,0.));
#4470=DIRECTION('',(0.,-0.411557753060995,-0.911383682043619));
#4471=DIRECTION('',(0.,0.411557753060995,0.911383682043619));
#4472=DIRECTION('',(1.,-2.65528875372063E-17,0.));
#4473=DIRECTION('',(-8.31799101961213E-14,-0.411557753060995,-0.911383682043619));
#4474=DIRECTION('',(0.,0.411557753060995,0.911383682043619));
#4475=DIRECTION('',(1.,-2.65528875372063E-17,0.));
#4476=DIRECTION('',(0.,-0.411557753060995,-0.911383682043619));
#4477=DIRECTION('',(0.,0.411557753060995,0.911383682043619));
#4478=DIRECTION('',(1.,-2.65528875372063E-17,0.));
#4479=DIRECTION('',(0.305219238612145,-0.522536591189247,-0.796113514047679));
#4480=DIRECTION('',(-2.31111593326468E-33,1.,0.));
#4481=DIRECTION('',(0.419638213190396,0.278981206328949,-0.863755322151833));
#4482=DIRECTION('center_axis',(1.,-6.39461996595392E-11,-1.74609721348062E-13));
#4483=DIRECTION('ref_axis',(-4.10667529771843E-28,-0.00273056211837641,
0.99999627200831));
#4484=DIRECTION('',(1.,-1.61686264371609E-12,-3.6120345311791E-12));
#4485=DIRECTION('center_axis',(-1.,0.,0.));
#4486=DIRECTION('ref_axis',(0.,-0.91138368204337,0.411557753061548));
#4487=DIRECTION('',(-1.,1.75148041553115E-12,3.6126924066675E-12));
#4488=DIRECTION('center_axis',(0.0422304281825485,-0.998349421391245,0.0389233059141266));
#4489=DIRECTION('ref_axis',(0.943500883996861,0.0526654501823362,0.327158115067062));
#4490=DIRECTION('center_axis',(-0.0422304281509178,-0.998349421390066,0.0389233059787005));
#4491=DIRECTION('ref_axis',(-2.9808340883325E-18,0.0389580605601409,0.999240846601755));
#4492=DIRECTION('center_axis',(-0.0592831401398743,-0.960700174304733,0.271183857163387));
#4493=DIRECTION('ref_axis',(0.887466464482049,0.0736575304367208,0.454948175762576));
#4494=DIRECTION('center_axis',(0.0592831401740786,-0.960700174285353,0.271183857224565));
#4495=DIRECTION('ref_axis',(-2.31838373334992E-17,0.271661653575499,0.962392823111553));
#4496=DIRECTION('center_axis',(1.,0.,0.));
#4497=DIRECTION('ref_axis',(0.,0.996194698091365,0.0871557427520058));
#4498=DIRECTION('center_axis',(-1.,0.,0.));
#4499=DIRECTION('ref_axis',(0.,0.313079248700312,0.949727005003674));
#4500=DIRECTION('',(-1.,3.37743071623313E-13,-3.92920959971729E-12));
#4501=DIRECTION('',(1.,-5.40013919239594E-13,3.97486837513928E-12));
#4502=DIRECTION('',(0.604987123111575,0.0693964750299922,-0.793205339191935));
#4503=DIRECTION('',(0.451721702091911,-0.36717491248976,-0.81309906376611));
#4504=DIRECTION('center_axis',(4.49639812489559E-17,0.911383682043904,-0.411557753060364));
#4505=DIRECTION('ref_axis',(2.16436691191831E-33,-0.411557753060364,-0.911383682043904));
#4506=DIRECTION('',(-1.,-3.08148791101958E-33,1.01506105108586E-16));
#4507=DIRECTION('',(-0.451721702091911,-0.36717491248976,-0.81309906376611));
#4508=DIRECTION('center_axis',(1.00731003093075E-16,2.46519032881566E-32,
-1.));
#4509=DIRECTION('ref_axis',(-1.,-1.06693570176562E-64,-1.00731003093075E-16));
#4510=DIRECTION('',(2.31111593326468E-33,1.,0.));
#4511=DIRECTION('',(1.,3.08148791101958E-33,-1.01506105108586E-16));
#4512=DIRECTION('',(-0.305219238612145,-0.522536591189247,-0.796113514047679));
#4513=DIRECTION('',(-0.419638213190396,0.278981206328949,-0.863755322151833));
#4514=DIRECTION('',(-0.604987123111575,0.0693964750299922,-0.793205339191935));
#4515=DIRECTION('center_axis',(7.65122264822492E-18,-0.996194698091477,
-0.0871557427507278));
#4516=DIRECTION('ref_axis',(-4.49597441389217E-35,-0.0871557427507278,0.996194698091477));
#4517=DIRECTION('center_axis',(-1.,0.,0.));
#4518=DIRECTION('ref_axis',(0.,1.,-1.83697019872103E-16));
#4519=DIRECTION('',(0.,1.22464679914735E-16,-1.));
#4520=DIRECTION('',(0.,-1.,1.83697019872103E-16));
#4521=DIRECTION('',(0.,1.22464679914735E-16,-1.));
#4522=DIRECTION('center_axis',(0.,1.,1.22464679914735E-16));
#4523=DIRECTION('ref_axis',(1.,0.,0.));
#4524=DIRECTION('',(-1.,0.,0.));
#4525=DIRECTION('',(0.,1.22464679914735E-16,-1.));
#4526=DIRECTION('center_axis',(0.,1.,1.22464679914735E-16));
#4527=DIRECTION('ref_axis',(1.,0.,0.));
#4528=DIRECTION('',(0.,1.22464679914735E-16,-1.));
#4529=DIRECTION('',(-1.,0.,0.));
#4530=DIRECTION('center_axis',(1.,0.,0.));
#4531=DIRECTION('ref_axis',(0.,-1.,1.83697019872103E-16));
#4532=DIRECTION('',(0.,1.,-1.83697019872103E-16));
#4533=DIRECTION('',(0.,1.22464679914735E-16,-1.));
#4534=DIRECTION('center_axis',(-1.,0.,0.));
#4535=DIRECTION('ref_axis',(0.,1.,-1.83697019872103E-16));
#4536=DIRECTION('',(0.,1.22464679914735E-16,-1.));
#4537=DIRECTION('',(0.,-1.,1.83697019872103E-16));
#4538=DIRECTION('center_axis',(0.,1.,1.22464679914735E-16));
#4539=DIRECTION('ref_axis',(1.,0.,0.));
#4540=DIRECTION('',(-1.,0.,0.));
#4541=DIRECTION('',(0.,1.22464679914735E-16,-1.));
#4542=DIRECTION('center_axis',(0.,-1.,-1.22464679914735E-16));
#4543=DIRECTION('ref_axis',(-1.,0.,0.));
#4544=DIRECTION('',(0.,1.22464679914735E-16,-1.));
#4545=DIRECTION('',(1.,0.,0.));
#4546=DIRECTION('center_axis',(1.,0.,0.));
#4547=DIRECTION('ref_axis',(0.,-1.,1.83697019872103E-16));
#4548=DIRECTION('',(0.,1.,-1.83697019872103E-16));
#4549=DIRECTION('',(0.,1.22464679914735E-16,-1.));
#4550=DIRECTION('center_axis',(-1.,0.,0.));
#4551=DIRECTION('ref_axis',(0.,1.,-1.83697019872103E-16));
#4552=DIRECTION('',(0.,1.22464679914735E-16,-1.));
#4553=DIRECTION('',(0.,-1.,1.83697019872103E-16));
#4554=DIRECTION('center_axis',(0.,-1.,-1.22464679914735E-16));
#4555=DIRECTION('ref_axis',(-1.,0.,0.));
#4556=DIRECTION('',(1.,0.,0.));
#4557=DIRECTION('',(0.,1.22464679914735E-16,-1.));
#4558=DIRECTION('center_axis',(0.,-1.,-1.22464679914735E-16));
#4559=DIRECTION('ref_axis',(-1.,0.,0.));
#4560=DIRECTION('',(0.,1.22464679914735E-16,-1.));
#4561=DIRECTION('',(1.,0.,0.));
#4562=DIRECTION('center_axis',(1.,0.,0.));
#4563=DIRECTION('ref_axis',(0.,-1.,1.83697019872103E-16));
#4564=DIRECTION('',(0.,1.,-1.83697019872103E-16));
#4565=DIRECTION('center_axis',(0.,1.83697019872103E-16,1.));
#4566=DIRECTION('ref_axis',(0.,-1.,1.83697019872103E-16));
#4567=DIRECTION('center_axis',(0.,1.83697019872103E-16,1.));
#4568=DIRECTION('ref_axis',(0.,-1.,1.83697019872103E-16));
#4569=DIRECTION('',(-1.,0.,0.));
#4570=DIRECTION('',(0.,-1.,1.83697019872103E-16));
#4571=DIRECTION('',(-1.,0.,0.));
#4572=DIRECTION('',(0.,-1.,1.83697019872103E-16));
#4573=DIRECTION('',(1.,0.,0.));
#4574=DIRECTION('',(0.,-1.,1.83697019872103E-16));
#4575=DIRECTION('',(1.,0.,0.));
#4576=DIRECTION('',(0.,1.,-1.83697019872103E-16));
#4577=DIRECTION('',(1.,0.,0.));
#4578=DIRECTION('',(0.,1.,-1.83697019872103E-16));
#4579=DIRECTION('',(-1.,0.,0.));
#4580=DIRECTION('',(0.,1.,-1.83697019872103E-16));
#4581=DIRECTION('center_axis',(1.,0.,0.));
#4582=DIRECTION('ref_axis',(0.,-1.,1.83697019872103E-16));
#4583=DIRECTION('',(0.,1.22464679914735E-16,-1.));
#4584=DIRECTION('',(0.,1.22464679914735E-16,-1.));
#4585=DIRECTION('center_axis',(0.,-1.,-1.22464679914735E-16));
#4586=DIRECTION('ref_axis',(-1.,0.,0.));
#4587=DIRECTION('',(0.,1.22464679914735E-16,-1.));
#4588=DIRECTION('center_axis',(0.,-1.,-1.22464679914735E-16));
#4589=DIRECTION('ref_axis',(-1.,0.,0.));
#4590=DIRECTION('',(0.,1.22464679914735E-16,-1.));
#4591=DIRECTION('center_axis',(-1.,0.,0.));
#4592=DIRECTION('ref_axis',(0.,1.,-1.83697019872103E-16));
#4593=DIRECTION('',(0.,1.22464679914735E-16,-1.));
#4594=DIRECTION('center_axis',(1.,0.,0.));
#4595=DIRECTION('ref_axis',(0.,-1.,1.83697019872103E-16));
#4596=DIRECTION('',(0.,1.22464679914735E-16,-1.));
#4597=DIRECTION('center_axis',(0.,-1.,-1.22464679914735E-16));
#4598=DIRECTION('ref_axis',(-1.,0.,0.));
#4599=DIRECTION('',(0.,1.22464679914735E-16,-1.));
#4600=DIRECTION('center_axis',(0.,1.,1.22464679914735E-16));
#4601=DIRECTION('ref_axis',(1.,0.,0.));
#4602=DIRECTION('',(0.,1.22464679914735E-16,-1.));
#4603=DIRECTION('center_axis',(-1.,0.,0.));
#4604=DIRECTION('ref_axis',(0.,1.,-1.83697019872103E-16));
#4605=DIRECTION('',(0.,1.22464679914735E-16,-1.));
#4606=DIRECTION('center_axis',(1.,0.,0.));
#4607=DIRECTION('ref_axis',(0.,-1.,1.83697019872103E-16));
#4608=DIRECTION('',(0.,1.22464679914735E-16,-1.));
#4609=DIRECTION('center_axis',(0.,1.,1.22464679914735E-16));
#4610=DIRECTION('ref_axis',(1.,0.,0.));
#4611=DIRECTION('',(0.,1.22464679914735E-16,-1.));
#4612=DIRECTION('center_axis',(0.,1.,1.22464679914735E-16));
#4613=DIRECTION('ref_axis',(1.,0.,0.));
#4614=DIRECTION('',(0.,1.22464679914735E-16,-1.));
#4615=DIRECTION('center_axis',(-1.,0.,0.));
#4616=DIRECTION('ref_axis',(0.,1.,-1.83697019872103E-16));
#4617=DIRECTION('center_axis',(0.,0.,1.));
#4618=DIRECTION('ref_axis',(1.,0.,0.));
#4619=DIRECTION('',(0.,-1.,0.));
#4620=DIRECTION('',(0.,-1.,0.));
#4621=DIRECTION('center_axis',(1.,0.,0.));
#4622=DIRECTION('ref_axis',(0.,-1.,0.));
#4623=DIRECTION('center_axis',(1.,0.,0.));
#4624=DIRECTION('ref_axis',(0.,-1.,0.));
#4625=DIRECTION('center_axis',(1.,0.,0.));
#4626=DIRECTION('ref_axis',(0.,-1.,0.));
#4627=DIRECTION('',(0.,-1.,0.));
#4628=DIRECTION('center_axis',(1.,0.,0.));
#4629=DIRECTION('ref_axis',(0.,-1.,0.));
#4630=DIRECTION('',(0.,-1.,0.));
#4631=DIRECTION('center_axis',(0.,0.,1.));
#4632=DIRECTION('ref_axis',(1.,0.,0.));
#4633=DIRECTION('center_axis',(-4.04219867454635E-13,-1.,0.));
#4634=DIRECTION('ref_axis',(0.,0.,-1.));
#4635=DIRECTION('',(1.,-4.04219867454635E-13,0.));
#4636=DIRECTION('center_axis',(-4.08922287831558E-13,-1.,0.));
#4637=DIRECTION('ref_axis',(0.,0.,-1.));
#4638=DIRECTION('',(1.,-3.296187208634E-13,4.52427708978283E-16));
#4639=DIRECTION('center_axis',(0.,0.,1.));
#4640=DIRECTION('ref_axis',(1.,0.,0.));
#4641=DIRECTION('center_axis',(-4.08922287831558E-13,-1.,0.));
#4642=DIRECTION('ref_axis',(0.,0.,-1.));
#4643=DIRECTION('',(1.,0.,0.));
#4644=DIRECTION('center_axis',(-4.04219867454635E-13,-1.,0.));
#4645=DIRECTION('ref_axis',(0.,0.,-1.));
#4646=DIRECTION('',(1.,-4.04219867454635E-13,0.));
#4647=DIRECTION('center_axis',(0.,0.,1.));
#4648=DIRECTION('ref_axis',(1.,0.,0.));
#4649=DIRECTION('center_axis',(1.,0.,0.));
#4650=DIRECTION('ref_axis',(0.,-1.,0.));
#4651=DIRECTION('',(0.,-1.,0.));
#4652=DIRECTION('center_axis',(0.,0.,1.));
#4653=DIRECTION('ref_axis',(1.,0.,0.));
#4654=DIRECTION('',(0.,-1.,0.));
#4655=DIRECTION('center_axis',(1.,0.,0.));
#4656=DIRECTION('ref_axis',(0.,-1.,0.));
#4657=DIRECTION('center_axis',(1.,-2.02109933727317E-13,0.));
#4658=DIRECTION('ref_axis',(0.,0.,-1.));
#4659=DIRECTION('',(2.02109933727317E-13,1.,0.));
#4660=DIRECTION('center_axis',(1.,-2.10908833197683E-13,0.));
#4661=DIRECTION('ref_axis',(0.,0.,-1.));
#4662=DIRECTION('',(0.,1.,0.));
#4663=DIRECTION('center_axis',(0.,0.,1.));
#4664=DIRECTION('ref_axis',(1.,0.,0.));
#4665=DIRECTION('center_axis',(1.,0.,0.));
#4666=DIRECTION('ref_axis',(0.,-1.,0.));
#4667=DIRECTION('',(0.,1.,0.));
#4668=DIRECTION('',(0.,0.,-1.));
#4669=DIRECTION('center_axis',(1.,0.,0.));
#4670=DIRECTION('ref_axis',(0.,-1.,0.));
#4671=DIRECTION('',(0.,0.,1.));
#4672=DIRECTION('',(0.,1.,0.));
#4673=DIRECTION('center_axis',(0.,0.,1.));
#4674=DIRECTION('ref_axis',(1.,0.,0.));
#4675=DIRECTION('',(0.,1.,0.));
#4676=DIRECTION('',(1.,-1.38662783074726E-12,0.));
#4677=DIRECTION('',(1.,-4.04219867454635E-13,0.));
#4678=DIRECTION('',(0.,1.,0.));
#4679=DIRECTION('',(1.,-4.04219867454635E-13,0.));
#4680=DIRECTION('',(1.,-8.24675867180814E-13,0.));
#4681=DIRECTION('center_axis',(1.,0.,0.));
#4682=DIRECTION('ref_axis',(0.,-1.,0.));
#4683=DIRECTION('',(0.,0.,1.));
#4684=DIRECTION('center_axis',(-3.90257183213009E-13,-1.,0.));
#4685=DIRECTION('ref_axis',(0.,0.,-1.));
#4686=DIRECTION('center_axis',(-3.90257183213009E-13,-1.,0.));
#4687=DIRECTION('ref_axis',(0.,0.,-1.));
#4688=DIRECTION('center_axis',(-4.04219867454635E-13,-1.,0.));
#4689=DIRECTION('ref_axis',(0.,0.,-1.));
#4690=DIRECTION('center_axis',(1.,0.,0.));
#4691=DIRECTION('ref_axis',(0.,-1.,0.));
#4692=DIRECTION('',(0.,0.,-1.));
#4693=DIRECTION('center_axis',(-4.04219867454635E-13,-1.,0.));
#4694=DIRECTION('ref_axis',(0.,0.,-1.));
#4695=DIRECTION('center_axis',(1.,0.,0.));
#4696=DIRECTION('ref_axis',(0.,-1.,0.));
#4697=DIRECTION('',(0.,1.,0.));
#4698=DIRECTION('center_axis',(0.,0.,1.));
#4699=DIRECTION('ref_axis',(1.,0.,0.));
#4700=DIRECTION('',(0.,1.,0.));
#4701=DIRECTION('center_axis',(1.,0.,0.));
#4702=DIRECTION('ref_axis',(0.,-1.,0.));
#4703=DIRECTION('center_axis',(1.,0.,0.));
#4704=DIRECTION('ref_axis',(0.,-1.,0.));
#4705=DIRECTION('',(0.,1.,0.));
#4706=DIRECTION('center_axis',(0.,0.,1.));
#4707=DIRECTION('ref_axis',(1.,0.,0.));
#4708=DIRECTION('',(0.,1.,0.));
#4709=DIRECTION('center_axis',(1.,0.,0.));
#4710=DIRECTION('ref_axis',(0.,-1.,0.));
#4711=DIRECTION('center_axis',(-3.90257183213009E-13,-1.,0.));
#4712=DIRECTION('ref_axis',(0.,0.,-1.));
#4713=DIRECTION('',(1.,0.,0.));
#4714=DIRECTION('center_axis',(0.,0.,1.));
#4715=DIRECTION('ref_axis',(1.,0.,0.));
#4716=DIRECTION('',(1.,-4.04219867454635E-13,0.));
#4717=DIRECTION('center_axis',(-4.04219867454635E-13,-1.,0.));
#4718=DIRECTION('ref_axis',(0.,0.,-1.));
#4719=DIRECTION('center_axis',(1.,0.,0.));
#4720=DIRECTION('ref_axis',(0.,-1.,0.));
#4721=DIRECTION('',(0.,1.,0.));
#4722=DIRECTION('center_axis',(0.,0.,1.));
#4723=DIRECTION('ref_axis',(1.,0.,0.));
#4724=DIRECTION('',(0.,1.,0.));
#4725=DIRECTION('center_axis',(1.,0.,0.));
#4726=DIRECTION('ref_axis',(0.,-1.,0.));
#4727=DIRECTION('center_axis',(-4.04219867454635E-13,-1.,0.));
#4728=DIRECTION('ref_axis',(0.,0.,-1.));
#4729=DIRECTION('',(1.,-4.04219867454635E-13,0.));
#4730=DIRECTION('center_axis',(-3.90257183213009E-13,-1.,0.));
#4731=DIRECTION('ref_axis',(0.,0.,-1.));
#4732=DIRECTION('',(1.,0.,0.));
#4733=DIRECTION('center_axis',(0.,0.,1.));
#4734=DIRECTION('ref_axis',(1.,0.,0.));
#4735=DIRECTION('center_axis',(1.,0.,0.));
#4736=DIRECTION('ref_axis',(0.,-1.,0.));
#4737=DIRECTION('',(0.,1.,0.));
#4738=DIRECTION('center_axis',(0.,0.,1.));
#4739=DIRECTION('ref_axis',(1.,0.,0.));
#4740=DIRECTION('',(0.,1.,0.));
#4741=DIRECTION('center_axis',(1.,0.,0.));
#4742=DIRECTION('ref_axis',(0.,-1.,0.));
#4743=DIRECTION('center_axis',(0.,0.,1.));
#4744=DIRECTION('ref_axis',(1.,0.,0.));
#4745=DIRECTION('',(2.02109933727317E-13,1.,0.));
#4746=DIRECTION('',(1.08023381002939E-12,1.,0.));
#4747=DIRECTION('center_axis',(1.,-2.10908833197683E-13,0.));
#4748=DIRECTION('ref_axis',(0.,0.,-1.));
#4749=DIRECTION('center_axis',(1.,-2.02109933727317E-13,0.));
#4750=DIRECTION('ref_axis',(0.,0.,-1.));
#4751=DIRECTION('center_axis',(1.,0.,0.));
#4752=DIRECTION('ref_axis',(0.,-1.,0.));
#4753=DIRECTION('',(0.,-1.,0.));
#4754=DIRECTION('center_axis',(1.,0.,0.));
#4755=DIRECTION('ref_axis',(0.,-1.,0.));
#4756=DIRECTION('',(0.,-1.,0.));
#4757=DIRECTION('center_axis',(0.,0.,1.));
#4758=DIRECTION('ref_axis',(1.,0.,0.));
#4759=DIRECTION('center_axis',(0.,0.,1.));
#4760=DIRECTION('ref_axis',(1.,0.,0.));
#4761=DIRECTION('',(0.,-1.,0.));
#4762=DIRECTION('',(0.,-1.,0.));
#4763=DIRECTION('center_axis',(1.,0.,0.));
#4764=DIRECTION('ref_axis',(0.,-1.,0.));
#4765=DIRECTION('center_axis',(1.,0.,0.));
#4766=DIRECTION('ref_axis',(0.,-1.,0.));
#4767=DIRECTION('center_axis',(-4.04219867454635E-13,-1.,0.));
#4768=DIRECTION('ref_axis',(0.,0.,-1.));
#4769=DIRECTION('',(1.,-4.04219867454635E-13,0.));
#4770=DIRECTION('center_axis',(0.,0.,1.));
#4771=DIRECTION('ref_axis',(1.,0.,0.));
#4772=DIRECTION('',(1.,0.,0.));
#4773=DIRECTION('center_axis',(-4.08922287831558E-13,-1.,0.));
#4774=DIRECTION('ref_axis',(0.,0.,-1.));
#4775=DIRECTION('center_axis',(-4.04219867454635E-13,-1.,0.));
#4776=DIRECTION('ref_axis',(0.,0.,-1.));
#4777=DIRECTION('',(1.,-4.04219867454635E-13,0.));
#4778=DIRECTION('center_axis',(-4.08922287831558E-13,-1.,0.));
#4779=DIRECTION('ref_axis',(0.,0.,-1.));
#4780=DIRECTION('',(1.,-2.4310482665176E-12,1.66942121155642E-15));
#4781=DIRECTION('center_axis',(0.,0.,1.));
#4782=DIRECTION('ref_axis',(1.,0.,0.));
#4783=DIRECTION('center_axis',(1.,0.,0.));
#4784=DIRECTION('ref_axis',(0.,-1.,0.));
#4785=DIRECTION('',(0.,-1.,0.));
#4786=DIRECTION('center_axis',(0.,0.,1.));
#4787=DIRECTION('ref_axis',(1.,0.,0.));
#4788=DIRECTION('',(0.,-1.,0.));
#4789=DIRECTION('center_axis',(1.,0.,0.));
#4790=DIRECTION('ref_axis',(0.,-1.,0.));
#4791=CARTESIAN_POINT('',(0.,0.,0.));
#4792=CARTESIAN_POINT('Ctrl Pts',(208.422234898546,4.4680416193296,8.05782955086766));
#4793=CARTESIAN_POINT('Ctrl Pts',(207.410402306905,3.35779637860833,5.36955077827007));
#4794=CARTESIAN_POINT('Ctrl Pts',(206.3981185632,2.24134505660913,2.68408096313916));
#4795=CARTESIAN_POINT('Ctrl Pts',(205.385932308047,1.12154090491822,3.08331138398898E-12));
#4796=CARTESIAN_POINT('Ctrl Pts',(208.40912453807,8.37399764074507,7.34539826863192));
#4797=CARTESIAN_POINT('Ctrl Pts',(207.397989845147,7.67214753421285,4.87272895552625));
#4798=CARTESIAN_POINT('Ctrl Pts',(206.386028508306,6.96288058053324,2.4026326266489));
#4799=CARTESIAN_POINT('Ctrl Pts',(205.374245984338,6.24982752808137,-0.066194419136214));
#4800=CARTESIAN_POINT('Ctrl Pts',(208.391858976185,12.2785072699771,6.62459868865785));
#4801=CARTESIAN_POINT('Ctrl Pts',(207.38167302392,11.9858170954758,4.36849818198785));
#4802=CARTESIAN_POINT('Ctrl Pts',(206.370392830435,11.6841236592518,2.11462891089497));
#4803=CARTESIAN_POINT('Ctrl Pts',(205.359250467136,11.3780736928893,-0.138297229529092));
#4804=CARTESIAN_POINT('Ctrl Pts',(208.359911286097,16.1799851743635,5.88625865411629));
#4805=CARTESIAN_POINT('Ctrl Pts',(207.353685630445,16.2982868168692,3.8500230626604));
#4806=CARTESIAN_POINT('Ctrl Pts',(206.344950129285,16.4048466541135,1.81458248290173));
#4807=CARTESIAN_POINT('Ctrl Pts',(205.335737194582,16.5062485139351,-0.220818829064559));
#4808=CARTESIAN_POINT('',(207.170010768674,9.07499994559848,4.17097178135766));
#4809=CARTESIAN_POINT('',(208.370406083899,9.07500153977296,7.12801447570372));
#4810=CARTESIAN_POINT('Ctrl Pts',(207.17002436034,9.07500000003722,4.1710016920274));
#4811=CARTESIAN_POINT('Ctrl Pts',(207.225136743089,9.0750000000372,4.30437509871499));
#4812=CARTESIAN_POINT('Ctrl Pts',(207.28011437608,9.07500000003717,4.43771660510606));
#4813=CARTESIAN_POINT('Ctrl Pts',(207.33494620885,9.07500000003715,4.57100808664961));
#4814=CARTESIAN_POINT('Ctrl Pts',(207.63038793581,9.07500000003704,5.28920157949798));
#4815=CARTESIAN_POINT('Ctrl Pts',(207.923656696338,9.07500000003692,6.01095163851207));
#4816=CARTESIAN_POINT('Ctrl Pts',(208.212877267856,9.07500000003681,6.7334209751785));
#4817=CARTESIAN_POINT('Ctrl Pts',(208.26552139561,9.07500000003679,6.86492534175233));
#4818=CARTESIAN_POINT('Ctrl Pts',(208.318031423016,9.07500000003677,6.996453477249));
#4819=CARTESIAN_POINT('Ctrl Pts',(208.370396071773,9.07500000003675,7.12798813076235));
#4820=CARTESIAN_POINT('',(207.145030465415,8.42500034669905,4.17096910282646));
#4821=CARTESIAN_POINT('Ctrl Pts',(207.169997177007,9.07499989115975,4.17094187068792));
#4822=CARTESIAN_POINT('Ctrl Pts',(207.165773917188,8.96677765589458,4.17094187068792));
#4823=CARTESIAN_POINT('Ctrl Pts',(207.161583037301,8.85854684347258,4.17094187068837));
#4824=CARTESIAN_POINT('Ctrl Pts',(207.153257337924,8.64188524706707,4.17094187068837));
#4825=CARTESIAN_POINT('Ctrl Pts',(207.149122086867,8.53343997673296,4.17094187068792));
#4826=CARTESIAN_POINT('Ctrl Pts',(207.145018246914,8.42500069336531,4.17094187068792));
#4827=CARTESIAN_POINT('',(208.357447524404,8.4250000000211,7.20563925779903));
#4828=CARTESIAN_POINT('Ctrl Pts',(208.357447975247,8.4250000000323,7.2056390814671));
#4829=CARTESIAN_POINT('Ctrl Pts',(208.069286761152,8.42500000003242,6.46886519509634));
#4830=CARTESIAN_POINT('Ctrl Pts',(207.776443309715,8.42500000003253,5.7325057255125));
#4831=CARTESIAN_POINT('Ctrl Pts',(207.480702360774,8.42500000003265,4.99912893783203));
#4832=CARTESIAN_POINT('Ctrl Pts',(207.423105482193,8.42500000003268,4.85630051334384));
#4833=CARTESIAN_POINT('Ctrl Pts',(207.365398728514,8.4250000000327,4.71358514088626));
#4834=CARTESIAN_POINT('Ctrl Pts',(207.307595318657,8.42500000003272,4.57100175247607));
#4835=CARTESIAN_POINT('Ctrl Pts',(207.253537410758,8.42500000003275,4.43765737543041));
#4836=CARTESIAN_POINT('Ctrl Pts',(207.199349749839,8.42500000003277,4.30431692009143));
#4837=CARTESIAN_POINT('Ctrl Pts',(207.145042683916,8.42500000003279,4.170996334965));
#4838=CARTESIAN_POINT('',(208.208457594612,4.48579982705056,7.45006177484828));
#4839=CARTESIAN_POINT('Ctrl Pts',(208.357447075004,8.42500000003536,7.20563934645514));
#4840=CARTESIAN_POINT('Ctrl Pts',(208.342555450527,7.77088130981735,7.2783702509313));
#4841=CARTESIAN_POINT('Ctrl Pts',(208.322171830069,7.11479092040749,7.33512920018758));
#4842=CARTESIAN_POINT('Ctrl Pts',(208.272058223485,5.80137050735462,7.41661887723793));
#4843=CARTESIAN_POINT('Ctrl Pts',(208.242300081289,5.14344442036336,7.44137754420973));
#4844=CARTESIAN_POINT('Ctrl Pts',(208.208457595313,4.48579982702184,7.45006177540876));
#4845=CARTESIAN_POINT('',(205.385932308043,1.12154090491822,3.29425375866776E-12));
#4846=CARTESIAN_POINT('Ctrl Pts',(208.208457595026,4.48579982737337,7.45006177454468));
#4847=CARTESIAN_POINT('Ctrl Pts',(207.73737364504,3.92734863339899,6.21338648020124));
#4848=CARTESIAN_POINT('Ctrl Pts',(207.261425555946,3.36122597968293,4.9597229425942));
#4849=CARTESIAN_POINT('Ctrl Pts',(206.324803834868,2.24454033462506,2.48685232526614));
#4850=CARTESIAN_POINT('Ctrl Pts',(205.852359266066,1.67994223231991,1.23656486615115));
#4851=CARTESIAN_POINT('Ctrl Pts',(205.385932308049,1.12154090492033,9.38776834047417E-12));
#4852=CARTESIAN_POINT('',(205.445223709967,16.4952252031613,-3.547979452279E-10));
#4853=CARTESIAN_POINT('Ctrl Pts',(205.385932308047,1.12154090491826,3.2940913523335E-12));
#4854=CARTESIAN_POINT('Ctrl Pts',(205.392445810913,3.65112938293102,3.29409191956857E-12));
#4855=CARTESIAN_POINT('Ctrl Pts',(205.400342792168,6.25540337740837,6.30870927650289E-12));
#4856=CARTESIAN_POINT('Ctrl Pts',(205.419176693497,11.3175874656538,6.30869785388085E-12));
#4857=CARTESIAN_POINT('Ctrl Pts',(205.430767928644,13.9542176258534,3.29401161954188E-12));
#4858=CARTESIAN_POINT('Ctrl Pts',(205.44522371054,16.495225203158,3.29401139072617E-12));
#4859=CARTESIAN_POINT('',(208.211744216375,16.0037247315922,5.61787609982082));
#4860=CARTESIAN_POINT('Ctrl Pts',(205.445223710283,16.4952252031164,-5.14896458803094E-10));
#4861=CARTESIAN_POINT('Ctrl Pts',(205.908095573633,16.4135136504977,0.933967319637851));
#4862=CARTESIAN_POINT('Ctrl Pts',(206.370924186053,16.3316079223107,1.8701540766891));
#4863=CARTESIAN_POINT('Ctrl Pts',(207.292649811437,16.1679157398836,3.74116428334547));
#4864=CARTESIAN_POINT('Ctrl Pts',(207.753771451819,16.0857337033791,4.68050925892005));
#4865=CARTESIAN_POINT('Ctrl Pts',(208.211744218193,16.0037247332551,5.61787607671354));
#4866=CARTESIAN_POINT('Ctrl Pts',(208.211744235129,16.0037247313116,5.61787611120226));
#4867=CARTESIAN_POINT('Ctrl Pts',(208.295315817492,14.8770007768926,5.96925089449832));
#4868=CARTESIAN_POINT('Ctrl Pts',(208.344332674097,13.7308303256185,6.27211450401031));
#4869=CARTESIAN_POINT('Ctrl Pts',(208.391868672749,11.418760076417,6.77619518148314));
#4870=CARTESIAN_POINT('Ctrl Pts',(208.39047434894,10.2491734700169,6.97822813859717));
#4871=CARTESIAN_POINT('Ctrl Pts',(208.370416096024,9.07500307950918,7.12804082064508));
#4872=CARTESIAN_POINT('Origin',(263.056250000016,8.75000000002183,13.3879740340507));
#4873=CARTESIAN_POINT('',(263.056250000016,11.7500000000218,0.200000000003445));
#4874=CARTESIAN_POINT('Origin',(263.056250000016,8.75000000002183,0.200000000003445));
#4875=CARTESIAN_POINT('',(263.056250000016,11.7500000000218,4.17094187068792));
#4876=CARTESIAN_POINT('',(263.056250000016,11.7500000000218,13.3879740340507));
#4877=CARTESIAN_POINT('',(263.38125000002,11.732343876909,4.17094187068792));
#4878=CARTESIAN_POINT('Origin',(263.056250000016,8.75000000002183,4.17094187068792));
#4879=CARTESIAN_POINT('',(263.381250047075,11.732343866441,6.69850507987886));
#4880=CARTESIAN_POINT('',(263.38125000002,11.732343876909,13.3879740340507));
#4881=CARTESIAN_POINT('',(266.038593876907,9.07500000001164,7.12804121351739));
#4882=CARTESIAN_POINT('Ctrl Pts',(263.381250141197,11.7323438615228,6.69850507734837));
#4883=CARTESIAN_POINT('Ctrl Pts',(263.528931885793,11.7162502820857,6.70165841221894));
#4884=CARTESIAN_POINT('Ctrl Pts',(263.675133467296,11.6892190845953,6.70694912876754));
#4885=CARTESIAN_POINT('Ctrl Pts',(263.818670922273,11.6515020829617,6.71425989753681));
#4886=CARTESIAN_POINT('Ctrl Pts',(263.970748707935,11.6115409585907,6.72200564951559));
#4887=CARTESIAN_POINT('Ctrl Pts',(264.119290761531,11.5597279184831,6.7319908829497));
#4888=CARTESIAN_POINT('Ctrl Pts',(264.262964442385,11.4966052244916,6.74397185054724));
#4889=CARTESIAN_POINT('Ctrl Pts',(264.275544119882,11.4910783727508,6.74502087154803));
#4890=CARTESIAN_POINT('Ctrl Pts',(264.288086475078,11.48546481265,6.74608516013931));
#4891=CARTESIAN_POINT('Ctrl Pts',(264.300590613455,11.4797649052372,6.74716453457453));
#4892=CARTESIAN_POINT('Ctrl Pts',(264.467994463964,11.4034552532096,6.7616150653628));
#4893=CARTESIAN_POINT('Ctrl Pts',(264.627483031867,11.3121594977578,6.77868136335683));
#4894=CARTESIAN_POINT('Ctrl Pts',(264.777234844423,11.2072785882563,6.79780128611274));
#4895=CARTESIAN_POINT('Ctrl Pts',(264.921567394761,11.1061931396605,6.81622929153415));
#4896=CARTESIAN_POINT('Ctrl Pts',(265.056855151649,10.9924874678298,6.8365630838106));
#4897=CARTESIAN_POINT('Ctrl Pts',(265.181467320463,10.8674161945548,6.85826521750161));
#4898=CARTESIAN_POINT('Ctrl Pts',(265.312675384558,10.7357247249622,6.88111607529037));
#4899=CARTESIAN_POINT('Ctrl Pts',(265.431028983873,10.5924601138648,6.90530111160972));
#4900=CARTESIAN_POINT('Ctrl Pts',(265.535212132591,10.4396033133613,6.93014083367557));
#4901=CARTESIAN_POINT('Ctrl Pts',(265.63341089657,10.2955267610596,6.95355373714854));
#4902=CARTESIAN_POINT('Ctrl Pts',(265.719020384829,10.1429282737699,6.9775471044575));
#4903=CARTESIAN_POINT('Ctrl Pts',(265.790938609441,9.98348214803934,7.0015918726962));
#4904=CARTESIAN_POINT('Ctrl Pts',(265.855821918286,9.83963276527845,7.02328462348532));
#4905=CARTESIAN_POINT('Ctrl Pts',(265.909175854877,9.69106426086938,7.04488939744121));
#4906=CARTESIAN_POINT('Ctrl Pts',(265.950588904395,9.5391806715618,7.06606761262702));
#4907=CARTESIAN_POINT('Ctrl Pts',(265.992001953912,9.38729708225422,7.08724582781282));
#4908=CARTESIAN_POINT('Ctrl Pts',(266.021474116355,9.23209850169314,7.10799699030887));
#4909=CARTESIAN_POINT('Ctrl Pts',(266.038593876903,9.07500000001117,7.12804121351681));
#4910=CARTESIAN_POINT('',(266.038593876903,9.07500000001164,4.17094187068792));
#4911=CARTESIAN_POINT('',(266.038593876903,9.07500000001164,4.1709418706879));
#4912=CARTESIAN_POINT('',(266.0385938769,8.42500000001019,4.17094187068792));
#4913=CARTESIAN_POINT('Origin',(263.056250000016,8.75000000002183,4.17094187068792));
#4914=CARTESIAN_POINT('',(266.0385938769,8.42500000001019,7.20563934639597));
#4915=CARTESIAN_POINT('',(266.0385938769,8.42500000001019,13.3879740340507));
#4916=CARTESIAN_POINT('',(263.381249999822,5.7676561226947,7.41279976529533));
#4917=CARTESIAN_POINT('Ctrl Pts',(266.038593876901,8.42500000001009,7.20563934639624));
#4918=CARTESIAN_POINT('Ctrl Pts',(266.022197495732,8.27453954776014,7.22236891694732));
#4919=CARTESIAN_POINT('Ctrl Pts',(265.994458025671,8.12569955253611,7.23805749430261));
#4920=CARTESIAN_POINT('Ctrl Pts',(265.955680722664,7.97973311257081,7.25265235640361));
#4921=CARTESIAN_POINT('Ctrl Pts',(265.915717380062,7.82930215434567,7.26769361582969));
#4922=CARTESIAN_POINT('Ctrl Pts',(265.864030674024,7.68192338359118,7.28157336708921));
#4923=CARTESIAN_POINT('Ctrl Pts',(265.800954735531,7.5389686198192,7.29428915754047));
#4924=CARTESIAN_POINT('Ctrl Pts',(265.791435836532,7.51739506910826,7.29620811947564));
#4925=CARTESIAN_POINT('Ctrl Pts',(265.781657555165,7.49592226996648,7.29810066948543));
#4926=CARTESIAN_POINT('Ctrl Pts',(265.771621039809,7.47455493407244,7.29996689951098));
#4927=CARTESIAN_POINT('Ctrl Pts',(265.694443543636,7.31024716133762,7.31431759350621));
#4928=CARTESIAN_POINT('Ctrl Pts',(265.602619811228,7.15350830253731,7.3269911978118));
#4929=CARTESIAN_POINT('Ctrl Pts',(265.497388166768,7.00619512461277,7.33813727103611));
#4930=CARTESIAN_POINT('Ctrl Pts',(265.402447253065,6.87328788188688,7.34819335617617));
#4931=CARTESIAN_POINT('Ctrl Pts',(265.296592557925,6.74805288870379,7.35700776644621));
#4932=CARTESIAN_POINT('Ctrl Pts',(265.180733482507,6.6318475190561,7.36471858278643));
#4933=CARTESIAN_POINT('Ctrl Pts',(265.044871659058,6.49557961463823,7.37376065018157));
#4934=CARTESIAN_POINT('Ctrl Pts',(264.896492367968,6.37297898866302,7.38120707064486));
#4935=CARTESIAN_POINT('Ctrl Pts',(264.737788009954,6.2655631806693,7.38735833664787));
#4936=CARTESIAN_POINT('Ctrl Pts',(264.591813642686,6.16676340728681,7.39301619742706));
#4937=CARTESIAN_POINT('Ctrl Pts',(264.437104165526,6.08080981618209,7.3975794354419));
#4938=CARTESIAN_POINT('Ctrl Pts',(264.275365594799,6.00887664170619,7.40124115088342));
#4939=CARTESIAN_POINT('Ctrl Pts',(264.261260854721,6.0026035633401,7.40156047820473));
#4940=CARTESIAN_POINT('Ctrl Pts',(264.247102657924,5.99643710837956,7.4018729159611));
#4941=CARTESIAN_POINT('Ctrl Pts',(264.232892135864,5.99037805414825,7.4021785719527));
#4942=CARTESIAN_POINT('Ctrl Pts',(264.089848751428,5.92938749939724,7.40525531095842));
#4943=CARTESIAN_POINT('Ctrl Pts',(263.942285466043,5.87961383225296,7.40763224121798));
#4944=CARTESIAN_POINT('Ctrl Pts',(263.791542397446,5.84150467259981,7.40941419080752));
#4945=CARTESIAN_POINT('Ctrl Pts',(263.779414897911,5.83843873517226,7.4095575512487));
#4946=CARTESIAN_POINT('Ctrl Pts',(263.76726681743,5.83544829517509,7.40969703255369));
#4947=CARTESIAN_POINT('Ctrl Pts',(263.755098853825,5.83253358555697,7.40983267425298));
#4948=CARTESIAN_POINT('Ctrl Pts',(263.631979720371,5.80304167268715,7.41120513796335));
#4949=CARTESIAN_POINT('Ctrl Pts',(263.507112948478,5.78137199893956,7.41218350215771));
#4950=CARTESIAN_POINT('Ctrl Pts',(263.381249999775,5.7676561231095,7.41279976495551));
#4951=CARTESIAN_POINT('',(263.38125000002,5.76765612313466,4.17094187068792));
#4952=CARTESIAN_POINT('',(263.38125000002,5.76765612313466,13.3879740340507));
#4953=CARTESIAN_POINT('',(262.731250000015,5.76765612313466,4.17094187068792));
#4954=CARTESIAN_POINT('Origin',(263.056250000016,8.75000000002183,4.17094187068792));
#4955=CARTESIAN_POINT('',(262.731250000139,5.7676561227414,7.41279976529063));
#4956=CARTESIAN_POINT('',(262.731250000015,5.76765612314193,7.41282167409694));
#4957=CARTESIAN_POINT('',(260.073906123132,8.42500000001019,7.20563934640259));
#4958=CARTESIAN_POINT('Ctrl Pts',(262.731249998935,5.76765611170094,7.4127997654699));
#4959=CARTESIAN_POINT('Ctrl Pts',(262.61183000877,5.78066986387913,7.41221504952701));
#4960=CARTESIAN_POINT('Ctrl Pts',(262.493301467914,5.80084451604797,7.41130413105122));
#4961=CARTESIAN_POINT('Ctrl Pts',(262.376306148231,5.82806975471816,7.41004016064147));
#4962=CARTESIAN_POINT('Ctrl Pts',(262.224622129263,5.86336718054743,7.40840142746712));
#4963=CARTESIAN_POINT('Ctrl Pts',(262.075970627631,5.91041020621107,7.40617558723707));
#4964=CARTESIAN_POINT('Ctrl Pts',(261.931695374704,5.9687454697778,7.40326405665733));
#4965=CARTESIAN_POINT('Ctrl Pts',(261.90261505145,5.98050360769295,7.40267720445152));
#4966=CARTESIAN_POINT('Ctrl Pts',(261.873712522058,5.99272051290682,7.40206232490205));
#4967=CARTESIAN_POINT('Ctrl Pts',(261.844998790125,6.00539246768899,7.4014183603306));
#4968=CARTESIAN_POINT('Ctrl Pts',(261.681509136238,6.07754378212748,7.39775176815277));
#4969=CARTESIAN_POINT('Ctrl Pts',(261.52517855545,6.1639880595958,7.39317000776163));
#4970=CARTESIAN_POINT('Ctrl Pts',(261.377751469151,6.26350844480935,7.38747595067225));
#4971=CARTESIAN_POINT('Ctrl Pts',(261.218031736186,6.37132695869228,7.38130711629702));
#4972=CARTESIAN_POINT('Ctrl Pts',(261.0687621666,6.49449348399128,7.37383137315283));
#4973=CARTESIAN_POINT('Ctrl Pts',(260.932160932717,6.63145199863459,7.36474482564099));
#4974=CARTESIAN_POINT('Ctrl Pts',(260.796007373908,6.76796166730912,7.35568805692919));
#4975=CARTESIAN_POINT('Ctrl Pts',(260.673655488884,6.9169468146945,7.34510661202377));
#4976=CARTESIAN_POINT('Ctrl Pts',(260.566585635358,7.07620763619646,7.33277893849228));
#4977=CARTESIAN_POINT('Ctrl Pts',(260.4837619053,7.19940361391206,7.32324288449389));
#4978=CARTESIAN_POINT('Ctrl Pts',(260.410082596918,7.32874806445599,7.3126620359404));
#4979=CARTESIAN_POINT('Ctrl Pts',(260.346232929221,7.46321817080504,7.30095545096113));
#4980=CARTESIAN_POINT('Ctrl Pts',(260.278948280541,7.60492249269224,7.28861907575372));
#4981=CARTESIAN_POINT('Ctrl Pts',(260.223049082104,7.75132537609184,7.27511711906399));
#4982=CARTESIAN_POINT('Ctrl Pts',(260.178875227377,7.9010446777405,7.26044256334633));
#4983=CARTESIAN_POINT('Ctrl Pts',(260.13607689445,8.04610189670065,7.24622495600754));
#4984=CARTESIAN_POINT('Ctrl Pts',(260.104285047651,8.19427205870747,7.23090648864432));
#4985=CARTESIAN_POINT('Ctrl Pts',(260.083808807246,8.34429791784294,7.21453044242442));
#4986=CARTESIAN_POINT('Ctrl Pts',(260.080145054521,8.37114159810103,7.21160032523562));
#4987=CARTESIAN_POINT('Ctrl Pts',(260.076843569568,8.3980446911053,7.20863648442308));
#4988=CARTESIAN_POINT('Ctrl Pts',(260.073906123132,8.42500000001016,7.20563934640229));
#4989=CARTESIAN_POINT('',(260.073906123132,8.42500000001019,4.17094187068792));
#4990=CARTESIAN_POINT('',(260.073906123132,8.42500000001019,13.3879740340507));
#4991=CARTESIAN_POINT('',(260.073906123129,9.07500000001892,4.17094187068791));
#4992=CARTESIAN_POINT('Origin',(263.056250000016,8.75000000002183,4.17094187068792));
#4993=CARTESIAN_POINT('',(260.073906123129,9.07500000001892,7.12804121352032));
#4994=CARTESIAN_POINT('',(260.073906123129,9.07500000001892,7.12804121352032));
#4995=CARTESIAN_POINT('',(262.731249952994,11.732343866438,6.69850507987777));
#4996=CARTESIAN_POINT('Ctrl Pts',(260.073906123132,9.07500000001843,7.1280412135197));
#4997=CARTESIAN_POINT('Ctrl Pts',(260.090248746118,9.22496714339401,7.10890688146955));
#4998=CARTESIAN_POINT('Ctrl Pts',(260.117846251777,9.37318932414271,7.08913050574891));
#4999=CARTESIAN_POINT('Ctrl Pts',(260.156334744179,9.51843702369662,7.0689545513756));
#5000=CARTESIAN_POINT('Ctrl Pts',(260.195987491396,9.66807838283419,7.04816828595734));
#5001=CARTESIAN_POINT('Ctrl Pts',(260.247200083112,9.81456245276276,7.02695806662734));
#5002=CARTESIAN_POINT('Ctrl Pts',(260.309574591473,9.9565548526487,7.0056432731564));
#5003=CARTESIAN_POINT('Ctrl Pts',(260.317880349842,9.97546248967282,7.00280500590747));
#5004=CARTESIAN_POINT('Ctrl Pts',(260.326384025206,9.99429049871985,6.99996495814744));
#5005=CARTESIAN_POINT('Ctrl Pts',(260.335084678013,10.0130357439057,6.99712395024677));
#5006=CARTESIAN_POINT('Ctrl Pts',(260.409459489632,10.1732736145975,6.97283848200627));
#5007=CARTESIAN_POINT('Ctrl Pts',(260.49773366283,10.3263981128466,6.94863991112346));
#5008=CARTESIAN_POINT('Ctrl Pts',(260.598763625906,10.4706894507436,6.92507681820617));
#5009=CARTESIAN_POINT('Ctrl Pts',(260.697474305283,10.6116683797486,6.90205464894816));
#5010=CARTESIAN_POINT('Ctrl Pts',(260.808361842897,10.7442153101251,6.87964066294996));
#5011=CARTESIAN_POINT('Ctrl Pts',(260.930359629759,10.8667404502547,6.85838246549846));
#5012=CARTESIAN_POINT('Ctrl Pts',(261.068118051437,11.005094352849,6.8343779666958));
#5013=CARTESIAN_POINT('Ctrl Pts',(261.218882855814,11.1295000102174,6.812055348886));
#5014=CARTESIAN_POINT('Ctrl Pts',(261.380425346855,11.2382966254159,6.79213420247792));
#5015=CARTESIAN_POINT('Ctrl Pts',(261.527880896251,11.3376058818411,6.77395023385618));
#5016=CARTESIAN_POINT('Ctrl Pts',(261.684316402405,11.4239102968726,6.75776843206073));
#5017=CARTESIAN_POINT('Ctrl Pts',(261.848036849024,11.4959463927094,6.74409689410502));
#5018=CARTESIAN_POINT('Ctrl Pts',(261.86367763289,11.5028282515657,6.74279080451943));
#5019=CARTESIAN_POINT('Ctrl Pts',(261.879384903826,11.5095798844591,6.74150758519145));
#5020=CARTESIAN_POINT('Ctrl Pts',(261.895157183946,11.5162001866447,6.74024765208721));
#5021=CARTESIAN_POINT('Ctrl Pts',(262.045002745669,11.5790967933608,6.72827757659446));
#5022=CARTESIAN_POINT('Ctrl Pts',(262.199830369989,11.629764570084,6.71848585299437));
#5023=CARTESIAN_POINT('Ctrl Pts',(262.358145450372,11.667644604453,6.71112756589469));
#5024=CARTESIAN_POINT('Ctrl Pts',(262.480979856678,11.6970351812782,6.70541837618808));
#5025=CARTESIAN_POINT('Ctrl Pts',(262.605591819065,11.7186503095513,6.70118815696321));
#5026=CARTESIAN_POINT('Ctrl Pts',(262.731249858846,11.732343861524,6.69850507734732));
#5027=CARTESIAN_POINT('',(262.731250000019,11.732343876909,4.17094187068792));
#5028=CARTESIAN_POINT('',(262.731250000019,11.732343876909,4.17094187068792));
#5029=CARTESIAN_POINT('Origin',(263.056250000016,8.75000000002183,4.17094187068792));
#5030=CARTESIAN_POINT('Origin',(303.056250000016,8.75000000002183,13.3879740340507));
#5031=CARTESIAN_POINT('',(303.056250000016,11.7500000000218,0.200000000003445));
#5032=CARTESIAN_POINT('Origin',(303.056250000016,8.75000000002183,0.200000000003445));
#5033=CARTESIAN_POINT('',(303.056250000016,11.7500000000218,4.17094187068792));
#5034=CARTESIAN_POINT('',(303.056250000016,11.7500000000218,13.3879740340507));
#5035=CARTESIAN_POINT('',(303.381250000024,11.732343876909,4.17094187068792));
#5036=CARTESIAN_POINT('Origin',(303.056250000016,8.75000000002183,4.17094187068792));
#5037=CARTESIAN_POINT('',(303.3812500003,11.7323438763454,6.69850507496834));
#5038=CARTESIAN_POINT('',(303.381250000024,11.732343876909,13.3879740340507));
#5039=CARTESIAN_POINT('',(306.038593876907,9.07499999998981,7.12804121349193));
#5040=CARTESIAN_POINT('Ctrl Pts',(303.38125000037,11.7323438768694,6.69850507437591));
#5041=CARTESIAN_POINT('Ctrl Pts',(303.529498297251,11.7161885646289,6.70167050502044));
#5042=CARTESIAN_POINT('Ctrl Pts',(303.6762409375,11.6890131018312,6.70698947095184));
#5043=CARTESIAN_POINT('Ctrl Pts',(303.820281745829,11.6510783321879,6.71434203177008));
#5044=CARTESIAN_POINT('Ctrl Pts',(303.828218703704,11.6489880449133,6.71474717366125));
#5045=CARTESIAN_POINT('Ctrl Pts',(303.836147458152,11.646865087198,6.71515847722751));
#5046=CARTESIAN_POINT('Ctrl Pts',(303.844067809046,11.6447095018155,6.71557591796051));
#5047=CARTESIAN_POINT('Ctrl Pts',(303.996550825453,11.6032100574583,6.72361250913988));
#5048=CARTESIAN_POINT('Ctrl Pts',(304.145350395166,11.5497732343033,6.73389816259956));
#5049=CARTESIAN_POINT('Ctrl Pts',(304.289119796846,11.4849647295221,6.74617950828514));
#5050=CARTESIAN_POINT('Ctrl Pts',(304.303942748362,11.478282825633,6.74744574289088));
#5051=CARTESIAN_POINT('Ctrl Pts',(304.3187122288,11.4714800325121,6.74873314718022));
#5052=CARTESIAN_POINT('Ctrl Pts',(304.333426762175,11.4645569653851,6.75004141344936));
#5053=CARTESIAN_POINT('Ctrl Pts',(304.501946773787,11.3852696836898,6.7650244945477));
#5054=CARTESIAN_POINT('Ctrl Pts',(304.662196393359,11.2907117021823,6.782653212078));
#5055=CARTESIAN_POINT('Ctrl Pts',(304.81229313789,11.1823483547189,6.80233805447129));
#5056=CARTESIAN_POINT('Ctrl Pts',(304.943218974382,11.0878255723898,6.81950867642307));
#5057=CARTESIAN_POINT('Ctrl Pts',(305.066419833608,10.9827983749675,6.83824187403211));
#5058=CARTESIAN_POINT('Ctrl Pts',(305.180646339119,10.8682398812451,6.85812228418837));
#5059=CARTESIAN_POINT('Ctrl Pts',(305.313990137038,10.7345085325662,6.88132993973707));
#5060=CARTESIAN_POINT('Ctrl Pts',(305.434112591521,10.5887867180006,6.90592337542668));
#5061=CARTESIAN_POINT('Ctrl Pts',(305.539605883429,10.4331375733437,6.93119100007142));
#5062=CARTESIAN_POINT('Ctrl Pts',(305.619658080802,10.3150252666393,6.95036500477481));
#5063=CARTESIAN_POINT('Ctrl Pts',(305.691286318255,10.1911967567818,6.96992741984099));
#5064=CARTESIAN_POINT('Ctrl Pts',(305.7538754301,10.0625612515321,6.98958650032765));
#5065=CARTESIAN_POINT('Ctrl Pts',(305.822194903672,9.92214849055376,7.01104547282571));
#5066=CARTESIAN_POINT('Ctrl Pts',(305.879343370164,9.77683273391804,7.03249162482906));
#5067=CARTESIAN_POINT('Ctrl Pts',(305.924904436325,9.62796715663521,7.05358676543603));
#5068=CARTESIAN_POINT('Ctrl Pts',(305.968983667977,9.48394330427543,7.07399580473002));
#5069=CARTESIAN_POINT('Ctrl Pts',(306.002216982386,9.3365969053328,7.09407611296336));
#5070=CARTESIAN_POINT('Ctrl Pts',(306.024227307715,9.18716299062328,7.11356989686977));
#5071=CARTESIAN_POINT('Ctrl Pts',(306.029716018118,9.1498986853468,7.11843105784446));
#5072=CARTESIAN_POINT('Ctrl Pts',(306.034506823617,9.11250461030452,7.12325599420446));
#5073=CARTESIAN_POINT('Ctrl Pts',(306.038593876906,9.07499999998972,7.1280412134923));
#5074=CARTESIAN_POINT('',(306.038593876903,9.07499999999709,4.17094187068792));
#5075=CARTESIAN_POINT('',(306.038593876903,9.07499999999709,4.1709418706879));
#5076=CARTESIAN_POINT('',(306.0385938769,8.42499999999563,4.17094187068792));
#5077=CARTESIAN_POINT('Origin',(303.056250000016,8.75000000002183,4.17094187068792));
#5078=CARTESIAN_POINT('',(306.0385938769,8.42499999999563,7.20563934635565));
#5079=CARTESIAN_POINT('',(306.0385938769,8.42499999999563,13.3879740340507));
#5080=CARTESIAN_POINT('',(303.381249999833,5.76765612269443,7.41279976519379));
#5081=CARTESIAN_POINT('Ctrl Pts',(306.038593876899,8.42499999999572,7.20563934635599));
#5082=CARTESIAN_POINT('Ctrl Pts',(306.022202056895,8.27458140302071,7.22236426305099));
#5083=CARTESIAN_POINT('Ctrl Pts',(305.994472951355,8.12577797122792,7.23804925330654));
#5084=CARTESIAN_POINT('Ctrl Pts',(305.955709682119,7.97984229791112,7.25264143900104));
#5085=CARTESIAN_POINT('Ctrl Pts',(305.915773051838,7.82948916348669,7.26767532898426));
#5086=CARTESIAN_POINT('Ctrl Pts',(305.864124141112,7.68218019184285,7.28154939143678));
#5087=CARTESIAN_POINT('Ctrl Pts',(305.801094439833,7.53928539620858,7.2942609790442));
#5088=CARTESIAN_POINT('Ctrl Pts',(305.792704557375,7.52026467240666,7.29595301825313));
#5089=CARTESIAN_POINT('Ctrl Pts',(305.784113027024,7.5013221583521,7.29762453577061));
#5090=CARTESIAN_POINT('Ctrl Pts',(305.775320630593,7.48246108309201,7.29927559313545));
#5091=CARTESIAN_POINT('Ctrl Pts',(305.698807848124,7.31832911294306,7.31364334759183));
#5092=CARTESIAN_POINT('Ctrl Pts',(305.607700480644,7.16169201105721,7.32634109691658));
#5093=CARTESIAN_POINT('Ctrl Pts',(305.503224873289,7.01439483705551,7.33751602397066));
#5094=CARTESIAN_POINT('Ctrl Pts',(305.40685202642,6.87852151357083,7.34782426300395));
#5095=CARTESIAN_POINT('Ctrl Pts',(305.2991041169,6.75059550459916,7.35683842950018));
#5096=CARTESIAN_POINT('Ctrl Pts',(305.18094371416,6.63205840000587,7.36470458913015));
#5097=CARTESIAN_POINT('Ctrl Pts',(305.0452840048,6.49596620004256,7.37373571042316));
#5098=CARTESIAN_POINT('Ctrl Pts',(304.89713931341,6.37350121908359,7.3811755303871));
#5099=CARTESIAN_POINT('Ctrl Pts',(304.738692394917,6.26617552363996,7.38732326551996));
#5100=CARTESIAN_POINT('Ctrl Pts',(304.592694155405,6.16728207252018,7.39298799232509));
#5101=CARTESIAN_POINT('Ctrl Pts',(304.437948923225,6.08124214203358,7.39755679252947));
#5102=CARTESIAN_POINT('Ctrl Pts',(304.276164338856,6.00923202344143,7.4012230587271));
#5103=CARTESIAN_POINT('Ctrl Pts',(304.262369622141,6.00309201207685,7.40153566640723));
#5104=CARTESIAN_POINT('Ctrl Pts',(304.248523727345,5.99705399874019,7.40184168042731));
#5105=CARTESIAN_POINT('Ctrl Pts',(304.234627713048,5.99111871126902,7.40214120175736));
#5106=CARTESIAN_POINT('Ctrl Pts',(304.091493851267,5.92998315121769,7.40522637738683));
#5107=CARTESIAN_POINT('Ctrl Pts',(303.943819589832,5.88007958710802,7.40761012474217));
#5108=CARTESIAN_POINT('Ctrl Pts',(303.792947599563,5.84186027894591,7.40939756131312));
#5109=CARTESIAN_POINT('Ctrl Pts',(303.784603823931,5.83974661071924,7.4094964131257));
#5110=CARTESIAN_POINT('Ctrl Pts',(303.776250268056,5.83766867857722,7.4095934277419));
#5111=CARTESIAN_POINT('Ctrl Pts',(303.767887159046,5.8356265589735,7.40968861816045));
#5112=CARTESIAN_POINT('Ctrl Pts',(303.640633935261,5.80455362872508,7.41113703735717));
#5113=CARTESIAN_POINT('Ctrl Pts',(303.511477546729,5.78184762968179,7.4121621316725));
#5114=CARTESIAN_POINT('Ctrl Pts',(303.381249999786,5.76765612311064,7.41279976485383));
#5115=CARTESIAN_POINT('',(303.381250000024,5.76765612313466,4.17094187068792));
#5116=CARTESIAN_POINT('',(303.381250000024,5.76765612313466,13.3879740340507));
#5117=CARTESIAN_POINT('',(302.731250000023,5.76765612313466,4.17094187068792));
#5118=CARTESIAN_POINT('Origin',(303.056250000016,8.75000000002183,4.17094187068792));
#5119=CARTESIAN_POINT('',(302.731250000132,5.76765612273811,7.41279976518861));
#5120=CARTESIAN_POINT('',(302.731250000023,5.76765612313466,13.3879740340507));
#5121=CARTESIAN_POINT('',(300.073906123132,8.42499999999563,7.20563934636152));
#5122=CARTESIAN_POINT('Ctrl Pts',(302.731249998928,5.7676561117017,7.41279976536776));
#5123=CARTESIAN_POINT('Ctrl Pts',(302.616402550234,5.7801715727529,7.412237437954));
#5124=CARTESIAN_POINT('Ctrl Pts',(302.502375814923,5.79931046242951,7.41137326697091));
#5125=CARTESIAN_POINT('Ctrl Pts',(302.38974082315,5.82497598009423,7.41018367492676));
#5126=CARTESIAN_POINT('Ctrl Pts',(302.237784977083,5.85960132511426,7.40857879652533));
#5127=CARTESIAN_POINT('Ctrl Pts',(302.088830182382,5.90599920027428,7.40638823432325));
#5128=CARTESIAN_POINT('Ctrl Pts',(301.944222086366,5.96371328592678,7.40351490075018));
#5129=CARTESIAN_POINT('Ctrl Pts',(301.903805926544,5.97984365327105,7.40271183984204));
#5130=CARTESIAN_POINT('Ctrl Pts',(301.863729301615,5.9968579628796,7.40185512883714));
#5131=CARTESIAN_POINT('Ctrl Pts',(301.824021589332,6.01474623777154,7.40094193575715));
#5132=CARTESIAN_POINT('Ctrl Pts',(301.660062879798,6.08860943205932,7.39717123353477));
#5133=CARTESIAN_POINT('Ctrl Pts',(301.503450568148,6.17689649810459,7.39246608074622));
#5134=CARTESIAN_POINT('Ctrl Pts',(301.355957740454,6.27836000192293,7.38662348450656));
#5135=CARTESIAN_POINT('Ctrl Pts',(301.204381328201,6.38263269181393,7.3806191262602));
#5136=CARTESIAN_POINT('Ctrl Pts',(301.062436366659,6.50082181368968,7.37341188813764));
#5137=CARTESIAN_POINT('Ctrl Pts',(300.932047329536,6.63156590505248,7.3647372682467));
#5138=CARTESIAN_POINT('Ctrl Pts',(300.79579431103,6.76818994563941,7.35567252499367));
#5139=CARTESIAN_POINT('Ctrl Pts',(300.673362901017,6.91731077515245,7.34508048665956));
#5140=CARTESIAN_POINT('Ctrl Pts',(300.566238488337,7.07672416822765,7.3327389526446));
#5141=CARTESIAN_POINT('Ctrl Pts',(300.484288437947,7.1986752274523,7.32329769355997));
#5142=CARTESIAN_POINT('Ctrl Pts',(300.411296397676,7.32664947403191,7.31283274002227));
#5143=CARTESIAN_POINT('Ctrl Pts',(300.347927368785,7.45965565638257,7.30126543477535));
#5144=CARTESIAN_POINT('Ctrl Pts',(300.280432177875,7.60132230059433,7.28894494494591));
#5145=CARTESIAN_POINT('Ctrl Pts',(300.224325284144,7.74770400482559,7.27545828100205));
#5146=CARTESIAN_POINT('Ctrl Pts',(300.17994787714,7.89741746203199,7.26079791547944));
#5147=CARTESIAN_POINT('Ctrl Pts',(300.136959810552,8.04244378289815,7.24659652761512));
#5148=CARTESIAN_POINT('Ctrl Pts',(300.104978288337,8.19059635327147,7.23129362747504));
#5149=CARTESIAN_POINT('Ctrl Pts',(300.08431344757,8.34061750407542,7.21493200665267));
#5150=CARTESIAN_POINT('Ctrl Pts',(300.080447622297,8.36868234923389,7.21187119587725));
#5151=CARTESIAN_POINT('Ctrl Pts',(300.076977837347,8.39681259052797,7.20877348060189));
#5152=CARTESIAN_POINT('Ctrl Pts',(300.073906123133,8.42499999999568,7.20563934636124));
#5153=CARTESIAN_POINT('',(300.073906123132,8.42499999999563,4.17094187068792));
#5154=CARTESIAN_POINT('',(300.073906123132,8.42499999999563,13.3879740340507));
#5155=CARTESIAN_POINT('',(300.073906123129,9.07499999999709,4.17094187068791));
#5156=CARTESIAN_POINT('Origin',(303.056250000016,8.75000000002183,4.17094187068792));
#5157=CARTESIAN_POINT('',(300.073906123129,9.07499999999709,7.1280412134958));
#5158=CARTESIAN_POINT('',(300.073906123129,9.07499999999709,7.1280412134958));
#5159=CARTESIAN_POINT('',(302.731249999801,11.7323438763493,6.69850507496617));
#5160=CARTESIAN_POINT('Ctrl Pts',(300.07390612313,9.07499999999696,7.12804121349434));
#5161=CARTESIAN_POINT('Ctrl Pts',(300.090254791876,9.22502262194236,7.10889980292798));
#5162=CARTESIAN_POINT('Ctrl Pts',(300.117866066086,9.3732935167031,7.08911657220646));
#5163=CARTESIAN_POINT('Ctrl Pts',(300.156373280941,9.51858247798645,7.06893434643609));
#5164=CARTESIAN_POINT('Ctrl Pts',(300.196063046057,9.66833323947308,7.04813232781807));
#5165=CARTESIAN_POINT('Ctrl Pts',(300.24732825282,9.81491597137198,7.02690659361925));
#5166=CARTESIAN_POINT('Ctrl Pts',(300.309767407745,9.95699376668119,7.0055773843247));
#5167=CARTESIAN_POINT('Ctrl Pts',(300.319754065771,9.97971800688689,7.00216594290732));
#5168=CARTESIAN_POINT('Ctrl Pts',(300.33002657036,10.0023270267316,6.99875196026515));
#5169=CARTESIAN_POINT('Ctrl Pts',(300.340583278777,10.024815382402,6.99533686431575));
#5170=CARTESIAN_POINT('Ctrl Pts',(300.415891003117,10.1852391454579,6.97097480995168));
#5171=CARTESIAN_POINT('Ctrl Pts',(300.505159714668,10.338452028613,6.94671423695177));
#5172=CARTESIAN_POINT('Ctrl Pts',(300.607231296599,10.4827199480998,6.92311035124828));
#5173=CARTESIAN_POINT('Ctrl Pts',(300.703903103436,10.6193558283479,6.9007551546679));
#5174=CARTESIAN_POINT('Ctrl Pts',(300.812059019884,10.7479684324196,6.87899058921673));
#5175=CARTESIAN_POINT('Ctrl Pts',(300.93071517679,10.8670974742177,6.85832051996014));
#5176=CARTESIAN_POINT('Ctrl Pts',(301.068126990822,11.0050569207747,6.83438318887871));
#5177=CARTESIAN_POINT('Ctrl Pts',(301.218500891224,11.1291684996285,6.81211455432562));
#5178=CARTESIAN_POINT('Ctrl Pts',(301.379638080401,11.2377661490361,6.79223133145114));
#5179=CARTESIAN_POINT('Ctrl Pts',(301.528342144827,11.3379845525998,6.7738822708126));
#5180=CARTESIAN_POINT('Ctrl Pts',(301.686212615542,11.4249913471689,6.75756611387455));
#5181=CARTESIAN_POINT('Ctrl Pts',(301.851521402299,11.4974768435717,6.74380640353361));
#5182=CARTESIAN_POINT('Ctrl Pts',(301.993996915718,11.559950282026,6.73194725294773));
#5183=CARTESIAN_POINT('Ctrl Pts',(302.141188842452,11.6112792016784,6.72205582822152));
#5184=CARTESIAN_POINT('Ctrl Pts',(302.291789104957,11.6509652852712,6.71436394248506));
#5185=CARTESIAN_POINT('Ctrl Pts',(302.317088205982,11.6576320879805,6.71307179470868));
#5186=CARTESIAN_POINT('Ctrl Pts',(302.342483490622,11.6639703080284,6.71184160078737));
#5187=CARTESIAN_POINT('Ctrl Pts',(302.367968757735,11.6699775567035,6.71067431353617));
#5188=CARTESIAN_POINT('Ctrl Pts',(302.487625347481,11.6981823578154,6.70519375054617));
#5189=CARTESIAN_POINT('Ctrl Pts',(302.608944020721,11.719015620695,6.70111657886869));
#5190=CARTESIAN_POINT('Ctrl Pts',(302.731249999731,11.7323438768769,6.69850507437251));
#5191=CARTESIAN_POINT('',(302.731250000023,11.732343876909,4.17094187068792));
#5192=CARTESIAN_POINT('',(302.731250000023,11.732343876909,13.3879740340507));
#5193=CARTESIAN_POINT('Origin',(303.056250000016,8.75000000002183,4.17094187068792));
#5194=CARTESIAN_POINT('Origin',(275.006250000017,8.75000000002183,13.3879740340507));
#5195=CARTESIAN_POINT('',(275.006250000017,11.7500000000218,0.200000000003445));
#5196=CARTESIAN_POINT('Origin',(275.006250000017,8.75000000002183,0.200000000003445));
#5197=CARTESIAN_POINT('',(275.006250000017,11.7500000000218,4.17094187068792));
#5198=CARTESIAN_POINT('',(275.006250000017,11.7500000000218,13.3879740340507));
#5199=CARTESIAN_POINT('',(275.331250000017,11.732343876909,4.17094187068792));
#5200=CARTESIAN_POINT('Origin',(275.006250000017,8.75000000002183,4.17094187068792));
#5201=CARTESIAN_POINT('',(275.331250047074,11.7323438664409,6.69850507988941));
#5202=CARTESIAN_POINT('',(275.331250000017,11.732343876909,13.3879740340507));
#5203=CARTESIAN_POINT('',(277.988593876904,9.07500000001164,7.12804121350825));
#5204=CARTESIAN_POINT('Ctrl Pts',(275.331250141198,11.7323438615228,6.69850507735837));
#5205=CARTESIAN_POINT('Ctrl Pts',(275.453362215666,11.7190367301908,6.70111244270049));
#5206=CARTESIAN_POINT('Ctrl Pts',(275.574490427614,11.6982483344702,6.70518083211797));
#5207=CARTESIAN_POINT('Ctrl Pts',(275.69396317774,11.6701113994699,6.71064830587603));
#5208=CARTESIAN_POINT('Ctrl Pts',(275.845658703417,11.6343857035154,6.71759040191875));
#5209=CARTESIAN_POINT('Ctrl Pts',(275.99416913831,11.5869349363384,6.72676559702056));
#5210=CARTESIAN_POINT('Ctrl Pts',(276.138186757745,11.5282583005942,6.73795094071639));
#5211=CARTESIAN_POINT('Ctrl Pts',(276.162210497938,11.5184703853512,6.73981678041));
#5212=CARTESIAN_POINT('Ctrl Pts',(276.186109221276,11.5083700794394,6.74173843872001));
#5213=CARTESIAN_POINT('Ctrl Pts',(276.209876857723,11.4979596772021,6.74371474558823));
#5214=CARTESIAN_POINT('Ctrl Pts',(276.3759989405,11.4251969645068,6.75752799175993));
#5215=CARTESIAN_POINT('Ctrl Pts',(276.534617724969,11.3377719192988,6.77392316185237));
#5216=CARTESIAN_POINT('Ctrl Pts',(276.683979939073,11.2370122951165,6.792369347743));
#5217=CARTESIAN_POINT('Ctrl Pts',(276.844396444168,11.1287954555172,6.81218073505158));
#5218=CARTESIAN_POINT('Ctrl Pts',(276.994135519535,11.005196497344,6.8343562619402));
#5219=CARTESIAN_POINT('Ctrl Pts',(277.131025093094,10.8678599585269,6.85818821386966));
#5220=CARTESIAN_POINT('Ctrl Pts',(277.263349505379,10.7351034869288,6.88122538865725));
#5221=CARTESIAN_POINT('Ctrl Pts',(277.382628801907,10.5905563566833,6.90562366237916));
#5222=CARTESIAN_POINT('Ctrl Pts',(277.487499246093,10.4362421314949,6.93068689138193));
#5223=CARTESIAN_POINT('Ctrl Pts',(277.576009471757,10.3060015570357,6.95184015407785));
#5224=CARTESIAN_POINT('Ctrl Pts',(277.654255852729,10.1688037659102,6.97346679836311));
#5225=CARTESIAN_POINT('Ctrl Pts',(277.721418506704,10.0258761618385,6.99517575926724));
#5226=CARTESIAN_POINT('Ctrl Pts',(277.787598521577,9.88503969390257,7.01656710208135));
#5227=CARTESIAN_POINT('Ctrl Pts',(277.84262935992,9.73946429534869,7.03791168555155));
#5228=CARTESIAN_POINT('Ctrl Pts',(277.88610706788,9.59049243990455,7.05887921036382));
#5229=CARTESIAN_POINT('Ctrl Pts',(277.928245531336,9.44610936680536,7.07920087218814));
#5230=CARTESIAN_POINT('Ctrl Pts',(277.959531645004,9.29853597702074,7.09916817167618));
#5231=CARTESIAN_POINT('Ctrl Pts',(277.979597645983,9.14900395726572,7.11852920415568));
#5232=CARTESIAN_POINT('Ctrl Pts',(277.98290101853,9.12438719533159,7.12171652101349));
#5233=CARTESIAN_POINT('Ctrl Pts',(277.985900309107,9.09971737055403,7.12488752020765));
#5234=CARTESIAN_POINT('Ctrl Pts',(277.988593876904,9.07500000001163,7.12804121350794));
#5235=CARTESIAN_POINT('',(277.988593876904,9.07500000001164,4.17094187068791));
#5236=CARTESIAN_POINT('',(277.988593876904,9.07500000001164,4.17094187068789));
#5237=CARTESIAN_POINT('',(277.9885938769,8.42500000001019,4.17094187068792));
#5238=CARTESIAN_POINT('Origin',(275.006250000017,8.75000000002183,4.17094187068792));
#5239=CARTESIAN_POINT('',(277.9885938769,8.42500000001019,7.20563934638339));
#5240=CARTESIAN_POINT('',(277.9885938769,8.42500000001019,13.3879740340507));
#5241=CARTESIAN_POINT('',(275.331249999824,5.76765612269426,7.41279976526493));
#5242=CARTESIAN_POINT('Ctrl Pts',(277.988593876901,8.42500000000279,7.20563934638402));
#5243=CARTESIAN_POINT('Ctrl Pts',(277.972188753267,8.27445932302682,7.22237783705362));
#5244=CARTESIAN_POINT('Ctrl Pts',(277.944429406106,8.12554918757385,7.23807329598585));
#5245=CARTESIAN_POINT('Ctrl Pts',(277.905625156229,7.97952365807948,7.25267329872943));
#5246=CARTESIAN_POINT('Ctrl Pts',(277.865610500549,7.82894321130899,7.26772871365304));
#5247=CARTESIAN_POINT('Ctrl Pts',(277.813851157027,7.68143029782491,7.28161939779738));
#5248=CARTESIAN_POINT('Ctrl Pts',(277.750686304318,7.53836020649897,7.29434327110852));
#5249=CARTESIAN_POINT('Ctrl Pts',(277.739022907108,7.5119422979242,7.29669273575718));
#5250=CARTESIAN_POINT('Ctrl Pts',(277.726970631485,7.48567586687936,7.2990025605728));
#5251=CARTESIAN_POINT('Ctrl Pts',(277.714531612839,7.45956956576812,7.30127292186299));
#5252=CARTESIAN_POINT('Ctrl Pts',(277.636079407086,7.29491856197424,7.31559196552271));
#5253=CARTESIAN_POINT('Ctrl Pts',(277.542880256446,7.13797967951131,7.32822019282531));
#5254=CARTESIAN_POINT('Ctrl Pts',(277.436195815864,6.99063258084255,7.33931175673791));
#5255=CARTESIAN_POINT('Ctrl Pts',(277.344050011684,6.86336550397302,7.34889179550231));
#5256=CARTESIAN_POINT('Ctrl Pts',(277.24184394648,6.74325395365718,7.35732715309097));
#5257=CARTESIAN_POINT('Ctrl Pts',(277.130390570625,6.63150363790593,7.3647413995536));
#5258=CARTESIAN_POINT('Ctrl Pts',(276.995392016143,6.49614541323453,7.37372194901971));
#5259=CARTESIAN_POINT('Ctrl Pts',(276.848007172439,6.37424517175433,7.38112988263988));
#5260=CARTESIAN_POINT('Ctrl Pts',(276.690371774209,6.26731355545235,7.3872580617999));
#5261=CARTESIAN_POINT('Ctrl Pts',(276.547592743264,6.17045972233813,7.39280868996942));
#5262=CARTESIAN_POINT('Ctrl Pts',(276.39640424042,6.08588571262909,7.39731034656929));
#5263=CARTESIAN_POINT('Ctrl Pts',(276.238393274525,6.01470788562466,7.40094389367046));
#5264=CARTESIAN_POINT('Ctrl Pts',(276.096319336272,5.95070907300054,7.4042109602539));
#5265=CARTESIAN_POINT('Ctrl Pts',(275.949523027776,5.89789871241034,7.40675886227643));
#5266=CARTESIAN_POINT('Ctrl Pts',(275.799349969917,5.85673330577244,7.40869924245964));
#5267=CARTESIAN_POINT('Ctrl Pts',(275.75738951845,5.8452311157526,7.40924141180524));
#5268=CARTESIAN_POINT('Ctrl Pts',(275.715165436829,5.83463806690774,7.40973584188069));
#5269=CARTESIAN_POINT('Ctrl Pts',(275.672707079042,5.824964109333,7.41018422519977));
#5270=CARTESIAN_POINT('Ctrl Pts',(275.560088861867,5.79930452399175,7.41137353474063));
#5271=CARTESIAN_POINT('Ctrl Pts',(275.446079407427,5.78016962222265,7.41223752565795));
#5272=CARTESIAN_POINT('Ctrl Pts',(275.331249999777,5.7676561231096,7.41279976492492));
#5273=CARTESIAN_POINT('',(275.331250000017,5.76765612313466,4.17094187068792));
#5274=CARTESIAN_POINT('',(275.331250000017,5.76765612313466,13.3879740340507));
#5275=CARTESIAN_POINT('',(274.681250000016,5.76765612313466,4.17094187068792));
#5276=CARTESIAN_POINT('Origin',(275.006250000017,8.75000000002183,4.17094187068792));
#5277=CARTESIAN_POINT('',(274.681250000127,5.76765612273837,7.4127997652599));
#5278=CARTESIAN_POINT('',(274.681250000016,5.76765612313466,13.3879740340507));
#5279=CARTESIAN_POINT('',(272.023906123133,8.42500000001019,7.20563934639003));
#5280=CARTESIAN_POINT('Ctrl Pts',(274.681249998924,5.76765611170232,7.41279976543908));
#5281=CARTESIAN_POINT('Ctrl Pts',(274.555512940869,5.78135826417231,7.41218411924494));
#5282=CARTESIAN_POINT('Ctrl Pts',(274.430770404993,5.80299827440833,7.41120709286307));
#5283=CARTESIAN_POINT('Ctrl Pts',(274.307771112048,5.83244498887619,7.40983679714853));
#5284=CARTESIAN_POINT('Ctrl Pts',(274.156535037803,5.86865174575162,7.40815192450041));
#5285=CARTESIAN_POINT('Ctrl Pts',(274.008368482901,5.9165572184193,7.40587839817026));
#5286=CARTESIAN_POINT('Ctrl Pts',(273.864611298804,5.9757143159519,7.40291563793824));
#5287=CARTESIAN_POINT('Ctrl Pts',(273.853260904974,5.98038508325351,7.40268171226928));
#5288=CARTESIAN_POINT('Ctrl Pts',(273.841937998904,5.98512599209163,7.40244346327461));
#5289=CARTESIAN_POINT('Ctrl Pts',(273.830643240075,5.98993682212548,7.40220082797714));
#5290=CARTESIAN_POINT('Ctrl Pts',(273.667717553474,6.05933253019134,7.39870083979398));
#5291=CARTESIAN_POINT('Ctrl Pts',(273.511662578514,6.14284439230758,7.39431458445906));
#5292=CARTESIAN_POINT('Ctrl Pts',(273.36418311738,6.23930029760011,7.3888537543818));
#5293=CARTESIAN_POINT('Ctrl Pts',(273.190827398714,6.35268003639897,7.38243478515532));
#5294=CARTESIAN_POINT('Ctrl Pts',(273.029320453963,6.4839451706084,7.37453021235818));
#5295=CARTESIAN_POINT('Ctrl Pts',(272.882431097783,6.63118116149117,7.36476279346428));
#5296=CARTESIAN_POINT('Ctrl Pts',(272.746572154212,6.76736070980591,7.35572884269452));
#5297=CARTESIAN_POINT('Ctrl Pts',(272.624457031725,6.91595323781773,7.34517781588587));
#5298=CARTESIAN_POINT('Ctrl Pts',(272.517551424367,7.07477181188863,7.33289005358883));
#5299=CARTESIAN_POINT('Ctrl Pts',(272.432191093819,7.201582802582,7.32307871181468));
#5300=CARTESIAN_POINT('Ctrl Pts',(272.356527521673,7.33491311223325,7.31216009573227));
#5301=CARTESIAN_POINT('Ctrl Pts',(272.291306830421,7.47364441247351,7.30004641439677));
#5302=CARTESIAN_POINT('Ctrl Pts',(272.224636983728,7.61545821942839,7.28766357603621));
#5303=CARTESIAN_POINT('Ctrl Pts',(272.169344332349,7.7619225157559,7.27411689625761));
#5304=CARTESIAN_POINT('Ctrl Pts',(272.125765001189,7.91165853045533,7.25940084690237));
#5305=CARTESIAN_POINT('Ctrl Pts',(272.0835213645,8.05680517763607,7.24513584039777));
#5306=CARTESIAN_POINT('Ctrl Pts',(272.052284031525,8.20502590994364,7.22977189860145));
#5307=CARTESIAN_POINT('Ctrl Pts',(272.032359158359,8.35506471059261,7.21335373457301));
#5308=CARTESIAN_POINT('Ctrl Pts',(272.029268999971,8.37833430204083,7.21080743343211));
#5309=CARTESIAN_POINT('Ctrl Pts',(272.026450940867,8.40164762588346,7.20823587713658));
#5310=CARTESIAN_POINT('Ctrl Pts',(272.023906123132,8.42500000000999,7.20563934638959));
#5311=CARTESIAN_POINT('',(272.023906123133,8.42500000001019,4.17094187068792));
#5312=CARTESIAN_POINT('',(272.023906123133,8.42500000001019,13.3879740340507));
#5313=CARTESIAN_POINT('',(272.02390612313,9.07500000001164,4.17094187068792));
#5314=CARTESIAN_POINT('Origin',(275.006250000017,8.75000000002183,4.17094187068792));
#5315=CARTESIAN_POINT('',(272.02390612313,9.07500000000437,7.12804121351438));
#5316=CARTESIAN_POINT('',(272.02390612313,9.07500000000437,7.12804121351438));
#5317=CARTESIAN_POINT('',(274.681249952993,11.7323438664415,6.69850507988812));
#5318=CARTESIAN_POINT('Ctrl Pts',(272.02390612313,9.0750000000042,7.12804121351368));
#5319=CARTESIAN_POINT('Ctrl Pts',(272.041006832957,9.23192368383564,7.10801929534407));
#5320=CARTESIAN_POINT('Ctrl Pts',(272.070432522406,9.38695215810956,7.08729195971748));
#5321=CARTESIAN_POINT('Ctrl Pts',(272.111773267764,9.53867500481067,7.06613811809006));
#5322=CARTESIAN_POINT('Ctrl Pts',(272.153114013123,9.69039785151178,7.04498427646264));
#5323=CARTESIAN_POINT('Ctrl Pts',(272.206369814389,9.83881497741616,7.02340441976805));
#5324=CARTESIAN_POINT('Ctrl Pts',(272.271130747851,9.98252694757019,7.00173590699354));
#5325=CARTESIAN_POINT('Ctrl Pts',(272.343140005515,10.1423237839499,6.97764216040648));
#5326=CARTESIAN_POINT('Ctrl Pts',(272.428898814701,10.2952496158816,6.95359883440199));
#5327=CARTESIAN_POINT('Ctrl Pts',(272.527298936636,10.4396195588661,6.93013819372615));
#5328=CARTESIAN_POINT('Ctrl Pts',(272.631292602589,10.5921961952473,6.90534393553315));
#5329=CARTESIAN_POINT('Ctrl Pts',(272.749405617732,10.735216664241,6.88120183267384));
#5330=CARTESIAN_POINT('Ctrl Pts',(272.880329803303,10.8667104944444,6.85838766284533));
#5331=CARTESIAN_POINT('Ctrl Pts',(273.019223135423,11.0062081445582,6.83418483085352));
#5332=CARTESIAN_POINT('Ctrl Pts',(273.171392481378,11.131580445055,6.81168222804095));
#5333=CARTESIAN_POINT('Ctrl Pts',(273.334577816753,11.2410880285439,6.79162298319546));
#5334=CARTESIAN_POINT('Ctrl Pts',(273.46972429518,11.3317797824051,6.77501036114494));
#5335=CARTESIAN_POINT('Ctrl Pts',(273.612426404272,11.411590719855,6.76007406612421));
#5336=CARTESIAN_POINT('Ctrl Pts',(273.761400383714,11.479532823197,6.74720848256436));
#5337=CARTESIAN_POINT('Ctrl Pts',(273.904209680289,11.5446634186365,6.73487528890811));
#5338=CARTESIAN_POINT('Ctrl Pts',(274.05200682208,11.5985306832838,6.72451396814121));
#5339=CARTESIAN_POINT('Ctrl Pts',(274.203458960209,11.6405927703101,6.71637292465862));
#5340=CARTESIAN_POINT('Ctrl Pts',(274.216761931878,11.6442873418027,6.71565784679879));
#5341=CARTESIAN_POINT('Ctrl Pts',(274.23009310253,11.6478908284471,6.71495986569357));
#5342=CARTESIAN_POINT('Ctrl Pts',(274.243451568932,11.651402859594,6.71427913009921));
#5343=CARTESIAN_POINT('Ctrl Pts',(274.387109841287,11.6891715908144,6.70695843201324));
#5344=CARTESIAN_POINT('Ctrl Pts',(274.533438287628,11.7162361342651,6.70166118431623));
#5345=CARTESIAN_POINT('Ctrl Pts',(274.681249858845,11.7323438615237,6.69850507735799));
#5346=CARTESIAN_POINT('',(274.681250000016,11.732343876909,4.17094187068792));
#5347=CARTESIAN_POINT('',(274.681250000016,11.732343876909,13.3879740340507));
#5348=CARTESIAN_POINT('Origin',(275.006250000017,8.75000000002183,4.17094187068792));
#5349=CARTESIAN_POINT('Ctrl Pts',(317.904045421499,8.42500000005384,7.20563934633646));
#5350=CARTESIAN_POINT('Ctrl Pts',(312.476690915606,8.42499999992287,7.20563934635571));
#5351=CARTESIAN_POINT('Ctrl Pts',(317.904045421528,7.11407822452747,7.3513996308302));
#5352=CARTESIAN_POINT('Ctrl Pts',(312.476690915635,7.1140782243965,7.35139963084945));
#5353=CARTESIAN_POINT('Ctrl Pts',(317.904045421554,5.79787783975917,7.43273571643487));
#5354=CARTESIAN_POINT('Ctrl Pts',(312.476690915661,5.7978778396282,7.43273571645412));
#5355=CARTESIAN_POINT('Ctrl Pts',(317.904045421583,4.48579982757656,7.4500617750446));
#5356=CARTESIAN_POINT('Ctrl Pts',(312.47669091569,4.48579982744559,7.45006177506385));
#5357=CARTESIAN_POINT('',(317.755052482551,8.42500000001132,7.20563925769843));
#5358=CARTESIAN_POINT('',(316.0385938769,8.42499999999563,7.20563934634354));
#5359=CARTESIAN_POINT('',(317.755186604132,8.42499999999563,7.20563934634288));
#5360=CARTESIAN_POINT('',(317.904042407874,4.48579982689334,7.45006177449561));
#5361=CARTESIAN_POINT('Ctrl Pts',(317.904042407175,4.4857998268647,7.450061775054));
#5362=CARTESIAN_POINT('Ctrl Pts',(317.870199921968,5.14344442161431,7.44137754387883));
#5363=CARTESIAN_POINT('Ctrl Pts',(317.840441780558,5.80137051024606,7.41661887685638));
#5364=CARTESIAN_POINT('Ctrl Pts',(317.790328175544,7.11479092347833,7.33512919972511));
#5365=CARTESIAN_POINT('Ctrl Pts',(317.769944555823,7.77088131136413,7.27837025060262));
#5366=CARTESIAN_POINT('Ctrl Pts',(317.755052931867,8.42500000005024,7.20563934633699));
#5367=CARTESIAN_POINT('',(313.381250000017,4.48579982760566,7.45006177505892));
#5368=CARTESIAN_POINT('',(313.381250000017,4.48579982760566,7.45006177505891));
#5369=CARTESIAN_POINT('',(313.381249999822,5.76765612269407,7.41279976516782));
#5370=CARTESIAN_POINT('Origin',(313.381250011412,3.95115065416434,-33.0097902054966));
#5371=CARTESIAN_POINT('Ctrl Pts',(316.038593876899,8.42499999999584,7.20563934634452));
#5372=CARTESIAN_POINT('Ctrl Pts',(316.022184571325,8.27442094768718,7.2223821039316));
#5373=CARTESIAN_POINT('Ctrl Pts',(315.994415710832,8.12547723424594,7.23808085742853));
#5374=CARTESIAN_POINT('Ctrl Pts',(315.955598549018,7.97942338555546,7.25268332405448));
#5375=CARTESIAN_POINT('Ctrl Pts',(315.915559295397,7.82877128177619,7.26774552431343));
#5376=CARTESIAN_POINT('Ctrl Pts',(315.863765115747,7.68119403621843,7.2816414515871));
#5377=CARTESIAN_POINT('Ctrl Pts',(315.800557596776,7.53806860072495,7.29436920381286));
#5378=CARTESIAN_POINT('Ctrl Pts',(315.787877250492,7.509355559718,7.29692257575771));
#5379=CARTESIAN_POINT('Ctrl Pts',(315.774737560819,7.48082168304701,7.29942910156142));
#5380=CARTESIAN_POINT('Ctrl Pts',(315.76114128572,7.45247808015928,7.30188901213525));
#5381=CARTESIAN_POINT('Ctrl Pts',(315.682084254399,7.2876710955378,7.31619243170114));
#5382=CARTESIAN_POINT('Ctrl Pts',(315.588233045558,7.13064377190669,7.32879867300146));
#5383=CARTESIAN_POINT('Ctrl Pts',(315.480860137548,6.98328673840839,7.33986404399461));
#5384=CARTESIAN_POINT('Ctrl Pts',(315.390224328794,6.85889945902495,7.34920456450137));
#5385=CARTESIAN_POINT('Ctrl Pts',(315.289953747472,6.74140253571133,7.3574488320423));
#5386=CARTESIAN_POINT('Ctrl Pts',(315.180813753475,6.63192803299885,7.36471324009329));
#5387=CARTESIAN_POINT('Ctrl Pts',(315.043484526795,6.49417789899116,7.37385393639896));
#5388=CARTESIAN_POINT('Ctrl Pts',(314.89328465311,6.37031219961031,7.3813693234778));
#5389=CARTESIAN_POINT('Ctrl Pts',(314.732443287084,6.26195342591493,7.38756489095167));
#5390=CARTESIAN_POINT('Ctrl Pts',(314.613987576099,6.18214985363337,7.39212777404701));
#5391=CARTESIAN_POINT('Ctrl Pts',(314.48975996192,6.11075686800692,7.39597456161145));
#5392=CARTESIAN_POINT('Ctrl Pts',(314.360650905651,6.04841930024999,7.39920888684262));
#5393=CARTESIAN_POINT('Ctrl Pts',(314.218173977445,5.97962733923279,7.40277809211042));
#5394=CARTESIAN_POINT('Ctrl Pts',(314.070490890289,5.92222054619738,7.40558494596971));
#5395=CARTESIAN_POINT('Ctrl Pts',(313.918991327678,5.87673054456246,7.40775169758716));
#5396=CARTESIAN_POINT('Ctrl Pts',(313.901078429607,5.87135192994153,7.40800788843154));
#5397=CARTESIAN_POINT('Ctrl Pts',(313.883112176991,5.8661399113243,7.40825507039022));
#5398=CARTESIAN_POINT('Ctrl Pts',(313.865094866926,5.86109536655372,7.40849339587693));
#5399=CARTESIAN_POINT('Ctrl Pts',(313.720694259745,5.8206656173181,7.41040346707311));
#5400=CARTESIAN_POINT('Ctrl Pts',(313.573478271399,5.79112328390397,7.41174275032511));
#5401=CARTESIAN_POINT('Ctrl Pts',(313.424690557012,5.77271071030173,7.4125723428271));
#5402=CARTESIAN_POINT('Ctrl Pts',(313.410224846987,5.77092056955216,7.41265299897954));
#5403=CARTESIAN_POINT('Ctrl Pts',(313.395744280266,5.76923563283417,7.41272879647737));
#5404=CARTESIAN_POINT('Ctrl Pts',(313.381249999775,5.7676561231095,7.41279976482774));
#5405=CARTESIAN_POINT('Ctrl Pts',(262.731249999953,8.42500000042492,7.20563934635329));
#5406=CARTESIAN_POINT('Ctrl Pts',(240.651249999916,8.42499999993597,7.2056393464316));
#5407=CARTESIAN_POINT('Ctrl Pts',(262.731249999983,7.11407822481124,7.35139963091016));
#5408=CARTESIAN_POINT('Ctrl Pts',(240.651249999946,7.11407822432229,7.35139963098847));
#5409=CARTESIAN_POINT('Ctrl Pts',(262.731250000012,5.79787783996289,7.43273571656882));
#5410=CARTESIAN_POINT('Ctrl Pts',(240.651249999975,5.79787783947394,7.43273571664713));
#5411=CARTESIAN_POINT('Ctrl Pts',(262.731250000041,4.48579982767842,7.4500617752228));
#5412=CARTESIAN_POINT('Ctrl Pts',(240.651250000004,4.48579982718947,7.45006177530111));
#5413=CARTESIAN_POINT('',(262.731250000008,4.48579982767842,7.45006177522273));
#5414=CARTESIAN_POINT('Origin',(262.731249992941,3.95115031029321,-33.009801996293));
#5415=CARTESIAN_POINT('',(244.331250000021,4.48579982770752,7.45006177528219));
#5416=CARTESIAN_POINT('',(244.33125000001,4.48579982770752,7.4500617752822));
#5417=CARTESIAN_POINT('',(244.331250000021,8.42500000001746,7.20563934641813));
#5418=CARTESIAN_POINT('Ctrl Pts',(244.331250000021,8.42500000001746,7.20563934641855));
#5419=CARTESIAN_POINT('Ctrl Pts',(244.331250000051,7.11407822440378,7.35139963097542));
#5420=CARTESIAN_POINT('Ctrl Pts',(244.33125000008,5.79787783955543,7.43273571663408));
#5421=CARTESIAN_POINT('Ctrl Pts',(244.331250000109,4.48579982727096,7.45006177528806));
#5422=CARTESIAN_POINT('',(260.073906123132,8.42500000001019,7.20563934640221));
#5423=CARTESIAN_POINT('Ctrl Pts',(262.731250000019,16.0037247305881,5.61787611161136));
#5424=CARTESIAN_POINT('Ctrl Pts',(240.651249999832,16.003724730108,5.61787611168968));
#5425=CARTESIAN_POINT('Ctrl Pts',(262.73125000007,13.7517275112114,6.32017327295048));
#5426=CARTESIAN_POINT('Ctrl Pts',(240.651249999883,13.7517275107313,6.3201732730288));
#5427=CARTESIAN_POINT('Ctrl Pts',(262.731250000124,11.4245919060922,6.82825640265135));
#5428=CARTESIAN_POINT('Ctrl Pts',(240.651249999937,11.4245919056121,6.82825640272967));
#5429=CARTESIAN_POINT('Ctrl Pts',(262.731250000179,9.07500000006257,7.12804121351201));
#5430=CARTESIAN_POINT('Ctrl Pts',(240.651249999992,9.07499999958245,7.12804121359033));
#5431=CARTESIAN_POINT('',(244.331250000021,16.0037247301079,5.61787611185538));
#5432=CARTESIAN_POINT('',(244.331250000021,9.07500000000437,7.12804121353218));
#5433=CARTESIAN_POINT('Origin',(244.331250000075,8.25512441871311,-13.2929128673771));
#5434=CARTESIAN_POINT('',(262.731250000015,16.003724730188,5.61787611173485));
#5435=CARTESIAN_POINT('',(262.731250000019,16.003724730188,5.6178761117365));
#5436=CARTESIAN_POINT('Origin',(262.731250000083,8.27872590824291,-13.2054949694292));
#5437=CARTESIAN_POINT('',(244.331250000025,9.07500000002619,7.12804121352975));
#5438=CARTESIAN_POINT('Ctrl Pts',(243.681250000027,8.42500000043219,7.20563934637361));
#5439=CARTESIAN_POINT('Ctrl Pts',(219.321249999909,8.42499999989086,7.20563934646001));
#5440=CARTESIAN_POINT('Ctrl Pts',(243.681250000056,7.11407822483307,7.35139963094305));
#5441=CARTESIAN_POINT('Ctrl Pts',(219.321249999938,7.11407822429174,7.35139963102945));
#5442=CARTESIAN_POINT('Ctrl Pts',(243.681250000078,5.79787783997745,7.4327357166155));
#5443=CARTESIAN_POINT('Ctrl Pts',(219.32124999996,5.79787783943612,7.4327357167019));
#5444=CARTESIAN_POINT('Ctrl Pts',(243.681250000107,4.48579982770752,7.45006177528428));
#5445=CARTESIAN_POINT('Ctrl Pts',(219.321249999989,4.48579982716619,7.45006177537068));
#5446=CARTESIAN_POINT('',(223.381249999829,5.76765612269284,7.41279976539762));
#5447=CARTESIAN_POINT('',(223.381250000024,4.48579982773663,7.45006177535005));
#5448=CARTESIAN_POINT('Origin',(223.38125000971,3.95115065216886,-33.0097902051364));
#5449=CARTESIAN_POINT('',(226.038593876903,8.42500000002474,7.20563934643708));
#5450=CARTESIAN_POINT('Ctrl Pts',(226.038593876902,8.42500000002458,7.20563934643791));
#5451=CARTESIAN_POINT('Ctrl Pts',(226.022190282749,8.27447335823447,7.22237627655148));
#5452=CARTESIAN_POINT('Ctrl Pts',(225.994434414114,8.12557549916248,7.23807053099525));
#5453=CARTESIAN_POINT('Ctrl Pts',(225.955634883057,7.97956031836004,7.25266963339388));
#5454=CARTESIAN_POINT('Ctrl Pts',(225.915629215224,7.82900605487489,7.26772256896599));
#5455=CARTESIAN_POINT('Ctrl Pts',(225.86388259792,7.68151664320283,7.28161133768261));
#5456=CARTESIAN_POINT('Ctrl Pts',(225.800733328063,7.53846676456523,7.29433379435538));
#5457=CARTESIAN_POINT('Ctrl Pts',(225.789443283793,7.5128918138758,7.29660835903977));
#5458=CARTESIAN_POINT('Ctrl Pts',(225.777788770591,7.48745876306389,7.29884577888473));
#5459=CARTESIAN_POINT('Ctrl Pts',(225.765771721671,7.46217546233062,7.30104621267338));
#5460=CARTESIAN_POINT('Ctrl Pts',(225.687542690299,7.29758529219182,7.31537067827513));
#5461=CARTESIAN_POINT('Ctrl Pts',(225.594584525758,7.14068203933965,7.32800674780813));
#5462=CARTESIAN_POINT('Ctrl Pts',(225.488154757271,6.99334131347605,7.33910776547413));
#5463=CARTESIAN_POINT('Ctrl Pts',(225.39551759287,6.86509498504009,7.34877016362796));
#5464=CARTESIAN_POINT('Ctrl Pts',(225.292674240149,6.74409319388504,7.35727129486504));
#5465=CARTESIAN_POINT('Ctrl Pts',(225.180453947222,6.63156718525672,7.36473718346447));
#5466=CARTESIAN_POINT('Ctrl Pts',(225.045901338603,6.49664802221166,7.37368881565601));
#5467=CARTESIAN_POINT('Ctrl Pts',(224.899051829497,6.37510738243213,7.38107748771665));
#5468=CARTESIAN_POINT('Ctrl Pts',(224.742023996552,6.2684352224969,7.3871937643348));
#5469=CARTESIAN_POINT('Ctrl Pts',(224.594337738202,6.16810898175615,7.39294618409271));
#5470=CARTESIAN_POINT('Ctrl Pts',(224.437648149919,6.08093448446904,7.39757440316342));
#5471=CARTESIAN_POINT('Ctrl Pts',(224.273717753647,6.00814437492622,7.40127841994287));
#5472=CARTESIAN_POINT('Ctrl Pts',(224.13137072629,5.94493794128114,7.40449475925409));
#5473=CARTESIAN_POINT('Ctrl Pts',(223.984353828788,5.89292908747471,7.40699705539273));
#5474=CARTESIAN_POINT('Ctrl Pts',(223.8340114208,5.85257234753205,7.40889515991841));
#5475=CARTESIAN_POINT('Ctrl Pts',(223.800366140969,5.84354087180533,7.40931993865363));
#5476=CARTESIAN_POINT('Ctrl Pts',(223.766554311533,5.83509295870268,7.40971425255385));
#5477=CARTESIAN_POINT('Ctrl Pts',(223.732591000068,5.8272336987846,7.41007896716987));
#5478=CARTESIAN_POINT('Ctrl Pts',(223.61676417899,5.80043086204456,7.41132277210976));
#5479=CARTESIAN_POINT('Ctrl Pts',(223.499442924467,5.78053616045013,7.41222105700034));
#5480=CARTESIAN_POINT('Ctrl Pts',(223.381249999782,5.76765612311019,7.41279976505728));
#5481=CARTESIAN_POINT('',(243.68125000002,8.42500000001746,7.20563934641884));
#5482=CARTESIAN_POINT('',(243.681250000027,8.42500000001746,7.20563934641934));
#5483=CARTESIAN_POINT('',(243.68125000002,4.48579982791125,7.45006177549667));
#5484=CARTESIAN_POINT('Ctrl Pts',(243.68125000002,4.48579982770752,7.45006177528428));
#5485=CARTESIAN_POINT('Ctrl Pts',(243.681249999991,5.79787783997745,7.4327357166155));
#5486=CARTESIAN_POINT('Ctrl Pts',(243.681249999969,7.11407822483307,7.35139963094305));
#5487=CARTESIAN_POINT('Ctrl Pts',(243.68124999994,8.42500000043219,7.20563934637361));
#5488=CARTESIAN_POINT('',(223.38125000002,4.48579982773663,7.45006177534991));
#5489=CARTESIAN_POINT('Ctrl Pts',(212.731249999961,8.42500000013388,7.20563934643962));
#5490=CARTESIAN_POINT('Ctrl Pts',(207.303895494225,8.42500000001164,7.20563934645888));
#5491=CARTESIAN_POINT('Ctrl Pts',(212.73124999999,7.11407822464389,7.3513996310098));
#5492=CARTESIAN_POINT('Ctrl Pts',(207.303895494254,7.11407822452165,7.35139963102906));
#5493=CARTESIAN_POINT('Ctrl Pts',(212.731250000019,5.79787783990469,7.43273571669378));
#5494=CARTESIAN_POINT('Ctrl Pts',(207.303895494283,5.79787783978245,7.43273571671304));
#5495=CARTESIAN_POINT('Ctrl Pts',(212.731250000048,4.4857998277439,7.45006177538452));
#5496=CARTESIAN_POINT('Ctrl Pts',(207.303895494312,4.48579982762166,7.45006177540378));
#5497=CARTESIAN_POINT('',(210.073906123132,8.42500000002474,7.20563934645419));
#5498=CARTESIAN_POINT('',(210.073906123122,8.42500000003929,7.20563934645279));
#5499=CARTESIAN_POINT('',(212.731249915843,5.76765613785658,7.4127997129586));
#5500=CARTESIAN_POINT('Ctrl Pts',(212.731249747521,5.76765615065134,7.41279966026846));
#5501=CARTESIAN_POINT('Ctrl Pts',(212.580783661837,5.78405315861185,7.41206292174438));
#5502=CARTESIAN_POINT('Ctrl Pts',(212.432039875326,5.81178455877969,7.41081131064671));
#5503=CARTESIAN_POINT('Ctrl Pts',(212.286267036677,5.85049551887892,7.40899259041318));
#5504=CARTESIAN_POINT('Ctrl Pts',(212.135793634693,5.89045474526284,7.4071152240716));
#5505=CARTESIAN_POINT('Ctrl Pts',(211.988486182193,5.94211329680755,7.40463344185922));
#5506=CARTESIAN_POINT('Ctrl Pts',(211.845716955134,6.00507563908804,7.401434336049));
#5507=CARTESIAN_POINT('Ctrl Pts',(211.80664042685,6.02230869273431,7.40055872754953));
#5508=CARTESIAN_POINT('Ctrl Pts',(211.767903859281,6.04038853844569,7.39962907757967));
#5509=CARTESIAN_POINT('Ctrl Pts',(211.72953538921,6.05930708899032,7.39864240312064));
#5510=CARTESIAN_POINT('Ctrl Pts',(211.58739210658,6.12939445166223,7.39498708024135));
#5511=CARTESIAN_POINT('Ctrl Pts',(211.451385662498,6.21045713940896,7.39058020377787));
#5512=CARTESIAN_POINT('Ctrl Pts',(211.322685142838,6.3015815541759,7.38527979144748));
#5513=CARTESIAN_POINT('Ctrl Pts',(211.29810627378,6.31898424271588,7.38426753336982));
#5514=CARTESIAN_POINT('Ctrl Pts',(211.273793745455,6.33675400098096,7.38322268598101));
#5515=CARTESIAN_POINT('Ctrl Pts',(211.24975557625,6.35488457547511,7.38214426032056));
#5516=CARTESIAN_POINT('Ctrl Pts',(211.113871313257,6.45737406757172,7.37604807742024));
#5517=CARTESIAN_POINT('Ctrl Pts',(210.986760393603,6.57138901396034,7.36887735769223));
#5518=CARTESIAN_POINT('Ctrl Pts',(210.869886254075,6.6957815183517,7.36042547483778));
#5519=CARTESIAN_POINT('Ctrl Pts',(210.847883735297,6.71919943120003,7.35883433832149));
#5520=CARTESIAN_POINT('Ctrl Pts',(210.826244123549,6.74298503552421,7.35719779589579));
#5521=CARTESIAN_POINT('Ctrl Pts',(210.804977373642,6.76713047286235,7.35551446893134));
#5522=CARTESIAN_POINT('Ctrl Pts',(210.697421887981,6.88924477103924,7.34700113003476));
#5523=CARTESIAN_POINT('Ctrl Pts',(210.60022078421,7.01963287976726,7.33735255387048));
#5524=CARTESIAN_POINT('Ctrl Pts',(210.514184815914,7.15691977612269,7.32645018133662));
#5525=CARTESIAN_POINT('Ctrl Pts',(210.504444587061,7.17246218025405,7.3252159114652));
#5526=CARTESIAN_POINT('Ctrl Pts',(210.494847439056,7.1880930521404,7.3239655719878));
#5527=CARTESIAN_POINT('Ctrl Pts',(210.485394539415,7.20381042538987,7.32269899087518));
#5528=CARTESIAN_POINT('Ctrl Pts',(210.410375306909,7.32854519705253,7.31264726636836));
#5529=CARTESIAN_POINT('Ctrl Pts',(210.344442817098,7.45872503518882,7.3015728478462));
#5530=CARTESIAN_POINT('Ctrl Pts',(210.28818800686,7.59335277547682,7.28941472104647));
#5531=CARTESIAN_POINT('Ctrl Pts',(210.229273458256,7.7343457415032,7.27668175564756));
#5532=CARTESIAN_POINT('Ctrl Pts',(210.181351501275,7.87930962375816,7.26284054174504));
#5533=CARTESIAN_POINT('Ctrl Pts',(210.14468616015,8.02695366237482,7.24790292355708));
#5534=CARTESIAN_POINT('Ctrl Pts',(210.112185114686,8.15782891034059,7.23466185739089));
#5535=CARTESIAN_POINT('Ctrl Pts',(210.088529405576,8.29081028659866,7.22055979143811));
#5536=CARTESIAN_POINT('Ctrl Pts',(210.07390612313,8.42500000002453,7.20563934645459));
#5537=CARTESIAN_POINT('',(212.731250000015,4.48579982775118,7.45006177538435));
#5538=CARTESIAN_POINT('Origin',(212.731249999933,3.95115064833752,-33.0097903547903));
#5539=CARTESIAN_POINT('',(208.208454578755,4.48579982775846,7.4500617753989));
#5540=CARTESIAN_POINT('Ctrl Pts',(212.731250000037,16.0037247303044,5.61787611152983));
#5541=CARTESIAN_POINT('Ctrl Pts',(207.307839142153,16.0037247301909,5.61787611154907));
#5542=CARTESIAN_POINT('Ctrl Pts',(212.731250000088,13.7517275110367,6.32017327288823));
#5543=CARTESIAN_POINT('Ctrl Pts',(207.307839142204,13.7517275109232,6.32017327290747));
#5544=CARTESIAN_POINT('Ctrl Pts',(212.731250000143,11.424591906034,6.82825640262689));
#5545=CARTESIAN_POINT('Ctrl Pts',(207.307839142259,11.4245919059205,6.82825640264613));
#5546=CARTESIAN_POINT('Ctrl Pts',(212.731250000197,9.07500000010623,7.1280412135429));
#5547=CARTESIAN_POINT('Ctrl Pts',(207.307839142313,9.07499999999271,7.12804121356214));
#5548=CARTESIAN_POINT('',(212.731249952997,11.7323438664415,6.69850507983794));
#5549=CARTESIAN_POINT('',(212.731250000015,16.0037247302025,5.61787611156112));
#5550=CARTESIAN_POINT('Origin',(212.731250000595,8.27872590743874,-13.2054949765621));
#5551=CARTESIAN_POINT('',(210.073906123132,9.07500000004802,7.1280412135517));
#5552=CARTESIAN_POINT('Ctrl Pts',(210.073906123133,9.07500000006265,7.12804121355079));
#5553=CARTESIAN_POINT('Ctrl Pts',(210.090541893827,9.22765719656244,7.10856365718351));
#5554=CARTESIAN_POINT('Ctrl Pts',(210.118842807584,9.37853205907799,7.08841734620448));
#5555=CARTESIAN_POINT('Ctrl Pts',(210.158436398431,9.52632462392945,7.06785811211392));
#5556=CARTESIAN_POINT('Ctrl Pts',(210.198029989278,9.67411718878091,7.04729887802336));
#5557=CARTESIAN_POINT('Ctrl Pts',(210.248916257217,9.81882737265395,7.02632714334072));
#5558=CARTESIAN_POINT('Ctrl Pts',(210.310722736277,9.95916501939097,7.00525136802594));
#5559=CARTESIAN_POINT('Ctrl Pts',(210.380974149275,10.1186777133685,6.98129590221692));
#5560=CARTESIAN_POINT('Ctrl Pts',(210.464871921114,10.2714937447788,6.95736419997615));
#5561=CARTESIAN_POINT('Ctrl Pts',(210.561332135122,10.4159527117933,6.93397694566798));
#5562=CARTESIAN_POINT('Ctrl Pts',(210.669577461955,10.5780610821659,6.90773233266996));
#5563=CARTESIAN_POINT('Ctrl Pts',(210.793642405081,10.7296454657193,6.88217438126883));
#5564=CARTESIAN_POINT('Ctrl Pts',(210.931995246902,10.8683818692519,6.85809764338755));
#5565=CARTESIAN_POINT('Ctrl Pts',(211.072793087699,11.0095700501392,6.83359541659919));
#5566=CARTESIAN_POINT('Ctrl Pts',(211.227233331518,11.1362877043432,6.81083562727737));
#5567=CARTESIAN_POINT('Ctrl Pts',(211.392981245055,11.2467065527689,6.79059339126271));
#5568=CARTESIAN_POINT('Ctrl Pts',(211.511232789195,11.3254840109576,6.77615172732555));
#5569=CARTESIAN_POINT('Ctrl Pts',(211.635239933489,11.3959656861163,6.76299130692175));
#5570=CARTESIAN_POINT('Ctrl Pts',(211.764154838666,11.4574877828225,6.75137664256699));
#5571=CARTESIAN_POINT('Ctrl Pts',(211.905112360216,11.5247569807515,6.73867699159297));
#5572=CARTESIAN_POINT('Ctrl Pts',(212.050944062627,11.5808380307613,6.727917615406));
#5573=CARTESIAN_POINT('Ctrl Pts',(212.200306848385,11.6253016012107,6.71932946135671));
#5574=CARTESIAN_POINT('Ctrl Pts',(212.344221189065,11.6681432326991,6.71105458538012));
#5575=CARTESIAN_POINT('Ctrl Pts',(212.491413698477,11.7001996129296,6.70479555776039));
#5576=CARTESIAN_POINT('Ctrl Pts',(212.640682963012,11.7210779601735,6.70071083585083));
#5577=CARTESIAN_POINT('Ctrl Pts',(212.67079072525,11.7252891440144,6.69988694329368));
#5578=CARTESIAN_POINT('Ctrl Pts',(212.700982976739,11.7290455359739,6.69915134279604));
#5579=CARTESIAN_POINT('Ctrl Pts',(212.731249858844,11.7323438615237,6.69850507730786));
#5580=CARTESIAN_POINT('',(208.370262733217,9.07500000004075,7.12804121355344));
#5581=CARTESIAN_POINT('',(212.731250000033,16.0037247302098,5.61787611156036));
#5582=CARTESIAN_POINT('Ctrl Pts',(222.731249999968,8.42500000018481,7.20563934642366));
#5583=CARTESIAN_POINT('Ctrl Pts',(211.511249999919,8.42499999992287,7.20563934646345));
#5584=CARTESIAN_POINT('Ctrl Pts',(222.731249999997,7.11407822467299,7.35139963099016));
#5585=CARTESIAN_POINT('Ctrl Pts',(211.511249999948,7.11407822441106,7.35139963102995));
#5586=CARTESIAN_POINT('Ctrl Pts',(222.731250000026,5.79787783991196,7.43273571666863));
#5587=CARTESIAN_POINT('Ctrl Pts',(211.511249999977,5.79787783965003,7.43273571670842));
#5588=CARTESIAN_POINT('Ctrl Pts',(222.731250000055,4.48579982772935,7.45006177535211));
#5589=CARTESIAN_POINT('Ctrl Pts',(211.511250000006,4.48579982746742,7.4500617753919));
#5590=CARTESIAN_POINT('',(220.073906123129,8.42500000002474,7.20563934644291));
#5591=CARTESIAN_POINT('',(216.038593876903,8.42500000002474,7.20563934644837));
#5592=CARTESIAN_POINT('',(220.073906123132,8.42500000001019,7.2056393464436));
#5593=CARTESIAN_POINT('',(222.731250000136,5.76765612273783,7.41279976539237));
#5594=CARTESIAN_POINT('Ctrl Pts',(222.731249998932,5.76765611170172,7.41279976557145));
#5595=CARTESIAN_POINT('Ctrl Pts',(222.601102557826,5.78183888414102,7.41216252482411));
#5596=CARTESIAN_POINT('Ctrl Pts',(222.472025326574,5.80452563696152,7.41113829812964));
#5597=CARTESIAN_POINT('Ctrl Pts',(222.344848294735,5.83556907551478,7.40969129783079));
#5598=CARTESIAN_POINT('Ctrl Pts',(222.193632846898,5.87248020164622,7.40797079220925));
#5599=CARTESIAN_POINT('Ctrl Pts',(222.045539324194,5.92109947023835,7.40565836863749));
#5600=CARTESIAN_POINT('Ctrl Pts',(221.90191023014,5.98097495736415,7.40265182702276));
#5601=CARTESIAN_POINT('Ctrl Pts',(221.894096538206,5.98423229609383,7.40248826552349));
#5602=CARTESIAN_POINT('Ctrl Pts',(221.886296059035,5.98752294809983,7.40232263705569));
#5603=CARTESIAN_POINT('Ctrl Pts',(221.878509008776,5.99084684052634,7.4021549208628));
#5604=CARTESIAN_POINT('Ctrl Pts',(221.715578931051,6.06039333546517,7.39864575995657));
#5605=CARTESIAN_POINT('Ctrl Pts',(221.559533483412,6.14406155673784,7.39424895077993));
#5606=CARTESIAN_POINT('Ctrl Pts',(221.412079062763,6.24067765196305,7.38877575236649));
#5607=CARTESIAN_POINT('Ctrl Pts',(221.239756498775,6.3535880223566,7.38237950069995));
#5608=CARTESIAN_POINT('Ctrl Pts',(221.07916706215,6.48418246030988,7.37451226880752));
#5609=CARTESIAN_POINT('Ctrl Pts',(220.933034288801,6.63057671911207,7.36480288685257));
#5610=CARTESIAN_POINT('Ctrl Pts',(220.797319248974,6.76653460322394,7.35578568196059));
#5611=CARTESIAN_POINT('Ctrl Pts',(220.675312393383,6.91487105121746,7.34525613179318));
#5612=CARTESIAN_POINT('Ctrl Pts',(220.568470806208,7.07340668014612,7.33299565045764));
#5613=CARTESIAN_POINT('Ctrl Pts',(220.481336719419,7.20269956707665,7.32299668027194));
#5614=CARTESIAN_POINT('Ctrl Pts',(220.404289251413,7.33877581797654,7.31184631236382));
#5615=CARTESIAN_POINT('Ctrl Pts',(220.338118767555,7.48044787304064,7.29945177466211));
#5616=CARTESIAN_POINT('Ctrl Pts',(220.268370769651,7.62977944240004,7.2863871249989));
#5617=CARTESIAN_POINT('Ctrl Pts',(220.211219695252,7.78422793330485,7.27203399456457));
#5618=CARTESIAN_POINT('Ctrl Pts',(220.167054576975,7.94218838347773,7.25638868531916));
#5619=CARTESIAN_POINT('Ctrl Pts',(220.126390076554,8.08762856439857,7.24198345537251));
#5620=CARTESIAN_POINT('Ctrl Pts',(220.096734529139,8.23604587284303,7.22648307138228));
#5621=CARTESIAN_POINT('Ctrl Pts',(220.078391599314,8.38618748149337,7.20993588473576));
#5622=CARTESIAN_POINT('Ctrl Pts',(220.076812541733,8.39911247480907,7.2085114143393));
#5623=CARTESIAN_POINT('Ctrl Pts',(220.07531731843,8.4120502472059,7.20707921851809));
#5624=CARTESIAN_POINT('Ctrl Pts',(220.073906123129,8.42500000001742,7.2056393464448));
#5625=CARTESIAN_POINT('',(222.731250000023,4.48579982773663,7.45006177535215));
#5626=CARTESIAN_POINT('Origin',(222.731250000075,3.95115065215231,-33.0097902052714));
#5627=CARTESIAN_POINT('',(213.381250000013,4.48579982795491,7.45006177559456));
#5628=CARTESIAN_POINT('',(213.381250000017,4.48579982775118,7.45006177538226));
#5629=CARTESIAN_POINT('',(213.381249999822,5.76765612269412,7.41279976542244));
#5630=CARTESIAN_POINT('Origin',(213.381249999954,3.95115065194565,-33.0097902049999));
#5631=CARTESIAN_POINT('Ctrl Pts',(216.038593876902,8.42500000002473,7.20563934644782));
#5632=CARTESIAN_POINT('Ctrl Pts',(216.0222020569,8.27458140305517,7.2223642631499));
#5633=CARTESIAN_POINT('Ctrl Pts',(215.994472951363,8.12577797126736,7.23804925341255));
#5634=CARTESIAN_POINT('Ctrl Pts',(215.955709682131,7.97984229795506,7.2526414391141));
#5635=CARTESIAN_POINT('Ctrl Pts',(215.915773051853,7.82948916353509,7.26767532910461));
#5636=CARTESIAN_POINT('Ctrl Pts',(215.864124141131,7.68218019189522,7.28154939156435));
#5637=CARTESIAN_POINT('Ctrl Pts',(215.801094439858,7.53928539626443,7.29426097917884));
#5638=CARTESIAN_POINT('Ctrl Pts',(215.792704557375,7.52026467240729,7.29595301839366));
#5639=CARTESIAN_POINT('Ctrl Pts',(215.784113027,7.50132215829795,7.29762453591692));
#5640=CARTESIAN_POINT('Ctrl Pts',(215.775320630543,7.48246108298356,7.29927559328741));
#5641=CARTESIAN_POINT('Ctrl Pts',(215.69880784797,7.31832911263049,7.31364334776946));
#5642=CARTESIAN_POINT('Ctrl Pts',(215.607700480354,7.16169201056623,7.32634109711475));
#5643=CARTESIAN_POINT('Ctrl Pts',(215.503224872835,7.01439483641422,7.33751602418528));
#5644=CARTESIAN_POINT('Ctrl Pts',(215.406852026059,6.8785215131366,7.3478242632075));
#5645=CARTESIAN_POINT('Ctrl Pts',(215.299104116666,6.75059550435546,7.35683842969577));
#5646=CARTESIAN_POINT('Ctrl Pts',(215.180943714081,6.63205839992706,7.3647045893205));
#5647=CARTESIAN_POINT('Ctrl Pts',(215.045284004726,6.49596619997902,7.37373571061906));
#5648=CARTESIAN_POINT('Ctrl Pts',(214.897139313345,6.37350121903259,7.38117553058822));
#5649=CARTESIAN_POINT('Ctrl Pts',(214.738692394857,6.26617552359834,7.3873232657258));
#5650=CARTESIAN_POINT('Ctrl Pts',(214.592694155333,6.16728207247568,7.39298799253594));
#5651=CARTESIAN_POINT('Ctrl Pts',(214.437948923137,6.08124214198651,7.39755679274467));
#5652=CARTESIAN_POINT('Ctrl Pts',(214.276164338746,6.00923202339219,7.40122305894591));
#5653=CARTESIAN_POINT('Ctrl Pts',(214.262369622049,6.00309201203652,7.40153566662589));
#5654=CARTESIAN_POINT('Ctrl Pts',(214.248523727271,5.99705399870847,7.40184168064583));
#5655=CARTESIAN_POINT('Ctrl Pts',(214.234627712993,5.99111871124561,7.40214120197575));
#5656=CARTESIAN_POINT('Ctrl Pts',(214.091493851212,5.92998315119755,7.40522637760808));
#5657=CARTESIAN_POINT('Ctrl Pts',(213.943819589777,5.88007958709108,7.40761012496574));
#5658=CARTESIAN_POINT('Ctrl Pts',(213.792947599508,5.84186027893206,7.40939756153844));
#5659=CARTESIAN_POINT('Ctrl Pts',(213.784603823884,5.83974661070752,7.40949641335102));
#5660=CARTESIAN_POINT('Ctrl Pts',(213.776250268017,5.83766867856756,7.40959342796723));
#5661=CARTESIAN_POINT('Ctrl Pts',(213.767887159014,5.83562655896583,7.40968861838579));
#5662=CARTESIAN_POINT('Ctrl Pts',(213.640633935236,5.80455362872049,7.41113703758391));
#5663=CARTESIAN_POINT('Ctrl Pts',(213.511477546711,5.78184762967939,7.41216213190027));
#5664=CARTESIAN_POINT('Ctrl Pts',(213.381249999775,5.7676561231095,7.41279976508225));
#5665=CARTESIAN_POINT('Ctrl Pts',(222.731250000023,16.0037247304208,5.61787611152801));
#5666=CARTESIAN_POINT('Ctrl Pts',(211.511249999876,16.0037247301588,5.6178761115678));
#5667=CARTESIAN_POINT('Ctrl Pts',(222.731250000073,13.7517275111095,6.32017327289306));
#5668=CARTESIAN_POINT('Ctrl Pts',(211.511249999926,13.7517275108475,6.32017327293285));
#5669=CARTESIAN_POINT('Ctrl Pts',(222.731250000128,11.4245919060559,6.82825640263085));
#5670=CARTESIAN_POINT('Ctrl Pts',(211.511249999981,11.4245919057939,6.82825640267064));
#5671=CARTESIAN_POINT('Ctrl Pts',(222.731250000183,9.0750000000844,7.12804121353819));
#5672=CARTESIAN_POINT('Ctrl Pts',(211.511250000036,9.07499999982244,7.12804121357798));
#5673=CARTESIAN_POINT('',(222.731249952999,11.7323438664419,6.69850507984545));
#5674=CARTESIAN_POINT('',(222.731250000023,16.0037247302025,5.61787611159809));
#5675=CARTESIAN_POINT('Origin',(222.731250000188,8.27872590523959,-13.2054949799573));
#5676=CARTESIAN_POINT('',(220.073906123132,9.07500000003347,7.12804121354603));
#5677=CARTESIAN_POINT('Ctrl Pts',(220.073906123132,9.07500000004068,7.12804121354528));
#5678=CARTESIAN_POINT('Ctrl Pts',(220.090274043602,9.22519928431299,7.10887726259714));
#5679=CARTESIAN_POINT('Ctrl Pts',(220.117929214797,9.37362554938822,7.08907216992829));
#5680=CARTESIAN_POINT('Ctrl Pts',(220.156496256916,9.51904640118898,7.06886989971666));
#5681=CARTESIAN_POINT('Ctrl Pts',(220.19630455725,9.66914754001677,7.04801743098111));
#5682=CARTESIAN_POINT('Ctrl Pts',(220.247738416094,9.81604656000471,7.02674196117198));
#5683=CARTESIAN_POINT('Ctrl Pts',(220.310385030484,9.95839845529373,7.00536648237093));
#5684=CARTESIAN_POINT('Ctrl Pts',(220.325639583545,9.99306137461047,7.00016151832368));
#5685=CARTESIAN_POINT('Ctrl Pts',(220.341558975042,10.0274547324254,6.99495086359251));
#5686=CARTESIAN_POINT('Ctrl Pts',(220.358137244945,10.0615592098637,6.98973962729096));
#5687=CARTESIAN_POINT('Ctrl Pts',(220.440501386537,10.2309970357153,6.96384916905044));
#5688=CARTESIAN_POINT('Ctrl Pts',(220.538546048673,10.3921032673685,6.93812270176523));
#5689=CARTESIAN_POINT('Ctrl Pts',(220.650867140643,10.542803084582,6.91323365054564));
#5690=CARTESIAN_POINT('Ctrl Pts',(220.736020119672,10.6570517813306,6.89436473804312));
#5691=CARTESIAN_POINT('Ctrl Pts',(220.829378440442,10.7653199449099,6.87597891699533));
#5692=CARTESIAN_POINT('Ctrl Pts',(220.930330301148,10.8667109944562,6.85838757607664));
#5693=CARTESIAN_POINT('Ctrl Pts',(221.070533821668,11.0075244672962,6.83395644711842));
#5694=CARTESIAN_POINT('Ctrl Pts',(221.224286843922,11.1339666866612,6.81125397943767));
#5695=CARTESIAN_POINT('Ctrl Pts',(221.389274979085,11.2442335843359,6.79104666229929));
#5696=CARTESIAN_POINT('Ctrl Pts',(221.5129068152,11.326860732093,6.77590455696963));
#5697=CARTESIAN_POINT('Ctrl Pts',(221.642847246383,11.4004056695433,6.76216347312255));
#5698=CARTESIAN_POINT('Ctrl Pts',(221.778122474048,11.4641094354286,6.75012598145166));
#5699=CARTESIAN_POINT('Ctrl Pts',(221.920835952325,11.5313160198545,6.73742659564591));
#5700=CARTESIAN_POINT('Ctrl Pts',(222.068723651656,11.5872074676585,6.72669367675552));
#5701=CARTESIAN_POINT('Ctrl Pts',(222.220438464213,11.6312183365474,6.71818618642878));
#5702=CARTESIAN_POINT('Ctrl Pts',(222.236199205343,11.6357903615182,6.71730239432937));
#5703=CARTESIAN_POINT('Ctrl Pts',(222.252001248238,11.6402341648787,6.71644257268019));
#5704=CARTESIAN_POINT('Ctrl Pts',(222.267843082649,11.6445491069897,6.7156069788849));
#5705=CARTESIAN_POINT('Ctrl Pts',(222.411578411882,11.6836992211004,6.70802551160345));
#5706=CARTESIAN_POINT('Ctrl Pts',(222.558083716427,11.7121040638357,6.7024694186809));
#5707=CARTESIAN_POINT('Ctrl Pts',(222.706162763585,11.7295031342741,6.6990615770318));
#5708=CARTESIAN_POINT('Ctrl Pts',(222.714520187433,11.7304851192949,6.69886924207548));
#5709=CARTESIAN_POINT('Ctrl Pts',(222.722882624207,11.7314320443208,6.69868373645059));
#5710=CARTESIAN_POINT('Ctrl Pts',(222.731249858852,11.7323438615246,6.6985050773154));
#5711=CARTESIAN_POINT('',(216.0385938769,9.07500000003347,7.12804121354902));
#5712=CARTESIAN_POINT('',(216.038593876954,9.07500000003347,7.12804121354905));
#5713=CARTESIAN_POINT('',(213.381250047071,11.7323438664414,6.69850507983666));
#5714=CARTESIAN_POINT('Ctrl Pts',(213.38125014119,11.7323438615236,6.69850507730599));
#5715=CARTESIAN_POINT('Ctrl Pts',(213.529498437631,11.716188542248,6.7016705093234));
#5716=CARTESIAN_POINT('Ctrl Pts',(213.676241077049,11.6890130724232,6.70698947661333));
#5717=CARTESIAN_POINT('Ctrl Pts',(213.820281884146,11.6510782957606,6.71434203875815));
#5718=CARTESIAN_POINT('Ctrl Pts',(213.828218795817,11.6489880202497,6.71474717836739));
#5719=CARTESIAN_POINT('Ctrl Pts',(213.836147504154,11.646865074678,6.71515847957998));
#5720=CARTESIAN_POINT('Ctrl Pts',(213.844067809036,11.6447095018182,6.715575917888));
#5721=CARTESIAN_POINT('Ctrl Pts',(213.996550825434,11.6032100574641,6.72361250906902));
#5722=CARTESIAN_POINT('Ctrl Pts',(214.145350395138,11.5497732343137,6.73389816253067));
#5723=CARTESIAN_POINT('Ctrl Pts',(214.28911979681,11.484964729538,6.74617950821869));
#5724=CARTESIAN_POINT('Ctrl Pts',(214.303942748334,11.4782828256458,6.74744574282537));
#5725=CARTESIAN_POINT('Ctrl Pts',(214.31871222878,11.4714800325218,6.74873314711568));
#5726=CARTESIAN_POINT('Ctrl Pts',(214.333426762161,11.4645569653915,6.75004141338581));
#5727=CARTESIAN_POINT('Ctrl Pts',(214.501946773934,11.3852696836218,6.76502449450243));
#5728=CARTESIAN_POINT('Ctrl Pts',(214.66219639365,11.2907117020101,6.782653212057));
#5729=CARTESIAN_POINT('Ctrl Pts',(214.812293138301,11.1823483544219,6.80233805447784));
#5730=CARTESIAN_POINT('Ctrl Pts',(214.943218974641,11.0878255721683,6.81950867642015));
#5731=CARTESIAN_POINT('Ctrl Pts',(215.066419833728,10.982798374847,6.8382418740161));
#5732=CARTESIAN_POINT('Ctrl Pts',(215.180646339113,10.8682398812516,6.85812228415635));
#5733=CARTESIAN_POINT('Ctrl Pts',(215.313990137205,10.7345085323996,6.88132993974212));
#5734=CARTESIAN_POINT('Ctrl Pts',(215.434112591827,10.5887867176305,6.90592337547288));
#5735=CARTESIAN_POINT('Ctrl Pts',(215.539605883837,10.4331375727425,6.93119100016082));
#5736=CARTESIAN_POINT('Ctrl Pts',(215.619658081039,10.315025266229,6.95036500483754));
#5737=CARTESIAN_POINT('Ctrl Pts',(215.691286318351,10.1911967565819,6.96992741987583));
#5738=CARTESIAN_POINT('Ctrl Pts',(215.753875430088,10.062561251555,6.98958650033518));
#5739=CARTESIAN_POINT('Ctrl Pts',(215.822194903685,9.92214849052933,7.01104547284781));
#5740=CARTESIAN_POINT('Ctrl Pts',(215.879343370193,9.77683273384725,7.03249162486531));
#5741=CARTESIAN_POINT('Ctrl Pts',(215.924904436361,9.62796715651853,7.053586765486));
#5742=CARTESIAN_POINT('Ctrl Pts',(215.968983668021,9.48394330411257,7.0739958047935));
#5743=CARTESIAN_POINT('Ctrl Pts',(216.00221698243,9.33659690512413,7.09407611303995));
#5744=CARTESIAN_POINT('Ctrl Pts',(216.024227307752,9.18716299036879,7.113569896959));
#5745=CARTESIAN_POINT('Ctrl Pts',(216.029716018138,9.14989868519098,7.11843105792249));
#5746=CARTESIAN_POINT('Ctrl Pts',(216.034506823622,9.11250461024814,7.12325599427147));
#5747=CARTESIAN_POINT('Ctrl Pts',(216.038593876901,9.07500000003338,7.1280412135485));
#5748=CARTESIAN_POINT('',(213.381250000017,16.0037247302025,5.61787611156314));
#5749=CARTESIAN_POINT('Origin',(213.381250000474,8.2787259045447,-13.2054949869768));
#5750=CARTESIAN_POINT('',(222.731250000023,16.0037247301952,5.61787611159754));
#5751=CARTESIAN_POINT('Ctrl Pts',(243.681250000023,16.0037247306609,5.61787611152654));
#5752=CARTESIAN_POINT('Ctrl Pts',(219.32124999989,16.0037247301108,5.61787611161294));
#5753=CARTESIAN_POINT('Ctrl Pts',(243.681250000074,13.7517275112477,6.32017327290725));
#5754=CARTESIAN_POINT('Ctrl Pts',(219.321249999941,13.7517275106976,6.32017327299365));
#5755=CARTESIAN_POINT('Ctrl Pts',(243.681250000129,11.4245919060922,6.82825640264375));
#5756=CARTESIAN_POINT('Ctrl Pts',(219.321249999996,11.4245919055421,6.82825640273015));
#5757=CARTESIAN_POINT('Ctrl Pts',(243.681250000183,9.07500000001892,7.1280412135321));
#5758=CARTESIAN_POINT('Ctrl Pts',(219.32125000005,9.07499999946884,7.1280412136185));
#5759=CARTESIAN_POINT('',(223.38125000002,16.0037247302025,5.6178761115982));
#5760=CARTESIAN_POINT('',(223.381250047079,11.732343866441,6.69850507984553));
#5761=CARTESIAN_POINT('Origin',(223.381250000507,8.27872590441979,-13.2054949944885));
#5762=CARTESIAN_POINT('',(243.68125000002,16.0037247302025,5.61787611167091));
#5763=CARTESIAN_POINT('',(243.68125000002,16.0037247302025,5.6178761116705));
#5764=CARTESIAN_POINT('',(243.68125000002,9.07500000000437,7.12804121353304));
#5765=CARTESIAN_POINT('Origin',(243.681250000249,8.25512441803634,-13.2929128767131));
#5766=CARTESIAN_POINT('',(226.0385938769,9.07500000003347,7.12804121354189));
#5767=CARTESIAN_POINT('',(226.03859387695,9.07500000003347,7.12804121354153));
#5768=CARTESIAN_POINT('Ctrl Pts',(223.381250141195,11.7323438615229,6.69850507731565));
#5769=CARTESIAN_POINT('Ctrl Pts',(223.507283344627,11.7186094261893,6.70119616751343));
#5770=CARTESIAN_POINT('Ctrl Pts',(223.632263883257,11.6969060814966,6.7054436555159));
#5771=CARTESIAN_POINT('Ctrl Pts',(223.75545373254,11.6673813841444,6.71117869613628));
#5772=CARTESIAN_POINT('Ctrl Pts',(223.906839508638,11.631099017953,6.71822638375283));
#5773=CARTESIAN_POINT('Ctrl Pts',(224.055020234303,11.5831255545752,6.7274981433057));
#5774=CARTESIAN_POINT('Ctrl Pts',(224.198690919996,11.523955433508,6.73877094221168));
#5775=CARTESIAN_POINT('Ctrl Pts',(224.211538430652,11.5186642444445,6.73977899339042));
#5776=CARTESIAN_POINT('Ctrl Pts',(224.224349876631,11.5132835151165,6.74080301229506));
#5777=CARTESIAN_POINT('Ctrl Pts',(224.237124324767,11.5078135958152,6.74184282004088));
#5778=CARTESIAN_POINT('Ctrl Pts',(224.402590321917,11.4369623432318,6.75531133341002));
#5779=CARTESIAN_POINT('Ctrl Pts',(224.560768770855,11.3516146626036,6.77134465210105));
#5780=CARTESIAN_POINT('Ctrl Pts',(224.709941137228,11.2530609441703,6.78942796674981));
#5781=CARTESIAN_POINT('Ctrl Pts',(224.879444354504,11.1410752409522,6.80997587442543));
#5782=CARTESIAN_POINT('Ctrl Pts',(225.037319303113,11.0120376352923,6.83316919518046));
#5783=CARTESIAN_POINT('Ctrl Pts',(225.181044669156,10.8678403183638,6.85819162199755));
#5784=CARTESIAN_POINT('Ctrl Pts',(225.313167054694,10.7352840826389,6.88119398277809));
#5785=CARTESIAN_POINT('Ctrl Pts',(225.432279889192,10.5909771107493,6.90555257566741));
#5786=CARTESIAN_POINT('Ctrl Pts',(225.537028283674,10.436935048391,6.93057434383573));
#5787=CARTESIAN_POINT('Ctrl Pts',(225.627327459121,10.3041418797326,6.95214455543662));
#5788=CARTESIAN_POINT('Ctrl Pts',(225.706951791007,10.1641142744466,6.97420718305892));
#5789=CARTESIAN_POINT('Ctrl Pts',(225.775033292897,10.0181551192206,6.99634772789292));
#5790=CARTESIAN_POINT('Ctrl Pts',(225.840766052721,9.87723140531679,7.01772444661282));
#5791=CARTESIAN_POINT('Ctrl Pts',(225.895354070164,9.73160282771409,7.03904739181246));
#5792=CARTESIAN_POINT('Ctrl Pts',(225.938395956863,9.58260968139348,7.05998790074544));
#5793=CARTESIAN_POINT('Ctrl Pts',(225.980127203861,9.43815342570668,7.08029076424847));
#5794=CARTESIAN_POINT('Ctrl Pts',(226.01100478129,9.29053450693748,7.100233953762));
#5795=CARTESIAN_POINT('Ctrl Pts',(226.030662862815,9.14098392817556,7.11956679723803));
#5796=CARTESIAN_POINT('Ctrl Pts',(226.033548709562,9.11902959602777,7.1224048983711));
#5797=CARTESIAN_POINT('Ctrl Pts',(226.036192766713,9.09703365008295,7.12522993657226));
#5798=CARTESIAN_POINT('Ctrl Pts',(226.038593876901,9.07500000003357,7.12804121354197));
#5799=CARTESIAN_POINT('Ctrl Pts',(302.731250000048,16.0037247308064,5.61787611168168));
#5800=CARTESIAN_POINT('Ctrl Pts',(269.851249999875,16.003724730073,5.6178761117983));
#5801=CARTESIAN_POINT('Ctrl Pts',(302.731250000099,13.7517275113496,6.32017327300169));
#5802=CARTESIAN_POINT('Ctrl Pts',(269.851249999926,13.7517275106162,6.32017327311831));
#5803=CARTESIAN_POINT('Ctrl Pts',(302.731250000146,11.4245919061505,6.82825640267013));
#5804=CARTESIAN_POINT('Ctrl Pts',(269.851249999973,11.4245919054171,6.82825640278675));
#5805=CARTESIAN_POINT('Ctrl Pts',(302.731250000201,9.07500000004802,7.12804121348596));
#5806=CARTESIAN_POINT('Ctrl Pts',(269.851250000028,9.07499999931458,7.12804121360258));
#5807=CARTESIAN_POINT('',(275.331250000021,16.0037247301007,5.61787611196085));
#5808=CARTESIAN_POINT('Origin',(275.331249999708,8.27872591124932,-13.2054949559744));
#5809=CARTESIAN_POINT('',(302.731250000023,16.0037247301734,5.61787611187902));
#5810=CARTESIAN_POINT('',(302.731250000041,16.0037247301807,5.61787611187795));
#5811=CARTESIAN_POINT('Origin',(302.731250000105,8.27872590806779,-13.2054949726666));
#5812=CARTESIAN_POINT('',(277.988593876973,9.07500000001164,7.12804121350941));
#5813=CARTESIAN_POINT('Ctrl Pts',(317.900759048051,16.0037247302826,5.61787611189629));
#5814=CARTESIAN_POINT('Ctrl Pts',(312.477348190276,16.0037247301603,5.61787611191553));
#5815=CARTESIAN_POINT('Ctrl Pts',(317.900759048101,13.751727510964,6.3201732731174));
#5816=CARTESIAN_POINT('Ctrl Pts',(312.477348190326,13.7517275108417,6.32017327313664));
#5817=CARTESIAN_POINT('Ctrl Pts',(317.900759048149,11.4245919059322,6.82825640271174));
#5818=CARTESIAN_POINT('Ctrl Pts',(312.477348190374,11.4245919058099,6.82825640273098));
#5819=CARTESIAN_POINT('Ctrl Pts',(317.900759048203,9.07499999999709,7.12804121348296));
#5820=CARTESIAN_POINT('Ctrl Pts',(312.477348190428,9.07499999987481,7.1280412135022));
#5821=CARTESIAN_POINT('',(313.381250000017,16.0037247301734,5.61787611191326));
#5822=CARTESIAN_POINT('',(313.381250000293,11.7323438763459,6.69850507497675));
#5823=CARTESIAN_POINT('Origin',(313.381249999454,8.27872590751157,-13.2054949860221));
#5824=CARTESIAN_POINT('',(317.90075576956,16.0037247304278,5.61787611149657));
#5825=CARTESIAN_POINT('',(317.900759047894,16.0037247301734,5.61787611192973));
#5826=CARTESIAN_POINT('',(317.742093922973,9.07500153965473,7.12801447691118));
#5827=CARTESIAN_POINT('Ctrl Pts',(317.742083911267,9.0750030793165,7.12804082059209));
#5828=CARTESIAN_POINT('Ctrl Pts',(317.722025726923,10.2491694925514,6.97822864608336));
#5829=CARTESIAN_POINT('Ctrl Pts',(317.720631345892,11.4187521481597,6.77619655131833));
#5830=CARTESIAN_POINT('Ctrl Pts',(317.768166998378,13.7308225569532,6.2721165566938));
#5831=CARTESIAN_POINT('Ctrl Pts',(317.817183904127,14.8769969612672,5.96925208469065));
#5832=CARTESIAN_POINT('Ctrl Pts',(317.900755769034,16.0037247305641,5.61787611180852));
#5833=CARTESIAN_POINT('',(316.038593876914,9.07499999999709,7.12804121348437));
#5834=CARTESIAN_POINT('',(316.038593876976,9.07499999999709,7.1280412134842));
#5835=CARTESIAN_POINT('Ctrl Pts',(313.381250000363,11.7323438768701,6.6985050743831));
#5836=CARTESIAN_POINT('Ctrl Pts',(313.531104160578,11.7160135661705,6.70170479377896));
#5837=CARTESIAN_POINT('Ctrl Pts',(313.679129318695,11.6884553066341,6.70709858550727));
#5838=CARTESIAN_POINT('Ctrl Pts',(313.824128877376,11.6500621343453,6.71453897897632));
#5839=CARTESIAN_POINT('Ctrl Pts',(313.974484518045,11.6102507716808,6.72225421022978));
#5840=CARTESIAN_POINT('Ctrl Pts',(314.121586908099,11.5587891355017,6.73216987917459));
#5841=CARTESIAN_POINT('Ctrl Pts',(314.264101889834,11.4961051834818,6.74406675733843));
#5842=CARTESIAN_POINT('Ctrl Pts',(314.292205298225,11.4837441482998,6.74641277613272));
#5843=CARTESIAN_POINT('Ctrl Pts',(314.320130319148,11.4709466912755,6.7488356763988));
#5844=CARTESIAN_POINT('Ctrl Pts',(314.347866721966,11.4577160566975,6.7513335464752));
#5845=CARTESIAN_POINT('Ctrl Pts',(314.516903098537,11.377083447507,6.76655653373945));
#5846=CARTESIAN_POINT('Ctrl Pts',(314.677505807908,11.2810476828653,6.78443909762079));
#5847=CARTESIAN_POINT('Ctrl Pts',(314.827763643297,11.1711040943376,6.80437900464576));
#5848=CARTESIAN_POINT('Ctrl Pts',(314.952668923357,11.0797109587962,6.82095451077414));
#5849=CARTESIAN_POINT('Ctrl Pts',(315.070425742563,10.9787069876665,6.83894986855382));
#5850=CARTESIAN_POINT('Ctrl Pts',(315.179936261834,10.8689517836554,6.85799873454969));
#5851=CARTESIAN_POINT('Ctrl Pts',(315.310852026121,10.7377435078378,6.88077094736749));
#5852=CARTESIAN_POINT('Ctrl Pts',(315.428984329389,10.5950346534957,6.90487013458002));
#5853=CARTESIAN_POINT('Ctrl Pts',(315.53303615612,10.4427919031819,6.92962254692877));
#5854=CARTESIAN_POINT('Ctrl Pts',(315.631066076732,10.2993600654537,6.95294243562015));
#5855=CARTESIAN_POINT('Ctrl Pts',(315.716598149386,10.1474658660117,6.97684097896952));
#5856=CARTESIAN_POINT('Ctrl Pts',(315.788547768094,9.98876917053447,7.00079422202226));
#5857=CARTESIAN_POINT('Ctrl Pts',(315.792967580397,9.97902054893391,7.0022656521735));
#5858=CARTESIAN_POINT('Ctrl Pts',(315.797336138565,9.96924626286048,7.00373730467203));
#5859=CARTESIAN_POINT('Ctrl Pts',(315.801653191181,9.95944669911234,7.00520906459347));
#5860=CARTESIAN_POINT('Ctrl Pts',(315.863494852813,9.81906821420671,7.02629198555072));
#5861=CARTESIAN_POINT('Ctrl Pts',(315.914409341604,9.67431328302234,7.04727103760791));
#5862=CARTESIAN_POINT('Ctrl Pts',(315.954023756306,9.5264733423463,7.06783742375534));
#5863=CARTESIAN_POINT('Ctrl Pts',(315.993638171009,9.37863340167025,7.08840380990278));
#5864=CARTESIAN_POINT('Ctrl Pts',(316.021952511623,9.22770853493195,7.10855710684709));
#5865=CARTESIAN_POINT('Ctrl Pts',(316.038593876905,9.07499999999693,7.12804121348423));
#5866=CARTESIAN_POINT('Ctrl Pts',(312.731250000048,16.0037247303771,5.61787611184874));
#5867=CARTESIAN_POINT('Ctrl Pts',(301.51124999989,16.0037247301327,5.61787611188853));
#5868=CARTESIAN_POINT('Ctrl Pts',(312.731250000099,13.7517275110513,6.3201732730863));
#5869=CARTESIAN_POINT('Ctrl Pts',(301.511249999941,13.7517275108069,6.32017327312609));
#5870=CARTESIAN_POINT('Ctrl Pts',(312.73125000015,11.4245919060049,6.82825640269536));
#5871=CARTESIAN_POINT('Ctrl Pts',(301.511249999991,11.4245919057605,6.82825640273515));
#5872=CARTESIAN_POINT('Ctrl Pts',(312.731250000204,9.0750000000553,7.1280412134788));
#5873=CARTESIAN_POINT('Ctrl Pts',(301.511250000045,9.07499999981086,7.12804121351859));
#5874=CARTESIAN_POINT('',(310.073906123129,9.07499999999709,7.12804121348822));
#5875=CARTESIAN_POINT('',(306.038593876976,9.07500000000437,7.12804121349049));
#5876=CARTESIAN_POINT('',(303.381250000024,16.0037247301734,5.61787611188297));
#5877=CARTESIAN_POINT('Origin',(303.381249999581,8.27872591262957,-13.2054949420469));
#5878=CARTESIAN_POINT('',(312.731250000015,16.0037247301734,5.617876111911));
#5879=CARTESIAN_POINT('',(312.731250000048,16.0037247301661,5.61787611191218));
#5880=CARTESIAN_POINT('',(312.731249999797,11.7323438763491,6.69850507497522));
#5881=CARTESIAN_POINT('Origin',(312.731250000123,8.27872591162952,-13.2054949574141));
#5882=CARTESIAN_POINT('Ctrl Pts',(310.073906123126,9.07500000000441,7.12804121348733));
#5883=CARTESIAN_POINT('Ctrl Pts',(310.090274043591,9.22519928424701,7.10887726255077));
#5884=CARTESIAN_POINT('Ctrl Pts',(310.117929214777,9.37362554929316,7.08907216989367));
#5885=CARTESIAN_POINT('Ctrl Pts',(310.156496256882,9.51904640106521,7.06886989969391));
#5886=CARTESIAN_POINT('Ctrl Pts',(310.196304557202,9.66914753986435,7.04801743097048));
#5887=CARTESIAN_POINT('Ctrl Pts',(310.247738416028,9.816046559824,7.0267419611736));
#5888=CARTESIAN_POINT('Ctrl Pts',(310.310385030392,9.95839845508478,7.00536648238484));
#5889=CARTESIAN_POINT('Ctrl Pts',(310.325639583466,9.99306137443756,7.00016151833414));
#5890=CARTESIAN_POINT('Ctrl Pts',(310.341558974977,10.0274547322879,6.99495086359951));
#5891=CARTESIAN_POINT('Ctrl Pts',(310.358137244895,10.0615592097608,6.98973962729452));
#5892=CARTESIAN_POINT('Ctrl Pts',(310.440501386449,10.2309970355508,6.96384916907254));
#5893=CARTESIAN_POINT('Ctrl Pts',(310.538546048537,10.3921032671511,6.93812270180492));
#5894=CARTESIAN_POINT('Ctrl Pts',(310.650867140448,10.5428030843213,6.91323365060126));
#5895=CARTESIAN_POINT('Ctrl Pts',(310.736020119493,10.6570517811168,6.89436473809765));
#5896=CARTESIAN_POINT('Ctrl Pts',(310.829378440284,10.7653199447401,6.87597891704849));
#5897=CARTESIAN_POINT('Ctrl Pts',(310.930330301017,10.8667109943261,6.85838757612848));
#5898=CARTESIAN_POINT('Ctrl Pts',(311.070533821488,11.0075244671332,6.8339564471837));
#5899=CARTESIAN_POINT('Ctrl Pts',(311.224286843682,11.1339666864725,6.81125397951474));
#5900=CARTESIAN_POINT('Ctrl Pts',(311.389274978779,11.2442335841322,6.7910466623854));
#5901=CARTESIAN_POINT('Ctrl Pts',(311.512906814969,11.3268607319607,6.77590455704735));
#5902=CARTESIAN_POINT('Ctrl Pts',(311.642847246236,11.4004056694702,6.76216347319315));
#5903=CARTESIAN_POINT('Ctrl Pts',(311.778122473991,11.4641094354017,6.75012598151686));
#5904=CARTESIAN_POINT('Ctrl Pts',(311.920835952268,11.5313160198314,6.73742659571393));
#5905=CARTESIAN_POINT('Ctrl Pts',(312.0687236516,11.5872074676389,6.72669367682576));
#5906=CARTESIAN_POINT('Ctrl Pts',(312.220438464158,11.6312183365312,6.71818618650065));
#5907=CARTESIAN_POINT('Ctrl Pts',(312.236199205301,11.6357903615064,6.71730239440063));
#5908=CARTESIAN_POINT('Ctrl Pts',(312.25200124821,11.640234164871,6.71644257275088));
#5909=CARTESIAN_POINT('Ctrl Pts',(312.267843082635,11.6445491069859,6.71560697895506));
#5910=CARTESIAN_POINT('Ctrl Pts',(312.411578411373,11.6836992209624,6.7080255117016));
#5911=CARTESIAN_POINT('Ctrl Pts',(312.558083715404,11.7121040636377,6.70246941879248));
#5912=CARTESIAN_POINT('Ctrl Pts',(312.706162762041,11.7295031340927,6.69906157714108));
#5913=CARTESIAN_POINT('Ctrl Pts',(312.714520233306,11.7304851246894,6.6988692410927));
#5914=CARTESIAN_POINT('Ctrl Pts',(312.722882717555,11.7314320548933,6.69868373445325));
#5915=CARTESIAN_POINT('Ctrl Pts',(312.731249999727,11.7323438768765,6.69850507438127));
#5916=CARTESIAN_POINT('Ctrl Pts',(302.731249999957,8.42500000055588,7.20563934629612));
#5917=CARTESIAN_POINT('Ctrl Pts',(269.851249999919,8.42499999982246,7.20563934641275));
#5918=CARTESIAN_POINT('Ctrl Pts',(302.731249999986,7.114078224884,7.35139963083466));
#5919=CARTESIAN_POINT('Ctrl Pts',(269.851249999948,7.11407822415059,7.35139963095129));
#5920=CARTESIAN_POINT('Ctrl Pts',(302.731250000015,5.79787783996289,7.43273571646907));
#5921=CARTESIAN_POINT('Ctrl Pts',(269.851249999977,5.79787783922947,7.4327357165857));
#5922=CARTESIAN_POINT('Ctrl Pts',(302.731250000044,4.48579982762021,7.45006177509333));
#5923=CARTESIAN_POINT('Ctrl Pts',(269.851250000006,4.48579982688679,7.45006177520996));
#5924=CARTESIAN_POINT('',(302.731250000023,4.48579982762021,7.45006177509333));
#5925=CARTESIAN_POINT('Origin',(302.731249999926,3.95115065394112,-33.009790205072));
#5926=CARTESIAN_POINT('',(275.331250000021,4.48579982766387,7.450061775182));
#5927=CARTESIAN_POINT('',(275.331250000017,4.48579982766387,7.45006177518197));
#5928=CARTESIAN_POINT('Origin',(275.331250000019,3.95115031056599,-33.0098019965779));
#5929=CARTESIAN_POINT('',(300.073906123129,8.42499999999563,7.20563934636194));
#5930=CARTESIAN_POINT('Ctrl Pts',(274.681250000023,16.0037247304426,5.6178761116987));
#5931=CARTESIAN_POINT('Ctrl Pts',(261.121249999886,16.0037247301371,5.6178761117468));
#5932=CARTESIAN_POINT('Ctrl Pts',(274.681250000074,13.7517275111022,6.32017327299876));
#5933=CARTESIAN_POINT('Ctrl Pts',(261.121249999937,13.7517275107967,6.32017327304686));
#5934=CARTESIAN_POINT('Ctrl Pts',(274.681250000125,11.424591906034,6.82825640266769));
#5935=CARTESIAN_POINT('Ctrl Pts',(261.121249999988,11.4245919057285,6.82825640271579));
#5936=CARTESIAN_POINT('Ctrl Pts',(274.68125000018,9.0750000000553,7.12804121350537));
#5937=CARTESIAN_POINT('Ctrl Pts',(261.121250000043,9.07499999974979,7.12804121355347));
#5938=CARTESIAN_POINT('',(266.038593876958,9.07500000001164,7.12804121351717));
#5939=CARTESIAN_POINT('',(263.38125000002,16.003724730188,5.61787611173946));
#5940=CARTESIAN_POINT('Origin',(263.381250000339,8.2787259082573,-13.2054949765876));
#5941=CARTESIAN_POINT('',(274.681250000016,16.003724730188,5.61787611177663));
#5942=CARTESIAN_POINT('',(274.681250000023,16.003724730188,5.61787611177633));
#5943=CARTESIAN_POINT('Origin',(274.681249999572,8.2787259040724,-13.2054949908102));
#5944=CARTESIAN_POINT('Ctrl Pts',(274.681249999958,8.42500000019936,7.20563934636558));
#5945=CARTESIAN_POINT('Ctrl Pts',(261.121249999919,8.42499999990251,7.20563934641368));
#5946=CARTESIAN_POINT('Ctrl Pts',(274.681249999987,7.11407822465117,7.35139963089883));
#5947=CARTESIAN_POINT('Ctrl Pts',(261.121249999948,7.11407822435432,7.35139963094693));
#5948=CARTESIAN_POINT('Ctrl Pts',(274.681250000016,5.79787783986103,7.43273571654049));
#5949=CARTESIAN_POINT('Ctrl Pts',(261.121249999977,5.79787783956418,7.43273571658859));
#5950=CARTESIAN_POINT('Ctrl Pts',(274.681250000045,4.48579982764932,7.45006177518422));
#5951=CARTESIAN_POINT('Ctrl Pts',(261.121250000006,4.48579982735246,7.45006177523232));
#5952=CARTESIAN_POINT('',(272.023906123137,8.42500000000291,7.20563934639026));
#5953=CARTESIAN_POINT('',(274.681250000016,4.48579982766387,7.4500617751841));
#5954=CARTESIAN_POINT('Origin',(274.681250000348,3.95115065331543,-33.0097902047548));
#5955=CARTESIAN_POINT('',(263.381250000017,4.48579982767842,7.45006177522063));
#5956=CARTESIAN_POINT('',(263.381250000013,4.4857998276857,7.4500617752205));
#5957=CARTESIAN_POINT('Origin',(263.381250011973,3.95115065307314,-33.0097902046518));
#5958=CARTESIAN_POINT('Origin',(313.056250000016,8.75000000002183,13.3879740340507));
#5959=CARTESIAN_POINT('',(313.056250000016,11.7500000000218,0.200000000003445));
#5960=CARTESIAN_POINT('Origin',(313.056250000016,8.75000000002183,0.200000000003445));
#5961=CARTESIAN_POINT('',(313.056250000016,11.7500000000218,4.17094187068792));
#5962=CARTESIAN_POINT('',(313.056250000016,11.7500000000218,13.3879740340507));
#5963=CARTESIAN_POINT('',(313.381250000017,11.732343876909,4.17094187068792));
#5964=CARTESIAN_POINT('Origin',(313.056250000016,8.75000000002183,4.17094187068792));
#5965=CARTESIAN_POINT('',(313.381250000017,11.732343876909,13.3879740340507));
#5966=CARTESIAN_POINT('',(316.038593876903,9.07499999999709,4.17094187068791));
#5967=CARTESIAN_POINT('',(316.038593876907,9.07500000000437,4.17094187068789));
#5968=CARTESIAN_POINT('',(316.0385938769,8.42499999999563,4.17094187068792));
#5969=CARTESIAN_POINT('Origin',(313.056250000016,8.75000000002183,4.17094187068792));
#5970=CARTESIAN_POINT('',(316.0385938769,8.42499999999563,13.3879740340507));
#5971=CARTESIAN_POINT('',(313.381250000017,5.76765612313466,4.17094187068792));
#5972=CARTESIAN_POINT('',(313.381250000017,5.76765612313466,13.3879740340507));
#5973=CARTESIAN_POINT('',(312.731250000015,5.76765612313466,4.17094187068792));
#5974=CARTESIAN_POINT('Origin',(313.056250000016,8.75000000002183,4.17094187068792));
#5975=CARTESIAN_POINT('',(312.731250000141,5.76765612273774,7.41279976516358));
#5976=CARTESIAN_POINT('',(312.731250000015,5.76765612313466,13.3879740340507));
#5977=CARTESIAN_POINT('',(310.073906123132,8.42499999999563,7.20563934635183));
#5978=CARTESIAN_POINT('Ctrl Pts',(312.731249998937,5.76765611170164,7.41279976534275));
#5979=CARTESIAN_POINT('Ctrl Pts',(312.601102557831,5.78183888414098,7.41216252459612));
#5980=CARTESIAN_POINT('Ctrl Pts',(312.472025326558,5.80452563696373,7.41113829790268));
#5981=CARTESIAN_POINT('Ctrl Pts',(312.344848294701,5.83556907552297,7.40969129760511));
#5982=CARTESIAN_POINT('Ctrl Pts',(312.193632846864,5.87248020165647,7.40797079198531));
#5983=CARTESIAN_POINT('Ctrl Pts',(312.045539324159,5.92109947025076,7.40565836841587));
#5984=CARTESIAN_POINT('Ctrl Pts',(311.901910230105,5.9809749573788,7.402651826804));
#5985=CARTESIAN_POINT('Ctrl Pts',(311.894096538166,5.98423229611095,7.40248826530476));
#5986=CARTESIAN_POINT('Ctrl Pts',(311.886296058988,5.98752294811947,7.402322636837));
#5987=CARTESIAN_POINT('Ctrl Pts',(311.878509008724,5.99084684054854,7.40215492064415));
#5988=CARTESIAN_POINT('Ctrl Pts',(311.715578931007,6.06039333548775,7.39864575974134));
#5989=CARTESIAN_POINT('Ctrl Pts',(311.559533483373,6.14406155676033,7.39424895056884));
#5990=CARTESIAN_POINT('Ctrl Pts',(311.412079062729,6.24067765198517,7.3887757521602));
#5991=CARTESIAN_POINT('Ctrl Pts',(311.239756498724,6.3535880223932,7.38237950049843));
#5992=CARTESIAN_POINT('Ctrl Pts',(311.079167062082,6.48418246036527,7.37451226861129));
#5993=CARTESIAN_POINT('Ctrl Pts',(310.933034288722,6.63057671919015,7.36480288666189));
#5994=CARTESIAN_POINT('Ctrl Pts',(310.797319248954,6.76653460325282,7.35578568177971));
#5995=CARTESIAN_POINT('Ctrl Pts',(310.675312393412,6.9148710511871,7.34525613162388));
#5996=CARTESIAN_POINT('Ctrl Pts',(310.568470806274,7.07340668004763,7.33299565030195));
#5997=CARTESIAN_POINT('Ctrl Pts',(310.481336719435,7.20269956704175,7.32299668011813));
#5998=CARTESIAN_POINT('Ctrl Pts',(310.40428925139,7.3387758180118,7.31184631221113));
#5999=CARTESIAN_POINT('Ctrl Pts',(310.338118767504,7.48044787314998,7.29945177450967));
#6000=CARTESIAN_POINT('Ctrl Pts',(310.268370769614,7.62977944249431,7.28638712485487));
#6001=CARTESIAN_POINT('Ctrl Pts',(310.211219695228,7.78422793338275,7.27203399442946));
#6002=CARTESIAN_POINT('Ctrl Pts',(310.167054576961,7.94218838353483,7.25638868519382));
#6003=CARTESIAN_POINT('Ctrl Pts',(310.126390076571,8.08762856436009,7.24198345526374));
#6004=CARTESIAN_POINT('Ctrl Pts',(310.096734529172,8.2360458727021,7.22648307129195));
#6005=CARTESIAN_POINT('Ctrl Pts',(310.078391599347,8.38618748124264,7.20993588466603));
#6006=CARTESIAN_POINT('Ctrl Pts',(310.076812541756,8.39911247463457,7.2085114142619));
#6007=CARTESIAN_POINT('Ctrl Pts',(310.075317318444,8.41205024710774,7.20707921843293));
#6008=CARTESIAN_POINT('Ctrl Pts',(310.073906123135,8.4249999999957,7.2056393463518));
#6009=CARTESIAN_POINT('',(310.073906123132,8.42499999999563,4.17094187068792));
#6010=CARTESIAN_POINT('',(310.073906123132,8.42499999999563,13.3879740340507));
#6011=CARTESIAN_POINT('',(310.073906123129,9.07499999999709,4.17094187068792));
#6012=CARTESIAN_POINT('Origin',(313.056250000016,8.75000000002183,4.17094187068792));
#6013=CARTESIAN_POINT('',(310.073906123132,9.07499999999709,7.12804121348822));
#6014=CARTESIAN_POINT('',(312.731250000015,11.732343876909,4.17094187068792));
#6015=CARTESIAN_POINT('',(312.731250000015,11.732343876909,13.3879740340507));
#6016=CARTESIAN_POINT('Origin',(313.056250000016,8.75000000002183,4.17094187068792));
#6017=CARTESIAN_POINT('Origin',(214.056250000016,17.742027509019,0.200000000003447));
#6018=CARTESIAN_POINT('',(223.056250000016,11.7500000000218,0.200000000003445));
#6019=CARTESIAN_POINT('Origin',(223.056250000016,8.75000000002183,0.200000000003445));
#6020=CARTESIAN_POINT('',(222.556250000016,6.75000000002183,0.20000000000345));
#6021=CARTESIAN_POINT('',(223.556250000016,6.75000000002183,0.20000000000345));
#6022=CARTESIAN_POINT('',(218.306250000016,6.75000000002183,0.200000000003449));
#6023=CARTESIAN_POINT('',(223.556250000016,8.25000000002183,0.200000000003449));
#6024=CARTESIAN_POINT('',(223.556250000016,12.2460137545204,0.200000000003448));
#6025=CARTESIAN_POINT('',(225.056250000016,8.25000000002183,0.200000000003449));
#6026=CARTESIAN_POINT('',(218.806250000016,8.25000000002183,0.200000000003449));
#6027=CARTESIAN_POINT('',(225.056250000016,9.25000000002183,0.200000000003449));
#6028=CARTESIAN_POINT('',(225.056250000016,12.9960137545204,0.200000000003448));
#6029=CARTESIAN_POINT('',(223.556250000016,9.25000000002183,0.200000000003449));
#6030=CARTESIAN_POINT('',(219.556250000016,9.25000000002183,0.200000000003449));
#6031=CARTESIAN_POINT('',(223.556250000016,10.7500000000218,0.200000000003448));
#6032=CARTESIAN_POINT('',(223.556250000016,13.4960137545204,0.200000000003448));
#6033=CARTESIAN_POINT('',(222.556250000016,10.7500000000218,0.200000000003448));
#6034=CARTESIAN_POINT('',(218.806250000016,10.7500000000218,0.200000000003448));
#6035=CARTESIAN_POINT('',(222.556250000016,9.25000000002183,0.200000000003449));
#6036=CARTESIAN_POINT('',(222.556250000016,14.2460137545204,0.200000000003448));
#6037=CARTESIAN_POINT('',(221.056250000016,9.25000000002183,0.200000000003449));
#6038=CARTESIAN_POINT('',(218.306250000016,9.25000000002183,0.200000000003449));
#6039=CARTESIAN_POINT('',(221.056250000016,8.25000000002183,0.200000000003449));
#6040=CARTESIAN_POINT('',(221.056250000016,13.4960137545204,0.200000000003448));
#6041=CARTESIAN_POINT('',(222.556250000016,8.25000000002183,0.200000000003449));
#6042=CARTESIAN_POINT('',(217.556250000016,8.25000000002183,0.200000000003449));
#6043=CARTESIAN_POINT('',(222.556250000016,12.9960137545204,0.200000000003448));
#6044=CARTESIAN_POINT('Origin',(223.056250000016,8.75000000002183,13.3879740340507));
#6045=CARTESIAN_POINT('',(223.056250000016,11.7500000000218,4.17094187068792));
#6046=CARTESIAN_POINT('',(223.056250000016,11.7500000000218,13.3879740340507));
#6047=CARTESIAN_POINT('',(223.381250000024,11.732343876909,4.17094187068792));
#6048=CARTESIAN_POINT('Origin',(223.056250000016,8.75000000002183,4.17094187068792));
#6049=CARTESIAN_POINT('',(223.381250000024,11.732343876909,13.3879740340507));
#6050=CARTESIAN_POINT('',(226.0385938769,9.07500000003347,4.17094187068792));
#6051=CARTESIAN_POINT('',(226.0385938769,9.07500000003347,4.17094187068794));
#6052=CARTESIAN_POINT('',(226.038593876903,8.42500000002474,4.17094187068792));
#6053=CARTESIAN_POINT('Origin',(223.056250000016,8.75000000002183,4.17094187068792));
#6054=CARTESIAN_POINT('',(226.038593876903,8.42500000002474,13.3879740340507));
#6055=CARTESIAN_POINT('',(223.381250000024,5.76765612313466,4.17094187068792));
#6056=CARTESIAN_POINT('',(223.381250000024,5.76765612313466,13.3879740340507));
#6057=CARTESIAN_POINT('',(222.731250000023,5.76765612313466,4.17094187068792));
#6058=CARTESIAN_POINT('Origin',(223.056250000016,8.75000000002183,4.17094187068792));
#6059=CARTESIAN_POINT('',(222.731250000023,5.76765612313466,13.3879740340507));
#6060=CARTESIAN_POINT('',(220.073906123129,8.42500000002474,4.17094187068792));
#6061=CARTESIAN_POINT('',(220.073906123129,8.42500000002474,13.3879740340507));
#6062=CARTESIAN_POINT('',(220.073906123132,9.07500000003347,4.17094187068792));
#6063=CARTESIAN_POINT('Origin',(223.056250000016,8.75000000002183,4.17094187068792));
#6064=CARTESIAN_POINT('',(220.073906123132,9.07500000003347,7.12804121354602));
#6065=CARTESIAN_POINT('',(222.731250000023,11.732343876909,4.17094187068792));
#6066=CARTESIAN_POINT('',(222.731250000023,11.732343876909,13.3879740340507));
#6067=CARTESIAN_POINT('Origin',(223.056250000016,8.75000000002183,4.17094187068792));
#6068=CARTESIAN_POINT('Origin',(222.556250000016,10.7500000000218,13.3879740340507));
#6069=CARTESIAN_POINT('',(222.556250000016,9.24999999969712,7.10529766552676));
#6070=CARTESIAN_POINT('',(222.556250000012,10.7500000000218,6.8786205972448));
#6071=CARTESIAN_POINT('Origin',(222.556250000218,3.95376746555817,-33.0180378410313));
#6072=CARTESIAN_POINT('',(222.556250000016,9.25000000002183,13.3879740340507));
#6073=CARTESIAN_POINT('',(222.556250000016,10.7500000000218,13.3879740340507));
#6074=CARTESIAN_POINT('Origin',(223.556250000016,10.7500000000218,13.3879740340507));
#6075=CARTESIAN_POINT('',(223.556250000012,10.7500000000218,6.87862059724496));
#6076=CARTESIAN_POINT('',(223.556250000027,10.7500000000291,6.87862059724561));
#6077=CARTESIAN_POINT('',(223.556250000016,10.7500000000218,13.3879740340507));
#6078=CARTESIAN_POINT('Origin',(222.556250000016,9.25000000002183,13.3879740340507));
#6079=CARTESIAN_POINT('',(221.056250000009,9.24999999969601,7.10529766551237));
#6080=CARTESIAN_POINT('Ctrl Pts',(222.556250000016,9.25000000002183,7.10529766514407));
#6081=CARTESIAN_POINT('Ctrl Pts',(222.306250000017,9.25000000002183,7.10529766514423));
#6082=CARTESIAN_POINT('Ctrl Pts',(222.056250000018,9.25000000002392,7.10529766514412));
#6083=CARTESIAN_POINT('Ctrl Pts',(221.556250000018,9.25000000002392,7.10529766514446));
#6084=CARTESIAN_POINT('Ctrl Pts',(221.306250000017,9.25000000002183,7.1052976651449));
#6085=CARTESIAN_POINT('Ctrl Pts',(221.056250000016,9.25000000002183,7.10529766514507));
#6086=CARTESIAN_POINT('',(221.056250000016,9.25000000002183,13.3879740340507));
#6087=CARTESIAN_POINT('Origin',(223.556250000016,9.25000000002183,13.3879740340507));
#6088=CARTESIAN_POINT('',(223.556250000016,9.24999999969712,7.10529766552614));
#6089=CARTESIAN_POINT('Origin',(223.556250000016,3.95376746556055,-33.0180378411516));
#6090=CARTESIAN_POINT('',(223.556250000016,9.25000000002183,13.3879740340507));
#6091=CARTESIAN_POINT('Origin',(221.056250000016,9.25000000002183,13.3879740340507));
#6092=CARTESIAN_POINT('',(221.056250000016,8.2499999994022,7.22468501316787));
#6093=CARTESIAN_POINT('Origin',(221.056250000257,3.94550428138471,-33.0779307706927));
#6094=CARTESIAN_POINT('',(221.056250000016,8.25000000002183,13.3879740340507));
#6095=CARTESIAN_POINT('Origin',(225.056250000016,9.25000000002183,13.3879740340507));
#6096=CARTESIAN_POINT('',(225.056250000013,9.24999999969594,7.10529766550939));
#6097=CARTESIAN_POINT('Ctrl Pts',(225.056250000012,9.25000000002181,7.1052976651424));
#6098=CARTESIAN_POINT('Ctrl Pts',(224.806250000012,9.25000000002181,7.10529766514257));
#6099=CARTESIAN_POINT('Ctrl Pts',(224.556250000013,9.2500000000223,7.10529766514267));
#6100=CARTESIAN_POINT('Ctrl Pts',(224.056250000014,9.2500000000223,7.10529766514301));
#6101=CARTESIAN_POINT('Ctrl Pts',(223.806250000015,9.25000000002183,7.10529766514323));
#6102=CARTESIAN_POINT('Ctrl Pts',(223.556250000016,9.25000000002182,7.1052976651434));
#6103=CARTESIAN_POINT('',(225.056250000016,9.25000000002183,13.3879740340507));
#6104=CARTESIAN_POINT('Origin',(221.056250000016,8.25000000002183,13.3879740340507));
#6105=CARTESIAN_POINT('',(222.556250000017,8.2499999994013,7.22468501315353));
#6106=CARTESIAN_POINT('Ctrl Pts',(221.056250000016,8.25000000002183,7.22468501245713));
#6107=CARTESIAN_POINT('Ctrl Pts',(221.306250000013,8.25000000002183,7.22468501245683));
#6108=CARTESIAN_POINT('Ctrl Pts',(221.556250000011,8.25000000002461,7.22468501245623));
#6109=CARTESIAN_POINT('Ctrl Pts',(222.05625000001,8.25000000002461,7.22468501245562));
#6110=CARTESIAN_POINT('Ctrl Pts',(222.306250000013,8.25000000002183,7.22468501245561));
#6111=CARTESIAN_POINT('Ctrl Pts',(222.556250000016,8.25000000002183,7.22468501245531));
#6112=CARTESIAN_POINT('',(222.556250000016,8.25000000002183,13.3879740340507));
#6113=CARTESIAN_POINT('Origin',(225.056250000016,8.25000000002183,13.3879740340507));
#6114=CARTESIAN_POINT('',(225.056250000025,8.24999999940204,7.22468501316292));
#6115=CARTESIAN_POINT('Origin',(225.056250014781,3.94550428147988,-33.0779307705118));
#6116=CARTESIAN_POINT('',(225.056250000016,8.25000000002183,13.3879740340507));
#6117=CARTESIAN_POINT('Origin',(222.556250000016,8.25000000002183,13.3879740340507));
#6118=CARTESIAN_POINT('',(222.556250000016,6.75000000002183,7.3567323398995));
#6119=CARTESIAN_POINT('Origin',(222.556250000429,3.95160877852793,-33.0174666890233));
#6120=CARTESIAN_POINT('',(222.556250000016,6.75000000002183,13.3879740340507));
#6121=CARTESIAN_POINT('Origin',(223.556250000016,8.25000000002183,13.3879740340507));
#6122=CARTESIAN_POINT('',(223.556250000016,8.24999999940128,7.22468501315246));
#6123=CARTESIAN_POINT('Ctrl Pts',(223.556250000016,8.25000000002183,7.22468501245409));
#6124=CARTESIAN_POINT('Ctrl Pts',(223.806250000016,8.25000000002183,7.22468501245379));
#6125=CARTESIAN_POINT('Ctrl Pts',(224.056250000016,8.25000000002247,7.22468501245341));
#6126=CARTESIAN_POINT('Ctrl Pts',(224.556250000017,8.25000000002247,7.22468501245281));
#6127=CARTESIAN_POINT('Ctrl Pts',(224.806250000018,8.25000000002182,7.22468501245257));
#6128=CARTESIAN_POINT('Ctrl Pts',(225.05625000002,8.25000000002182,7.22468501245227));
#6129=CARTESIAN_POINT('',(223.556250000016,8.25000000002183,13.3879740340507));
#6130=CARTESIAN_POINT('Origin',(222.556250000016,6.75000000002183,13.3879740340507));
#6131=CARTESIAN_POINT('',(223.556250000016,6.75000000002183,7.35673233989792));
#6132=CARTESIAN_POINT('',(222.556250000001,6.75000000002183,7.35673233990038));
#6133=CARTESIAN_POINT('',(223.556250000016,6.75000000002183,13.3879740340507));
#6134=CARTESIAN_POINT('Origin',(223.556250000016,6.75000000002183,13.3879740340507));
#6135=CARTESIAN_POINT('Origin',(223.556250000016,3.95160877856399,-33.0174666888918));
#6136=CARTESIAN_POINT('Ctrl Pts',(225.05624999998,10.7500000004802,6.87862059716622));
#6137=CARTESIAN_POINT('Ctrl Pts',(220.256249999953,10.7500000003754,6.87862059718325));
#6138=CARTESIAN_POINT('Ctrl Pts',(225.056250000009,9.42463143570785,7.10440870473074));
#6139=CARTESIAN_POINT('Ctrl Pts',(220.256249999982,9.42463143560309,7.10440870474777));
#6140=CARTESIAN_POINT('Ctrl Pts',(225.056250000041,8.08797798286105,7.26401194324927));
#6141=CARTESIAN_POINT('Ctrl Pts',(220.256250000014,8.08797798275629,7.2640119432663));
#6142=CARTESIAN_POINT('Ctrl Pts',(225.056250000071,6.74999999954161,7.35673233992851));
#6143=CARTESIAN_POINT('Ctrl Pts',(220.256250000044,6.74999999943685,7.35673233994554));
#6144=CARTESIAN_POINT('Origin',(204.056250000016,17.742027509019,0.200000000003447));
#6145=CARTESIAN_POINT('',(213.056250000016,11.7500000000218,0.200000000003445));
#6146=CARTESIAN_POINT('Origin',(213.056250000016,8.75000000002183,0.200000000003445));
#6147=CARTESIAN_POINT('',(212.556250000016,6.75000000002183,0.20000000000345));
#6148=CARTESIAN_POINT('',(213.556250000016,6.75000000002183,0.20000000000345));
#6149=CARTESIAN_POINT('',(208.306250000016,6.75000000002183,0.200000000003449));
#6150=CARTESIAN_POINT('',(213.556250000016,8.25000000002183,0.200000000003449));
#6151=CARTESIAN_POINT('',(213.556250000016,12.2460137545204,0.200000000003448));
#6152=CARTESIAN_POINT('',(215.056250000016,8.25000000002183,0.200000000003449));
#6153=CARTESIAN_POINT('',(208.806250000016,8.25000000002183,0.200000000003449));
#6154=CARTESIAN_POINT('',(215.056250000016,9.25000000002183,0.200000000003449));
#6155=CARTESIAN_POINT('',(215.056250000016,12.9960137545204,0.200000000003448));
#6156=CARTESIAN_POINT('',(213.556250000016,9.25000000002183,0.200000000003449));
#6157=CARTESIAN_POINT('',(209.556250000016,9.25000000002183,0.200000000003449));
#6158=CARTESIAN_POINT('',(213.556250000016,10.7500000000218,0.200000000003448));
#6159=CARTESIAN_POINT('',(213.556250000016,13.4960137545204,0.200000000003448));
#6160=CARTESIAN_POINT('',(212.556250000016,10.7500000000218,0.200000000003448));
#6161=CARTESIAN_POINT('',(208.806250000016,10.7500000000218,0.200000000003448));
#6162=CARTESIAN_POINT('',(212.556250000016,9.25000000002183,0.200000000003449));
#6163=CARTESIAN_POINT('',(212.556250000016,14.2460137545204,0.200000000003448));
#6164=CARTESIAN_POINT('',(211.056250000016,9.25000000002183,0.200000000003449));
#6165=CARTESIAN_POINT('',(208.306250000016,9.25000000002183,0.200000000003449));
#6166=CARTESIAN_POINT('',(211.056250000016,8.25000000002183,0.200000000003449));
#6167=CARTESIAN_POINT('',(211.056250000016,13.4960137545204,0.200000000003448));
#6168=CARTESIAN_POINT('',(212.556250000016,8.25000000002183,0.200000000003449));
#6169=CARTESIAN_POINT('',(207.556250000016,8.25000000002183,0.200000000003449));
#6170=CARTESIAN_POINT('',(212.556250000016,12.9960137545204,0.200000000003448));
#6171=CARTESIAN_POINT('Origin',(213.056250000016,8.75000000002183,13.3879740340507));
#6172=CARTESIAN_POINT('',(213.056250000016,11.7500000000218,4.17094187068792));
#6173=CARTESIAN_POINT('',(213.056250000016,11.7500000000218,13.3879740340507));
#6174=CARTESIAN_POINT('',(213.381250000017,11.732343876909,4.17094187068792));
#6175=CARTESIAN_POINT('Origin',(213.056250000016,8.75000000002183,4.17094187068792));
#6176=CARTESIAN_POINT('',(213.381250000017,11.732343876909,13.3879740340507));
#6177=CARTESIAN_POINT('',(216.0385938769,9.07500000003347,4.17094187068791));
#6178=CARTESIAN_POINT('',(216.0385938769,9.07500000003347,4.17094187068789));
#6179=CARTESIAN_POINT('',(216.038593876903,8.42500000002474,4.17094187068792));
#6180=CARTESIAN_POINT('Origin',(213.056250000016,8.75000000002183,4.17094187068792));
#6181=CARTESIAN_POINT('',(216.038593876903,8.42500000002474,13.3879740340507));
#6182=CARTESIAN_POINT('',(213.381250000017,5.76765612313466,4.17094187068792));
#6183=CARTESIAN_POINT('',(213.381250000017,5.76765612313466,13.3879740340507));
#6184=CARTESIAN_POINT('',(212.731250000015,5.76765612313466,4.17094187068792));
#6185=CARTESIAN_POINT('Origin',(213.056250000016,8.75000000002183,4.17094187068792));
#6186=CARTESIAN_POINT('',(212.731250000015,5.76765612313466,13.3879740340507));
#6187=CARTESIAN_POINT('',(210.073906123129,8.42500000002474,4.17094187068792));
#6188=CARTESIAN_POINT('',(210.073906123129,8.42500000002474,13.3879740340507));
#6189=CARTESIAN_POINT('',(210.073906123132,9.07500000003347,4.17094187068792));
#6190=CARTESIAN_POINT('Origin',(213.056250000016,8.75000000002183,4.17094187068792));
#6191=CARTESIAN_POINT('',(210.073906123132,9.07500000004802,7.1280412135517));
#6192=CARTESIAN_POINT('',(212.731250000015,11.732343876909,4.17094187068792));
#6193=CARTESIAN_POINT('',(212.731250000015,11.732343876909,13.3879740340507));
#6194=CARTESIAN_POINT('Origin',(213.056250000016,8.75000000002183,4.17094187068792));
#6195=CARTESIAN_POINT('Origin',(212.556250000016,10.7500000000218,13.3879740340507));
#6196=CARTESIAN_POINT('',(212.556250000015,9.24999999969713,7.10529766553364));
#6197=CARTESIAN_POINT('',(212.556250000016,10.7500000000218,6.87862059724209));
#6198=CARTESIAN_POINT('Origin',(212.556250000014,3.9537674653382,-33.0180378411727));
#6199=CARTESIAN_POINT('',(212.556250000016,9.25000000002183,13.3879740340507));
#6200=CARTESIAN_POINT('',(212.556250000016,10.7500000000218,13.3879740340507));
#6201=CARTESIAN_POINT('Origin',(213.556250000016,10.7500000000218,13.3879740340507));
#6202=CARTESIAN_POINT('',(213.55625000002,10.7500000000218,6.87862059724219));
#6203=CARTESIAN_POINT('',(213.556250000005,10.7500000000218,6.87862059724348));
#6204=CARTESIAN_POINT('',(213.556250000016,10.7500000000218,13.3879740340507));
#6205=CARTESIAN_POINT('Origin',(212.556250000016,9.25000000002183,13.3879740340507));
#6206=CARTESIAN_POINT('',(211.056250000008,9.24999999969602,7.10529766551927));
#6207=CARTESIAN_POINT('Ctrl Pts',(212.556250000016,9.25000000002183,7.10529766515084));
#6208=CARTESIAN_POINT('Ctrl Pts',(212.306250000017,9.25000000002183,7.10529766515101));
#6209=CARTESIAN_POINT('Ctrl Pts',(212.056250000018,9.25000000002379,7.10529766515092));
#6210=CARTESIAN_POINT('Ctrl Pts',(211.556250000018,9.25000000002379,7.10529766515125));
#6211=CARTESIAN_POINT('Ctrl Pts',(211.306250000017,9.25000000002183,7.10529766515167));
#6212=CARTESIAN_POINT('Ctrl Pts',(211.056250000016,9.25000000002183,7.10529766515184));
#6213=CARTESIAN_POINT('',(211.056250000016,9.25000000002183,13.3879740340507));
#6214=CARTESIAN_POINT('Origin',(213.556250000016,9.25000000002183,13.3879740340507));
#6215=CARTESIAN_POINT('',(213.556250000016,9.24999999969712,7.10529766553298));
#6216=CARTESIAN_POINT('Origin',(213.556250000218,3.95376746536028,-33.0180378411769));
#6217=CARTESIAN_POINT('',(213.556250000016,9.25000000002183,13.3879740340507));
#6218=CARTESIAN_POINT('Origin',(211.056250000016,9.25000000002183,13.3879740340507));
#6219=CARTESIAN_POINT('',(211.056250000015,8.24999999940221,7.22468501317983));
#6220=CARTESIAN_POINT('Origin',(211.056249999332,3.94550428114931,-33.0779307709038));
#6221=CARTESIAN_POINT('',(211.056250000016,8.25000000002183,13.3879740340507));
#6222=CARTESIAN_POINT('Origin',(215.056250000016,9.25000000002183,13.3879740340507));
#6223=CARTESIAN_POINT('',(215.056250000014,9.24999999969597,7.10529766551664));
#6224=CARTESIAN_POINT('Ctrl Pts',(215.056250000014,9.25000000002181,7.10529766514919));
#6225=CARTESIAN_POINT('Ctrl Pts',(214.806250000017,9.25000000002181,7.10529766514935));
#6226=CARTESIAN_POINT('Ctrl Pts',(214.55625000002,9.2500000000223,7.10529766514945));
#6227=CARTESIAN_POINT('Ctrl Pts',(214.056250000021,9.2500000000223,7.10529766514979));
#6228=CARTESIAN_POINT('Ctrl Pts',(213.806250000019,9.25000000002183,7.10529766515002));
#6229=CARTESIAN_POINT('Ctrl Pts',(213.556250000016,9.25000000002183,7.10529766515018));
#6230=CARTESIAN_POINT('',(215.056250000016,9.25000000002183,13.3879740340507));
#6231=CARTESIAN_POINT('Origin',(211.056250000016,8.25000000002183,13.3879740340507));
#6232=CARTESIAN_POINT('',(212.556250000017,8.24999999940132,7.22468501316548));
#6233=CARTESIAN_POINT('Ctrl Pts',(211.056250000016,8.25000000002182,7.22468501246883));
#6234=CARTESIAN_POINT('Ctrl Pts',(211.306250000014,8.25000000002183,7.22468501246853));
#6235=CARTESIAN_POINT('Ctrl Pts',(211.556250000011,8.25000000002448,7.22468501246795));
#6236=CARTESIAN_POINT('Ctrl Pts',(212.056250000011,8.25000000002448,7.22468501246734));
#6237=CARTESIAN_POINT('Ctrl Pts',(212.306250000014,8.25000000002183,7.22468501246732));
#6238=CARTESIAN_POINT('Ctrl Pts',(212.556250000016,8.25000000002183,7.22468501246702));
#6239=CARTESIAN_POINT('',(212.556250000016,8.25000000002183,13.3879740340507));
#6240=CARTESIAN_POINT('Origin',(215.056250000016,8.25000000002183,13.3879740340507));
#6241=CARTESIAN_POINT('',(215.056250000021,8.2499999994021,7.22468501317541));
#6242=CARTESIAN_POINT('Origin',(215.056249996132,3.94550428077305,-33.0779307745389));
#6243=CARTESIAN_POINT('',(215.056250000016,8.25000000002183,13.3879740340507));
#6244=CARTESIAN_POINT('Origin',(212.556250000016,8.25000000002183,13.3879740340507));
#6245=CARTESIAN_POINT('',(212.556250000016,6.75000000002183,7.35673233991985));
#6246=CARTESIAN_POINT('Origin',(212.556250000426,3.95160877829162,-33.0174666893103));
#6247=CARTESIAN_POINT('',(212.556250000016,6.75000000002183,13.3879740340507));
#6248=CARTESIAN_POINT('Origin',(213.556250000016,8.25000000002183,13.3879740340507));
#6249=CARTESIAN_POINT('',(213.556250000016,8.24999999940128,7.22468501316426));
#6250=CARTESIAN_POINT('Ctrl Pts',(213.556250000016,8.25000000002183,7.2246850124658));
#6251=CARTESIAN_POINT('Ctrl Pts',(213.806250000016,8.25000000002183,7.2246850124655));
#6252=CARTESIAN_POINT('Ctrl Pts',(214.056250000017,8.25000000002244,7.22468501246513));
#6253=CARTESIAN_POINT('Ctrl Pts',(214.556250000016,8.25000000002244,7.22468501246453));
#6254=CARTESIAN_POINT('Ctrl Pts',(214.806250000015,8.25000000002182,7.22468501246428));
#6255=CARTESIAN_POINT('Ctrl Pts',(215.056250000013,8.25000000002182,7.22468501246398));
#6256=CARTESIAN_POINT('',(213.556250000016,8.25000000002183,13.3879740340507));
#6257=CARTESIAN_POINT('Origin',(212.556250000016,6.75000000002183,13.3879740340507));
#6258=CARTESIAN_POINT('',(213.55625000002,6.75000000002183,7.35673233991831));
#6259=CARTESIAN_POINT('',(212.556250000031,6.75000000002183,7.35673233991929));
#6260=CARTESIAN_POINT('',(213.556250000016,6.75000000002183,13.3879740340507));
#6261=CARTESIAN_POINT('Origin',(213.556250000016,6.75000000002183,13.3879740340507));
#6262=CARTESIAN_POINT('Origin',(213.556249999912,3.95160877831082,-33.017466689313));
#6263=CARTESIAN_POINT('Ctrl Pts',(215.05624999998,10.7500000004802,6.87862059716577));
#6264=CARTESIAN_POINT('Ctrl Pts',(210.256249999951,10.7500000003754,6.87862059718278));
#6265=CARTESIAN_POINT('Ctrl Pts',(215.056250000009,9.42463143570785,7.10440870473684));
#6266=CARTESIAN_POINT('Ctrl Pts',(210.25624999998,9.42463143560309,7.10440870475385));
#6267=CARTESIAN_POINT('Ctrl Pts',(215.056250000041,8.08797798285377,7.26401194326228));
#6268=CARTESIAN_POINT('Ctrl Pts',(210.256250000012,8.08797798274901,7.2640119432793));
#6269=CARTESIAN_POINT('Ctrl Pts',(215.056250000071,6.74999999953434,7.35673233994868));
#6270=CARTESIAN_POINT('Ctrl Pts',(210.256250000042,6.74999999942958,7.3567323399657));
#6271=CARTESIAN_POINT('Origin',(275.506250000017,6.75000000002183,13.3879740340507));
#6272=CARTESIAN_POINT('',(275.506250000017,8.24999999940129,7.22468501309193));
#6273=CARTESIAN_POINT('',(275.506250000017,6.75000000002183,7.35673233979459));
#6274=CARTESIAN_POINT('Origin',(275.506250000018,3.95160877971227,-33.0174666892827));
#6275=CARTESIAN_POINT('',(275.506250000017,8.25000000002183,0.200000000003449));
#6276=CARTESIAN_POINT('',(275.506250000017,8.25000000002183,13.3879740340507));
#6277=CARTESIAN_POINT('',(275.506250000017,6.75000000002183,0.20000000000345));
#6278=CARTESIAN_POINT('',(275.506250000017,12.2460137545204,0.200000000003448));
#6279=CARTESIAN_POINT('',(275.506250000017,6.75000000002183,13.3879740340507));
#6280=CARTESIAN_POINT('Origin',(274.506250000017,6.75000000002183,13.3879740340507));
#6281=CARTESIAN_POINT('',(274.506250000017,6.75000000002183,7.35673233979608));
#6282=CARTESIAN_POINT('',(274.506250000031,6.75000000002183,7.35673233979613));
#6283=CARTESIAN_POINT('',(274.506250000017,6.75000000002183,0.20000000000345));
#6284=CARTESIAN_POINT('',(270.256250000017,6.75000000002183,0.200000000003449));
#6285=CARTESIAN_POINT('',(274.506250000017,6.75000000002183,13.3879740340507));
#6286=CARTESIAN_POINT('Origin',(275.506250000017,8.25000000002183,13.3879740340507));
#6287=CARTESIAN_POINT('',(277.006250000021,8.24999999940202,7.22468501310199));
#6288=CARTESIAN_POINT('Ctrl Pts',(275.506250000017,8.25000000002182,7.22468501239348));
#6289=CARTESIAN_POINT('Ctrl Pts',(275.756250000016,8.25000000002183,7.22468501239318));
#6290=CARTESIAN_POINT('Ctrl Pts',(276.006250000016,8.25000000002246,7.2246850123928));
#6291=CARTESIAN_POINT('Ctrl Pts',(276.506250000015,8.25000000002246,7.2246850123922));
#6292=CARTESIAN_POINT('Ctrl Pts',(276.756250000015,8.25000000002182,7.22468501239196));
#6293=CARTESIAN_POINT('Ctrl Pts',(277.006250000014,8.25000000002182,7.22468501239166));
#6294=CARTESIAN_POINT('',(277.006250000017,8.25000000002183,0.200000000003449));
#6295=CARTESIAN_POINT('',(277.006250000017,8.25000000002183,13.3879740340507));
#6296=CARTESIAN_POINT('',(270.756250000017,8.25000000002183,0.200000000003449));
#6297=CARTESIAN_POINT('Origin',(274.506250000017,8.25000000002183,13.3879740340507));
#6298=CARTESIAN_POINT('',(274.506250000016,8.24999999940133,7.22468501309314));
#6299=CARTESIAN_POINT('Origin',(274.506250000015,3.95160877968681,-33.0174666892884));
#6300=CARTESIAN_POINT('',(274.506250000017,8.25000000002183,0.200000000003449));
#6301=CARTESIAN_POINT('',(274.506250000017,12.9960137545204,0.200000000003448));
#6302=CARTESIAN_POINT('',(274.506250000017,8.25000000002183,13.3879740340507));
#6303=CARTESIAN_POINT('Origin',(277.006250000017,8.25000000002183,13.3879740340507));
#6304=CARTESIAN_POINT('',(277.006250000013,9.24999999969594,7.10529766547837));
#6305=CARTESIAN_POINT('Origin',(277.006249994748,3.94550428261237,-33.0779307712667));
#6306=CARTESIAN_POINT('',(277.006250000017,9.25000000002183,0.200000000003449));
#6307=CARTESIAN_POINT('',(277.006250000017,9.25000000002183,13.3879740340507));
#6308=CARTESIAN_POINT('',(277.006250000017,12.9960137545204,0.200000000003448));
#6309=CARTESIAN_POINT('Origin',(273.006250000017,8.25000000002183,13.3879740340507));
#6310=CARTESIAN_POINT('',(273.006250000017,8.24999999940226,7.224685013108));
#6311=CARTESIAN_POINT('Ctrl Pts',(273.006250000017,8.25000000002183,7.22468501239652));
#6312=CARTESIAN_POINT('Ctrl Pts',(273.256250000018,8.25000000002183,7.22468501239622));
#6313=CARTESIAN_POINT('Ctrl Pts',(273.506250000019,8.25000000002476,7.22468501239561));
#6314=CARTESIAN_POINT('Ctrl Pts',(274.006250000019,8.25000000002476,7.224685012395));
#6315=CARTESIAN_POINT('Ctrl Pts',(274.256250000018,8.25000000002183,7.22468501239501));
#6316=CARTESIAN_POINT('Ctrl Pts',(274.506250000017,8.25000000002183,7.2246850123947));
#6317=CARTESIAN_POINT('',(273.006250000017,8.25000000002183,0.200000000003449));
#6318=CARTESIAN_POINT('',(269.506250000017,8.25000000002183,0.200000000003449));
#6319=CARTESIAN_POINT('',(273.006250000017,8.25000000002183,13.3879740340507));
#6320=CARTESIAN_POINT('Origin',(277.006250000017,9.25000000002183,13.3879740340507));
#6321=CARTESIAN_POINT('',(275.506250000017,9.24999999969713,7.1052976654952));
#6322=CARTESIAN_POINT('Ctrl Pts',(277.006250000014,9.25000000002182,7.10529766511141));
#6323=CARTESIAN_POINT('Ctrl Pts',(276.756250000017,9.25000000002182,7.10529766511157));
#6324=CARTESIAN_POINT('Ctrl Pts',(276.50625000002,9.25000000002246,7.10529766511166));
#6325=CARTESIAN_POINT('Ctrl Pts',(276.006250000021,9.25000000002246,7.10529766511199));
#6326=CARTESIAN_POINT('Ctrl Pts',(275.756250000019,9.25000000002183,7.10529766511224));
#6327=CARTESIAN_POINT('Ctrl Pts',(275.506250000017,9.25000000002183,7.10529766511241));
#6328=CARTESIAN_POINT('',(275.506250000017,9.25000000002183,0.200000000003449));
#6329=CARTESIAN_POINT('',(275.506250000017,9.25000000002183,13.3879740340507));
#6330=CARTESIAN_POINT('',(271.506250000017,9.25000000002183,0.200000000003449));
#6331=CARTESIAN_POINT('Origin',(273.006250000017,9.25000000002183,13.3879740340507));
#6332=CARTESIAN_POINT('',(273.006250000007,9.24999999969602,7.10529766548127));
#6333=CARTESIAN_POINT('Origin',(273.006250018904,3.94550428263395,-33.0779307696633));
#6334=CARTESIAN_POINT('',(273.006250000017,9.25000000002183,0.200000000003449));
#6335=CARTESIAN_POINT('',(273.006250000017,13.4960137545204,0.200000000003448));
#6336=CARTESIAN_POINT('',(273.006250000017,9.25000000002183,13.3879740340507));
#6337=CARTESIAN_POINT('Origin',(275.506250000017,9.25000000002183,13.3879740340507));
#6338=CARTESIAN_POINT('',(275.506250000017,10.7500000000218,6.87862059725806));
#6339=CARTESIAN_POINT('Origin',(275.506249999815,3.95376746671297,-33.0180378414917));
#6340=CARTESIAN_POINT('',(275.506250000017,10.7500000000218,0.200000000003448));
#6341=CARTESIAN_POINT('',(275.506250000017,10.7500000000218,13.3879740340507));
#6342=CARTESIAN_POINT('',(275.506250000017,13.4960137545204,0.200000000003448));
#6343=CARTESIAN_POINT('Origin',(274.506250000017,9.25000000002183,13.3879740340507));
#6344=CARTESIAN_POINT('',(274.506250000017,9.24999999969714,7.10529766549586));
#6345=CARTESIAN_POINT('Ctrl Pts',(274.506250000017,9.25000000002183,7.10529766511307));
#6346=CARTESIAN_POINT('Ctrl Pts',(274.256250000017,9.25000000002183,7.10529766511324));
#6347=CARTESIAN_POINT('Ctrl Pts',(274.006250000017,9.2500000000246,7.10529766511304));
#6348=CARTESIAN_POINT('Ctrl Pts',(273.506250000016,9.2500000000246,7.10529766511337));
#6349=CARTESIAN_POINT('Ctrl Pts',(273.256250000017,9.25000000002183,7.1052976651139));
#6350=CARTESIAN_POINT('Ctrl Pts',(273.006250000017,9.25000000002183,7.10529766511407));
#6351=CARTESIAN_POINT('',(274.506250000017,9.25000000002183,0.200000000003449));
#6352=CARTESIAN_POINT('',(270.256250000017,9.25000000002183,0.200000000003449));
#6353=CARTESIAN_POINT('',(274.506250000017,9.25000000002183,13.3879740340507));
#6354=CARTESIAN_POINT('Origin',(275.506250000017,10.7500000000218,13.3879740340507));
#6355=CARTESIAN_POINT('',(274.506250000017,10.7500000000218,6.87862059725813));
#6356=CARTESIAN_POINT('',(275.506250000031,10.7500000000218,6.87862059725927));
#6357=CARTESIAN_POINT('',(274.506250000017,10.7500000000218,0.200000000003448));
#6358=CARTESIAN_POINT('',(274.506250000017,10.7500000000218,13.3879740340507));
#6359=CARTESIAN_POINT('',(270.756250000017,10.7500000000218,0.200000000003448));
#6360=CARTESIAN_POINT('Origin',(274.506250000017,10.7500000000218,13.3879740340507));
#6361=CARTESIAN_POINT('Origin',(274.506250000118,3.95376746669373,-33.0180378414864));
#6362=CARTESIAN_POINT('',(274.506250000017,14.2460137545204,0.200000000003448));
#6363=CARTESIAN_POINT('Origin',(266.006250000017,17.742027509019,0.200000000003447));
#6364=CARTESIAN_POINT('Ctrl Pts',(312.731249999961,8.42500000016298,7.20563934633044));
#6365=CARTESIAN_POINT('Ctrl Pts',(301.511249999929,8.42499999990978,7.20563934637024));
#6366=CARTESIAN_POINT('Ctrl Pts',(312.73124999999,7.11407822461479,7.35139963083444));
#6367=CARTESIAN_POINT('Ctrl Pts',(301.511249999958,7.11407822436159,7.35139963087424));
#6368=CARTESIAN_POINT('Ctrl Pts',(312.731250000015,5.79787783981737,7.43273571644665));
#6369=CARTESIAN_POINT('Ctrl Pts',(301.511249999983,5.79787783956417,7.43273571648645));
#6370=CARTESIAN_POINT('Ctrl Pts',(312.731250000044,4.48579982760566,7.45006177506116));
#6371=CARTESIAN_POINT('Ctrl Pts',(301.511250000012,4.48579982735246,7.45006177510096));
#6372=CARTESIAN_POINT('',(303.381250000024,4.48579982762021,7.45006177509124));
#6373=CARTESIAN_POINT('Origin',(303.381250000452,3.95115031118799,-33.0098019968286));
#6374=CARTESIAN_POINT('',(310.07390612314,8.42499999999563,7.20563934635114));
#6375=CARTESIAN_POINT('',(312.731250000015,4.48579982780939,7.45006177527343));
#6376=CARTESIAN_POINT('Origin',(312.731249993367,3.95115031140003,-33.0098019968538));
#6377=CARTESIAN_POINT('',(303.381250000028,4.48579982762749,7.45006177509124));
#6378=CARTESIAN_POINT('Origin',(254.056250000016,17.742027509019,0.200000000003447));
#6379=CARTESIAN_POINT('',(262.556250000016,6.75000000002183,0.20000000000345));
#6380=CARTESIAN_POINT('',(263.556250000016,6.75000000002183,0.20000000000345));
#6381=CARTESIAN_POINT('',(258.306250000016,6.75000000002183,0.200000000003449));
#6382=CARTESIAN_POINT('',(263.556250000016,8.25000000002183,0.200000000003449));
#6383=CARTESIAN_POINT('',(263.556250000016,12.2460137545204,0.200000000003448));
#6384=CARTESIAN_POINT('',(265.056250000016,8.25000000002183,0.200000000003449));
#6385=CARTESIAN_POINT('',(258.806250000016,8.25000000002183,0.200000000003449));
#6386=CARTESIAN_POINT('',(265.056250000016,9.25000000002183,0.200000000003449));
#6387=CARTESIAN_POINT('',(265.056250000016,12.9960137545204,0.200000000003448));
#6388=CARTESIAN_POINT('',(263.556250000016,9.25000000002183,0.200000000003449));
#6389=CARTESIAN_POINT('',(259.556250000016,9.25000000002183,0.200000000003449));
#6390=CARTESIAN_POINT('',(263.556250000016,10.7500000000218,0.200000000003448));
#6391=CARTESIAN_POINT('',(263.556250000016,13.4960137545204,0.200000000003448));
#6392=CARTESIAN_POINT('',(262.556250000016,10.7500000000218,0.200000000003448));
#6393=CARTESIAN_POINT('',(258.806250000016,10.7500000000218,0.200000000003448));
#6394=CARTESIAN_POINT('',(262.556250000016,9.25000000002183,0.200000000003449));
#6395=CARTESIAN_POINT('',(262.556250000016,14.2460137545204,0.200000000003448));
#6396=CARTESIAN_POINT('',(261.056250000016,9.25000000002183,0.200000000003449));
#6397=CARTESIAN_POINT('',(258.306250000016,9.25000000002183,0.200000000003449));
#6398=CARTESIAN_POINT('',(261.056250000016,8.25000000002183,0.200000000003449));
#6399=CARTESIAN_POINT('',(261.056250000016,13.4960137545204,0.200000000003448));
#6400=CARTESIAN_POINT('',(262.556250000016,8.25000000002183,0.200000000003449));
#6401=CARTESIAN_POINT('',(257.556250000016,8.25000000002183,0.200000000003449));
#6402=CARTESIAN_POINT('',(262.556250000016,12.9960137545204,0.200000000003448));
#6403=CARTESIAN_POINT('Origin',(262.556250000016,10.7500000000218,13.3879740340507));
#6404=CARTESIAN_POINT('',(262.556250000016,9.24999999969714,7.10529766550358));
#6405=CARTESIAN_POINT('',(262.55625000002,10.7500000000218,6.87862059725463));
#6406=CARTESIAN_POINT('Origin',(262.556250000016,3.9537674664454,-33.0180378412756));
#6407=CARTESIAN_POINT('',(262.556250000016,9.25000000002183,13.3879740340507));
#6408=CARTESIAN_POINT('',(262.556250000016,10.7500000000218,13.3879740340507));
#6409=CARTESIAN_POINT('Origin',(263.556250000016,10.7500000000218,13.3879740340507));
#6410=CARTESIAN_POINT('',(263.556250000016,10.7500000000218,6.878620597255));
#6411=CARTESIAN_POINT('',(263.556250000016,10.7500000000218,6.87862059725594));
#6412=CARTESIAN_POINT('',(263.556250000016,10.7500000000218,13.3879740340507));
#6413=CARTESIAN_POINT('Origin',(262.556250000016,9.25000000002183,13.3879740340507));
#6414=CARTESIAN_POINT('',(261.056250000009,9.249999999696,7.10529766548879));
#6415=CARTESIAN_POINT('Ctrl Pts',(262.556250000016,9.25000000002183,7.10529766512079));
#6416=CARTESIAN_POINT('Ctrl Pts',(262.306250000017,9.25000000002183,7.10529766512096));
#6417=CARTESIAN_POINT('Ctrl Pts',(262.056250000018,9.2500000000246,7.10529766512076));
#6418=CARTESIAN_POINT('Ctrl Pts',(261.556250000018,9.2500000000246,7.10529766512109));
#6419=CARTESIAN_POINT('Ctrl Pts',(261.306250000017,9.25000000002183,7.10529766512163));
#6420=CARTESIAN_POINT('Ctrl Pts',(261.056250000016,9.25000000002183,7.10529766512179));
#6421=CARTESIAN_POINT('',(261.056250000016,9.25000000002183,13.3879740340507));
#6422=CARTESIAN_POINT('Origin',(263.556250000016,9.25000000002183,13.3879740340507));
#6423=CARTESIAN_POINT('',(263.556250000016,9.24999999969713,7.10529766550293));
#6424=CARTESIAN_POINT('Origin',(263.556250000016,3.95376746646552,-33.0180378412825));
#6425=CARTESIAN_POINT('',(263.556250000016,9.25000000002183,13.3879740340507));
#6426=CARTESIAN_POINT('Origin',(261.056250000016,9.25000000002183,13.3879740340507));
#6427=CARTESIAN_POINT('',(261.056250000018,8.24999999940221,7.22468501312191));
#6428=CARTESIAN_POINT('Origin',(261.056249999117,3.94550428232464,-33.0779307702061));
#6429=CARTESIAN_POINT('',(261.056250000016,8.25000000002183,13.3879740340507));
#6430=CARTESIAN_POINT('Origin',(265.056250000016,9.25000000002183,13.3879740340507));
#6431=CARTESIAN_POINT('',(265.056250000016,9.24999999969597,7.1052976654866));
#6432=CARTESIAN_POINT('Ctrl Pts',(265.056250000016,9.25000000002181,7.10529766511913));
#6433=CARTESIAN_POINT('Ctrl Pts',(264.806250000019,9.25000000002181,7.10529766511929));
#6434=CARTESIAN_POINT('Ctrl Pts',(264.556250000021,9.25000000002246,7.10529766511938));
#6435=CARTESIAN_POINT('Ctrl Pts',(264.056250000021,9.25000000002246,7.10529766511971));
#6436=CARTESIAN_POINT('Ctrl Pts',(263.806250000019,9.25000000002183,7.10529766511996));
#6437=CARTESIAN_POINT('Ctrl Pts',(263.556250000016,9.25000000002183,7.10529766512013));
#6438=CARTESIAN_POINT('',(265.056250000016,9.25000000002183,13.3879740340507));
#6439=CARTESIAN_POINT('Origin',(261.056250000016,8.25000000002183,13.3879740340507));
#6440=CARTESIAN_POINT('',(262.556250000016,8.24999999940132,7.22468501310751));
#6441=CARTESIAN_POINT('Ctrl Pts',(261.056250000016,8.25000000002183,7.22468501241094));
#6442=CARTESIAN_POINT('Ctrl Pts',(261.306250000014,8.25000000002183,7.22468501241064));
#6443=CARTESIAN_POINT('Ctrl Pts',(261.556250000012,8.25000000002489,7.22468501241001));
#6444=CARTESIAN_POINT('Ctrl Pts',(262.056250000012,8.25000000002488,7.2246850124094));
#6445=CARTESIAN_POINT('Ctrl Pts',(262.306250000014,8.25000000002183,7.22468501240942));
#6446=CARTESIAN_POINT('Ctrl Pts',(262.556250000016,8.25000000002183,7.22468501240911));
#6447=CARTESIAN_POINT('',(262.556250000016,8.25000000002183,13.3879740340507));
#6448=CARTESIAN_POINT('Origin',(265.056250000016,8.25000000002183,13.3879740340507));
#6449=CARTESIAN_POINT('',(265.056250000021,8.24999999940207,7.2246850131171));
#6450=CARTESIAN_POINT('Origin',(265.056250014543,3.94550428238865,-33.0779307707338));
#6451=CARTESIAN_POINT('',(265.056250000016,8.25000000002183,13.3879740340507));
#6452=CARTESIAN_POINT('Origin',(262.556250000016,8.25000000002183,13.3879740340507));
#6453=CARTESIAN_POINT('',(262.556250000012,6.75000000002183,7.35673233981988));
#6454=CARTESIAN_POINT('Origin',(262.556250000014,3.95160877944176,-33.0174666890697));
#6455=CARTESIAN_POINT('',(262.556250000016,6.75000000002183,13.3879740340507));
#6456=CARTESIAN_POINT('Origin',(263.556250000016,8.25000000002183,13.3879740340507));
#6457=CARTESIAN_POINT('',(263.556250000016,8.24999999940129,7.22468501310635));
#6458=CARTESIAN_POINT('Ctrl Pts',(263.556250000016,8.25000000002183,7.2246850124079));
#6459=CARTESIAN_POINT('Ctrl Pts',(263.806250000016,8.25000000002183,7.22468501240759));
#6460=CARTESIAN_POINT('Ctrl Pts',(264.056250000017,8.2500000000225,7.22468501240722));
#6461=CARTESIAN_POINT('Ctrl Pts',(264.556250000016,8.2500000000225,7.22468501240661));
#6462=CARTESIAN_POINT('Ctrl Pts',(264.806250000015,8.25000000002183,7.22468501240638));
#6463=CARTESIAN_POINT('Ctrl Pts',(265.056250000014,8.25000000002183,7.22468501240607));
#6464=CARTESIAN_POINT('',(263.556250000016,8.25000000002183,13.3879740340507));
#6465=CARTESIAN_POINT('Origin',(262.556250000016,6.75000000002183,13.3879740340507));
#6466=CARTESIAN_POINT('',(263.556250000016,6.75000000002183,7.35673233981784));
#6467=CARTESIAN_POINT('',(262.556250000027,6.75000000002183,7.35673233981973));
#6468=CARTESIAN_POINT('',(263.556250000016,6.75000000002183,13.3879740340507));
#6469=CARTESIAN_POINT('Origin',(263.556250000016,6.75000000002183,13.3879740340507));
#6470=CARTESIAN_POINT('Origin',(263.556250000119,3.9516087794658,-33.017466689071));
#6471=CARTESIAN_POINT('Ctrl Pts',(265.056249999983,10.7500000004948,6.87862059717523));
#6472=CARTESIAN_POINT('Ctrl Pts',(260.256249999957,10.75000000039,6.87862059719226));
#6473=CARTESIAN_POINT('Ctrl Pts',(265.056250000012,9.4246314357224,7.10440870470934));
#6474=CARTESIAN_POINT('Ctrl Pts',(260.256249999986,9.42463143561764,7.10440870472637));
#6475=CARTESIAN_POINT('Ctrl Pts',(265.056250000045,8.0879779828756,7.26401194319767));
#6476=CARTESIAN_POINT('Ctrl Pts',(260.256250000019,8.08797798277084,7.2640119432147));
#6477=CARTESIAN_POINT('Ctrl Pts',(265.056250000074,6.74999999955617,7.35673233984737));
#6478=CARTESIAN_POINT('Ctrl Pts',(260.256250000048,6.74999999945141,7.3567323398644));
#6479=CARTESIAN_POINT('Ctrl Pts',(277.00624999998,10.7500000004729,6.87862059718167));
#6480=CARTESIAN_POINT('Ctrl Pts',(272.206249999949,10.7500000003681,6.8786205971987));
#6481=CARTESIAN_POINT('Ctrl Pts',(277.006250000009,9.42463143570058,7.10440870470564));
#6482=CARTESIAN_POINT('Ctrl Pts',(272.206249999978,9.42463143559582,7.10440870472267));
#6483=CARTESIAN_POINT('Ctrl Pts',(277.006250000042,8.08797798285377,7.26401194318408));
#6484=CARTESIAN_POINT('Ctrl Pts',(272.206250000011,8.08797798274901,7.26401194320111));
#6485=CARTESIAN_POINT('Ctrl Pts',(277.006250000071,6.74999999954161,7.35673233982428));
#6486=CARTESIAN_POINT('Ctrl Pts',(272.20625000004,6.74999999943685,7.35673233984131));
#6487=CARTESIAN_POINT('Ctrl Pts',(315.056249999983,10.7500000004875,6.87862059718926));
#6488=CARTESIAN_POINT('Ctrl Pts',(310.256249999951,10.7500000003827,6.87862059720628));
#6489=CARTESIAN_POINT('Ctrl Pts',(315.056250000012,9.42463143570785,7.10440870468601));
#6490=CARTESIAN_POINT('Ctrl Pts',(310.25624999998,9.42463143560309,7.10440870470303));
#6491=CARTESIAN_POINT('Ctrl Pts',(315.056250000041,8.08797798285377,7.26401194313654));
#6492=CARTESIAN_POINT('Ctrl Pts',(310.256250000009,8.08797798274901,7.26401194315356));
#6493=CARTESIAN_POINT('Ctrl Pts',(315.056250000071,6.74999999953434,7.35673233974855));
#6494=CARTESIAN_POINT('Ctrl Pts',(310.256250000039,6.74999999942958,7.35673233976557));
#6495=CARTESIAN_POINT('',(313.556250000016,6.75000000002183,7.35673233971785));
#6496=CARTESIAN_POINT('',(313.556250000017,8.24999999940122,7.22468501304782));
#6497=CARTESIAN_POINT('Origin',(313.556250000018,3.95160878056193,-33.0174666894616));
#6498=CARTESIAN_POINT('',(312.556250000012,6.75000000002183,7.3567323397199));
#6499=CARTESIAN_POINT('',(312.556249999998,6.75000000002183,7.3567323397199));
#6500=CARTESIAN_POINT('',(312.556250000015,8.24999999940121,7.22468501304904));
#6501=CARTESIAN_POINT('Origin',(312.556250000016,3.95160878053894,-33.0174666894573));
#6502=CARTESIAN_POINT('',(311.056250000015,8.24999999940203,7.2246850130632));
#6503=CARTESIAN_POINT('Ctrl Pts',(311.056250000016,8.25000000002183,7.22468501235237));
#6504=CARTESIAN_POINT('Ctrl Pts',(311.306250000017,8.25000000002183,7.22468501235207));
#6505=CARTESIAN_POINT('Ctrl Pts',(311.556250000019,8.25000000002106,7.22468501235184));
#6506=CARTESIAN_POINT('Ctrl Pts',(312.056250000019,8.25000000002107,7.22468501235123));
#6507=CARTESIAN_POINT('Ctrl Pts',(312.306250000017,8.25000000002183,7.22468501235085));
#6508=CARTESIAN_POINT('Ctrl Pts',(312.556250000016,8.25000000002183,7.22468501235054));
#6509=CARTESIAN_POINT('',(311.056250000008,9.24999999969596,7.10529766545899));
#6510=CARTESIAN_POINT('Origin',(311.056250000713,3.94550428390279,-33.0779307670202));
#6511=CARTESIAN_POINT('',(312.556250000016,9.24999999969709,7.10529766547333));
#6512=CARTESIAN_POINT('Ctrl Pts',(312.556250000016,9.25000000002183,7.1052976650905));
#6513=CARTESIAN_POINT('Ctrl Pts',(312.306250000017,9.25000000002183,7.10529766509067));
#6514=CARTESIAN_POINT('Ctrl Pts',(312.056250000017,9.25000000002037,7.10529766509103));
#6515=CARTESIAN_POINT('Ctrl Pts',(311.556250000017,9.25000000002037,7.10529766509136));
#6516=CARTESIAN_POINT('Ctrl Pts',(311.306250000017,9.25000000002183,7.10529766509134));
#6517=CARTESIAN_POINT('Ctrl Pts',(311.056250000016,9.25000000002183,7.1052976650915));
#6518=CARTESIAN_POINT('',(312.55625000002,10.7500000000218,6.87862059726723));
#6519=CARTESIAN_POINT('Origin',(312.556250000218,3.95376746756967,-33.0180378414382));
#6520=CARTESIAN_POINT('',(313.55625000002,10.7500000000218,6.8786205972674));
#6521=CARTESIAN_POINT('',(313.55625000002,10.7500000000291,6.87862059726869));
#6522=CARTESIAN_POINT('',(313.556250000016,9.2499999996971,7.10529766547266));
#6523=CARTESIAN_POINT('Origin',(313.556250000014,3.95376746759211,-33.0180378414409));
#6524=CARTESIAN_POINT('',(315.05625000002,9.24999999969597,7.10529766545632));
#6525=CARTESIAN_POINT('Ctrl Pts',(315.056250000016,9.25000000002181,7.10529766508885));
#6526=CARTESIAN_POINT('Ctrl Pts',(314.806250000018,9.25000000002181,7.10529766508901));
#6527=CARTESIAN_POINT('Ctrl Pts',(314.556250000021,9.25000000002151,7.10529766508922));
#6528=CARTESIAN_POINT('Ctrl Pts',(314.056250000021,9.25000000002151,7.10529766508955));
#6529=CARTESIAN_POINT('Ctrl Pts',(313.806250000019,9.25000000002183,7.10529766508967));
#6530=CARTESIAN_POINT('Ctrl Pts',(313.556250000016,9.25000000002183,7.10529766508984));
#6531=CARTESIAN_POINT('',(315.056250000023,8.24999999940203,7.22468501305796));
#6532=CARTESIAN_POINT('Origin',(315.056250014087,3.94550428345459,-33.0779307717848));
#6533=CARTESIAN_POINT('Ctrl Pts',(313.556250000016,8.25000000002182,7.22468501234933));
#6534=CARTESIAN_POINT('Ctrl Pts',(313.806250000016,8.25000000002182,7.22468501234903));
#6535=CARTESIAN_POINT('Ctrl Pts',(314.056250000015,8.25000000002168,7.22468501234874));
#6536=CARTESIAN_POINT('Ctrl Pts',(314.556250000014,8.25000000002168,7.22468501234813));
#6537=CARTESIAN_POINT('Ctrl Pts',(314.806250000013,8.25000000002182,7.22468501234781));
#6538=CARTESIAN_POINT('Ctrl Pts',(315.056250000013,8.25000000002182,7.22468501234751));
#6539=CARTESIAN_POINT('Ctrl Pts',(305.056249999983,10.7500000004948,6.87862059718472));
#6540=CARTESIAN_POINT('Ctrl Pts',(300.256249999952,10.75000000039,6.87862059720175));
#6541=CARTESIAN_POINT('Ctrl Pts',(305.056250000012,9.42463143570785,7.10440870469016));
#6542=CARTESIAN_POINT('Ctrl Pts',(300.256249999981,9.42463143560309,7.10440870470719));
#6543=CARTESIAN_POINT('Ctrl Pts',(305.056250000045,8.08797798286105,7.26401194314896));
#6544=CARTESIAN_POINT('Ctrl Pts',(300.256250000014,8.08797798275629,7.26401194316599));
#6545=CARTESIAN_POINT('Ctrl Pts',(305.056250000074,6.74999999953434,7.35673233976869));
#6546=CARTESIAN_POINT('Ctrl Pts',(300.256250000043,6.74999999942958,7.35673233978572));
#6547=CARTESIAN_POINT('',(302.556250000016,10.7500000000218,6.87862059726395));
#6548=CARTESIAN_POINT('',(302.556250000016,9.24999999969713,7.10529766547877));
#6549=CARTESIAN_POINT('Origin',(302.556250000218,3.9537674672499,-33.0180378420299));
#6550=CARTESIAN_POINT('',(303.556250000012,10.7500000000146,6.87862059726608));
#6551=CARTESIAN_POINT('',(303.556250000027,10.7500000000218,6.87862059726469));
#6552=CARTESIAN_POINT('',(303.556250000016,9.24999999969712,7.10529766547816));
#6553=CARTESIAN_POINT('Origin',(303.556249999915,3.95376746725314,-33.0180378421368));
#6554=CARTESIAN_POINT('',(305.056250000015,9.24999999969594,7.10529766546147));
#6555=CARTESIAN_POINT('Ctrl Pts',(305.056250000016,9.25000000002181,7.10529766509442));
#6556=CARTESIAN_POINT('Ctrl Pts',(304.806250000018,9.25000000002181,7.10529766509458));
#6557=CARTESIAN_POINT('Ctrl Pts',(304.556250000021,9.25000000002252,7.10529766509466));
#6558=CARTESIAN_POINT('Ctrl Pts',(304.056250000021,9.25000000002252,7.10529766509499));
#6559=CARTESIAN_POINT('Ctrl Pts',(303.806250000018,9.25000000002183,7.10529766509525));
#6560=CARTESIAN_POINT('Ctrl Pts',(303.556250000016,9.25000000002183,7.10529766509541));
#6561=CARTESIAN_POINT('',(305.056250000023,8.24999999940207,7.22468501307017));
#6562=CARTESIAN_POINT('Origin',(305.056249980032,3.94550428382972,-33.0779307658955));
#6563=CARTESIAN_POINT('',(303.556250000017,8.24999999940128,7.22468501305934));
#6564=CARTESIAN_POINT('Ctrl Pts',(303.556250000016,8.25000000002183,7.22468501236097));
#6565=CARTESIAN_POINT('Ctrl Pts',(303.806250000015,8.25000000002183,7.22468501236067));
#6566=CARTESIAN_POINT('Ctrl Pts',(304.056250000014,8.25000000002253,7.22468501236029));
#6567=CARTESIAN_POINT('Ctrl Pts',(304.556250000013,8.25000000002253,7.22468501235968));
#6568=CARTESIAN_POINT('Ctrl Pts',(304.806250000013,8.25000000002182,7.22468501235945));
#6569=CARTESIAN_POINT('Ctrl Pts',(305.056250000013,8.25000000002182,7.22468501235915));
#6570=CARTESIAN_POINT('',(303.556250000016,6.75000000002183,7.35673233973826));
#6571=CARTESIAN_POINT('Origin',(303.556249999813,3.95160878037075,-33.0174666889882));
#6572=CARTESIAN_POINT('',(302.55625000002,6.75000000002183,7.35673233973979));
#6573=CARTESIAN_POINT('',(302.556250000005,6.7500000000291,7.35673233973931));
#6574=CARTESIAN_POINT('',(302.556250000016,8.24999999940131,7.22468501306043));
#6575=CARTESIAN_POINT('Origin',(302.556250000016,3.95160878033735,-33.0174666891206));
#6576=CARTESIAN_POINT('',(301.056250000017,8.24999999940224,7.22468501307532));
#6577=CARTESIAN_POINT('Ctrl Pts',(301.056250000016,8.25000000002183,7.22468501236401));
#6578=CARTESIAN_POINT('Ctrl Pts',(301.306250000017,8.25000000002183,7.22468501236371));
#6579=CARTESIAN_POINT('Ctrl Pts',(301.556250000017,8.25000000002475,7.22468501236309));
#6580=CARTESIAN_POINT('Ctrl Pts',(302.056250000017,8.25000000002475,7.22468501236248));
#6581=CARTESIAN_POINT('Ctrl Pts',(302.306250000017,8.25000000002183,7.22468501236249));
#6582=CARTESIAN_POINT('Ctrl Pts',(302.556250000016,8.25000000002183,7.22468501236219));
#6583=CARTESIAN_POINT('',(301.056250000009,9.24999999969604,7.1052976654646));
#6584=CARTESIAN_POINT('Origin',(301.056250004636,3.94550428325516,-33.0779307700667));
#6585=CARTESIAN_POINT('Ctrl Pts',(302.556250000016,9.25000000002183,7.10529766509608));
#6586=CARTESIAN_POINT('Ctrl Pts',(302.306250000017,9.25000000002183,7.10529766509625));
#6587=CARTESIAN_POINT('Ctrl Pts',(302.056250000017,9.2500000000246,7.10529766509605));
#6588=CARTESIAN_POINT('Ctrl Pts',(301.556250000017,9.2500000000246,7.10529766509638));
#6589=CARTESIAN_POINT('Ctrl Pts',(301.306250000016,9.25000000002183,7.10529766509691));
#6590=CARTESIAN_POINT('Ctrl Pts',(301.056250000016,9.25000000002183,7.10529766509708));
#6591=CARTESIAN_POINT('Origin',(319.062500000018,15.9885735125717,5.79105532157197));
#6592=CARTESIAN_POINT('',(312.731250000015,16.1303150731474,4.17094187068792));
#6593=CARTESIAN_POINT('',(312.731250000015,15.9489305161042,6.24417684458197));
#6594=CARTESIAN_POINT('',(303.381250000024,16.1303150731474,4.17094187068792));
#6595=CARTESIAN_POINT('',(303.381250000024,15.9489305161042,6.24417684458197));
#6596=CARTESIAN_POINT('',(302.731250000023,16.1303150731474,4.17094187068792));
#6597=CARTESIAN_POINT('',(291.059375000015,16.1303150731546,4.17094187068792));
#6598=CARTESIAN_POINT('',(302.731250000023,15.9489305161042,6.24417684458197));
#6599=CARTESIAN_POINT('',(275.331250000017,16.1303150731474,4.17094187068792));
#6600=CARTESIAN_POINT('',(275.331250000017,15.9489305161042,6.24417684458197));
#6601=CARTESIAN_POINT('',(274.681250000016,16.1303150731474,4.17094187068792));
#6602=CARTESIAN_POINT('',(291.059375000015,16.1303150731546,4.17094187068792));
#6603=CARTESIAN_POINT('',(274.681250000016,15.9489305161042,6.24417684458197));
#6604=CARTESIAN_POINT('',(263.38125000002,16.1303150731474,4.17094187068792));
#6605=CARTESIAN_POINT('',(263.38125000002,15.9489305161042,6.24417684458148));
#6606=CARTESIAN_POINT('',(262.731250000012,16.1303150731474,4.17094187068792));
#6607=CARTESIAN_POINT('',(291.059375000015,16.1303150731546,4.17094187068792));
#6608=CARTESIAN_POINT('',(262.731250000012,15.9885735125717,5.79105532157197));
#6609=CARTESIAN_POINT('',(244.331250000021,16.1303150731474,4.17094187068792));
#6610=CARTESIAN_POINT('',(244.331250000021,15.9489305161042,6.24417684458197));
#6611=CARTESIAN_POINT('',(243.68125000002,16.1303150731474,4.17094187068792));
#6612=CARTESIAN_POINT('',(291.059375000015,16.1303150731546,4.17094187068792));
#6613=CARTESIAN_POINT('',(243.68125000002,15.9489305161042,6.24417684458197));
#6614=CARTESIAN_POINT('',(223.381250000024,16.1303150731474,4.17094187068792));
#6615=CARTESIAN_POINT('',(223.381250000024,15.9489305161042,6.24417684458197));
#6616=CARTESIAN_POINT('',(222.731250000023,16.1303150731474,4.17094187068792));
#6617=CARTESIAN_POINT('',(291.059375000015,16.1303150731546,4.17094187068792));
#6618=CARTESIAN_POINT('',(222.731250000023,15.9489305161042,6.24417684458197));
#6619=CARTESIAN_POINT('',(213.381250000017,16.1303150731474,4.17094187068792));
#6620=CARTESIAN_POINT('',(213.381250000017,15.9489305161042,6.24417684458197));
#6621=CARTESIAN_POINT('',(212.731250000015,16.1303150731474,4.17094187068792));
#6622=CARTESIAN_POINT('',(291.059375000015,16.1303150731546,4.17094187068792));
#6623=CARTESIAN_POINT('',(212.731250000015,15.9489305161042,6.24417684458197));
#6624=CARTESIAN_POINT('',(320.667276290201,16.4952252031613,-3.54716742444363E-10));
#6625=CARTESIAN_POINT('',(316.062500000018,16.4952252030707,3.30491189970417E-12));
#6626=CARTESIAN_POINT('Ctrl Pts',(317.90075576929,16.0037247302251,5.61787611134695));
#6627=CARTESIAN_POINT('Ctrl Pts',(318.358729753298,16.0857339165148,4.68050682276861));
#6628=CARTESIAN_POINT('Ctrl Pts',(318.819852695784,16.1679161839838,3.74115920725646));
#6629=CARTESIAN_POINT('Ctrl Pts',(319.741578290763,16.3316083591237,1.87014908389419));
#6630=CARTESIAN_POINT('Ctrl Pts',(320.204405690391,16.4135138734198,0.933964771625705));
#6631=CARTESIAN_POINT('Ctrl Pts',(320.667276289885,16.4952252031164,-5.14797232620268E-10));
#6632=CARTESIAN_POINT('',(313.381250000017,16.1303150731474,4.17094187068792));
#6633=CARTESIAN_POINT('',(313.381250000017,15.9489305161042,6.24417684458197));
#6634=CARTESIAN_POINT('',(291.059375000015,16.1303150731546,4.17094187068792));
#6635=CARTESIAN_POINT('Ctrl Pts',(317.690408440878,4.46788433844631,8.05744872087287));
#6636=CARTESIAN_POINT('Ctrl Pts',(318.702193302783,3.35769091985276,5.36929716765742));
#6637=CARTESIAN_POINT('Ctrl Pts',(319.714429233332,2.24129217828158,2.68395421802637));
#6638=CARTESIAN_POINT('Ctrl Pts',(320.726567691992,1.12154090491094,3.62643248763561E-12));
#6639=CARTESIAN_POINT('Ctrl Pts',(317.703518713341,8.37389821215038,7.34504797674259));
#6640=CARTESIAN_POINT('Ctrl Pts',(318.714605735346,7.67208052370552,4.87249568796704));
#6641=CARTESIAN_POINT('Ctrl Pts',(319.726519269163,6.96284690940956,2.40251604605132));
#6642=CARTESIAN_POINT('Ctrl Pts',(320.738254015701,6.24982752807409,-0.066194419135734));
#6643=CARTESIAN_POINT('Ctrl Pts',(317.7207841446,12.2784658040619,6.62427907598743));
#6644=CARTESIAN_POINT('Ctrl Pts',(318.73092249396,11.985788567501,4.36828533766935));
#6645=CARTESIAN_POINT('Ctrl Pts',(319.742154916807,11.6841092072573,2.11452252536405));
#6646=CARTESIAN_POINT('Ctrl Pts',(320.753249532903,11.3780736928966,-0.138297229528682));
#6647=CARTESIAN_POINT('Ctrl Pts',(317.752731259046,16.1800019332586,5.8859701945922));
#6648=CARTESIAN_POINT('Ctrl Pts',(318.758909665241,16.2982968221258,3.84983084331053));
#6649=CARTESIAN_POINT('Ctrl Pts',(319.767597526843,16.4048514424139,1.81448636912076));
#6650=CARTESIAN_POINT('Ctrl Pts',(320.776762805457,16.5062485139424,-0.220818829064227));
#6651=CARTESIAN_POINT('',(318.942489238762,9.0749999455566,4.1709717838238));
#6652=CARTESIAN_POINT('Ctrl Pts',(317.742103934678,9.07499999999296,7.12798813323028));
#6653=CARTESIAN_POINT('Ctrl Pts',(318.029770104505,9.07499999999284,6.4054000794622));
#6654=CARTESIAN_POINT('Ctrl Pts',(318.32182430741,9.07499999999272,5.68301201636754));
#6655=CARTESIAN_POINT('Ctrl Pts',(318.616393216316,9.0749999999926,4.96366504099052));
#6656=CARTESIAN_POINT('Ctrl Pts',(318.67003382565,9.07499999999258,4.83267290666985));
#6657=CARTESIAN_POINT('Ctrl Pts',(318.72375780004,9.07499999999256,4.70178154912872));
#6658=CARTESIAN_POINT('Ctrl Pts',(318.777553798508,9.07499999999254,4.57100809148217));
#6659=CARTESIAN_POINT('Ctrl Pts',(318.832404476648,9.07499999999251,4.43767079802179));
#6660=CARTESIAN_POINT('Ctrl Pts',(318.887382192857,9.07499999999249,4.30432929492017));
#6661=CARTESIAN_POINT('Ctrl Pts',(318.942475646343,9.07499999999247,4.17100169695968));
#6662=CARTESIAN_POINT('',(320.726567691996,1.12154090491822,3.30491189970417E-12));
#6663=CARTESIAN_POINT('Ctrl Pts',(320.667276289628,16.495225203158,3.30565869843701E-12));
#6664=CARTESIAN_POINT('Ctrl Pts',(320.68173102414,13.9544017167779,3.30566018505964E-12));
#6665=CARTESIAN_POINT('Ctrl Pts',(320.693321592639,11.3179762309572,6.30732742273913E-12));
#6666=CARTESIAN_POINT('Ctrl Pts',(320.71215604469,6.25578805857741,6.30733884537738E-12));
#6667=CARTESIAN_POINT('Ctrl Pts',(320.720053717084,3.65131270564918,3.30565148665638E-12));
#6668=CARTESIAN_POINT('Ctrl Pts',(320.726567691992,1.12154090491821,3.30564854187225E-12));
#6669=CARTESIAN_POINT('Ctrl Pts',(317.904042407461,4.48579982721461,7.45006177419311));
#6670=CARTESIAN_POINT('Ctrl Pts',(318.375115942262,3.92736098390627,6.21341383007067));
#6671=CARTESIAN_POINT('Ctrl Pts',(318.851053234424,3.36125121363845,4.95977882251659));
#6672=CARTESIAN_POINT('Ctrl Pts',(319.787675106482,2.24456550415076,2.4869080625104));
#6673=CARTESIAN_POINT('Ctrl Pts',(320.260130404359,1.67995459882197,1.23659225144058));
#6674=CARTESIAN_POINT('Ctrl Pts',(320.726567691991,1.12154090491854,5.43010081344164E-12));
#6675=CARTESIAN_POINT('',(318.967469541531,8.42500034667509,4.17096910526085));
#6676=CARTESIAN_POINT('Ctrl Pts',(318.967457322281,8.42499999998759,4.17099633983378));
#6677=CARTESIAN_POINT('Ctrl Pts',(318.913150256581,8.42499999998761,4.30431692498224));
#6678=CARTESIAN_POINT('Ctrl Pts',(318.858962595874,8.42499999998763,4.43765738030996));
#6679=CARTESIAN_POINT('Ctrl Pts',(318.804904688175,8.42499999998766,4.57100175730137));
#6680=CARTESIAN_POINT('Ctrl Pts',(318.523240809074,8.42499999998777,5.26578067269394));
#6681=CARTESIAN_POINT('Ctrl Pts',(318.243872454072,8.42499999998788,5.96369372996941));
#6682=CARTESIAN_POINT('Ctrl Pts',(317.968326517588,8.42499999998799,6.66255052084565));
#6683=CARTESIAN_POINT('Ctrl Pts',(317.896969900876,8.42499999998802,6.8435296229139));
#6684=CARTESIAN_POINT('Ctrl Pts',(317.825869591186,8.42499999998805,7.02457193730821));
#6685=CARTESIAN_POINT('Ctrl Pts',(317.755052031792,8.42499999998808,7.20563908139937));
#6686=CARTESIAN_POINT('Ctrl Pts',(318.967481760781,8.42500069336259,4.17094187068792));
#6687=CARTESIAN_POINT('Ctrl Pts',(318.963378245527,8.53343139902838,4.17094187068792));
#6688=CARTESIAN_POINT('Ctrl Pts',(318.959243324169,8.64186808997176,4.17094187068837));
#6689=CARTESIAN_POINT('Ctrl Pts',(318.950917635067,8.85852968646594,4.17094187068837));
#6690=CARTESIAN_POINT('Ctrl Pts',(318.946726425645,8.96676907834077,4.17094187068792));
#6691=CARTESIAN_POINT('Ctrl Pts',(318.942502831181,9.07499989112074,4.17094187068792));
#6692=CARTESIAN_POINT('Origin',(307.062500000018,4.54698414158338,7.58555280867852));
#6693=CARTESIAN_POINT('',(303.381250000024,3.00503245547588,4.17094187068792));
#6694=CARTESIAN_POINT('',(303.381250000024,4.61888164906122,7.7447679239504));
#6695=CARTESIAN_POINT('',(312.731250000015,3.00503245547588,4.17094187068792));
#6696=CARTESIAN_POINT('',(312.731250000015,4.61888164906122,7.7447679239504));
#6697=CARTESIAN_POINT('',(313.381250000017,3.00503245547588,4.17094187068792));
#6698=CARTESIAN_POINT('',(285.059375000015,3.00503245547588,4.17094187068791));
#6699=CARTESIAN_POINT('',(313.381250000017,4.61888164906122,7.7447679239504));
#6700=CARTESIAN_POINT('',(310.062500000018,1.12154090491822,3.30491189970417E-12));
#6701=CARTESIAN_POINT('',(212.731250000015,3.00503245547588,4.17094187068792));
#6702=CARTESIAN_POINT('',(212.731250000015,4.61888164906122,7.7447679239504));
#6703=CARTESIAN_POINT('',(213.381250000017,3.00503245547588,4.17094187068792));
#6704=CARTESIAN_POINT('',(285.059375000015,3.00503245547588,4.17094187068791));
#6705=CARTESIAN_POINT('',(213.381250000017,4.61888164906122,7.7447679239504));
#6706=CARTESIAN_POINT('',(222.731250000023,3.00503245547588,4.17094187068792));
#6707=CARTESIAN_POINT('',(222.731250000023,4.61888164906122,7.7447679239504));
#6708=CARTESIAN_POINT('',(223.381250000024,3.00503245547588,4.17094187068792));
#6709=CARTESIAN_POINT('',(285.059375000015,3.00503245547588,4.17094187068791));
#6710=CARTESIAN_POINT('',(223.381250000024,4.61888164906122,7.7447679239504));
#6711=CARTESIAN_POINT('',(243.68125000002,3.00503245547588,4.17094187068792));
#6712=CARTESIAN_POINT('',(243.68125000002,4.61888164906122,7.7447679239504));
#6713=CARTESIAN_POINT('',(244.331250000021,3.00503245547588,4.17094187068792));
#6714=CARTESIAN_POINT('',(285.059375000015,3.00503245547588,4.17094187068791));
#6715=CARTESIAN_POINT('',(244.331250000021,4.61888164906122,7.7447679239504));
#6716=CARTESIAN_POINT('',(262.731250000012,3.00503245547588,4.17094187068792));
#6717=CARTESIAN_POINT('',(262.731250000012,4.54698414158338,7.58555280867852));
#6718=CARTESIAN_POINT('',(263.38125000002,3.00503245547588,4.17094187068792));
#6719=CARTESIAN_POINT('',(285.059375000015,3.00503245547588,4.17094187068791));
#6720=CARTESIAN_POINT('',(263.38125000002,4.61888164906122,7.74476792395205));
#6721=CARTESIAN_POINT('',(274.681250000016,3.00503245547588,4.17094187068792));
#6722=CARTESIAN_POINT('',(274.681250000016,4.61888164906122,7.7447679239504));
#6723=CARTESIAN_POINT('',(275.331250000017,3.00503245547588,4.17094187068792));
#6724=CARTESIAN_POINT('',(285.059375000015,3.00503245547588,4.17094187068791));
#6725=CARTESIAN_POINT('',(275.331250000017,4.61888164906122,7.7447679239504));
#6726=CARTESIAN_POINT('',(302.731250000023,3.00503245547588,4.17094187068792));
#6727=CARTESIAN_POINT('',(302.731250000023,4.61888164906122,7.7447679239504));
#6728=CARTESIAN_POINT('',(285.059375000015,3.00503245547588,4.17094187068791));
#6729=CARTESIAN_POINT('Ctrl Pts',(318.599934738772,5.92778987637136,9.03154646785623));
#6730=CARTESIAN_POINT('Ctrl Pts',(319.754123159189,3.95185415241835,6.02103097857191));
#6731=CARTESIAN_POINT('Ctrl Pts',(320.908311579602,1.97591842845078,3.01051548928761));
#6732=CARTESIAN_POINT('Ctrl Pts',(322.062500000018,-1.72955022437049E-5,
3.30846461338297E-12));
#6733=CARTESIAN_POINT('Ctrl Pts',(318.599934738772,6.95158913323449,8.86546511286928));
#6734=CARTESIAN_POINT('Ctrl Pts',(319.754123159189,4.67751879460348,5.91031007524729));
#6735=CARTESIAN_POINT('Ctrl Pts',(320.908311579602,2.40344845595793,2.9551550376253));
#6736=CARTESIAN_POINT('Ctrl Pts',(322.062500000018,0.129378117326913,3.30846461338297E-12));
#6737=CARTESIAN_POINT('Ctrl Pts',(318.599934738772,14.1743762265065,7.29317277295857));
#6738=CARTESIAN_POINT('Ctrl Pts',(319.754123159189,15.2397914452356,4.86211518197348));
#6739=CARTESIAN_POINT('Ctrl Pts',(320.908311579602,16.3052066639721,2.4310575909884));
#6740=CARTESIAN_POINT('Ctrl Pts',(322.062500000018,17.3706218827013,3.30846461338297E-12));
#6741=CARTESIAN_POINT('Ctrl Pts',(318.599934738772,15.1981754833642,7.12709141797324));
#6742=CARTESIAN_POINT('Ctrl Pts',(319.754123159189,15.9654560874152,4.75139427864994));
#6743=CARTESIAN_POINT('Ctrl Pts',(320.908311579602,16.7327366914662,2.37569713932662));
#6744=CARTESIAN_POINT('Ctrl Pts',(322.062500000018,17.5000172955172,3.30846461338297E-12));
#6745=CARTESIAN_POINT('',(318.80225377504,5.58155493926461,8.50380890346936));
#6746=CARTESIAN_POINT('',(322.062500000018,7.27595761418343E-12,3.30491189970417E-12));
#6747=CARTESIAN_POINT('',(319.062500000018,5.13601233230293,7.82500000000365));
#6748=CARTESIAN_POINT('',(322.062500000018,17.5000000000073,3.30846461338297E-12));
#6749=CARTESIAN_POINT('',(322.062500000018,17.5000000000073,3.30846461338297E-12));
#6750=CARTESIAN_POINT('',(318.657878628528,15.2365612867143,7.00784565633016));
#6751=CARTESIAN_POINT('',(319.062500000018,15.5055590919146,6.17500000000727));
#6752=CARTESIAN_POINT('Ctrl Pts',(318.802253775048,5.58155493926461,8.50380890346972));
#6753=CARTESIAN_POINT('Ctrl Pts',(318.799343836941,5.6538922781765,8.50055619692363));
#6754=CARTESIAN_POINT('Ctrl Pts',(318.796085374848,5.72549554347643,8.49762433391844));
#6755=CARTESIAN_POINT('Ctrl Pts',(318.772258008376,6.25435635640315,8.47425151250555));
#6756=CARTESIAN_POINT('Ctrl Pts',(318.731162704389,7.16616763912316,8.42092123947076));
#6757=CARTESIAN_POINT('Ctrl Pts',(318.644952524977,9.44165472257737,8.21303180828513));
#6758=CARTESIAN_POINT('Ctrl Pts',(318.601741339487,11.2497779126934,7.93032944416459));
#6759=CARTESIAN_POINT('Ctrl Pts',(318.599770666013,12.947979294906,7.57827508589607));
#6760=CARTESIAN_POINT('Ctrl Pts',(318.604053705167,13.6582708721908,7.42105700899708));
#6761=CARTESIAN_POINT('Ctrl Pts',(318.622155175362,14.4521022365661,7.22313726058986));
#6762=CARTESIAN_POINT('Ctrl Pts',(318.643312201413,14.9770391350175,7.08158527231484));
#6763=CARTESIAN_POINT('Ctrl Pts',(318.65205900362,15.1513478671623,7.03299430531392));
#6764=CARTESIAN_POINT('Ctrl Pts',(318.657878628517,15.2365612867216,7.00784565633318));
#6765=CARTESIAN_POINT('Ctrl Pts',(317.059077912276,3.84090799494152,8.7032693876741));
#6766=CARTESIAN_POINT('Ctrl Pts',(187.452290923118,3.84090799516852,8.70326938814233));
#6767=CARTESIAN_POINT('Ctrl Pts',(317.059077912276,3.78643661992828,8.70312064964486));
#6768=CARTESIAN_POINT('Ctrl Pts',(187.452290923118,3.78643662015528,8.70312065011309));
#6769=CARTESIAN_POINT('Ctrl Pts',(317.059077912276,3.69150238140719,8.6705198383981));
#6770=CARTESIAN_POINT('Ctrl Pts',(187.452290923118,3.69150238163419,8.67051983886633));
#6771=CARTESIAN_POINT('Ctrl Pts',(317.059077912276,3.63055836517742,8.5933931384859));
#6772=CARTESIAN_POINT('Ctrl Pts',(187.452290923118,3.63055836540442,8.59339313895413));
#6773=CARTESIAN_POINT('Ctrl Pts',(317.059077912276,3.61374471496674,8.55615975793671));
#6774=CARTESIAN_POINT('Ctrl Pts',(187.452290923118,3.61374471519374,8.55615975840494));
#6775=CARTESIAN_POINT('',(209.053422087996,3.84090799513069,8.70326938806429));
#6776=CARTESIAN_POINT('',(209.053422087982,3.61374471514864,8.55615975833055));
#6777=CARTESIAN_POINT('Origin',(209.053422087996,3.8415906356604,8.45327032006221));
#6778=CARTESIAN_POINT('',(317.059077912276,3.61374471497402,8.55615975793746));
#6779=CARTESIAN_POINT('',(209.053422087978,3.61374471514137,8.55615975832683));
#6780=CARTESIAN_POINT('',(317.059077912276,3.84090799493424,8.70326938767411));
#6781=CARTESIAN_POINT('Origin',(317.059077912276,3.8415906354785,8.45327031967208));
#6782=CARTESIAN_POINT('',(317.059077912276,3.84090799494152,8.7032693876741));
#6783=CARTESIAN_POINT('Ctrl Pts',(318.566378554049,5.57812809184543,8.67182958635394));
#6784=CARTESIAN_POINT('Ctrl Pts',(318.576689906207,5.33288562470261,8.68139101581664));
#6785=CARTESIAN_POINT('Ctrl Pts',(318.500943673993,4.83780767081771,8.69609746915942));
#6786=CARTESIAN_POINT('Ctrl Pts',(318.16245357482,4.3086314482789,8.70253986812962));
#6787=CARTESIAN_POINT('Ctrl Pts',(317.668650815642,3.93836691563774,8.7037516751282));
#6788=CARTESIAN_POINT('Ctrl Pts',(317.303246693027,3.84090799494152,8.70326938767325));
#6789=CARTESIAN_POINT('Ctrl Pts',(317.059077912276,3.84090799494152,8.70326938767413));
#6790=CARTESIAN_POINT('Ctrl Pts',(318.625163811092,5.58061094876757,8.67173278557722));
#6791=CARTESIAN_POINT('Ctrl Pts',(318.632288270484,5.32745569429972,8.68154442759129));
#6792=CARTESIAN_POINT('Ctrl Pts',(318.548740012051,4.81924646528205,8.69646170136831));
#6793=CARTESIAN_POINT('Ctrl Pts',(318.198109848519,4.27685100798408,8.7027037938014));
#6794=CARTESIAN_POINT('Ctrl Pts',(317.689268005717,3.89439466805197,8.70363637307977));
#6795=CARTESIAN_POINT('Ctrl Pts',(317.312467038915,3.79016978741129,8.70306872254019));
#6796=CARTESIAN_POINT('Ctrl Pts',(317.059077912276,3.78643661992828,8.70312064964488));
#6797=CARTESIAN_POINT('Ctrl Pts',(318.727594327745,5.58345853321225,8.63363735022245));
#6798=CARTESIAN_POINT('Ctrl Pts',(318.729354368883,5.31698219900863,8.64877133718279));
#6799=CARTESIAN_POINT('Ctrl Pts',(318.632291634069,4.78632734427083,8.67065280985082));
#6800=CARTESIAN_POINT('Ctrl Pts',(318.260451569186,4.22109918911883,8.67983106756489));
#6801=CARTESIAN_POINT('Ctrl Pts',(317.725328597873,3.81755919334682,8.67951760876021));
#6802=CARTESIAN_POINT('Ctrl Pts',(317.328518332739,3.70158602451556,8.67512320106689));
#6803=CARTESIAN_POINT('Ctrl Pts',(317.059077912272,3.69150238139264,8.6705198384023));
#6804=CARTESIAN_POINT('Ctrl Pts',(318.787750210489,5.58256583703769,8.5454734258191));
#6805=CARTESIAN_POINT('Ctrl Pts',(318.791065237263,5.30907512193517,8.56997600876915));
#6806=CARTESIAN_POINT('Ctrl Pts',(318.691279894279,4.76305868292548,8.60571200170621));
#6807=CARTESIAN_POINT('Ctrl Pts',(318.306181469175,4.17988607240841,8.62186442914633));
#6808=CARTESIAN_POINT('Ctrl Pts',(317.751357161578,3.76164126396179,8.61961429431639));
#6809=CARTESIAN_POINT('Ctrl Pts',(317.338868255345,3.6403470800069,8.60730648690256));
#6810=CARTESIAN_POINT('Ctrl Pts',(317.059077912276,3.63055836517742,8.59339313848606));
#6811=CARTESIAN_POINT('Ctrl Pts',(318.802253775048,5.58155493926461,8.50380890347006));
#6812=CARTESIAN_POINT('Ctrl Pts',(318.807859183522,5.30663915752666,8.53189885488166));
#6813=CARTESIAN_POINT('Ctrl Pts',(318.709641754533,4.75591753840854,8.57349208920012));
#6814=CARTESIAN_POINT('Ctrl Pts',(318.321051657516,4.16641469725437,8.592821177666));
#6815=CARTESIAN_POINT('Ctrl Pts',(317.759678168561,3.74363180411456,8.58975390043878));
#6816=CARTESIAN_POINT('Ctrl Pts',(317.34171940988,3.62176172425825,8.57391321148095));
#6817=CARTESIAN_POINT('Ctrl Pts',(317.059077912276,3.61374471496674,8.5561597579369));
#6818=CARTESIAN_POINT('',(318.566378554042,5.57812809184543,8.67182958635394));
#6819=CARTESIAN_POINT('Ctrl Pts',(318.566378554049,5.57812809184543,8.67182958635394));
#6820=CARTESIAN_POINT('Ctrl Pts',(318.576689906207,5.33288562470261,8.68139101581664));
#6821=CARTESIAN_POINT('Ctrl Pts',(318.500943673993,4.83780767081771,8.69609746915942));
#6822=CARTESIAN_POINT('Ctrl Pts',(318.16245357482,4.3086314482789,8.70253986812962));
#6823=CARTESIAN_POINT('Ctrl Pts',(317.668650815642,3.93836691563774,8.7037516751282));
#6824=CARTESIAN_POINT('Ctrl Pts',(317.303246693027,3.84090799494152,8.70326938767325));
#6825=CARTESIAN_POINT('Ctrl Pts',(317.059077912276,3.84090799494152,8.70326938767413));
#6826=CARTESIAN_POINT('Ctrl Pts',(317.059077912276,3.61374471496674,8.5561597579369));
#6827=CARTESIAN_POINT('Ctrl Pts',(317.34171940988,3.62176172425825,8.57391321148095));
#6828=CARTESIAN_POINT('Ctrl Pts',(317.759678168561,3.74363180411456,8.58975390043878));
#6829=CARTESIAN_POINT('Ctrl Pts',(318.321051657516,4.16641469725437,8.592821177666));
#6830=CARTESIAN_POINT('Ctrl Pts',(318.709641754533,4.75591753840854,8.57349208920012));
#6831=CARTESIAN_POINT('Ctrl Pts',(318.807859183522,5.30663915752666,8.53189885488166));
#6832=CARTESIAN_POINT('Ctrl Pts',(318.802253775048,5.58155493926461,8.50380890347006));
#6833=CARTESIAN_POINT('Origin',(318.566378554042,5.56838857672119,8.42201937470287));
#6834=CARTESIAN_POINT('Ctrl Pts',(207.310246225104,5.58155493945378,8.50380890375965));
#6835=CARTESIAN_POINT('Ctrl Pts',(207.304640816637,5.30663915770856,8.53189885518809));
#6836=CARTESIAN_POINT('Ctrl Pts',(207.403083244491,4.75616797181283,8.57351372444024));
#6837=CARTESIAN_POINT('Ctrl Pts',(207.868208164524,4.04750069577858,8.59664966580234));
#6838=CARTESIAN_POINT('Ctrl Pts',(208.489366376762,3.68258229411731,8.5862390725727));
#6839=CARTESIAN_POINT('Ctrl Pts',(208.91210133917,3.61775321979803,8.56503648510015));
#6840=CARTESIAN_POINT('Ctrl Pts',(209.053422087967,3.61374471514864,8.5561597583281));
#6841=CARTESIAN_POINT('Ctrl Pts',(207.329584311185,5.5829028031585,8.55936160022352));
#6842=CARTESIAN_POINT('Ctrl Pts',(207.327079847615,5.30985989214241,8.58262477249314));
#6843=CARTESIAN_POINT('Ctrl Pts',(207.427582887627,4.76570523703413,8.61639674368461));
#6844=CARTESIAN_POINT('Ctrl Pts',(207.887267308291,4.06714341820043,8.63438585058651));
#6845=CARTESIAN_POINT('Ctrl Pts',(208.498025004403,3.70758374855359,8.62694456922376));
#6846=CARTESIAN_POINT('Ctrl Pts',(208.91399230565,3.64137174390635,8.61210088297409));
#6847=CARTESIAN_POINT('Ctrl Pts',(209.053422087967,3.63616291542712,8.60580426572826));
#6848=CARTESIAN_POINT('Ctrl Pts',(207.399091129209,5.5832524439611,8.6437420581074));
#6849=CARTESIAN_POINT('Ctrl Pts',(207.396676057469,5.31857082353963,8.6574943046863));
#6850=CARTESIAN_POINT('Ctrl Pts',(207.492133789961,4.79129455224756,8.67756503756088));
#6851=CARTESIAN_POINT('Ctrl Pts',(207.933885065588,4.11545742787712,8.68748543490457));
#6852=CARTESIAN_POINT('Ctrl Pts',(208.52117529936,3.77122752084688,8.68481648580078));
#6853=CARTESIAN_POINT('Ctrl Pts',(208.919825602141,3.70937978076836,8.68076686012867));
#6854=CARTESIAN_POINT('Ctrl Pts',(209.053422087967,3.70474581218878,8.67909620805477));
#6855=CARTESIAN_POINT('Ctrl Pts',(207.502032503318,5.57999023473531,8.67175698605632));
#6856=CARTESIAN_POINT('Ctrl Pts',(207.494079513279,5.32883186111576,8.68154215832043));
#6857=CARTESIAN_POINT('Ctrl Pts',(207.575863620281,4.82418678038084,8.69645287450168));
#6858=CARTESIAN_POINT('Ctrl Pts',(207.992090909145,4.17575270042289,8.70393377442318));
#6859=CARTESIAN_POINT('Ctrl Pts',(208.551358336499,3.85231896341429,8.70330460343632));
#6860=CARTESIAN_POINT('Ctrl Pts',(208.927886624911,3.80144148459658,8.70315460508519));
#6861=CARTESIAN_POINT('Ctrl Pts',(209.053422087967,3.80005446387077,8.70315783454457));
#6862=CARTESIAN_POINT('Ctrl Pts',(207.546121446099,5.57812809204916,8.67182958663892));
#6863=CARTESIAN_POINT('Ctrl Pts',(207.535810093948,5.33288562489906,8.68139101611797));
#6864=CARTESIAN_POINT('Ctrl Pts',(207.611742194298,4.83811226605758,8.69611350698334));
#6865=CARTESIAN_POINT('Ctrl Pts',(208.017035731533,4.20154925763927,8.70376634620277));
#6866=CARTESIAN_POINT('Ctrl Pts',(208.564289763741,3.88707845019962,8.70337648195607));
#6867=CARTESIAN_POINT('Ctrl Pts',(208.931337697599,3.84090799513069,8.70326938806561));
#6868=CARTESIAN_POINT('Ctrl Pts',(209.053422087967,3.84090799513069,8.70326938806532));
#6869=CARTESIAN_POINT('',(207.310246225101,5.58155493945378,8.50380890375976));
#6870=CARTESIAN_POINT('Ctrl Pts',(207.310246225104,5.58155493945378,8.50380890375965));
#6871=CARTESIAN_POINT('Ctrl Pts',(207.304640816637,5.30663915770856,8.53189885518809));
#6872=CARTESIAN_POINT('Ctrl Pts',(207.403083244491,4.75616797181283,8.57351372444024));
#6873=CARTESIAN_POINT('Ctrl Pts',(207.868208164524,4.04750069577858,8.59664966580234));
#6874=CARTESIAN_POINT('Ctrl Pts',(208.489366376762,3.68258229411731,8.5862390725727));
#6875=CARTESIAN_POINT('Ctrl Pts',(208.91210133917,3.61775321979803,8.56503648510015));
#6876=CARTESIAN_POINT('Ctrl Pts',(209.053422087967,3.61374471514864,8.5561597583281));
#6877=CARTESIAN_POINT('',(207.546121446099,5.57812809204916,8.67182958664316));
#6878=CARTESIAN_POINT('Ctrl Pts',(209.053422087967,3.84090799513069,8.70326938806532));
#6879=CARTESIAN_POINT('Ctrl Pts',(208.931337697599,3.84090799513069,8.70326938806561));
#6880=CARTESIAN_POINT('Ctrl Pts',(208.564289763741,3.88707845019962,8.70337648195607));
#6881=CARTESIAN_POINT('Ctrl Pts',(208.017035731533,4.20154925763927,8.70376634620277));
#6882=CARTESIAN_POINT('Ctrl Pts',(207.611742194298,4.83811226605758,8.69611350698334));
#6883=CARTESIAN_POINT('Ctrl Pts',(207.535810093948,5.33288562489906,8.68139101611797));
#6884=CARTESIAN_POINT('Ctrl Pts',(207.546121446099,5.57812809204916,8.67182958663892));
#6885=CARTESIAN_POINT('Origin',(207.546121446099,5.56838857691037,8.42201937499272));
#6886=CARTESIAN_POINT('Ctrl Pts',(318.436012012404,15.2860623174856,7.13470681817256));
#6887=CARTESIAN_POINT('Ctrl Pts',(318.430618106049,15.1981272991907,7.159528878248));
#6888=CARTESIAN_POINT('Ctrl Pts',(318.421844446635,15.0219862770682,7.20862729269602));
#6889=CARTESIAN_POINT('Ctrl Pts',(318.400072397551,14.4924285097368,7.3525037115778));
#6890=CARTESIAN_POINT('Ctrl Pts',(318.380062398042,13.6941406398328,7.55539071572758));
#6891=CARTESIAN_POINT('Ctrl Pts',(318.374133280839,12.9798562187934,7.71701350101902));
#6892=CARTESIAN_POINT('Ctrl Pts',(318.372181647042,11.2729285102832,8.07949868700269));
#6893=CARTESIAN_POINT('Ctrl Pts',(318.4121369038,9.45594350524334,8.37173756970942));
#6894=CARTESIAN_POINT('Ctrl Pts',(318.496031074639,7.16943186993012,8.58679834483134));
#6895=CARTESIAN_POINT('Ctrl Pts',(318.53635224414,6.25270112452563,8.64257328128251));
#6896=CARTESIAN_POINT('Ctrl Pts',(318.56011510091,5.7220625908667,8.66603044149123));
#6897=CARTESIAN_POINT('Ctrl Pts',(318.563352313511,5.65010339495348,8.66902343784397));
#6898=CARTESIAN_POINT('Ctrl Pts',(318.566378554053,5.57812809184543,8.67182958635387));
#6899=CARTESIAN_POINT('Ctrl Pts',(318.488073731616,15.2830867720477,7.1355467471229));
#6900=CARTESIAN_POINT('Ctrl Pts',(318.482519682275,15.1955783206067,7.16024172174159));
#6901=CARTESIAN_POINT('Ctrl Pts',(318.473708959831,15.0198056862791,7.20922639431267));
#6902=CARTESIAN_POINT('Ctrl Pts',(318.45219723801,14.4909250171768,7.35289135188847));
#6903=CARTESIAN_POINT('Ctrl Pts',(318.432952823248,13.6933180787237,7.55558123242952));
#6904=CARTESIAN_POINT('Ctrl Pts',(318.427746022771,12.97955547124,7.71707746092113));
#6905=CARTESIAN_POINT('Ctrl Pts',(318.427560592208,11.2737185857768,8.07933020678584));
#6906=CARTESIAN_POINT('Ctrl Pts',(318.469146213767,9.45753930706269,8.37150476065219));
#6907=CARTESIAN_POINT('Ctrl Pts',(318.554380690723,7.17178633037838,8.58661044995201));
#6908=CARTESIAN_POINT('Ctrl Pts',(318.595121211114,6.25533282382094,8.64242730734865));
#6909=CARTESIAN_POINT('Ctrl Pts',(318.618968587383,5.72470505665842,8.6659182364769));
#6910=CARTESIAN_POINT('Ctrl Pts',(318.622198918994,5.65272242112405,8.66891697369851));
#6911=CARTESIAN_POINT('Ctrl Pts',(318.625163811095,5.58061094876757,8.6717327855763));
#6912=CARTESIAN_POINT('Ctrl Pts',(318.578938763763,15.2698632563479,7.10856479666514));
#6913=CARTESIAN_POINT('Ctrl Pts',(318.573052738964,15.1834817436247,7.13330155824571));
#6914=CARTESIAN_POINT('Ctrl Pts',(318.564233516241,15.0082513498055,7.18204253836083));
#6915=CARTESIAN_POINT('Ctrl Pts',(318.543126591976,14.4810443122333,7.32503432829338));
#6916=CARTESIAN_POINT('Ctrl Pts',(318.525235959216,13.684839734975,7.52634240664991));
#6917=CARTESIAN_POINT('Ctrl Pts',(318.521270522855,12.9723933719797,7.68665006331621));
#6918=CARTESIAN_POINT('Ctrl Pts',(318.524123520347,11.2692951150821,8.04613197106821));
#6919=CARTESIAN_POINT('Ctrl Pts',(318.568565124842,9.45579289010493,8.33569912250303));
#6920=CARTESIAN_POINT('Ctrl Pts',(318.656064778526,7.17303850143799,8.54901548273378));
#6921=CARTESIAN_POINT('Ctrl Pts',(318.697570699649,6.25805789514561,8.60411031751872));
#6922=CARTESIAN_POINT('Ctrl Pts',(318.721511400141,5.72767558251508,8.62771658790437));
#6923=CARTESIAN_POINT('Ctrl Pts',(318.724749491656,5.65582012570667,8.63066076559785));
#6924=CARTESIAN_POINT('Ctrl Pts',(318.727594327749,5.58345853321225,8.63363735022106));
#6925=CARTESIAN_POINT('Ctrl Pts',(318.640001332322,15.24702994377,7.04102395273586));
#6926=CARTESIAN_POINT('Ctrl Pts',(318.634101951317,15.1615516840466,7.06604887649641));
#6927=CARTESIAN_POINT('Ctrl Pts',(318.62532856809,14.9869561666637,7.11466412231509));
#6928=CARTESIAN_POINT('Ctrl Pts',(318.604249195192,14.4614046179413,7.256643785051));
#6929=CARTESIAN_POINT('Ctrl Pts',(318.586436047557,13.6668539796883,7.45556147473126));
#6930=CARTESIAN_POINT('Ctrl Pts',(318.5824626508,12.9559315266233,7.61369048212633));
#6931=CARTESIAN_POINT('Ctrl Pts',(318.585231392353,11.25625554625,7.96793587525511));
#6932=CARTESIAN_POINT('Ctrl Pts',(318.629344706969,9.4465069027865,8.2526071674608));
#6933=CARTESIAN_POINT('Ctrl Pts',(318.716381598733,7.16876127999421,8.46207768277221));
#6934=CARTESIAN_POINT('Ctrl Pts',(318.757749514156,6.25600915124232,8.51588903809058));
#6935=CARTESIAN_POINT('Ctrl Pts',(318.781630841007,5.7266176037665,8.53936271960883));
#6936=CARTESIAN_POINT('Ctrl Pts',(318.784883804077,5.65494716711692,8.54228814780803));
#6937=CARTESIAN_POINT('Ctrl Pts',(318.787750210489,5.58256583703769,8.54547342581833));
#6938=CARTESIAN_POINT('Ctrl Pts',(318.657878628517,15.2365612867216,7.00784565633318));
#6939=CARTESIAN_POINT('Ctrl Pts',(318.65205900362,15.1513478671623,7.03299430531392));
#6940=CARTESIAN_POINT('Ctrl Pts',(318.643312201413,14.9770391350175,7.08158527231484));
#6941=CARTESIAN_POINT('Ctrl Pts',(318.622155175362,14.4521022365661,7.22313726058986));
#6942=CARTESIAN_POINT('Ctrl Pts',(318.604053705167,13.6582708721908,7.42105700899708));
#6943=CARTESIAN_POINT('Ctrl Pts',(318.599770666013,12.947979294906,7.57827508589607));
#6944=CARTESIAN_POINT('Ctrl Pts',(318.601741339487,11.2497779126934,7.93032944416459));
#6945=CARTESIAN_POINT('Ctrl Pts',(318.644952524977,9.44165472257737,8.21303180828513));
#6946=CARTESIAN_POINT('Ctrl Pts',(318.731162704389,7.16616763912316,8.42092123947076));
#6947=CARTESIAN_POINT('Ctrl Pts',(318.772258008376,6.25435635640315,8.47425151250555));
#6948=CARTESIAN_POINT('Ctrl Pts',(318.796085374848,5.72549554347643,8.49762433391844));
#6949=CARTESIAN_POINT('Ctrl Pts',(318.799343836941,5.6538922781765,8.50055619692363));
#6950=CARTESIAN_POINT('Ctrl Pts',(318.802253775048,5.58155493926461,8.50380890346972));
#6951=CARTESIAN_POINT('',(318.436012012407,15.2860623174856,7.13470681817168));
#6952=CARTESIAN_POINT('Origin',(318.436012012407,15.2181469041097,6.89410861238943));
#6953=CARTESIAN_POINT('Ctrl Pts',(318.436012012404,15.2860623174856,7.13470681817256));
#6954=CARTESIAN_POINT('Ctrl Pts',(318.430618106049,15.1981272991907,7.159528878248));
#6955=CARTESIAN_POINT('Ctrl Pts',(318.421844446635,15.0219862770682,7.20862729269602));
#6956=CARTESIAN_POINT('Ctrl Pts',(318.400072397551,14.4924285097368,7.3525037115778));
#6957=CARTESIAN_POINT('Ctrl Pts',(318.380062398042,13.6941406398328,7.55539071572758));
#6958=CARTESIAN_POINT('Ctrl Pts',(318.374133280839,12.9798562187934,7.71701350101902));
#6959=CARTESIAN_POINT('Ctrl Pts',(318.372181647042,11.2729285102832,8.07949868700269));
#6960=CARTESIAN_POINT('Ctrl Pts',(318.4121369038,9.45594350524334,8.37173756970942));
#6961=CARTESIAN_POINT('Ctrl Pts',(318.496031074639,7.16943186993012,8.58679834483134));
#6962=CARTESIAN_POINT('Ctrl Pts',(318.53635224414,6.25270112452563,8.64257328128251));
#6963=CARTESIAN_POINT('Ctrl Pts',(318.56011510091,5.7220625908667,8.66603044149123));
#6964=CARTESIAN_POINT('Ctrl Pts',(318.563352313511,5.65010339495348,8.66902343784397));
#6965=CARTESIAN_POINT('Ctrl Pts',(318.566378554053,5.57812809184543,8.67182958635387));
#6966=CARTESIAN_POINT('Ctrl Pts',(207.454621371351,15.2365612868307,7.00784565599392));
#6967=CARTESIAN_POINT('Ctrl Pts',(207.460440996256,15.1513478671914,7.03299430500462));
#6968=CARTESIAN_POINT('Ctrl Pts',(207.469188737425,14.9770397352258,7.08158530507384));
#6969=CARTESIAN_POINT('Ctrl Pts',(207.490344098918,14.45210303762,7.22313760371854));
#6970=CARTESIAN_POINT('Ctrl Pts',(207.508458289052,13.6582772359616,7.42105705098065));
#6971=CARTESIAN_POINT('Ctrl Pts',(207.51271605162,12.9479783898059,7.57827683069307));
#6972=CARTESIAN_POINT('Ctrl Pts',(207.511496258965,11.6971608031017,7.83759708068643));
#6973=CARTESIAN_POINT('Ctrl Pts',(207.488800064781,10.3455323467351,8.07167378633788));
#6974=CARTESIAN_POINT('Ctrl Pts',(207.433201648975,8.53151603850711,8.2961871294757));
#6975=CARTESIAN_POINT('Ctrl Pts',(207.381218982224,7.16611104006734,8.42091983456691));
#6976=CARTESIAN_POINT('Ctrl Pts',(207.340254618633,6.25436124015687,8.47425142389187));
#6977=CARTESIAN_POINT('Ctrl Pts',(207.31641319938,5.72549491595419,8.49762432897106));
#6978=CARTESIAN_POINT('Ctrl Pts',(207.313156163174,5.65389227748528,8.50055619724942));
#6979=CARTESIAN_POINT('Ctrl Pts',(207.310246225104,5.58155493946106,8.50380890376019));
#6980=CARTESIAN_POINT('Ctrl Pts',(207.478457766279,15.2505194962287,7.05208338453111));
#6981=CARTESIAN_POINT('Ctrl Pts',(207.484383629577,15.1649532216761,7.07706731169374));
#6982=CARTESIAN_POINT('Ctrl Pts',(207.493167070421,14.990262044339,7.12569006926598));
#6983=CARTESIAN_POINT('Ctrl Pts',(207.514218411034,14.4645070596525,7.26781375014965));
#6984=CARTESIAN_POINT('Ctrl Pts',(207.531949162931,13.669719652411,7.4670614247423));
#6985=CARTESIAN_POINT('Ctrl Pts',(207.535792704079,12.9585832515368,7.62549903638566));
#6986=CARTESIAN_POINT('Ctrl Pts',(207.533789992573,11.7063121904939,7.88696870330541));
#6987=CARTESIAN_POINT('Ctrl Pts',(207.510210128046,10.3530904629661,8.12313252205142));
#6988=CARTESIAN_POINT('Ctrl Pts',(207.45357273403,8.53677806097403,8.34979406757681));
#6989=CARTESIAN_POINT('Ctrl Pts',(207.400925819198,7.16957177661243,8.47579798891928));
#6990=CARTESIAN_POINT('Ctrl Pts',(207.359600016167,6.25656350541249,8.52976647471574));
#6991=CARTESIAN_POINT('Ctrl Pts',(207.335685753183,5.72699130980618,8.55327586329137));
#6992=CARTESIAN_POINT('Ctrl Pts',(207.332436338686,5.65529853458429,8.55619850373625));
#6993=CARTESIAN_POINT('Ctrl Pts',(207.329584311185,5.58290280316578,8.55936160022513));
#6994=CARTESIAN_POINT('Ctrl Pts',(207.546293327006,15.2727039345118,7.11584488141291));
#6995=CARTESIAN_POINT('Ctrl Pts',(207.552117973701,15.1860647617141,7.14052704614021));
#6996=CARTESIAN_POINT('Ctrl Pts',(207.560956426318,15.0108194099885,7.18932093650515));
#6997=CARTESIAN_POINT('Ctrl Pts',(207.582098060055,14.4832783748425,7.3324368334107));
#6998=CARTESIAN_POINT('Ctrl Pts',(207.600190118719,13.6868855093417,7.53408107438784));
#6999=CARTESIAN_POINT('Ctrl Pts',(207.604283405435,12.9741864057869,7.69468718834603));
#7000=CARTESIAN_POINT('Ctrl Pts',(207.602700061721,11.7193695503665,7.96000428645179));
#7001=CARTESIAN_POINT('Ctrl Pts',(207.579447000924,10.3634998832931,8.20000409330491));
#7002=CARTESIAN_POINT('Ctrl Pts',(207.523011796424,8.54325679681642,8.43068565280608));
#7003=CARTESIAN_POINT('Ctrl Pts',(207.470410025475,7.1731894340337,8.55895971394988));
#7004=CARTESIAN_POINT('Ctrl Pts',(207.429147538231,6.25787477018457,8.61429630580983));
#7005=CARTESIAN_POINT('Ctrl Pts',(207.405184132749,5.72747556244576,8.63784431892903));
#7006=CARTESIAN_POINT('Ctrl Pts',(207.401955898931,5.65556196348916,8.64081787332379));
#7007=CARTESIAN_POINT('Ctrl Pts',(207.399091129213,5.58325244396838,8.64374205811081));
#7008=CARTESIAN_POINT('Ctrl Pts',(207.637441698062,15.2838306585327,7.13533676454482));
#7009=CARTESIAN_POINT('Ctrl Pts',(207.642955571533,15.1962153126806,7.16006356538738));
#7010=CARTESIAN_POINT('Ctrl Pts',(207.651758274191,15.0203512842563,7.20907659584886));
#7011=CARTESIAN_POINT('Ctrl Pts',(207.673332594986,14.4912998807558,7.35279460901564));
#7012=CARTESIAN_POINT('Ctrl Pts',(207.692782363534,13.693526410716,7.5555339707617));
#7013=CARTESIAN_POINT('Ctrl Pts',(207.698142108529,12.9796269617145,7.71706124447333));
#7014=CARTESIAN_POINT('Ctrl Pts',(207.69883616388,11.7229167145342,7.9839556136028));
#7015=CARTESIAN_POINT('Ctrl Pts',(207.677851098219,10.365295511765,8.22544766094092));
#7016=CARTESIAN_POINT('Ctrl Pts',(207.623784541767,8.54277906061179,8.45760789560316));
#7017=CARTESIAN_POINT('Ctrl Pts',(207.572589821288,7.17118508549902,8.58665103476637));
#7018=CARTESIAN_POINT('Ctrl Pts',(207.532084442166,6.25467738745647,8.64246419622491));
#7019=CARTESIAN_POINT('Ctrl Pts',(207.508243187272,5.724044036142,8.66594627257998));
#7020=CARTESIAN_POINT('Ctrl Pts',(207.505012898619,5.6520678901943,8.6689435347593));
#7021=CARTESIAN_POINT('Ctrl Pts',(207.502032503322,5.57999023474258,8.67175698606035));
#7022=CARTESIAN_POINT('Ctrl Pts',(207.676487987472,15.2860623176166,7.13470681783112));
#7023=CARTESIAN_POINT('Ctrl Pts',(207.681881893834,15.1981272992343,7.15952887793637));
#7024=CARTESIAN_POINT('Ctrl Pts',(207.690656448041,15.0219863466336,7.20862735224964));
#7025=CARTESIAN_POINT('Ctrl Pts',(207.712426671605,14.4924283073051,7.35250370379365));
#7026=CARTESIAN_POINT('Ctrl Pts',(207.732449278275,13.6941416813788,7.55539143987892));
#7027=CARTESIAN_POINT('Ctrl Pts',(207.738352626387,12.9798543440193,7.71701288583578));
#7028=CARTESIAN_POINT('Ctrl Pts',(207.740020917674,11.722535602632,7.98403670472133));
#7029=CARTESIAN_POINT('Ctrl Pts',(207.719999110326,10.3644055998375,8.22559713161226));
#7030=CARTESIAN_POINT('Ctrl Pts',(207.666941673826,8.54135205479542,8.45776966707372));
#7031=CARTESIAN_POINT('Ctrl Pts',(207.616353664998,7.16942143416964,8.58679141540082));
#7032=CARTESIAN_POINT('Ctrl Pts',(207.576160237451,6.25270234999334,8.64257398586099));
#7033=CARTESIAN_POINT('Ctrl Pts',(207.552383501337,5.72206245800771,8.6660303600492));
#7034=CARTESIAN_POINT('Ctrl Pts',(207.549147686608,5.65010339426954,8.66902343816312));
#7035=CARTESIAN_POINT('Ctrl Pts',(207.546121446103,5.57812809204916,8.671829586643));
#7036=CARTESIAN_POINT('',(207.676487987472,15.2860623176093,7.13470681783311));
#7037=CARTESIAN_POINT('Ctrl Pts',(207.546121446103,5.57812809204916,8.671829586643));
#7038=CARTESIAN_POINT('Ctrl Pts',(207.549147686608,5.65010339426954,8.66902343816312));
#7039=CARTESIAN_POINT('Ctrl Pts',(207.552383501337,5.72206245800771,8.6660303600492));
#7040=CARTESIAN_POINT('Ctrl Pts',(207.576160237451,6.25270234999334,8.64257398586099));
#7041=CARTESIAN_POINT('Ctrl Pts',(207.616353664998,7.16942143416964,8.58679141540082));
#7042=CARTESIAN_POINT('Ctrl Pts',(207.666941673826,8.54135205479542,8.45776966707372));
#7043=CARTESIAN_POINT('Ctrl Pts',(207.719999110326,10.3644055998375,8.22559713161226));
#7044=CARTESIAN_POINT('Ctrl Pts',(207.740020917674,11.722535602632,7.98403670472133));
#7045=CARTESIAN_POINT('Ctrl Pts',(207.738352626387,12.9798543440193,7.71701288583578));
#7046=CARTESIAN_POINT('Ctrl Pts',(207.732449278275,13.6941416813788,7.55539143987892));
#7047=CARTESIAN_POINT('Ctrl Pts',(207.712426671605,14.4924283073051,7.35250370379365));
#7048=CARTESIAN_POINT('Ctrl Pts',(207.690656448041,15.0219863466336,7.20862735224964));
#7049=CARTESIAN_POINT('Ctrl Pts',(207.681881893834,15.1981272992343,7.15952887793637));
#7050=CARTESIAN_POINT('Ctrl Pts',(207.676487987472,15.2860623176166,7.13470681783112));
#7051=CARTESIAN_POINT('',(207.454621371351,15.2365612868234,7.00784565599588));
#7052=CARTESIAN_POINT('Origin',(207.676487987472,15.2181469042189,6.89410861205522));
#7053=CARTESIAN_POINT('Ctrl Pts',(207.454621371351,15.2365612868307,7.00784565599392));
#7054=CARTESIAN_POINT('Ctrl Pts',(207.460440996256,15.1513478671914,7.03299430500462));
#7055=CARTESIAN_POINT('Ctrl Pts',(207.469188737425,14.9770397352258,7.08158530507384));
#7056=CARTESIAN_POINT('Ctrl Pts',(207.490344098918,14.45210303762,7.22313760371854));
#7057=CARTESIAN_POINT('Ctrl Pts',(207.508458289052,13.6582772359616,7.42105705098065));
#7058=CARTESIAN_POINT('Ctrl Pts',(207.51271605162,12.9479783898059,7.57827683069307));
#7059=CARTESIAN_POINT('Ctrl Pts',(207.511496258965,11.6971608031017,7.83759708068643));
#7060=CARTESIAN_POINT('Ctrl Pts',(207.488800064781,10.3455323467351,8.07167378633788));
#7061=CARTESIAN_POINT('Ctrl Pts',(207.433201648975,8.53151603850711,8.2961871294757));
#7062=CARTESIAN_POINT('Ctrl Pts',(207.381218982224,7.16611104006734,8.42091983456691));
#7063=CARTESIAN_POINT('Ctrl Pts',(207.340254618633,6.25436124015687,8.47425142389187));
#7064=CARTESIAN_POINT('Ctrl Pts',(207.31641319938,5.72549491595419,8.49762432897106));
#7065=CARTESIAN_POINT('Ctrl Pts',(207.313156163174,5.65389227748528,8.50055619724942));
#7066=CARTESIAN_POINT('Ctrl Pts',(207.310246225104,5.58155493946106,8.50380890376019));
#7067=CARTESIAN_POINT('Ctrl Pts',(316.939432550615,17.0202798089864,6.6043710625535));
#7068=CARTESIAN_POINT('Ctrl Pts',(317.189766024046,17.0203344155133,6.60435292410252));
#7069=CARTESIAN_POINT('Ctrl Pts',(317.690511091022,16.8875885406197,6.64844704417202));
#7070=CARTESIAN_POINT('Ctrl Pts',(318.31838707467,16.2651642781528,6.84831897844276));
#7071=CARTESIAN_POINT('Ctrl Pts',(318.458309722851,15.6486212921756,7.03236794035485));
#7072=CARTESIAN_POINT('Ctrl Pts',(318.435993692178,15.2857640408921,7.13479101353102));
#7073=CARTESIAN_POINT('Ctrl Pts',(316.939420418366,17.0729783805811,6.58699901683406));
#7074=CARTESIAN_POINT('Ctrl Pts',(317.199595808675,17.0673716072417,6.58873755547666));
#7075=CARTESIAN_POINT('Ctrl Pts',(317.714377274297,16.9232065139603,6.63674511531666));
#7076=CARTESIAN_POINT('Ctrl Pts',(318.357689420539,16.2839760076805,6.84248452475722));
#7077=CARTESIAN_POINT('Ctrl Pts',(318.505858353577,15.6553968160366,7.03040651702436));
#7078=CARTESIAN_POINT('Ctrl Pts',(318.488059124378,15.2827804738825,7.13563324702894));
#7079=CARTESIAN_POINT('Ctrl Pts',(316.939399299831,17.1543899917595,6.52476714243226));
#7080=CARTESIAN_POINT('Ctrl Pts',(317.216706413857,17.1415608749028,6.53680935148416));
#7081=CARTESIAN_POINT('Ctrl Pts',(317.756130639149,16.9797383080648,6.59835742870219));
#7082=CARTESIAN_POINT('Ctrl Pts',(318.42642190765,16.311517572029,6.8146456165917));
#7083=CARTESIAN_POINT('Ctrl Pts',(318.589041668115,15.6605708475227,7.00455182959431));
#7084=CARTESIAN_POINT('Ctrl Pts',(318.578958542788,15.2695377392826,7.10864203553405));
#7085=CARTESIAN_POINT('Ctrl Pts',(316.939385952931,17.1874616705826,6.43009005305752));
#7086=CARTESIAN_POINT('Ctrl Pts',(317.227519116934,17.1800703813382,6.45605370676491));
#7087=CARTESIAN_POINT('Ctrl Pts',(317.788311322425,17.0136138127356,6.53616327753848));
#7088=CARTESIAN_POINT('Ctrl Pts',(318.480470199111,16.3230271218434,6.76131243216705));
#7089=CARTESIAN_POINT('Ctrl Pts',(318.650456300869,15.6516325221258,6.94603962286203));
#7090=CARTESIAN_POINT('Ctrl Pts',(318.640030475542,15.2466829738319,7.04106037149064));
#7091=CARTESIAN_POINT('Ctrl Pts',(316.939382380122,17.1910697917916,6.38860070902751));
#7092=CARTESIAN_POINT('Ctrl Pts',(317.230413058489,17.1884516630097,6.41939602656952));
#7093=CARTESIAN_POINT('Ctrl Pts',(317.799318383972,17.0230163816233,6.50705064827681));
#7094=CARTESIAN_POINT('Ctrl Pts',(318.499359070764,16.3246788069419,6.73542493136261));
#7095=CARTESIAN_POINT('Ctrl Pts',(318.670521397646,15.6454224100785,6.91714091324926));
#7096=CARTESIAN_POINT('Ctrl Pts',(318.657906893989,15.2362022836688,7.00784853944197));
#7097=CARTESIAN_POINT('',(316.939741176106,17.1910587050079,6.38872823580485));
#7098=CARTESIAN_POINT('Ctrl Pts',(318.657878628528,15.2365612867146,7.00784565632918));
#7099=CARTESIAN_POINT('Ctrl Pts',(318.659965495751,15.3046249747924,6.99275508509961));
#7100=CARTESIAN_POINT('Ctrl Pts',(318.658761658321,15.372612257649,6.97715011599669));
#7101=CARTESIAN_POINT('Ctrl Pts',(318.65435018216,15.4402483712409,6.96114912631395));
#7102=CARTESIAN_POINT('Ctrl Pts',(318.649875399917,15.5088550845032,6.94491851735704));
#7103=CARTESIAN_POINT('Ctrl Pts',(318.642100265406,15.5771014100135,6.92828029093921));
#7104=CARTESIAN_POINT('Ctrl Pts',(318.631058800735,15.644705659061,6.91135691632924));
#7105=CARTESIAN_POINT('Ctrl Pts',(318.620098702866,15.7118117186346,6.89455825351197));
#7106=CARTESIAN_POINT('Ctrl Pts',(318.605920077356,15.7782860766534,6.87747847713981));
#7107=CARTESIAN_POINT('Ctrl Pts',(318.588506104967,15.843844083956,6.86023858155391));
#7108=CARTESIAN_POINT('Ctrl Pts',(318.571589481231,15.9075297334774,6.84349106293271));
#7109=CARTESIAN_POINT('Ctrl Pts',(318.551619389722,15.9703514165414,6.8265923126201));
#7110=CARTESIAN_POINT('Ctrl Pts',(318.528536504017,16.0320269397803,6.80965643498354));
#7111=CARTESIAN_POINT('Ctrl Pts',(318.521182949177,16.0516750179368,6.8042611431404));
#7112=CARTESIAN_POINT('Ctrl Pts',(318.51351315857,16.0712065616143,6.79886211584008));
#7113=CARTESIAN_POINT('Ctrl Pts',(318.505524307964,16.0906117763188,6.79346314518794));
#7114=CARTESIAN_POINT('Ctrl Pts',(318.480581889867,16.1511978358523,6.7766067299237));
#7115=CARTESIAN_POINT('Ctrl Pts',(318.452531459078,16.2105553489909,6.75975041797367));
#7116=CARTESIAN_POINT('Ctrl Pts',(318.421404874807,16.2684257585126,6.74300306732771));
#7117=CARTESIAN_POINT('Ctrl Pts',(318.398154158111,16.3116533894401,6.73049324929253));
#7118=CARTESIAN_POINT('Ctrl Pts',(318.373186344201,16.3540506492313,6.71804432264941));
#7119=CARTESIAN_POINT('Ctrl Pts',(318.346505007421,16.3954935110574,6.70570419672508));
#7120=CARTESIAN_POINT('Ctrl Pts',(318.306862449672,16.4570684260151,6.68736950238021));
#7121=CARTESIAN_POINT('Ctrl Pts',(318.263461614293,16.5165467337981,6.66922382237032));
#7122=CARTESIAN_POINT('Ctrl Pts',(318.21642033296,16.5733516877448,6.6514307440136));
#7123=CARTESIAN_POINT('Ctrl Pts',(318.170396017499,16.6289285990477,6.63402232680824));
#7124=CARTESIAN_POINT('Ctrl Pts',(318.120887017883,16.681946629509,6.61695140766599));
#7125=CARTESIAN_POINT('Ctrl Pts',(318.068028293379,16.7318225736742,6.60037778754878));
#7126=CARTESIAN_POINT('Ctrl Pts',(318.054862257048,16.744245659911,6.59624963488083));
#7127=CARTESIAN_POINT('Ctrl Pts',(318.041488520766,16.7564735901565,6.59215236860238));
#7128=CARTESIAN_POINT('Ctrl Pts',(318.027909408843,16.7684969071065,6.58808852658877));
#7129=CARTESIAN_POINT('Ctrl Pts',(317.973654266649,16.8165358933426,6.57185150552635));
#7130=CARTESIAN_POINT('Ctrl Pts',(317.916117174584,16.8613105586351,6.55614774632395));
#7131=CARTESIAN_POINT('Ctrl Pts',(317.855623764061,16.9023922451092,6.54111078183197));
#7132=CARTESIAN_POINT('Ctrl Pts',(317.82360303881,16.9241378432509,6.5331513279931));
#7133=CARTESIAN_POINT('Ctrl Pts',(317.790754694706,16.94484825018,6.52537877215329));
#7134=CARTESIAN_POINT('Ctrl Pts',(317.757131884455,16.9644564859538,6.51781344021789));
#7135=CARTESIAN_POINT('Ctrl Pts',(317.698631677703,16.9985727849261,6.50465054636499));
#7136=CARTESIAN_POINT('Ctrl Pts',(317.637754129134,17.0293759251385,6.49209319911069));
#7137=CARTESIAN_POINT('Ctrl Pts',(317.574902823363,17.0564703865659,6.48018991007584));
#7138=CARTESIAN_POINT('Ctrl Pts',(317.510798911694,17.0841048317178,6.46804939239689));
#7139=CARTESIAN_POINT('Ctrl Pts',(317.44464185998,17.1078811076167,6.45658929491349));
#7140=CARTESIAN_POINT('Ctrl Pts',(317.376913931377,17.127376348792,6.44586150547401));
#7141=CARTESIAN_POINT('Ctrl Pts',(317.360430408763,17.1321210716179,6.44325059202253));
#7142=CARTESIAN_POINT('Ctrl Pts',(317.343854081359,17.1366122086789,6.44068305604104));
#7143=CARTESIAN_POINT('Ctrl Pts',(317.327192362754,17.1408436569014,6.4381596456901));
#7144=CARTESIAN_POINT('Ctrl Pts',(317.259130889888,17.1581287044526,6.4278517639406));
#7145=CARTESIAN_POINT('Ctrl Pts',(317.189640533985,17.1710788746638,6.4182804407547));
#7146=CARTESIAN_POINT('Ctrl Pts',(317.119316417527,17.1795029859238,6.40946047972609));
#7147=CARTESIAN_POINT('Ctrl Pts',(317.059923303103,17.1866176747273,6.40201147103652));
#7148=CARTESIAN_POINT('Ctrl Pts',(316.999936510583,17.1905042837912,6.39509835060995));
#7149=CARTESIAN_POINT('Ctrl Pts',(316.939741176106,17.191058705012,6.38872823580526));
#7150=CARTESIAN_POINT('',(316.939741176106,17.0202798426471,6.60437105137259));
#7151=CARTESIAN_POINT('Origin',(316.939741176106,16.9420100304851,6.36693930011685));
#7152=CARTESIAN_POINT('Ctrl Pts',(316.939741176102,17.0202798426471,6.60437105137259));
#7153=CARTESIAN_POINT('Ctrl Pts',(317.189971842741,17.0202798426471,6.60437105137373));
#7154=CARTESIAN_POINT('Ctrl Pts',(317.690584826054,16.8875154458146,6.64847051626488));
#7155=CARTESIAN_POINT('Ctrl Pts',(318.318313339638,16.2652373729579,6.84829550634992));
#7156=CARTESIAN_POINT('Ctrl Pts',(318.458263701923,15.6488240333856,7.03230741825411));
#7157=CARTESIAN_POINT('Ctrl Pts',(318.436012012407,15.2860623174856,7.13470681817165));
#7158=CARTESIAN_POINT('Ctrl Pts',(209.173305802534,17.1910755521865,6.38853381718842));
#7159=CARTESIAN_POINT('Ctrl Pts',(209.027666535428,17.1897841348426,6.40394482415009));
#7160=CARTESIAN_POINT('Ctrl Pts',(208.594061957902,17.1273759262601,6.4594414173006));
#7161=CARTESIAN_POINT('Ctrl Pts',(207.973983970353,16.7560325059285,6.59933057667621));
#7162=CARTESIAN_POINT('Ctrl Pts',(207.532069896161,16.0509278273682,6.81057485888343));
#7163=CARTESIAN_POINT('Ctrl Pts',(207.446141699238,15.5089285064533,6.94736354083349));
#7164=CARTESIAN_POINT('Ctrl Pts',(207.454578316377,15.2360139894264,7.00785003602586));
#7165=CARTESIAN_POINT('Ctrl Pts',(209.17329858694,17.1862797186545,6.4438642270537));
#7166=CARTESIAN_POINT('Ctrl Pts',(209.02957979966,17.1817589658869,6.45603009529392));
#7167=CARTESIAN_POINT('Ctrl Pts',(208.603496159987,17.1141243068493,6.5025354606032));
#7168=CARTESIAN_POINT('Ctrl Pts',(207.994162379948,16.7473289503638,6.63509634114073));
#7169=CARTESIAN_POINT('Ctrl Pts',(207.558145470674,16.0527940400234,6.84640512139261));
#7170=CARTESIAN_POINT('Ctrl Pts',(207.471947141546,15.5191159242018,6.98778503752409));
#7171=CARTESIAN_POINT('Ctrl Pts',(207.478406017721,15.2499929265376,7.05214431802018));
#7172=CARTESIAN_POINT('Ctrl Pts',(209.173275510444,17.1443853412778,6.5374180967407));
#7173=CARTESIAN_POINT('Ctrl Pts',(209.035701218763,17.1382683092249,6.54226655208525));
#7174=CARTESIAN_POINT('Ctrl Pts',(208.627624065297,17.0713979990845,6.57063831089835));
#7175=CARTESIAN_POINT('Ctrl Pts',(208.039783841176,16.7192187292152,6.68959193612));
#7176=CARTESIAN_POINT('Ctrl Pts',(207.619369976105,16.0468415729665,6.89874350045036));
#7177=CARTESIAN_POINT('Ctrl Pts',(207.538853120233,15.5311531298894,7.04593265484814));
#7178=CARTESIAN_POINT('Ctrl Pts',(207.54626431247,15.2722121384393,7.11596731329977));
#7179=CARTESIAN_POINT('Ctrl Pts',(209.173243156017,17.0598063326802,6.59134111851322));
#7180=CARTESIAN_POINT('Ctrl Pts',(209.044285085176,17.0577503196854,6.59200622164825));
#7181=CARTESIAN_POINT('Ctrl Pts',(208.658286649714,17.00428032636,6.60965598257556));
#7182=CARTESIAN_POINT('Ctrl Pts',(208.094122253919,16.6739030251774,6.71818500043259));
#7183=CARTESIAN_POINT('Ctrl Pts',(207.693904126195,16.0263482776717,6.92068363430754));
#7184=CARTESIAN_POINT('Ctrl Pts',(207.624802417891,15.5302363634047,7.06578842400666));
#7185=CARTESIAN_POINT('Ctrl Pts',(207.637465436886,15.2833667775324,7.13546769857559));
#7186=CARTESIAN_POINT('Ctrl Pts',(209.173229311962,17.0202797688797,6.60437107525646));
#7187=CARTESIAN_POINT('Ctrl Pts',(209.047958010252,17.0203190782366,6.60435812826668));
#7188=CARTESIAN_POINT('Ctrl Pts',(208.671416426456,16.9733780357528,6.61981876436186));
#7189=CARTESIAN_POINT('Ctrl Pts',(208.11739817409,16.6527280653245,6.72492516608114));
#7190=CARTESIAN_POINT('Ctrl Pts',(207.725829302439,16.0156800331919,6.92386121745437));
#7191=CARTESIAN_POINT('Ctrl Pts',(207.661613274223,15.5275976621213,7.06652993861466));
#7192=CARTESIAN_POINT('Ctrl Pts',(207.676515934929,15.2856076044578,7.1348351701536));
#7193=CARTESIAN_POINT('',(209.172758823599,17.0202798426981,6.60437105094645));
#7194=CARTESIAN_POINT('Ctrl Pts',(207.676487987464,15.2860623177476,7.13470681779541));
#7195=CARTESIAN_POINT('Ctrl Pts',(207.661653527797,15.5279034616469,7.06644055117475));
#7196=CARTESIAN_POINT('Ctrl Pts',(207.725911089532,16.0158130935815,6.92381966562914));
#7197=CARTESIAN_POINT('Ctrl Pts',(208.11739817409,16.6527280653245,6.72492516608114));
#7198=CARTESIAN_POINT('Ctrl Pts',(208.671277570731,16.9732976700179,6.61984510758343));
#7199=CARTESIAN_POINT('Ctrl Pts',(209.047643490278,17.0202798426981,6.60437105094318));
#7200=CARTESIAN_POINT('Ctrl Pts',(209.172758823599,17.0202798426981,6.60437105094355));
#7201=CARTESIAN_POINT('',(209.172758823599,17.1910587050443,6.38872823538367));
#7202=CARTESIAN_POINT('Origin',(209.172758823599,16.9420100305215,6.36693929969553));
#7203=CARTESIAN_POINT('Ctrl Pts',(209.172758823599,17.1910587050504,6.38872823538245));
#7204=CARTESIAN_POINT('Ctrl Pts',(209.104230757184,17.1904224331205,6.39597970732304));
#7205=CARTESIAN_POINT('Ctrl Pts',(209.035923664329,17.1853809279528,6.40389803626398));
#7206=CARTESIAN_POINT('Ctrl Pts',(208.968462451237,17.1761839533167,6.41250941854018));
#7207=CARTESIAN_POINT('Ctrl Pts',(208.902635280429,17.1672097473612,6.4209122163259));
#7208=CARTESIAN_POINT('Ctrl Pts',(208.837613838519,17.1542793401444,6.42997483257447));
#7209=CARTESIAN_POINT('Ctrl Pts',(208.773934047351,17.1376469527606,6.43971798470408));
#7210=CARTESIAN_POINT('Ctrl Pts',(208.764359934747,17.135146310928,6.44118284559474));
#7211=CARTESIAN_POINT('Ctrl Pts',(208.754816060269,17.132562023397,6.44266308385361));
#7212=CARTESIAN_POINT('Ctrl Pts',(208.745304148606,17.1298949905432,6.4441587639865));
#7213=CARTESIAN_POINT('Ctrl Pts',(208.676170669172,17.1105107418798,6.45502950957039));
#7214=CARTESIAN_POINT('Ctrl Pts',(208.608631153302,17.0867405351974,6.46668254462556));
#7215=CARTESIAN_POINT('Ctrl Pts',(208.543199522354,17.0589019511611,6.47904949602775));
#7216=CARTESIAN_POINT('Ctrl Pts',(208.499707264841,17.0403977071407,6.48726978073176));
#7217=CARTESIAN_POINT('Ctrl Pts',(208.457145293755,17.020096000239,6.49580548179765));
#7218=CARTESIAN_POINT('Ctrl Pts',(208.415651752899,16.9980905032983,6.50463642790214));
#7219=CARTESIAN_POINT('Ctrl Pts',(208.352325420488,16.9645063023507,6.51811398168475));
#7220=CARTESIAN_POINT('Ctrl Pts',(208.291489550011,16.9269554785685,6.53227893523547));
#7221=CARTESIAN_POINT('Ctrl Pts',(208.233474333738,16.8859851748244,6.54702491878392));
#7222=CARTESIAN_POINT('Ctrl Pts',(208.176169071066,16.845516239799,6.56159045029269));
#7223=CARTESIAN_POINT('Ctrl Pts',(208.121615885894,16.8017110537884,6.57672286995404));
#7224=CARTESIAN_POINT('Ctrl Pts',(208.070086913046,16.7550754076434,6.59232293847617));
#7225=CARTESIAN_POINT('Ctrl Pts',(208.054661891786,16.7411151869463,6.59699276547465));
#7226=CARTESIAN_POINT('Ctrl Pts',(208.039507546834,16.7269011828107,6.60170452066807));
#7227=CARTESIAN_POINT('Ctrl Pts',(208.024630354465,16.7124465710725,6.60645560178939));
#7228=CARTESIAN_POINT('Ctrl Pts',(207.974351021841,16.6635954025516,6.6225124747596));
#7229=CARTESIAN_POINT('Ctrl Pts',(207.927245448118,16.6119792017976,6.63906340881236));
#7230=CARTESIAN_POINT('Ctrl Pts',(207.883425447276,16.5579985186986,6.65595906872161));
#7231=CARTESIAN_POINT('Ctrl Pts',(207.857848142587,16.5264905234348,6.66582089969222));
#7232=CARTESIAN_POINT('Ctrl Pts',(207.833390106217,16.4941759003135,6.67580034264252));
#7233=CARTESIAN_POINT('Ctrl Pts',(207.810073297444,16.4611263388372,6.68586893803802));
#7234=CARTESIAN_POINT('Ctrl Pts',(207.768743651241,16.4025451369122,6.70371578361226));
#7235=CARTESIAN_POINT('Ctrl Pts',(207.730998276775,16.3416581529775,6.72184222652358));
#7236=CARTESIAN_POINT('Ctrl Pts',(207.696850609323,16.2789429995289,6.7400768172585));
#7237=CARTESIAN_POINT('Ctrl Pts',(207.663512858414,16.217715328069,6.75787891881341));
#7238=CARTESIAN_POINT('Ctrl Pts',(207.633604033248,16.1547442077998,6.77578425381955));
#7239=CARTESIAN_POINT('Ctrl Pts',(207.607153254421,16.0904297192045,6.79364008109932));
#7240=CARTESIAN_POINT('Ctrl Pts',(207.599327709406,16.0714020781331,6.79892278302127));
#7241=CARTESIAN_POINT('Ctrl Pts',(207.591804959136,16.052256604766,6.80420118934819));
#7242=CARTESIAN_POINT('Ctrl Pts',(207.584583028936,16.0330038353239,6.80947131019194));
#7243=CARTESIAN_POINT('Ctrl Pts',(207.562473148167,15.9740616377318,6.82560574243768));
#7244=CARTESIAN_POINT('Ctrl Pts',(207.543223626714,15.9141409266767,6.84170978316669));
#7245=CARTESIAN_POINT('Ctrl Pts',(207.526763997693,15.853465199712,6.85768392465557));
#7246=CARTESIAN_POINT('Ctrl Pts',(207.509876893317,15.7912136548577,6.87407293283312));
#7247=CARTESIAN_POINT('Ctrl Pts',(207.49592617616,15.7281665737056,6.8903253355471));
#7248=CARTESIAN_POINT('Ctrl Pts',(207.484883957288,15.6645406141982,6.90633744065805));
#7249=CARTESIAN_POINT('Ctrl Pts',(207.473820099207,15.600789968204,6.92238092436271));
#7250=CARTESIAN_POINT('Ctrl Pts',(207.465676009482,15.5364572780838,6.93818331195517));
#7251=CARTESIAN_POINT('Ctrl Pts',(207.460474479577,15.4717489419534,6.95364194658609));
#7252=CARTESIAN_POINT('Ctrl Pts',(207.455347369288,15.4079664044963,6.96887941058761));
#7253=CARTESIAN_POINT('Ctrl Pts',(207.453079203127,15.3438180551511,6.98378302218288));
#7254=CARTESIAN_POINT('Ctrl Pts',(207.453742126879,15.279503235649,6.99825399483509));
#7255=CARTESIAN_POINT('Ctrl Pts',(207.453889591228,15.2651966989665,7.00147299634489));
#7256=CARTESIAN_POINT('Ctrl Pts',(207.454182292255,15.2508819595713,7.00467058366974));
#7257=CARTESIAN_POINT('Ctrl Pts',(207.454621371345,15.2365612869761,7.00784565595894));
#7258=CARTESIAN_POINT('Ctrl Pts',(209.172758823588,17.0202798426981,6.60437105094528));
#7259=CARTESIAN_POINT('Ctrl Pts',(338.493137646596,17.0202798426283,6.60437105145931));
#7260=CARTESIAN_POINT('Ctrl Pts',(209.172758823588,17.0729714345944,6.58700117105717));
#7261=CARTESIAN_POINT('Ctrl Pts',(338.493137646596,17.0729714345246,6.5870011715712));
#7262=CARTESIAN_POINT('Ctrl Pts',(209.172758823588,17.1543490256299,6.52480119431857));
#7263=CARTESIAN_POINT('Ctrl Pts',(338.493137646596,17.1543490255601,6.5248011948326));
#7264=CARTESIAN_POINT('Ctrl Pts',(209.172758823588,17.1874321038194,6.43018047708098));
#7265=CARTESIAN_POINT('Ctrl Pts',(338.493137646596,17.1874321037496,6.43018047759501));
#7266=CARTESIAN_POINT('Ctrl Pts',(209.172758823588,17.1910587050443,6.38872823538207));
#7267=CARTESIAN_POINT('Ctrl Pts',(338.493137646596,17.1910587049745,6.3887282358961));
#7268=CARTESIAN_POINT('',(316.939741176095,17.1910587050079,6.38872823580551));
#7269=CARTESIAN_POINT('',(209.172758823588,17.0202798426981,6.60437105094528));
#7270=CARTESIAN_POINT('Ctrl Pts',(318.657878628528,15.2365612867143,7.00784565633009));
#7271=CARTESIAN_POINT('Ctrl Pts',(319.792752419027,15.9910408578144,4.67189710422116));
#7272=CARTESIAN_POINT('Ctrl Pts',(320.927626209519,16.7455204289072,2.33594855211224));
#7273=CARTESIAN_POINT('Ctrl Pts',(322.062500000018,17.5000000000073,3.30846461338297E-12));
#7274=CARTESIAN_POINT('Ctrl Pts',(318.657878628528,15.524934961737,6.96115705776732));
#7275=CARTESIAN_POINT('Ctrl Pts',(319.792672878291,16.1957738314013,4.64076816852476));
#7276=CARTESIAN_POINT('Ctrl Pts',(320.927705750255,16.866561042887,2.32038888924587));
#7277=CARTESIAN_POINT('Ctrl Pts',(322.062500000018,17.5373999125513,3.30846461338297E-12));
#7278=CARTESIAN_POINT('Ctrl Pts',(318.524462586913,16.1014644635725,6.86781513095042));
#7279=CARTESIAN_POINT('Ctrl Pts',(319.698073826243,16.6050129158248,4.57854724441718));
#7280=CARTESIAN_POINT('Ctrl Pts',(320.871804384395,17.1086230321016,2.28926788653655));
#7281=CARTESIAN_POINT('Ctrl Pts',(322.045415623725,17.6121714843539,3.30935279180267E-12));
#7282=CARTESIAN_POINT('Ctrl Pts',(317.964373318948,16.7952834498283,6.75548367031248));
#7283=CARTESIAN_POINT('Ctrl Pts',(319.300783429237,17.0976031872706,4.50365032112709));
#7284=CARTESIAN_POINT('Ctrl Pts',(320.637284184442,17.3998348891109,2.25183334918869));
#7285=CARTESIAN_POINT('Ctrl Pts',(321.973694294731,17.7021546265532,3.30757643496327E-12));
#7286=CARTESIAN_POINT('Ctrl Pts',(317.289769593594,17.1158957515872,6.70357553740262));
#7287=CARTESIAN_POINT('Ctrl Pts',(318.8222753755,17.3251449687959,4.46905607837972));
#7288=CARTESIAN_POINT('Ctrl Pts',(320.354803219452,17.5344864310682,2.23451945902621));
#7289=CARTESIAN_POINT('Ctrl Pts',(321.887309001359,17.7437356482769,3.30890870259282E-12));
#7290=CARTESIAN_POINT('Ctrl Pts',(316.851600440586,17.164197311904,6.69575536394352));
#7291=CARTESIAN_POINT('Ctrl Pts',(318.511473385872,17.3595180098346,4.46382702456015));
#7292=CARTESIAN_POINT('Ctrl Pts',(320.171327011005,17.5546793020767,2.23192833938668));
#7293=CARTESIAN_POINT('Ctrl Pts',(321.83119995629,17.7500000000073,3.30846461338297E-12));
#7294=CARTESIAN_POINT('Ctrl Pts',(316.705567942779,17.164197311904,6.69575536394352));
#7295=CARTESIAN_POINT('Ctrl Pts',(318.407878628524,17.3594648746075,4.46383690929678));
#7296=CARTESIAN_POINT('Ctrl Pts',(320.110189314273,17.5547324373038,2.23191845465005));
#7297=CARTESIAN_POINT('Ctrl Pts',(321.812500000018,17.7500000000073,3.30846461338297E-12));
#7298=CARTESIAN_POINT('',(321.812500000018,17.7500000000073,3.30846461338297E-12));
#7299=CARTESIAN_POINT('Ctrl Pts',(322.062500000018,17.5000000000073,3.30402372128447E-12));
#7300=CARTESIAN_POINT('Ctrl Pts',(322.062500000018,17.5329345549997,3.30402372128447E-12));
#7301=CARTESIAN_POINT('Ctrl Pts',(322.055875761294,17.5658606058205,2.3485826329366E-10));
#7302=CARTESIAN_POINT('Ctrl Pts',(322.029040264556,17.6302854646667,2.34858260590494E-10));
#7303=CARTESIAN_POINT('Ctrl Pts',(322.009089882371,17.6569142990762,2.34954001321252E-10));
#7304=CARTESIAN_POINT('Ctrl Pts',(321.960156940593,17.7059388070411,2.34953996392188E-10));
#7305=CARTESIAN_POINT('Ctrl Pts',(321.930122721158,17.7217848212147,2.35037597472938E-10));
#7306=CARTESIAN_POINT('Ctrl Pts',(321.878134311734,17.7435079301852,2.35037592236093E-10));
#7307=CARTESIAN_POINT('Ctrl Pts',(321.84556676518,17.7500000000073,3.30498439206328E-12));
#7308=CARTESIAN_POINT('Ctrl Pts',(321.812500000018,17.7500000000073,3.30498106121486E-12));
#7309=CARTESIAN_POINT('',(317.312500000018,17.2338168851857,5.90000000000749));
#7310=CARTESIAN_POINT('Ctrl Pts',(316.922130662559,3.72506014258397,8.80266480742789));
#7311=CARTESIAN_POINT('Ctrl Pts',(318.552253775044,2.40004009506083,5.86844320495303));
#7312=CARTESIAN_POINT('Ctrl Pts',(320.182376887533,1.07502004753042,2.93422160247817));
#7313=CARTESIAN_POINT('Ctrl Pts',(321.812500000018,-0.249999999992724,3.30491189970417E-12));
#7314=CARTESIAN_POINT('Ctrl Pts',(317.203396422465,3.72506014258397,8.80266480742789));
#7315=CARTESIAN_POINT('Ctrl Pts',(318.752247650882,2.40011515877995,5.86842924086405));
#7316=CARTESIAN_POINT('Ctrl Pts',(320.301048684145,1.07494498381129,2.93423556656714));
#7317=CARTESIAN_POINT('Ctrl Pts',(321.849899912562,-0.249999999992724,3.30491189970417E-12));
#7318=CARTESIAN_POINT('Ctrl Pts',(317.765715463691,3.85192836620263,8.78224174040974));
#7319=CARTESIAN_POINT('Ctrl Pts',(319.152014164723,2.4903512374658,5.85482084440117));
#7320=CARTESIAN_POINT('Ctrl Pts',(320.538372783332,1.12866150515038,2.92742089601187));
#7321=CARTESIAN_POINT('Ctrl Pts',(321.924671484365,-0.23291562358645,3.30535598891402E-12));
#7322=CARTESIAN_POINT('Ctrl Pts',(318.44243300525,4.38452946222242,8.69650437002485));
#7323=CARTESIAN_POINT('Ctrl Pts',(319.633202059817,2.8693167243764,5.79766427548222));
#7324=CARTESIAN_POINT('Ctrl Pts',(320.823885572005,1.35401844321314,2.89884009454594));
#7325=CARTESIAN_POINT('Ctrl Pts',(322.014654626571,-0.161194294632878,3.30491189970417E-12));
#7326=CARTESIAN_POINT('Ctrl Pts',(318.755142765171,5.02602485266107,8.59323735029726));
#7327=CARTESIAN_POINT('Ctrl Pts',(319.855477182042,3.32575384152005,5.72882360911897));
#7328=CARTESIAN_POINT('Ctrl Pts',(320.955901231417,1.62546200985526,2.86441374118159));
#7329=CARTESIAN_POINT('Ctrl Pts',(322.056235648288,-0.0748090012857574,
3.30491189970417E-12));
#7330=CARTESIAN_POINT('Ctrl Pts',(318.802253775044,5.44268945319345,8.526163272814));
#7331=CARTESIAN_POINT('Ctrl Pts',(319.889054147072,3.62222023914364,5.68410997915214));
#7332=CARTESIAN_POINT('Ctrl Pts',(320.97569962799,1.80176925778505,2.84205329366516));
#7333=CARTESIAN_POINT('Ctrl Pts',(322.062500000018,-0.0186999562647543,
3.30491189970417E-12));
#7334=CARTESIAN_POINT('Ctrl Pts',(318.802253775044,5.58155493925733,8.50380890347237));
#7335=CARTESIAN_POINT('Ctrl Pts',(319.889002516702,3.72103662617155,5.66920593564935));
#7336=CARTESIAN_POINT('Ctrl Pts',(320.97575125836,1.86051831309305,2.83460296782633));
#7337=CARTESIAN_POINT('Ctrl Pts',(322.062500000018,7.27595761418343E-12,
3.30491189970417E-12));
#7338=CARTESIAN_POINT('',(321.812500000018,-0.249999999992724,3.30491189970417E-12));
#7339=CARTESIAN_POINT('',(317.312500000018,3.40775453903188,8.10000000000343));
#7340=CARTESIAN_POINT('Ctrl Pts',(321.812500000018,-0.249999999992724,3.30513394430909E-12));
#7341=CARTESIAN_POINT('Ctrl Pts',(321.845434555029,-0.249999999992724,3.30513726183985E-12));
#7342=CARTESIAN_POINT('Ctrl Pts',(321.878360605837,-0.243375761183433,2.64281502753789E-10));
#7343=CARTESIAN_POINT('Ctrl Pts',(321.942785464223,-0.216540264596782,2.6428150924337E-10));
#7344=CARTESIAN_POINT('Ctrl Pts',(321.969414298711,-0.196589882557518,2.64328327822935E-10));
#7345=CARTESIAN_POINT('Ctrl Pts',(322.018438807238,-0.147656940242304,2.64328332761223E-10));
#7346=CARTESIAN_POINT('Ctrl Pts',(322.034284821308,-0.11762272070434,2.64383029241254E-10));
#7347=CARTESIAN_POINT('Ctrl Pts',(322.056007929973,-0.0656343120171851,
2.64383031429445E-10));
#7348=CARTESIAN_POINT('Ctrl Pts',(322.062500000018,-0.0330667653385815,
3.30513394430909E-12));
#7349=CARTESIAN_POINT('Ctrl Pts',(322.062500000018,7.27569046676813E-12,
3.30513394430909E-12));
#7350=CARTESIAN_POINT('Origin',(308.812500000018,3.40775453903188,8.10000000000343));
#7351=CARTESIAN_POINT('',(204.300000000021,-0.249999999992724,3.30491189970417E-12));
#7352=CARTESIAN_POINT('',(304.312500000018,-0.249999999992724,3.30491189970417E-12));
#7353=CARTESIAN_POINT('',(208.800000000021,3.40775453903188,8.10000000000343));
#7354=CARTESIAN_POINT('Ctrl Pts',(384.355791393205,22.2992626547348,4.45388040560554));
#7355=CARTESIAN_POINT('Ctrl Pts',(-1.23365827915649,22.2992626461433,4.45388040697317));
#7356=CARTESIAN_POINT('Ctrl Pts',(384.355791393235,21.2878925601472,4.9489397905144));
#7357=CARTESIAN_POINT('Ctrl Pts',(-1.2336582791265,21.2878925515557,4.94893979188203));
#7358=CARTESIAN_POINT('Ctrl Pts',(384.355791393293,18.1760839090202,6.32024125637051));
#7359=CARTESIAN_POINT('Ctrl Pts',(-1.23365827906852,18.1760839004287,6.32024125773814));
#7360=CARTESIAN_POINT('Ctrl Pts',(384.355791393424,12.6653613324888,7.97928033089732));
#7361=CARTESIAN_POINT('Ctrl Pts',(-1.2336582789375,12.6653613238973,7.97928033226495));
#7362=CARTESIAN_POINT('Ctrl Pts',(384.355791393584,5.79046558452683,8.85292135746434));
#7363=CARTESIAN_POINT('Ctrl Pts',(-1.23365827877748,5.79046557593531,8.85292135883197));
#7364=CARTESIAN_POINT('Ctrl Pts',(384.355791393686,1.22139573473396,8.67506252564761));
#7365=CARTESIAN_POINT('Ctrl Pts',(-1.23365827867552,1.22139572614244,8.67506252701524));
#7366=CARTESIAN_POINT('Ctrl Pts',(384.355791393729,-1.01467240364582,8.40708429560185));
#7367=CARTESIAN_POINT('Ctrl Pts',(-1.23365827863246,-1.01467241223734,8.40708429696948));
#7368=CARTESIAN_POINT('Origin',(313.062500000018,8.75000000000728,3.30491189970417E-12));
#7369=CARTESIAN_POINT('',(204.050000000021,7.27595761418343E-12,3.30491189970417E-12));
#7370=CARTESIAN_POINT('Ctrl Pts',(204.300000000021,-0.249999999992729,3.29292149103821E-12));
#7371=CARTESIAN_POINT('Ctrl Pts',(204.267065444998,-0.24999999999273,3.29291817350745E-12));
#7372=CARTESIAN_POINT('Ctrl Pts',(204.234139394176,-0.243375761181424,2.6428098178747E-10));
#7373=CARTESIAN_POINT('Ctrl Pts',(204.169714535782,-0.216540264587705,2.6428097529789E-10));
#7374=CARTESIAN_POINT('Ctrl Pts',(204.143085701306,-0.196589882552459,2.64325059433026E-10));
#7375=CARTESIAN_POINT('Ctrl Pts',(204.094061192776,-0.147656940231019,2.64325054494738E-10));
#7376=CARTESIAN_POINT('Ctrl Pts',(204.07821517872,-0.11762272068661,2.64380009746359E-10));
#7377=CARTESIAN_POINT('Ctrl Pts',(204.056492070068,-0.065634312037943,2.64380007558169E-10));
#7378=CARTESIAN_POINT('Ctrl Pts',(204.050000000021,-0.0330667653506852,
3.29414731711948E-12));
#7379=CARTESIAN_POINT('Ctrl Pts',(204.050000000021,7.27636700892376E-12,
3.29414731711948E-12));
#7380=CARTESIAN_POINT('',(204.050000000021,17.5000000000073,3.30846461338297E-12));
#7381=CARTESIAN_POINT('',(204.050000000021,17.5000000000073,3.30846461338297E-12));
#7382=CARTESIAN_POINT('',(204.300000000021,17.7500000000073,3.30846461338297E-12));
#7383=CARTESIAN_POINT('Ctrl Pts',(204.050000000021,17.5000000000073,3.29403171406284E-12));
#7384=CARTESIAN_POINT('Ctrl Pts',(204.050000000021,17.5328177104405,3.29403171406284E-12));
#7385=CARTESIAN_POINT('Ctrl Pts',(204.056602293271,17.5655998349596,2.76452344557571E-11));
#7386=CARTESIAN_POINT('Ctrl Pts',(204.081721722602,17.6261887571153,2.76452369860624E-11));
#7387=CARTESIAN_POINT('Ctrl Pts',(204.10001835358,17.6535501022655,2.76563728940921E-11));
#7388=CARTESIAN_POINT('Ctrl Pts',(204.142629932784,17.6961004189241,2.76563771863992E-11));
#7389=CARTESIAN_POINT('Ctrl Pts',(204.169279489564,17.7164179461555,2.76645947347173E-11));
#7390=CARTESIAN_POINT('Ctrl Pts',(204.234361090428,17.7434283597527,2.76646012904522E-11));
#7391=CARTESIAN_POINT('Ctrl Pts',(204.26718198297,17.7500000000064,3.2938375886887E-12));
#7392=CARTESIAN_POINT('Ctrl Pts',(204.300000000021,17.7500000000073,3.29384089448048E-12));
#7393=CARTESIAN_POINT('',(221.800000000021,17.7500000000073,3.30491189970417E-12));
#7394=CARTESIAN_POINT('Ctrl Pts',(209.190369337641,3.72506014271494,8.80266480772519));
#7395=CARTESIAN_POINT('Ctrl Pts',(207.560246225101,2.40004009514814,5.86844320515123));
#7396=CARTESIAN_POINT('Ctrl Pts',(205.930123112561,1.07502004757407,2.93422160257727));
#7397=CARTESIAN_POINT('Ctrl Pts',(204.300000000021,-0.249999999992724,3.30491189970417E-12));
#7398=CARTESIAN_POINT('Ctrl Pts',(208.909103577727,3.72506014271494,8.80266480772522));
#7399=CARTESIAN_POINT('Ctrl Pts',(207.360252349255,2.40011515886727,5.86842924106227));
#7400=CARTESIAN_POINT('Ctrl Pts',(205.811451315949,1.07494498385495,2.93423556666625));
#7401=CARTESIAN_POINT('Ctrl Pts',(204.262600087477,-0.249999999992724,3.30491189970417E-12));
#7402=CARTESIAN_POINT('Ctrl Pts',(208.346784536479,3.85192836636998,8.78224174069874));
#7403=CARTESIAN_POINT('Ctrl Pts',(206.9604858354,2.49035123758222,5.85482084459128));
#7404=CARTESIAN_POINT('Ctrl Pts',(205.574127216747,1.12866150519403,2.92742089611076));
#7405=CARTESIAN_POINT('Ctrl Pts',(204.187828515667,-0.232915623593726,3.30446781049432E-12));
#7406=CARTESIAN_POINT('Ctrl Pts',(207.670066994899,4.38452946239704,8.69650437031391));
#7407=CARTESIAN_POINT('Ctrl Pts',(206.479297940292,2.8693167245001,5.7976642756734));
#7408=CARTESIAN_POINT('Ctrl Pts',(205.288614428071,1.35401844324952,2.89884009464382));
#7409=CARTESIAN_POINT('Ctrl Pts',(204.097845373464,-0.16119429464743,3.30446781049432E-12));
#7410=CARTESIAN_POINT('Ctrl Pts',(207.357357234974,5.02602485285024,8.59323735058428));
#7411=CARTESIAN_POINT('Ctrl Pts',(206.257022818067,3.32575384165102,5.72882360930932));
#7412=CARTESIAN_POINT('Ctrl Pts',(205.156598768655,1.62546200991346,2.86441374127827));
#7413=CARTESIAN_POINT('Ctrl Pts',(204.056264351748,-0.0748090012857574,
3.30491189970417E-12));
#7414=CARTESIAN_POINT('Ctrl Pts',(207.310246225101,5.44268945338263,8.52616327310166));
#7415=CARTESIAN_POINT('Ctrl Pts',(206.223445853037,3.62222023926734,5.68410997934392));
#7416=CARTESIAN_POINT('Ctrl Pts',(205.136800372085,1.80176925785054,2.84205329376105));
#7417=CARTESIAN_POINT('Ctrl Pts',(204.050000000021,-0.0186999562647543,
3.30491189970417E-12));
#7418=CARTESIAN_POINT('Ctrl Pts',(207.310246225101,5.58155493945378,8.50380890375925));
#7419=CARTESIAN_POINT('Ctrl Pts',(206.223497483406,3.72103662630252,5.6692059358406));
#7420=CARTESIAN_POINT('Ctrl Pts',(205.136748741716,1.86051831315854,2.83460296792195));
#7421=CARTESIAN_POINT('Ctrl Pts',(204.050000000021,7.27595761418343E-12,
3.30491189970417E-12));
#7422=CARTESIAN_POINT('',(207.050000000021,5.13601233230293,7.82500000000365));
#7423=CARTESIAN_POINT('Ctrl Pts',(207.512552040208,5.92778077708702,9.03150978719911));
#7424=CARTESIAN_POINT('Ctrl Pts',(206.358368026812,3.9518486567513,6.02100652480052));
#7425=CARTESIAN_POINT('Ctrl Pts',(205.204184013417,1.97591653641557,3.01050326240192));
#7426=CARTESIAN_POINT('Ctrl Pts',(204.050000000021,-1.55839201590902E-5,
3.30846461338297E-12));
#7427=CARTESIAN_POINT('Ctrl Pts',(207.512552040208,6.95162222862595,8.86541813702532));
#7428=CARTESIAN_POINT('Ctrl Pts',(206.358368026812,4.67759131810567,5.91027875801798));
#7429=CARTESIAN_POINT('Ctrl Pts',(205.204184013417,2.40356040757083,2.95513937901065));
#7430=CARTESIAN_POINT('Ctrl Pts',(204.050000000021,0.129529497050538,3.30846461338297E-12));
#7431=CARTESIAN_POINT('Ctrl Pts',(207.512552040208,14.1743292861647,7.29315805051894));
#7432=CARTESIAN_POINT('Ctrl Pts',(206.358368026812,15.2397096917775,4.86210536701373));
#7433=CARTESIAN_POINT('Ctrl Pts',(205.204184013417,16.3050900974121,2.43105268350852));
#7434=CARTESIAN_POINT('Ctrl Pts',(204.050000000021,17.3704705030248,3.30846461338297E-12));
#7435=CARTESIAN_POINT('Ctrl Pts',(207.512552040208,15.1981707376819,7.12706640034994));
#7436=CARTESIAN_POINT('Ctrl Pts',(206.358368026812,15.9654523530973,4.7513776002344));
#7437=CARTESIAN_POINT('Ctrl Pts',(205.204184013417,16.73273396852,2.37568880011886));
#7438=CARTESIAN_POINT('Ctrl Pts',(204.050000000021,17.5000155839354,3.30846461338297E-12));
#7439=CARTESIAN_POINT('',(207.050000000021,15.5055590919146,6.17500000000727));
#7440=CARTESIAN_POINT('Ctrl Pts',(207.454621371351,15.2365612868234,7.00784565599581));
#7441=CARTESIAN_POINT('Ctrl Pts',(206.319747580907,15.9910408578871,4.67189710399831));
#7442=CARTESIAN_POINT('Ctrl Pts',(205.184873790466,16.7455204289436,2.33594855200081));
#7443=CARTESIAN_POINT('Ctrl Pts',(204.050000000021,17.5000000000073,3.30846461338297E-12));
#7444=CARTESIAN_POINT('Ctrl Pts',(207.454621371351,15.5249349618389,6.96115705743424));
#7445=CARTESIAN_POINT('Ctrl Pts',(206.319919503272,16.1956910801382,4.6407835625165));
#7446=CARTESIAN_POINT('Ctrl Pts',(205.1847018681,16.866643794252,2.32037349492104));
#7447=CARTESIAN_POINT('Ctrl Pts',(204.050000000021,17.5373999125513,3.30846461338297E-12));
#7448=CARTESIAN_POINT('Ctrl Pts',(207.555063548723,15.9569313504035,6.89121549302601));
#7449=CARTESIAN_POINT('Ctrl Pts',(206.391018388433,16.5024207537208,4.59414533990506));
#7450=CARTESIAN_POINT('Ctrl Pts',(205.226907121541,17.0479372153859,2.29707015312426));
#7451=CARTESIAN_POINT('Ctrl Pts',(204.062861961251,17.5934266187032,3.30935279180267E-12));
#7452=CARTESIAN_POINT('Ctrl Pts',(207.945915427714,16.5715125452625,6.79171287827241));
#7453=CARTESIAN_POINT('Ctrl Pts',(206.668320379566,16.9386628766079,4.52781910684601));
#7454=CARTESIAN_POINT('Ctrl Pts',(205.390506917167,17.3059828796395,2.26389377142971));
#7455=CARTESIAN_POINT('Ctrl Pts',(204.112911869019,17.6731332109848,3.30979688101252E-12));
#7456=CARTESIAN_POINT('Ctrl Pts',(208.53079412294,17.0325854443436,6.71706373600423));
#7457=CARTESIAN_POINT('Ctrl Pts',(207.083184546525,17.2660035469235,4.47804814420132));
#7458=CARTESIAN_POINT('Ctrl Pts',(205.635417144607,17.4995128208611,2.23901559180622));
#7459=CARTESIAN_POINT('Ctrl Pts',(204.187807568193,17.732930923441,3.30846461338297E-12));
#7460=CARTESIAN_POINT('Ctrl Pts',(209.114867061475,17.1641973119404,6.69575536362251));
#7461=CARTESIAN_POINT('Ctrl Pts',(207.497375101429,17.359405138719,4.46384802174234));
#7462=CARTESIAN_POINT('Ctrl Pts',(205.88009204753,17.5547921732286,2.23190734188347));
#7463=CARTESIAN_POINT('Ctrl Pts',(204.262600087484,17.7500000000073,3.30846461338297E-12));
#7464=CARTESIAN_POINT('Ctrl Pts',(209.406932057082,17.1641973119331,6.69575536362411));
#7465=CARTESIAN_POINT('Ctrl Pts',(207.704621371398,17.3594648746293,4.46383690908384));
#7466=CARTESIAN_POINT('Ctrl Pts',(206.002310685712,17.554732437311,2.23191845454358));
#7467=CARTESIAN_POINT('Ctrl Pts',(204.300000000028,17.7500000000073,3.30846461338297E-12));
#7468=CARTESIAN_POINT('',(208.800000000021,17.2338168851857,5.90000000000749));
#7469=CARTESIAN_POINT('Origin',(317.312500000018,17.2338168851857,5.90000000000749));
#7470=CARTESIAN_POINT('Origin',(313.556250000016,6.75000000002183,13.3879740340507));
#7471=CARTESIAN_POINT('',(313.556250000016,8.25000000002183,0.200000000003449));
#7472=CARTESIAN_POINT('',(313.556250000016,8.25000000002183,13.3879740340507));
#7473=CARTESIAN_POINT('',(313.556250000016,6.75000000002183,0.20000000000345));
#7474=CARTESIAN_POINT('',(313.556250000016,12.2460137545204,0.200000000003448));
#7475=CARTESIAN_POINT('',(313.556250000016,6.75000000002183,13.3879740340507));
#7476=CARTESIAN_POINT('Origin',(312.556250000016,6.75000000002183,13.3879740340507));
#7477=CARTESIAN_POINT('',(312.556250000016,6.75000000002183,0.20000000000345));
#7478=CARTESIAN_POINT('',(308.306250000016,6.75000000002183,0.200000000003449));
#7479=CARTESIAN_POINT('',(312.556250000016,6.75000000002183,13.3879740340507));
#7480=CARTESIAN_POINT('Origin',(313.556250000016,8.25000000002183,13.3879740340507));
#7481=CARTESIAN_POINT('',(315.056250000016,8.25000000002183,0.200000000003449));
#7482=CARTESIAN_POINT('',(315.056250000016,8.25000000002183,13.3879740340507));
#7483=CARTESIAN_POINT('',(308.806250000016,8.25000000002183,0.200000000003449));
#7484=CARTESIAN_POINT('Origin',(312.556250000016,8.25000000002183,13.3879740340507));
#7485=CARTESIAN_POINT('',(312.556250000016,8.25000000002183,0.200000000003449));
#7486=CARTESIAN_POINT('',(312.556250000016,12.9960137545204,0.200000000003448));
#7487=CARTESIAN_POINT('',(312.556250000016,8.25000000002183,13.3879740340507));
#7488=CARTESIAN_POINT('Origin',(315.056250000016,8.25000000002183,13.3879740340507));
#7489=CARTESIAN_POINT('',(315.056250000016,9.25000000002183,0.200000000003449));
#7490=CARTESIAN_POINT('',(315.056250000016,9.25000000002183,13.3879740340507));
#7491=CARTESIAN_POINT('',(315.056250000016,12.9960137545204,0.200000000003448));
#7492=CARTESIAN_POINT('Origin',(311.056250000016,8.25000000002183,13.3879740340507));
#7493=CARTESIAN_POINT('',(311.056250000016,8.25000000002183,0.200000000003449));
#7494=CARTESIAN_POINT('',(307.556250000016,8.25000000002183,0.200000000003449));
#7495=CARTESIAN_POINT('',(311.056250000016,8.25000000002183,13.3879740340507));
#7496=CARTESIAN_POINT('Origin',(315.056250000016,9.25000000002183,13.3879740340507));
#7497=CARTESIAN_POINT('',(313.556250000016,9.25000000002183,0.200000000003449));
#7498=CARTESIAN_POINT('',(313.556250000016,9.25000000002183,13.3879740340507));
#7499=CARTESIAN_POINT('',(309.556250000016,9.25000000002183,0.200000000003449));
#7500=CARTESIAN_POINT('Origin',(311.056250000016,9.25000000002183,13.3879740340507));
#7501=CARTESIAN_POINT('',(311.056250000016,9.25000000002183,0.200000000003449));
#7502=CARTESIAN_POINT('',(311.056250000016,13.4960137545204,0.200000000003448));
#7503=CARTESIAN_POINT('',(311.056250000016,9.25000000002183,13.3879740340507));
#7504=CARTESIAN_POINT('Origin',(313.556250000016,9.25000000002183,13.3879740340507));
#7505=CARTESIAN_POINT('',(313.556250000016,10.7500000000218,0.200000000003448));
#7506=CARTESIAN_POINT('',(313.556250000016,10.7500000000218,13.3879740340507));
#7507=CARTESIAN_POINT('',(313.556250000016,13.4960137545204,0.200000000003448));
#7508=CARTESIAN_POINT('Origin',(312.556250000016,9.25000000002183,13.3879740340507));
#7509=CARTESIAN_POINT('',(312.556250000016,9.25000000002183,0.200000000003449));
#7510=CARTESIAN_POINT('',(308.306250000016,9.25000000002183,0.200000000003449));
#7511=CARTESIAN_POINT('',(312.556250000016,9.25000000002183,13.3879740340507));
#7512=CARTESIAN_POINT('Origin',(313.556250000016,10.7500000000218,13.3879740340507));
#7513=CARTESIAN_POINT('',(312.556250000016,10.7500000000218,0.200000000003448));
#7514=CARTESIAN_POINT('',(312.556250000016,10.7500000000218,13.3879740340507));
#7515=CARTESIAN_POINT('',(308.806250000016,10.7500000000218,0.200000000003448));
#7516=CARTESIAN_POINT('Origin',(312.556250000016,10.7500000000218,13.3879740340507));
#7517=CARTESIAN_POINT('',(312.556250000016,14.2460137545204,0.200000000003448));
#7518=CARTESIAN_POINT('Origin',(304.056250000016,17.742027509019,0.200000000003447));
#7519=CARTESIAN_POINT('Origin',(294.056250000016,17.742027509019,0.200000000003447));
#7520=CARTESIAN_POINT('',(302.556250000016,6.75000000002183,0.20000000000345));
#7521=CARTESIAN_POINT('',(303.556250000016,6.75000000002183,0.20000000000345));
#7522=CARTESIAN_POINT('',(298.306250000016,6.75000000002183,0.200000000003449));
#7523=CARTESIAN_POINT('',(303.556250000016,8.25000000002183,0.200000000003449));
#7524=CARTESIAN_POINT('',(303.556250000016,12.2460137545204,0.200000000003448));
#7525=CARTESIAN_POINT('',(305.056250000016,8.25000000002183,0.200000000003449));
#7526=CARTESIAN_POINT('',(298.806250000016,8.25000000002183,0.200000000003449));
#7527=CARTESIAN_POINT('',(305.056250000016,9.25000000002183,0.200000000003449));
#7528=CARTESIAN_POINT('',(305.056250000016,12.9960137545204,0.200000000003448));
#7529=CARTESIAN_POINT('',(303.556250000016,9.25000000002183,0.200000000003449));
#7530=CARTESIAN_POINT('',(299.556250000016,9.25000000002183,0.200000000003449));
#7531=CARTESIAN_POINT('',(303.556250000016,10.7500000000218,0.200000000003448));
#7532=CARTESIAN_POINT('',(303.556250000016,13.4960137545204,0.200000000003448));
#7533=CARTESIAN_POINT('',(302.556250000016,10.7500000000218,0.200000000003448));
#7534=CARTESIAN_POINT('',(298.806250000016,10.7500000000218,0.200000000003448));
#7535=CARTESIAN_POINT('',(302.556250000016,9.25000000002183,0.200000000003449));
#7536=CARTESIAN_POINT('',(302.556250000016,14.2460137545204,0.200000000003448));
#7537=CARTESIAN_POINT('',(301.056250000016,9.25000000002183,0.200000000003449));
#7538=CARTESIAN_POINT('',(298.306250000016,9.25000000002183,0.200000000003449));
#7539=CARTESIAN_POINT('',(301.056250000016,8.25000000002183,0.200000000003449));
#7540=CARTESIAN_POINT('',(301.056250000016,13.4960137545204,0.200000000003448));
#7541=CARTESIAN_POINT('',(302.556250000016,8.25000000002183,0.200000000003449));
#7542=CARTESIAN_POINT('',(297.556250000016,8.25000000002183,0.200000000003449));
#7543=CARTESIAN_POINT('',(302.556250000016,12.9960137545204,0.200000000003448));
#7544=CARTESIAN_POINT('Origin',(302.556250000016,10.7500000000218,13.3879740340507));
#7545=CARTESIAN_POINT('',(302.556250000016,9.25000000002183,13.3879740340507));
#7546=CARTESIAN_POINT('',(302.556250000016,10.7500000000218,13.3879740340507));
#7547=CARTESIAN_POINT('Origin',(303.556250000016,10.7500000000218,13.3879740340507));
#7548=CARTESIAN_POINT('',(303.556250000016,10.7500000000218,13.3879740340507));
#7549=CARTESIAN_POINT('Origin',(302.556250000016,9.25000000002183,13.3879740340507));
#7550=CARTESIAN_POINT('',(301.056250000016,9.25000000002183,13.3879740340507));
#7551=CARTESIAN_POINT('Origin',(303.556250000016,9.25000000002183,13.3879740340507));
#7552=CARTESIAN_POINT('',(303.556250000016,9.25000000002183,13.3879740340507));
#7553=CARTESIAN_POINT('Origin',(301.056250000016,9.25000000002183,13.3879740340507));
#7554=CARTESIAN_POINT('',(301.056250000016,8.25000000002183,13.3879740340507));
#7555=CARTESIAN_POINT('Origin',(305.056250000016,9.25000000002183,13.3879740340507));
#7556=CARTESIAN_POINT('',(305.056250000016,9.25000000002183,13.3879740340507));
#7557=CARTESIAN_POINT('Origin',(301.056250000016,8.25000000002183,13.3879740340507));
#7558=CARTESIAN_POINT('',(302.556250000016,8.25000000002183,13.3879740340507));
#7559=CARTESIAN_POINT('Origin',(305.056250000016,8.25000000002183,13.3879740340507));
#7560=CARTESIAN_POINT('',(305.056250000016,8.25000000002183,13.3879740340507));
#7561=CARTESIAN_POINT('Origin',(302.556250000016,8.25000000002183,13.3879740340507));
#7562=CARTESIAN_POINT('',(302.556250000016,6.75000000002183,13.3879740340507));
#7563=CARTESIAN_POINT('Origin',(303.556250000016,8.25000000002183,13.3879740340507));
#7564=CARTESIAN_POINT('',(303.556250000016,8.25000000002183,13.3879740340507));
#7565=CARTESIAN_POINT('Origin',(302.556250000016,6.75000000002183,13.3879740340507));
#7566=CARTESIAN_POINT('',(303.556250000016,6.75000000002183,13.3879740340507));
#7567=CARTESIAN_POINT('Origin',(303.556250000016,6.75000000002183,13.3879740340507));
#7568=CARTESIAN_POINT('Origin',(263.056250000016,9.07500000001164,4.17094187068792));
#7569=CARTESIAN_POINT('',(312.731250000015,8.9125000000131,4.17094187068792));
#7570=CARTESIAN_POINT('',(313.381250000017,8.9125000000131,4.17094187068792));
#7571=CARTESIAN_POINT('Origin',(312.731250000015,8.75000000000728,6.07094187068792));
#7572=CARTESIAN_POINT('Origin',(313.381250000017,8.75000000000728,6.07094187068792));
#7573=CARTESIAN_POINT('Origin',(274.681250000016,8.75000000000728,6.07094187068792));
#7574=CARTESIAN_POINT('',(274.681250000016,8.9125000000131,4.17094187068792));
#7575=CARTESIAN_POINT('Origin',(275.331250000017,8.75000000000728,6.07094187068792));
#7576=CARTESIAN_POINT('',(275.331250000017,8.9125000000131,4.17094187068792));
#7577=CARTESIAN_POINT('Origin',(263.056250000016,9.07500000001164,4.17094187068792));
#7578=CARTESIAN_POINT('Origin',(263.056250000016,8.42500000001019,6.07094187068792));
#7579=CARTESIAN_POINT('',(263.056250000016,8.42500000001019,4.17094187068792));
#7580=CARTESIAN_POINT('Origin',(310.318769235085,9.07499999999599,3.57094187068792));
#7581=CARTESIAN_POINT('',(277.988593876889,9.07500000000437,4.17094187068791));
#7582=CARTESIAN_POINT('Origin',(263.056250000016,9.07500000001164,4.17094187068792));
#7583=CARTESIAN_POINT('Origin',(310.318769235085,9.07499999999599,3.57094187068792));
#7584=CARTESIAN_POINT('',(316.038593876903,9.07499999999709,4.17094187068792));
#7585=CARTESIAN_POINT('Origin',(263.056250000016,8.42500000001019,6.07094187068792));
#7586=CARTESIAN_POINT('',(263.056250000016,8.42500000001019,4.17094187068792));
#7587=CARTESIAN_POINT('Origin',(263.056250000016,9.07500000001164,4.17094187068792));
#7588=CARTESIAN_POINT('Origin',(303.381250000024,8.75000000000728,6.07094187068792));
#7589=CARTESIAN_POINT('',(303.381250000024,8.9125000000131,4.17094187068792));
#7590=CARTESIAN_POINT('Origin',(263.056250000016,9.07500000001164,4.17094187068792));
#7591=CARTESIAN_POINT('',(302.731250000023,8.9125000000131,4.17094187068792));
#7592=CARTESIAN_POINT('Origin',(302.731250000023,8.75000000000728,6.07094187068792));
#7593=CARTESIAN_POINT('Origin',(263.38125000002,8.75000000000728,6.07094187068792));
#7594=CARTESIAN_POINT('',(263.38125000002,8.9125000000131,4.17094187068792));
#7595=CARTESIAN_POINT('Origin',(262.73125000001,-22.9999999999917,3.57094187068792));
#7596=CARTESIAN_POINT('',(262.731250000019,11.7323438769163,4.17094187068792));
#7597=CARTESIAN_POINT('Origin',(263.056250000016,9.07500000001164,4.17094187068792));
#7598=CARTESIAN_POINT('Origin',(243.68125000002,8.75000000000728,6.07094187068792));
#7599=CARTESIAN_POINT('',(243.68125000002,9.07500000001164,4.17094187068792));
#7600=CARTESIAN_POINT('',(243.68125000002,8.9125000000131,4.17094187068792));
#7601=CARTESIAN_POINT('',(243.68125000002,9.07500000001164,6.07094187068792));
#7602=CARTESIAN_POINT('Origin',(243.68125000002,8.75000000000728,6.07094187068792));
#7603=CARTESIAN_POINT('',(243.68125000002,8.42500000001746,4.17094187068792));
#7604=CARTESIAN_POINT('',(243.68125000002,8.42500000001746,6.07094187068792));
#7605=CARTESIAN_POINT('',(243.68125000002,8.9125000000131,4.17094187068792));
#7606=CARTESIAN_POINT('Origin',(263.056250000016,9.07500000001164,4.17094187068792));
#7607=CARTESIAN_POINT('',(244.331250000021,9.07500000001164,4.17094187068792));
#7608=CARTESIAN_POINT('',(244.331250000021,8.9125000000131,4.17094187068792));
#7609=CARTESIAN_POINT('',(244.331250000043,9.07500000003347,4.17094187068791));
#7610=CARTESIAN_POINT('',(244.331250000021,8.42500000001746,4.17094187068792));
#7611=CARTESIAN_POINT('',(263.056250000016,8.42500000001019,4.17094187068792));
#7612=CARTESIAN_POINT('',(244.331250000021,8.9125000000131,4.17094187068792));
#7613=CARTESIAN_POINT('',(263.056250000016,8.42500000001019,4.17094187068792));
#7614=CARTESIAN_POINT('',(226.038593876907,9.07500000003347,4.17094187068791));
#7615=CARTESIAN_POINT('Origin',(244.331250000021,8.75000000000728,6.07094187068792));
#7616=CARTESIAN_POINT('',(244.331250000021,9.07500000001164,6.07094187068792));
#7617=CARTESIAN_POINT('Origin',(188.475670665268,9.07500000004451,-109.429058129298));
#7618=CARTESIAN_POINT('Origin',(188.475670665268,9.07500000004451,-109.429058129298));
#7619=CARTESIAN_POINT('Origin',(263.056250000016,8.42500000001019,6.07094187068792));
#7620=CARTESIAN_POINT('Origin',(244.331250000021,8.75000000000728,6.07094187068792));
#7621=CARTESIAN_POINT('',(244.331250000021,8.42500000001746,6.07094187068792));
#7622=CARTESIAN_POINT('Origin',(263.056250000016,8.42500000001019,6.07094187068792));
#7623=CARTESIAN_POINT('Origin',(223.381250000024,8.75000000000728,6.07094187068792));
#7624=CARTESIAN_POINT('',(223.381250000024,8.9125000000131,4.17094187068792));
#7625=CARTESIAN_POINT('Origin',(263.056250000016,9.07500000001164,4.17094187068792));
#7626=CARTESIAN_POINT('',(222.731250000023,8.9125000000131,4.17094187068792));
#7627=CARTESIAN_POINT('Origin',(222.731250000023,8.75000000000728,6.07094187068792));
#7628=CARTESIAN_POINT('Origin',(213.381250000017,8.75000000000728,6.07094187068792));
#7629=CARTESIAN_POINT('',(213.381250000017,8.9125000000131,4.17094187068792));
#7630=CARTESIAN_POINT('Origin',(263.056250000016,9.07500000001164,4.17094187068792));
#7631=CARTESIAN_POINT('',(212.731250000015,8.9125000000131,4.17094187068792));
#7632=CARTESIAN_POINT('Origin',(212.731250000015,8.75000000000728,6.07094187068792));
#7633=CARTESIAN_POINT('Origin',(188.475670665268,9.07500000004451,-109.429058129298));
#7634=CARTESIAN_POINT('',(207.169842756597,9.07500000003347,4.17094187068791));
#7635=CARTESIAN_POINT('Origin',(263.056250000016,9.07500000001164,4.17094187068792));
#7636=CARTESIAN_POINT('',(263.056250000016,8.42500000001019,4.17094187068792));
#7637=CARTESIAN_POINT('Origin',(263.056250000016,8.42500000001019,6.07094187068792));
#7638=CARTESIAN_POINT('Origin',(213.381250000017,8.75000000000728,6.07094187068792));
#7639=CARTESIAN_POINT('',(213.381250000017,8.9125000000131,4.17094187068792));
#7640=CARTESIAN_POINT('Origin',(263.056250000016,9.07500000001164,4.17094187068792));
#7641=CARTESIAN_POINT('',(212.731250000015,8.9125000000131,4.17094187068792));
#7642=CARTESIAN_POINT('Origin',(212.731250000015,8.75000000000728,6.07094187068792));
#7643=CARTESIAN_POINT('Origin',(263.056250000016,8.42500000001019,6.07094187068792));
#7644=CARTESIAN_POINT('',(263.056250000016,8.42500000001019,4.17094187068792));
#7645=CARTESIAN_POINT('Origin',(188.475670665268,9.07500000004451,-109.429058129298));
#7646=CARTESIAN_POINT('',(216.03859387691,9.07500000003347,4.17094187068791));
#7647=CARTESIAN_POINT('Origin',(263.056250000016,9.07500000001164,4.17094187068792));
#7648=CARTESIAN_POINT('Origin',(222.731250000023,8.75000000000728,6.07094187068792));
#7649=CARTESIAN_POINT('',(222.731250000023,8.9125000000131,4.17094187068792));
#7650=CARTESIAN_POINT('Origin',(263.056250000016,9.07500000001164,4.17094187068792));
#7651=CARTESIAN_POINT('',(223.381250000024,8.9125000000131,4.17094187068792));
#7652=CARTESIAN_POINT('Origin',(223.381250000024,8.75000000000728,6.07094187068792));
#7653=CARTESIAN_POINT('Origin',(263.056250000016,9.07500000001164,4.17094187068792));
#7654=CARTESIAN_POINT('',(263.38125000002,8.9125000000131,4.17094187068792));
#7655=CARTESIAN_POINT('',(262.731250000012,3.00503245547588,4.17094187068792));
#7656=CARTESIAN_POINT('Origin',(262.73125000001,-22.9999999999917,3.57094187068792));
#7657=CARTESIAN_POINT('Origin',(263.38125000002,8.75000000000728,6.07094187068792));
#7658=CARTESIAN_POINT('Origin',(275.331250000017,8.75000000000728,6.07094187068792));
#7659=CARTESIAN_POINT('',(275.331250000017,8.9125000000131,4.17094187068792));
#7660=CARTESIAN_POINT('Origin',(274.681250000016,8.75000000000728,6.07094187068792));
#7661=CARTESIAN_POINT('',(274.681250000016,8.9125000000131,4.17094187068792));
#7662=CARTESIAN_POINT('Origin',(263.056250000016,9.07500000001164,4.17094187068792));
#7663=CARTESIAN_POINT('Origin',(263.056250000016,9.07500000001164,4.17094187068792));
#7664=CARTESIAN_POINT('',(313.381250000017,8.9125000000131,4.17094187068792));
#7665=CARTESIAN_POINT('',(312.731250000015,8.9125000000131,4.17094187068792));
#7666=CARTESIAN_POINT('Origin',(313.381250000017,8.75000000000728,6.07094187068792));
#7667=CARTESIAN_POINT('Origin',(312.731250000015,8.75000000000728,6.07094187068792));
#7668=CARTESIAN_POINT('Origin',(263.056250000016,8.42500000001019,6.07094187068792));
#7669=CARTESIAN_POINT('',(263.056250000016,8.42500000001019,4.17094187068792));
#7670=CARTESIAN_POINT('Origin',(263.056250000016,9.07500000001164,4.17094187068792));
#7671=CARTESIAN_POINT('',(306.038593876881,9.07499999999709,4.17094187068792));
#7672=CARTESIAN_POINT('Origin',(310.318769235085,9.07499999999599,3.57094187068792));
#7673=CARTESIAN_POINT('Origin',(263.056250000016,8.42500000001019,6.07094187068792));
#7674=CARTESIAN_POINT('',(263.056250000016,8.42500000001019,4.17094187068792));
#7675=CARTESIAN_POINT('Origin',(310.318769235085,9.07499999999599,3.57094187068792));
#7676=CARTESIAN_POINT('',(266.038593876896,9.07500000001892,4.17094187068791));
#7677=CARTESIAN_POINT('Origin',(263.056250000016,9.07500000001164,4.17094187068792));
#7678=CARTESIAN_POINT('Origin',(303.381250000024,8.75000000000728,6.07094187068792));
#7679=CARTESIAN_POINT('',(303.381250000024,8.9125000000131,4.17094187068792));
#7680=CARTESIAN_POINT('Origin',(263.056250000016,9.07500000001164,4.17094187068792));
#7681=CARTESIAN_POINT('',(302.731250000023,8.9125000000131,4.17094187068792));
#7682=CARTESIAN_POINT('Origin',(302.731250000023,8.75000000000728,6.07094187068792));
#7683=UNCERTAINTY_MEASURE_WITH_UNIT(LENGTH_MEASURE(0.01),#7687,
'DISTANCE_ACCURACY_VALUE',
'Maximum model space distance between geometric entities at asserted c
onnectivities');
#7684=UNCERTAINTY_MEASURE_WITH_UNIT(LENGTH_MEASURE(0.01),#7687,
'DISTANCE_ACCURACY_VALUE',
'Maximum model space distance between geometric entities at asserted c
onnectivities');
#7685=(
GEOMETRIC_REPRESENTATION_CONTEXT(3)
GLOBAL_UNCERTAINTY_ASSIGNED_CONTEXT((#7683))
GLOBAL_UNIT_ASSIGNED_CONTEXT((#7687,#7689,#7690))
REPRESENTATION_CONTEXT('','3D')
);
#7686=(
GEOMETRIC_REPRESENTATION_CONTEXT(3)
GLOBAL_UNCERTAINTY_ASSIGNED_CONTEXT((#7684))
GLOBAL_UNIT_ASSIGNED_CONTEXT((#7687,#7689,#7690))
REPRESENTATION_CONTEXT('','3D')
);
#7687=(
LENGTH_UNIT()
NAMED_UNIT(*)
SI_UNIT(.MILLI.,.METRE.)
);
#7688=(
LENGTH_UNIT()
NAMED_UNIT(*)
SI_UNIT($,.METRE.)
);
#7689=(
NAMED_UNIT(*)
PLANE_ANGLE_UNIT()
SI_UNIT($,.RADIAN.)
);
#7690=(
NAMED_UNIT(*)
SI_UNIT($,.STERADIAN.)
SOLID_ANGLE_UNIT()
);
#7691=SHAPE_DEFINITION_REPRESENTATION(#7692,#7693);
#7692=PRODUCT_DEFINITION_SHAPE('',$,#7695);
#7693=SHAPE_REPRESENTATION('',(#3664),#7685);
#7694=PRODUCT_DEFINITION_CONTEXT('part definition',#7699,'design');
#7695=PRODUCT_DEFINITION('2026-08-16-11-31-09-542','6.25u keycap',#7696,
#7694);
#7696=PRODUCT_DEFINITION_FORMATION('',$,#7701);
#7697=PRODUCT_RELATED_PRODUCT_CATEGORY('6.25u keycap','6.25u keycap',(#7701));
#7698=APPLICATION_PROTOCOL_DEFINITION('international standard',
'automotive_design',2009,#7699);
#7699=APPLICATION_CONTEXT(
'Core Data for Automotive Mechanical Design Process');
#7700=PRODUCT_CONTEXT('part definition',#7699,'mechanical');
#7701=PRODUCT('2026-08-16-11-31-09-542','6.25u keycap',$,(#7700));
#7702=PRESENTATION_STYLE_ASSIGNMENT((#7704));
#7703=PRESENTATION_STYLE_ASSIGNMENT((#7705));
#7704=SURFACE_STYLE_USAGE(.BOTH.,#7706);
#7705=SURFACE_STYLE_USAGE(.BOTH.,#7707);
#7706=SURFACE_SIDE_STYLE('',(#7708));
#7707=SURFACE_SIDE_STYLE('',(#7709));
#7708=SURFACE_STYLE_FILL_AREA(#7710);
#7709=SURFACE_STYLE_FILL_AREA(#7711);
#7710=FILL_AREA_STYLE('Steel - Satin',(#7712));
#7711=FILL_AREA_STYLE('Opaque(255,255,255)',(#7713));
#7712=FILL_AREA_STYLE_COLOUR('Steel - Satin',#7714);
#7713=FILL_AREA_STYLE_COLOUR('Opaque(255,255,255)',#7715);
#7714=COLOUR_RGB('Steel - Satin',0.627450980392157,0.627450980392157,0.627450980392157);
#7715=COLOUR_RGB('Opaque(255,255,255)',1.,1.,1.);
ENDSEC;
END-ISO-10303-21;
