ISO-10303-21;
HEADER;
/* Generated by software containing ST-Developer
 * from STEP Tools, Inc. (www.steptools.com) 
 */

FILE_DESCRIPTION(
/* description */ (''),
/* implementation_level */ '2;1');

FILE_NAME(
/* name */ 'ProMicro NRF52840 AUYXSSZ.step',
/* time_stamp */ '2026-07-28T11:20:27+02:00',
/* author */ (''),
/* organization */ (''),
/* preprocessor_version */ 'ST-DEVELOPER v20.1',
/* originating_system */ 'Autodesk Translation Framework v15.8.0.0',
/* authorisation */ '');

FILE_SCHEMA (('AUTOMOTIVE_DESIGN { 1 0 10303 214 3 1 1 }'));
ENDSEC;

DATA;
#10=MECHANICAL_DESIGN_GEOMETRIC_PRESENTATION_REPRESENTATION('',(#867,#868,
#869,#870,#871,#872,#873,#874,#875,#876,#877,#878,#879,#880,#881,#882,#883,
#884,#885,#886,#887,#888,#889,#890,#891,#892,#893,#894,#895,#896,#897,#898,
#899,#900,#901,#902,#903,#904,#905,#906,#907,#908,#909,#910,#911,#912,#913,
#914,#915,#916,#917,#918,#919,#920,#921,#922,#923,#924,#925,#926,#927,#928,
#929,#930,#931,#932,#933,#934,#935,#936,#937,#938,#939,#940,#941,#942,#943,
#944,#945,#946,#947,#948,#949,#950,#951,#952,#953,#954,#955,#956,#957,#958,
#959,#960,#961,#962,#963,#964,#965,#966,#967,#968,#969,#970,#971,#972,#973,
#974,#975,#976,#977,#978,#979,#980,#981,#982,#983,#984,#985,#986,#987,#988,
#989,#990,#991,#992,#993,#994,#995,#996,#997,#998,#999,#1000,#1001,#1002,
#1003,#1004,#1005,#1006,#1007,#1008,#1009,#1010,#1011,#1012,#1013,#1014,
#1015,#1016,#1017,#1018,#1019,#1020,#1021,#1022,#1023,#1024,#1025,#1026,
#1027,#1028,#1029,#1030,#1031,#1032,#1033,#1034,#1035,#1036,#1037,#1038,
#1039,#1040,#1041,#1042,#1043,#1044,#1045,#1046,#1047,#1048,#1049,#1050,
#1051,#1052,#1053,#1054,#1055,#1056,#1057,#1058,#1059,#1060,#1061,#1062,
#1063,#1064,#1065,#1066,#1067,#1068,#1069,#1070,#1071,#1072,#1073,#1074,
#1075,#1076,#1077,#1078,#1079,#1080,#1081,#1082,#1083,#1084,#1085,#1086,
#1087,#1088,#1089,#1090,#1091,#1092,#1093,#1094,#1095,#1096,#1097,#1098,
#1099,#1100,#1101,#1102,#1103,#1104,#1105,#1106,#1107,#1108,#1109,#1110,
#1111,#1112,#1113,#1114,#1115,#1116,#1117,#1118,#1119,#1120,#1121,#1122,
#1123,#1124,#1125,#1126,#1127,#1128,#1129,#1130,#1131,#1132,#1133,#1134,
#1135,#1136,#1137,#1138,#1139,#1140,#1141,#1142,#1143,#1144,#1145,#1146,
#1147,#1148,#1149,#1150,#1151,#1152,#1153,#1154,#1155,#1156,#1157,#1158,
#1159,#1160,#1161,#1162,#1163,#1164,#1165,#1166,#1167,#1168,#1169,#1170,
#1171,#1172,#1173,#1174,#1175,#1176,#1177),#18381);
#11=SHAPE_REPRESENTATION_RELATIONSHIP('SRR','None',#18388,#12);
#12=ADVANCED_BREP_SHAPE_REPRESENTATION('',(#13),#18380);
#13=MANIFOLD_SOLID_BREP('Corps1',#11108);
#14=FACE_BOUND('',#1806,.T.);
#15=FACE_BOUND('',#1808,.T.);
#16=FACE_BOUND('',#1809,.T.);
#17=FACE_BOUND('',#1810,.T.);
#18=FACE_BOUND('',#1811,.T.);
#19=FACE_BOUND('',#1812,.T.);
#20=FACE_BOUND('',#1813,.T.);
#21=FACE_BOUND('',#1814,.T.);
#22=FACE_BOUND('',#1815,.T.);
#23=FACE_BOUND('',#1816,.T.);
#24=FACE_BOUND('',#1817,.T.);
#25=FACE_BOUND('',#1827,.T.);
#26=FACE_BOUND('',#1869,.T.);
#27=FACE_BOUND('',#1870,.T.);
#28=FACE_BOUND('',#1871,.T.);
#29=FACE_BOUND('',#1872,.T.);
#30=FACE_BOUND('',#1873,.T.);
#31=FACE_BOUND('',#1874,.T.);
#32=FACE_BOUND('',#1875,.T.);
#33=FACE_BOUND('',#1876,.T.);
#34=FACE_BOUND('',#1877,.T.);
#35=FACE_BOUND('',#1878,.T.);
#36=FACE_BOUND('',#1879,.T.);
#37=FACE_BOUND('',#1880,.T.);
#38=FACE_BOUND('',#1881,.T.);
#39=FACE_BOUND('',#1882,.T.);
#40=FACE_BOUND('',#1883,.T.);
#41=FACE_BOUND('',#1884,.T.);
#42=FACE_BOUND('',#1885,.T.);
#43=FACE_BOUND('',#1886,.T.);
#44=FACE_BOUND('',#1887,.T.);
#45=FACE_BOUND('',#1888,.T.);
#46=FACE_BOUND('',#1889,.T.);
#47=FACE_BOUND('',#1890,.T.);
#48=FACE_BOUND('',#1891,.T.);
#49=FACE_BOUND('',#1892,.T.);
#50=FACE_BOUND('',#1893,.T.);
#51=FACE_BOUND('',#1894,.T.);
#52=FACE_BOUND('',#1895,.T.);
#53=FACE_BOUND('',#1896,.T.);
#54=FACE_BOUND('',#1897,.T.);
#55=FACE_BOUND('',#1898,.T.);
#56=FACE_BOUND('',#1899,.T.);
#57=FACE_BOUND('',#1900,.T.);
#58=FACE_BOUND('',#1901,.T.);
#59=FACE_BOUND('',#1902,.T.);
#60=FACE_BOUND('',#1903,.T.);
#61=FACE_BOUND('',#1904,.T.);
#62=FACE_BOUND('',#1905,.T.);
#63=FACE_BOUND('',#1906,.T.);
#64=FACE_BOUND('',#1907,.T.);
#65=FACE_BOUND('',#1908,.T.);
#66=FACE_BOUND('',#1909,.T.);
#67=FACE_BOUND('',#1910,.T.);
#68=FACE_BOUND('',#1911,.T.);
#69=FACE_BOUND('',#1912,.T.);
#70=FACE_BOUND('',#1913,.T.);
#71=FACE_BOUND('',#1914,.T.);
#72=FACE_BOUND('',#1915,.T.);
#73=FACE_BOUND('',#2063,.T.);
#74=FACE_BOUND('',#2064,.T.);
#75=FACE_BOUND('',#2065,.T.);
#76=FACE_BOUND('',#2120,.T.);
#77=FACE_BOUND('',#2123,.T.);
#78=FACE_BOUND('',#2124,.T.);
#79=FACE_BOUND('',#2132,.T.);
#80=FACE_BOUND('',#2144,.T.);
#81=FACE_BOUND('',#2145,.T.);
#82=FACE_BOUND('',#2146,.T.);
#83=FACE_BOUND('',#2201,.T.);
#84=FACE_BOUND('',#2204,.T.);
#85=FACE_BOUND('',#2205,.T.);
#86=FACE_BOUND('',#2239,.T.);
#87=FACE_BOUND('',#2242,.T.);
#88=FACE_BOUND('',#2245,.T.);
#89=FACE_BOUND('',#2248,.T.);
#90=FACE_BOUND('',#2252,.T.);
#91=FACE_BOUND('',#2256,.T.);
#92=FACE_BOUND('',#2260,.T.);
#93=FACE_BOUND('',#2263,.T.);
#94=FACE_BOUND('',#2266,.T.);
#95=FACE_BOUND('',#2269,.T.);
#96=FACE_BOUND('',#2272,.T.);
#97=FACE_BOUND('',#2275,.T.);
#98=FACE_BOUND('',#2278,.T.);
#99=FACE_BOUND('',#2281,.T.);
#100=FACE_BOUND('',#2284,.T.);
#101=FACE_BOUND('',#2287,.T.);
#102=FACE_BOUND('',#2290,.T.);
#103=FACE_BOUND('',#2293,.T.);
#104=FACE_BOUND('',#2296,.T.);
#105=FACE_BOUND('',#2299,.T.);
#106=FACE_BOUND('',#2302,.T.);
#107=FACE_BOUND('',#2305,.T.);
#108=FACE_BOUND('',#2308,.T.);
#109=FACE_BOUND('',#2311,.T.);
#110=FACE_BOUND('',#2314,.T.);
#111=FACE_BOUND('',#2317,.T.);
#112=FACE_BOUND('',#2320,.T.);
#113=FACE_BOUND('',#2323,.T.);
#114=FACE_BOUND('',#2326,.T.);
#115=FACE_BOUND('',#2329,.T.);
#116=FACE_BOUND('',#2332,.T.);
#117=FACE_BOUND('',#2335,.T.);
#118=FACE_BOUND('',#2338,.T.);
#119=FACE_BOUND('',#2342,.T.);
#120=FACE_BOUND('',#2346,.T.);
#121=FACE_BOUND('',#2350,.T.);
#122=FACE_BOUND('',#2354,.T.);
#123=FACE_BOUND('',#2358,.T.);
#124=FACE_BOUND('',#2362,.T.);
#125=FACE_BOUND('',#2366,.T.);
#126=FACE_BOUND('',#2370,.T.);
#127=FACE_BOUND('',#2374,.T.);
#128=FACE_BOUND('',#2378,.T.);
#129=FACE_BOUND('',#2382,.T.);
#130=FACE_BOUND('',#2386,.T.);
#131=FACE_BOUND('',#2390,.T.);
#132=FACE_BOUND('',#2394,.T.);
#133=FACE_BOUND('',#2398,.T.);
#134=FACE_BOUND('',#2402,.T.);
#135=FACE_BOUND('',#2406,.T.);
#136=FACE_BOUND('',#2410,.T.);
#137=FACE_BOUND('',#2414,.T.);
#138=FACE_BOUND('',#2418,.T.);
#139=FACE_BOUND('',#2422,.T.);
#140=FACE_BOUND('',#2426,.T.);
#141=FACE_BOUND('',#2430,.T.);
#142=FACE_BOUND('',#2434,.T.);
#143=FACE_BOUND('',#2438,.T.);
#144=FACE_BOUND('',#2450,.T.);
#145=FACE_BOUND('',#2451,.T.);
#146=FACE_BOUND('',#2452,.T.);
#147=FACE_BOUND('',#2453,.T.);
#148=FACE_BOUND('',#2454,.T.);
#149=FACE_BOUND('',#2455,.T.);
#150=FACE_BOUND('',#2456,.T.);
#151=FACE_BOUND('',#2457,.T.);
#152=FACE_BOUND('',#2458,.T.);
#153=FACE_BOUND('',#2459,.T.);
#154=FACE_BOUND('',#2460,.T.);
#155=FACE_BOUND('',#2461,.T.);
#156=FACE_BOUND('',#2462,.T.);
#157=FACE_BOUND('',#2463,.T.);
#158=FACE_BOUND('',#2464,.T.);
#159=FACE_BOUND('',#2465,.T.);
#160=FACE_BOUND('',#2466,.T.);
#161=FACE_BOUND('',#2467,.T.);
#162=FACE_BOUND('',#2468,.T.);
#163=FACE_BOUND('',#2469,.T.);
#164=FACE_BOUND('',#2470,.T.);
#165=FACE_BOUND('',#2471,.T.);
#166=FACE_BOUND('',#2472,.T.);
#167=FACE_BOUND('',#2473,.T.);
#168=FACE_BOUND('',#2474,.T.);
#169=FACE_BOUND('',#2475,.T.);
#170=FACE_BOUND('',#2476,.T.);
#171=FACE_BOUND('',#2477,.T.);
#172=FACE_BOUND('',#2478,.T.);
#173=FACE_BOUND('',#2479,.T.);
#174=FACE_BOUND('',#2480,.T.);
#175=FACE_BOUND('',#2481,.T.);
#176=FACE_BOUND('',#2482,.T.);
#177=SPHERICAL_SURFACE('',#11146,0.052);
#178=SPHERICAL_SURFACE('',#11162,0.052);
#179=SPHERICAL_SURFACE('',#11165,0.052);
#180=SPHERICAL_SURFACE('',#11169,0.052);
#181=SPHERICAL_SURFACE('',#11544,0.052);
#182=SPHERICAL_SURFACE('',#11547,0.052);
#183=SPHERICAL_SURFACE('',#11551,0.0519999999999997);
#184=SPHERICAL_SURFACE('',#11557,0.052);
#185=CYLINDRICAL_SURFACE('',#11137,0.0666666666666682);
#186=CYLINDRICAL_SURFACE('',#11140,0.266666666666666);
#187=CYLINDRICAL_SURFACE('',#11143,0.052);
#188=CYLINDRICAL_SURFACE('',#11155,0.052);
#189=CYLINDRICAL_SURFACE('',#11159,0.052);
#190=CYLINDRICAL_SURFACE('',#11168,0.052);
#191=CYLINDRICAL_SURFACE('',#11173,0.052);
#192=CYLINDRICAL_SURFACE('',#11174,0.052);
#193=CYLINDRICAL_SURFACE('',#11176,0.052);
#194=CYLINDRICAL_SURFACE('',#11177,0.052);
#195=CYLINDRICAL_SURFACE('',#11192,0.0666666666666682);
#196=CYLINDRICAL_SURFACE('',#11195,0.266666666666666);
#197=CYLINDRICAL_SURFACE('',#11217,1.266875);
#198=CYLINDRICAL_SURFACE('',#11218,1.266875);
#199=CYLINDRICAL_SURFACE('',#11219,1.266875);
#200=CYLINDRICAL_SURFACE('',#11220,1.266875);
#201=CYLINDRICAL_SURFACE('',#11234,0.861475);
#202=CYLINDRICAL_SURFACE('',#11235,0.861475);
#203=CYLINDRICAL_SURFACE('',#11236,0.861475);
#204=CYLINDRICAL_SURFACE('',#11237,0.861475);
#205=CYLINDRICAL_SURFACE('',#11239,0.050675);
#206=CYLINDRICAL_SURFACE('',#11242,0.050675);
#207=CYLINDRICAL_SURFACE('',#11245,0.050675);
#208=CYLINDRICAL_SURFACE('',#11248,0.050675);
#209=CYLINDRICAL_SURFACE('',#11314,1.);
#210=CYLINDRICAL_SURFACE('',#11369,1.);
#211=CYLINDRICAL_SURFACE('',#11374,0.3);
#212=CYLINDRICAL_SURFACE('',#11381,0.3);
#213=CYLINDRICAL_SURFACE('',#11388,1.);
#214=CYLINDRICAL_SURFACE('',#11394,1.);
#215=CYLINDRICAL_SURFACE('',#11399,0.266666666666671);
#216=CYLINDRICAL_SURFACE('',#11405,0.066666666666671);
#217=CYLINDRICAL_SURFACE('',#11407,0.266666666666667);
#218=CYLINDRICAL_SURFACE('',#11409,0.0666666666666665);
#219=CYLINDRICAL_SURFACE('',#11413,0.266666666666671);
#220=CYLINDRICAL_SURFACE('',#11419,0.066666666666671);
#221=CYLINDRICAL_SURFACE('',#11421,0.266666666666667);
#222=CYLINDRICAL_SURFACE('',#11423,0.0666666666666665);
#223=CYLINDRICAL_SURFACE('',#11427,0.266666666666671);
#224=CYLINDRICAL_SURFACE('',#11433,0.066666666666671);
#225=CYLINDRICAL_SURFACE('',#11435,0.266666666666667);
#226=CYLINDRICAL_SURFACE('',#11437,0.0666666666666665);
#227=CYLINDRICAL_SURFACE('',#11441,0.266666666666671);
#228=CYLINDRICAL_SURFACE('',#11447,0.066666666666671);
#229=CYLINDRICAL_SURFACE('',#11449,0.266666666666667);
#230=CYLINDRICAL_SURFACE('',#11451,0.0666666666666665);
#231=CYLINDRICAL_SURFACE('',#11455,0.266666666666671);
#232=CYLINDRICAL_SURFACE('',#11461,0.066666666666671);
#233=CYLINDRICAL_SURFACE('',#11463,0.266666666666667);
#234=CYLINDRICAL_SURFACE('',#11465,0.0666666666666665);
#235=CYLINDRICAL_SURFACE('',#11469,0.266666666666671);
#236=CYLINDRICAL_SURFACE('',#11475,0.066666666666671);
#237=CYLINDRICAL_SURFACE('',#11477,0.266666666666667);
#238=CYLINDRICAL_SURFACE('',#11479,0.0666666666666665);
#239=CYLINDRICAL_SURFACE('',#11483,0.266666666666671);
#240=CYLINDRICAL_SURFACE('',#11489,0.066666666666671);
#241=CYLINDRICAL_SURFACE('',#11491,0.266666666666667);
#242=CYLINDRICAL_SURFACE('',#11493,0.0666666666666665);
#243=CYLINDRICAL_SURFACE('',#11497,0.266666666666671);
#244=CYLINDRICAL_SURFACE('',#11503,0.066666666666671);
#245=CYLINDRICAL_SURFACE('',#11505,0.266666666666667);
#246=CYLINDRICAL_SURFACE('',#11507,0.0666666666666665);
#247=CYLINDRICAL_SURFACE('',#11511,0.266666666666671);
#248=CYLINDRICAL_SURFACE('',#11517,0.066666666666671);
#249=CYLINDRICAL_SURFACE('',#11519,0.266666666666667);
#250=CYLINDRICAL_SURFACE('',#11521,0.0666666666666665);
#251=CYLINDRICAL_SURFACE('',#11525,0.266666666666671);
#252=CYLINDRICAL_SURFACE('',#11531,0.066666666666671);
#253=CYLINDRICAL_SURFACE('',#11533,0.266666666666667);
#254=CYLINDRICAL_SURFACE('',#11535,0.0666666666666665);
#255=CYLINDRICAL_SURFACE('',#11539,0.052);
#256=CYLINDRICAL_SURFACE('',#11542,0.052);
#257=CYLINDRICAL_SURFACE('',#11550,0.052);
#258=CYLINDRICAL_SURFACE('',#11555,0.052);
#259=CYLINDRICAL_SURFACE('',#11556,0.052);
#260=CYLINDRICAL_SURFACE('',#11561,0.052);
#261=CYLINDRICAL_SURFACE('',#11562,0.052);
#262=CYLINDRICAL_SURFACE('',#11563,0.052);
#263=CYLINDRICAL_SURFACE('',#11571,0.266666666666667);
#264=CYLINDRICAL_SURFACE('',#11578,0.266666666666667);
#265=CYLINDRICAL_SURFACE('',#11585,0.266666666666667);
#266=CYLINDRICAL_SURFACE('',#11592,0.266666666666667);
#267=CYLINDRICAL_SURFACE('',#11599,0.266666666666667);
#268=CYLINDRICAL_SURFACE('',#11604,0.266666666666667);
#269=CYLINDRICAL_SURFACE('',#11607,0.0666666666666667);
#270=CYLINDRICAL_SURFACE('',#11612,0.0666666666666667);
#271=CYLINDRICAL_SURFACE('',#11617,0.266666666666667);
#272=CYLINDRICAL_SURFACE('',#11620,0.0666666666666667);
#273=CYLINDRICAL_SURFACE('',#11625,0.0666666666666667);
#274=CYLINDRICAL_SURFACE('',#11630,0.266666666666667);
#275=CYLINDRICAL_SURFACE('',#11633,0.0666666666666667);
#276=CYLINDRICAL_SURFACE('',#11638,0.0666666666666667);
#277=CYLINDRICAL_SURFACE('',#11643,0.266666666666667);
#278=CYLINDRICAL_SURFACE('',#11646,0.0666666666666667);
#279=CYLINDRICAL_SURFACE('',#11651,0.0666666666666667);
#280=CYLINDRICAL_SURFACE('',#11656,0.266666666666667);
#281=CYLINDRICAL_SURFACE('',#11659,0.0666666666666667);
#282=CYLINDRICAL_SURFACE('',#11664,0.0666666666666667);
#283=CYLINDRICAL_SURFACE('',#11668,0.15);
#284=CYLINDRICAL_SURFACE('',#11677,0.1);
#285=CYLINDRICAL_SURFACE('',#11689,0.266666666666667);
#286=CYLINDRICAL_SURFACE('',#11696,0.266666666666667);
#287=CYLINDRICAL_SURFACE('',#11703,0.266666666666667);
#288=CYLINDRICAL_SURFACE('',#11710,0.266666666666667);
#289=CYLINDRICAL_SURFACE('',#11717,0.266666666666667);
#290=CYLINDRICAL_SURFACE('',#11722,0.266666666666667);
#291=CYLINDRICAL_SURFACE('',#11725,0.0666666666666667);
#292=CYLINDRICAL_SURFACE('',#11730,0.0666666666666667);
#293=CYLINDRICAL_SURFACE('',#11735,0.266666666666667);
#294=CYLINDRICAL_SURFACE('',#11738,0.0666666666666667);
#295=CYLINDRICAL_SURFACE('',#11743,0.0666666666666667);
#296=CYLINDRICAL_SURFACE('',#11748,0.266666666666667);
#297=CYLINDRICAL_SURFACE('',#11751,0.0666666666666667);
#298=CYLINDRICAL_SURFACE('',#11756,0.0666666666666667);
#299=CYLINDRICAL_SURFACE('',#11761,0.266666666666667);
#300=CYLINDRICAL_SURFACE('',#11764,0.0666666666666667);
#301=CYLINDRICAL_SURFACE('',#11769,0.0666666666666667);
#302=CYLINDRICAL_SURFACE('',#11774,0.266666666666667);
#303=CYLINDRICAL_SURFACE('',#11777,0.0666666666666667);
#304=CYLINDRICAL_SURFACE('',#11782,0.0666666666666667);
#305=CYLINDRICAL_SURFACE('',#11786,0.15);
#306=CYLINDRICAL_SURFACE('',#11794,0.2);
#307=CYLINDRICAL_SURFACE('',#11797,0.2);
#308=CYLINDRICAL_SURFACE('',#11800,0.199999999999998);
#309=CYLINDRICAL_SURFACE('',#11803,0.199999999999998);
#310=CYLINDRICAL_SURFACE('',#11806,0.2);
#311=CYLINDRICAL_SURFACE('',#11809,0.2);
#312=CYLINDRICAL_SURFACE('',#11812,0.199999999999998);
#313=CYLINDRICAL_SURFACE('',#11815,0.199999999999998);
#314=CYLINDRICAL_SURFACE('',#11818,0.2);
#315=CYLINDRICAL_SURFACE('',#11821,0.2);
#316=CYLINDRICAL_SURFACE('',#11824,0.199999999999998);
#317=CYLINDRICAL_SURFACE('',#11827,0.199999999999998);
#318=CYLINDRICAL_SURFACE('',#11830,0.2);
#319=CYLINDRICAL_SURFACE('',#11833,0.2);
#320=CYLINDRICAL_SURFACE('',#11836,0.199999999999998);
#321=CYLINDRICAL_SURFACE('',#11839,0.199999999999998);
#322=CYLINDRICAL_SURFACE('',#11844,0.65);
#323=CYLINDRICAL_SURFACE('',#11849,0.65);
#324=CYLINDRICAL_SURFACE('',#11854,0.65);
#325=CYLINDRICAL_SURFACE('',#11859,0.65);
#326=CYLINDRICAL_SURFACE('',#11860,0.5);
#327=CYLINDRICAL_SURFACE('',#11864,0.65);
#328=CYLINDRICAL_SURFACE('',#11865,0.5);
#329=CYLINDRICAL_SURFACE('',#11869,0.65);
#330=CYLINDRICAL_SURFACE('',#11870,0.5);
#331=CYLINDRICAL_SURFACE('',#11874,0.75);
#332=CYLINDRICAL_SURFACE('',#11879,0.75);
#333=CYLINDRICAL_SURFACE('',#11884,0.75);
#334=CYLINDRICAL_SURFACE('',#11889,0.75);
#335=CYLINDRICAL_SURFACE('',#11894,0.75);
#336=CYLINDRICAL_SURFACE('',#11899,0.75);
#337=CYLINDRICAL_SURFACE('',#11904,0.75);
#338=CYLINDRICAL_SURFACE('',#11909,0.75);
#339=CYLINDRICAL_SURFACE('',#11914,0.75);
#340=CYLINDRICAL_SURFACE('',#11919,0.75);
#341=CYLINDRICAL_SURFACE('',#11924,0.75);
#342=CYLINDRICAL_SURFACE('',#11929,0.75);
#343=CYLINDRICAL_SURFACE('',#11934,0.75);
#344=CYLINDRICAL_SURFACE('',#11939,0.75);
#345=CYLINDRICAL_SURFACE('',#11944,0.75);
#346=CYLINDRICAL_SURFACE('',#11949,0.75);
#347=CYLINDRICAL_SURFACE('',#11954,0.75);
#348=CYLINDRICAL_SURFACE('',#11959,0.75);
#349=CYLINDRICAL_SURFACE('',#11964,0.75);
#350=CYLINDRICAL_SURFACE('',#11969,0.75);
#351=CYLINDRICAL_SURFACE('',#11974,0.75);
#352=CYLINDRICAL_SURFACE('',#11979,0.75);
#353=CYLINDRICAL_SURFACE('',#11984,0.75);
#354=CYLINDRICAL_SURFACE('',#11989,0.75);
#355=CYLINDRICAL_SURFACE('',#11994,0.75);
#356=CYLINDRICAL_SURFACE('',#11999,0.75);
#357=CYLINDRICAL_SURFACE('',#12004,0.75);
#358=CYLINDRICAL_SURFACE('',#12005,0.5);
#359=CYLINDRICAL_SURFACE('',#12009,0.75);
#360=CYLINDRICAL_SURFACE('',#12010,0.5);
#361=CYLINDRICAL_SURFACE('',#12014,0.75);
#362=CYLINDRICAL_SURFACE('',#12015,0.5);
#363=CYLINDRICAL_SURFACE('',#12019,0.75);
#364=CYLINDRICAL_SURFACE('',#12020,0.5);
#365=CYLINDRICAL_SURFACE('',#12024,0.75);
#366=CYLINDRICAL_SURFACE('',#12025,0.5);
#367=CYLINDRICAL_SURFACE('',#12029,0.75);
#368=CYLINDRICAL_SURFACE('',#12030,0.5);
#369=CYLINDRICAL_SURFACE('',#12034,0.75);
#370=CYLINDRICAL_SURFACE('',#12035,0.5);
#371=CYLINDRICAL_SURFACE('',#12039,0.75);
#372=CYLINDRICAL_SURFACE('',#12040,0.5);
#373=CYLINDRICAL_SURFACE('',#12044,0.75);
#374=CYLINDRICAL_SURFACE('',#12045,0.5);
#375=CYLINDRICAL_SURFACE('',#12049,0.75);
#376=CYLINDRICAL_SURFACE('',#12050,0.5);
#377=CYLINDRICAL_SURFACE('',#12054,0.75);
#378=CYLINDRICAL_SURFACE('',#12055,0.5);
#379=CYLINDRICAL_SURFACE('',#12059,0.75);
#380=CYLINDRICAL_SURFACE('',#12060,0.5);
#381=CYLINDRICAL_SURFACE('',#12064,0.75);
#382=CYLINDRICAL_SURFACE('',#12065,0.5);
#383=CYLINDRICAL_SURFACE('',#12069,0.75);
#384=CYLINDRICAL_SURFACE('',#12070,0.5);
#385=CYLINDRICAL_SURFACE('',#12074,0.75);
#386=CYLINDRICAL_SURFACE('',#12075,0.5);
#387=CYLINDRICAL_SURFACE('',#12079,0.75);
#388=CYLINDRICAL_SURFACE('',#12080,0.5);
#389=CYLINDRICAL_SURFACE('',#12084,0.75);
#390=CYLINDRICAL_SURFACE('',#12085,0.5);
#391=CYLINDRICAL_SURFACE('',#12089,0.75);
#392=CYLINDRICAL_SURFACE('',#12090,0.5);
#393=CYLINDRICAL_SURFACE('',#12094,0.75);
#394=CYLINDRICAL_SURFACE('',#12095,0.5);
#395=CYLINDRICAL_SURFACE('',#12099,0.75);
#396=CYLINDRICAL_SURFACE('',#12100,0.5);
#397=CYLINDRICAL_SURFACE('',#12104,0.75);
#398=CYLINDRICAL_SURFACE('',#12105,0.5);
#399=CYLINDRICAL_SURFACE('',#12109,0.75);
#400=CYLINDRICAL_SURFACE('',#12110,0.5);
#401=CYLINDRICAL_SURFACE('',#12114,0.75);
#402=CYLINDRICAL_SURFACE('',#12115,0.5);
#403=CYLINDRICAL_SURFACE('',#12119,0.75);
#404=CYLINDRICAL_SURFACE('',#12120,0.5);
#405=CYLINDRICAL_SURFACE('',#12124,0.75);
#406=CYLINDRICAL_SURFACE('',#12125,0.5);
#407=CYLINDRICAL_SURFACE('',#12129,0.75);
#408=CYLINDRICAL_SURFACE('',#12130,0.5);
#409=CYLINDRICAL_SURFACE('',#12143,0.3);
#410=CYLINDRICAL_SURFACE('',#12150,0.3);
#411=CIRCLE('',#11125,0.0666666666666682);
#412=CIRCLE('',#11126,0.052);
#413=CIRCLE('',#11127,0.266666666666666);
#414=CIRCLE('',#11130,0.266666666666666);
#415=CIRCLE('',#11131,0.0504660592513542);
#416=CIRCLE('',#11132,0.0666666666666682);
#417=CIRCLE('',#11134,0.0471168759575398);
#418=CIRCLE('',#11139,0.052);
#419=CIRCLE('',#11144,0.052);
#420=CIRCLE('',#11145,0.052);
#421=CIRCLE('',#11147,0.052);
#422=CIRCLE('',#11148,0.052);
#423=CIRCLE('',#11156,0.052);
#424=CIRCLE('',#11157,0.052);
#425=CIRCLE('',#11160,0.052);
#426=CIRCLE('',#11161,0.052);
#427=CIRCLE('',#11163,0.052);
#428=CIRCLE('',#11164,0.052);
#429=CIRCLE('',#11166,0.052);
#430=CIRCLE('',#11167,0.0519999999999997);
#431=CIRCLE('',#11170,0.052);
#432=CIRCLE('',#11171,0.052);
#433=CIRCLE('',#11172,0.052);
#434=CIRCLE('',#11175,0.052);
#435=CIRCLE('',#11182,0.266666666666666);
#436=CIRCLE('',#11183,0.0666666666666682);
#437=CIRCLE('',#11186,0.0666666666666682);
#438=CIRCLE('',#11187,0.266666666666666);
#439=CIRCLE('',#11202,1.266875);
#440=CIRCLE('',#11203,1.266875);
#441=CIRCLE('',#11204,1.266875);
#442=CIRCLE('',#11205,1.266875);
#443=CIRCLE('',#11206,0.861475);
#444=CIRCLE('',#11207,0.861475);
#445=CIRCLE('',#11208,0.861475);
#446=CIRCLE('',#11209,0.861475);
#447=CIRCLE('',#11211,1.266875);
#448=CIRCLE('',#11212,1.266875);
#449=CIRCLE('',#11213,1.266875);
#450=CIRCLE('',#11214,1.266875);
#451=CIRCLE('',#11224,0.861475);
#452=CIRCLE('',#11225,0.861475);
#453=CIRCLE('',#11226,0.861475);
#454=CIRCLE('',#11227,0.861475);
#455=CIRCLE('',#11228,0.050675);
#456=CIRCLE('',#11229,0.050675);
#457=CIRCLE('',#11230,0.050675);
#458=CIRCLE('',#11231,0.050675);
#459=CIRCLE('',#11240,0.050675);
#460=CIRCLE('',#11243,0.050675);
#461=CIRCLE('',#11246,0.050675);
#462=CIRCLE('',#11249,0.050675);
#463=CIRCLE('',#11254,0.266666666666667);
#464=CIRCLE('',#11255,0.066666666666671);
#465=CIRCLE('',#11256,0.266666666666671);
#466=CIRCLE('',#11257,0.0666666666666665);
#467=CIRCLE('',#11260,0.266666666666667);
#468=CIRCLE('',#11261,0.066666666666671);
#469=CIRCLE('',#11262,0.266666666666671);
#470=CIRCLE('',#11263,0.0666666666666665);
#471=CIRCLE('',#11266,0.266666666666667);
#472=CIRCLE('',#11267,0.066666666666671);
#473=CIRCLE('',#11268,0.266666666666671);
#474=CIRCLE('',#11269,0.0666666666666665);
#475=CIRCLE('',#11272,0.266666666666667);
#476=CIRCLE('',#11273,0.066666666666671);
#477=CIRCLE('',#11274,0.266666666666671);
#478=CIRCLE('',#11275,0.0666666666666665);
#479=CIRCLE('',#11278,0.266666666666667);
#480=CIRCLE('',#11279,0.066666666666671);
#481=CIRCLE('',#11280,0.266666666666671);
#482=CIRCLE('',#11281,0.0666666666666665);
#483=CIRCLE('',#11284,0.266666666666667);
#484=CIRCLE('',#11285,0.066666666666671);
#485=CIRCLE('',#11286,0.266666666666671);
#486=CIRCLE('',#11287,0.0666666666666665);
#487=CIRCLE('',#11290,0.266666666666667);
#488=CIRCLE('',#11291,0.066666666666671);
#489=CIRCLE('',#11292,0.266666666666671);
#490=CIRCLE('',#11293,0.0666666666666665);
#491=CIRCLE('',#11296,0.266666666666667);
#492=CIRCLE('',#11297,0.066666666666671);
#493=CIRCLE('',#11298,0.266666666666671);
#494=CIRCLE('',#11299,0.0666666666666665);
#495=CIRCLE('',#11302,0.266666666666667);
#496=CIRCLE('',#11303,0.066666666666671);
#497=CIRCLE('',#11304,0.266666666666671);
#498=CIRCLE('',#11305,0.0666666666666665);
#499=CIRCLE('',#11308,0.266666666666667);
#500=CIRCLE('',#11309,0.066666666666671);
#501=CIRCLE('',#11310,0.266666666666671);
#502=CIRCLE('',#11311,0.0666666666666665);
#503=CIRCLE('',#11315,1.);
#504=CIRCLE('',#11316,1.);
#505=CIRCLE('',#11319,0.2);
#506=CIRCLE('',#11320,0.199999999999998);
#507=CIRCLE('',#11321,0.199999999999998);
#508=CIRCLE('',#11322,0.2);
#509=CIRCLE('',#11323,0.199999999999998);
#510=CIRCLE('',#11324,0.2);
#511=CIRCLE('',#11325,0.2);
#512=CIRCLE('',#11326,0.199999999999998);
#513=CIRCLE('',#11327,0.199999999999998);
#514=CIRCLE('',#11328,0.2);
#515=CIRCLE('',#11329,0.2);
#516=CIRCLE('',#11330,0.199999999999998);
#517=CIRCLE('',#11331,0.2);
#518=CIRCLE('',#11332,0.199999999999998);
#519=CIRCLE('',#11333,0.199999999999998);
#520=CIRCLE('',#11334,0.2);
#521=CIRCLE('',#11335,0.052);
#522=CIRCLE('',#11336,0.052);
#523=CIRCLE('',#11337,0.052);
#524=CIRCLE('',#11338,0.052);
#525=CIRCLE('',#11339,0.65);
#526=CIRCLE('',#11340,0.65);
#527=CIRCLE('',#11341,0.65);
#528=CIRCLE('',#11342,0.75);
#529=CIRCLE('',#11343,0.75);
#530=CIRCLE('',#11344,0.75);
#531=CIRCLE('',#11345,0.75);
#532=CIRCLE('',#11346,0.75);
#533=CIRCLE('',#11347,0.75);
#534=CIRCLE('',#11348,0.75);
#535=CIRCLE('',#11349,0.75);
#536=CIRCLE('',#11350,0.75);
#537=CIRCLE('',#11351,0.75);
#538=CIRCLE('',#11352,0.75);
#539=CIRCLE('',#11353,0.75);
#540=CIRCLE('',#11354,0.75);
#541=CIRCLE('',#11355,0.75);
#542=CIRCLE('',#11356,0.75);
#543=CIRCLE('',#11357,0.75);
#544=CIRCLE('',#11358,0.75);
#545=CIRCLE('',#11359,0.75);
#546=CIRCLE('',#11360,0.75);
#547=CIRCLE('',#11361,0.75);
#548=CIRCLE('',#11362,0.75);
#549=CIRCLE('',#11363,0.75);
#550=CIRCLE('',#11364,0.75);
#551=CIRCLE('',#11365,0.75);
#552=CIRCLE('',#11366,0.75);
#553=CIRCLE('',#11367,0.75);
#554=CIRCLE('',#11370,1.);
#555=CIRCLE('',#11371,1.);
#556=CIRCLE('',#11375,0.3);
#557=CIRCLE('',#11376,0.3);
#558=CIRCLE('',#11379,1.);
#559=CIRCLE('',#11382,0.3);
#560=CIRCLE('',#11383,0.3);
#561=CIRCLE('',#11386,1.);
#562=CIRCLE('',#11389,1.);
#563=CIRCLE('',#11395,1.);
#564=CIRCLE('',#11400,0.266666666666671);
#565=CIRCLE('',#11402,0.0666666666666665);
#566=CIRCLE('',#11403,0.066666666666671);
#567=CIRCLE('',#11404,0.266666666666667);
#568=CIRCLE('',#11414,0.266666666666671);
#569=CIRCLE('',#11416,0.0666666666666665);
#570=CIRCLE('',#11417,0.066666666666671);
#571=CIRCLE('',#11418,0.266666666666667);
#572=CIRCLE('',#11428,0.266666666666671);
#573=CIRCLE('',#11430,0.0666666666666665);
#574=CIRCLE('',#11431,0.066666666666671);
#575=CIRCLE('',#11432,0.266666666666667);
#576=CIRCLE('',#11442,0.266666666666671);
#577=CIRCLE('',#11444,0.0666666666666665);
#578=CIRCLE('',#11445,0.066666666666671);
#579=CIRCLE('',#11446,0.266666666666667);
#580=CIRCLE('',#11456,0.266666666666671);
#581=CIRCLE('',#11458,0.0666666666666665);
#582=CIRCLE('',#11459,0.066666666666671);
#583=CIRCLE('',#11460,0.266666666666667);
#584=CIRCLE('',#11470,0.266666666666671);
#585=CIRCLE('',#11472,0.0666666666666665);
#586=CIRCLE('',#11473,0.066666666666671);
#587=CIRCLE('',#11474,0.266666666666667);
#588=CIRCLE('',#11484,0.266666666666671);
#589=CIRCLE('',#11486,0.0666666666666665);
#590=CIRCLE('',#11487,0.066666666666671);
#591=CIRCLE('',#11488,0.266666666666667);
#592=CIRCLE('',#11498,0.266666666666671);
#593=CIRCLE('',#11500,0.0666666666666665);
#594=CIRCLE('',#11501,0.066666666666671);
#595=CIRCLE('',#11502,0.266666666666667);
#596=CIRCLE('',#11512,0.266666666666671);
#597=CIRCLE('',#11514,0.0666666666666665);
#598=CIRCLE('',#11515,0.066666666666671);
#599=CIRCLE('',#11516,0.266666666666667);
#600=CIRCLE('',#11526,0.266666666666671);
#601=CIRCLE('',#11528,0.0666666666666665);
#602=CIRCLE('',#11529,0.066666666666671);
#603=CIRCLE('',#11530,0.266666666666667);
#604=CIRCLE('',#11540,0.052);
#605=CIRCLE('',#11543,0.052);
#606=CIRCLE('',#11545,0.052);
#607=CIRCLE('',#11546,0.052);
#608=CIRCLE('',#11548,0.052);
#609=CIRCLE('',#11549,0.052);
#610=CIRCLE('',#11552,0.052);
#611=CIRCLE('',#11553,0.0519999999999997);
#612=CIRCLE('',#11554,0.052);
#613=CIRCLE('',#11558,0.052);
#614=CIRCLE('',#11559,0.052);
#615=CIRCLE('',#11560,0.052);
#616=CIRCLE('',#11567,0.266666666666667);
#617=CIRCLE('',#11568,0.0666666666666667);
#618=CIRCLE('',#11569,0.266666666666667);
#619=CIRCLE('',#11570,0.0666666666666667);
#620=CIRCLE('',#11572,0.266666666666667);
#621=CIRCLE('',#11574,0.266666666666667);
#622=CIRCLE('',#11575,0.0666666666666667);
#623=CIRCLE('',#11576,0.266666666666667);
#624=CIRCLE('',#11577,0.0666666666666667);
#625=CIRCLE('',#11579,0.266666666666667);
#626=CIRCLE('',#11581,0.266666666666667);
#627=CIRCLE('',#11582,0.0666666666666667);
#628=CIRCLE('',#11583,0.266666666666667);
#629=CIRCLE('',#11584,0.0666666666666667);
#630=CIRCLE('',#11586,0.266666666666667);
#631=CIRCLE('',#11588,0.266666666666667);
#632=CIRCLE('',#11589,0.0666666666666667);
#633=CIRCLE('',#11590,0.266666666666667);
#634=CIRCLE('',#11591,0.0666666666666667);
#635=CIRCLE('',#11593,0.266666666666667);
#636=CIRCLE('',#11595,0.266666666666667);
#637=CIRCLE('',#11596,0.0666666666666667);
#638=CIRCLE('',#11597,0.266666666666667);
#639=CIRCLE('',#11598,0.0666666666666667);
#640=CIRCLE('',#11600,0.266666666666667);
#641=CIRCLE('',#11605,0.266666666666667);
#642=CIRCLE('',#11608,0.0666666666666667);
#643=CIRCLE('',#11613,0.0666666666666667);
#644=CIRCLE('',#11618,0.266666666666667);
#645=CIRCLE('',#11621,0.0666666666666667);
#646=CIRCLE('',#11626,0.0666666666666667);
#647=CIRCLE('',#11631,0.266666666666667);
#648=CIRCLE('',#11634,0.0666666666666667);
#649=CIRCLE('',#11639,0.0666666666666667);
#650=CIRCLE('',#11644,0.266666666666667);
#651=CIRCLE('',#11647,0.0666666666666667);
#652=CIRCLE('',#11652,0.0666666666666667);
#653=CIRCLE('',#11657,0.266666666666667);
#654=CIRCLE('',#11660,0.0666666666666667);
#655=CIRCLE('',#11665,0.0666666666666667);
#656=CIRCLE('',#11669,0.15);
#657=CIRCLE('',#11670,0.15);
#658=CIRCLE('',#11678,0.1);
#659=CIRCLE('',#11679,0.1);
#660=CIRCLE('',#11685,0.266666666666667);
#661=CIRCLE('',#11686,0.0666666666666667);
#662=CIRCLE('',#11687,0.266666666666667);
#663=CIRCLE('',#11688,0.0666666666666667);
#664=CIRCLE('',#11690,0.266666666666667);
#665=CIRCLE('',#11692,0.266666666666667);
#666=CIRCLE('',#11693,0.0666666666666667);
#667=CIRCLE('',#11694,0.266666666666667);
#668=CIRCLE('',#11695,0.0666666666666667);
#669=CIRCLE('',#11697,0.266666666666667);
#670=CIRCLE('',#11699,0.266666666666667);
#671=CIRCLE('',#11700,0.0666666666666667);
#672=CIRCLE('',#11701,0.266666666666667);
#673=CIRCLE('',#11702,0.0666666666666667);
#674=CIRCLE('',#11704,0.266666666666667);
#675=CIRCLE('',#11706,0.266666666666667);
#676=CIRCLE('',#11707,0.0666666666666667);
#677=CIRCLE('',#11708,0.266666666666667);
#678=CIRCLE('',#11709,0.0666666666666667);
#679=CIRCLE('',#11711,0.266666666666667);
#680=CIRCLE('',#11713,0.266666666666667);
#681=CIRCLE('',#11714,0.0666666666666667);
#682=CIRCLE('',#11715,0.266666666666667);
#683=CIRCLE('',#11716,0.0666666666666667);
#684=CIRCLE('',#11718,0.266666666666667);
#685=CIRCLE('',#11723,0.266666666666667);
#686=CIRCLE('',#11726,0.0666666666666667);
#687=CIRCLE('',#11731,0.0666666666666667);
#688=CIRCLE('',#11736,0.266666666666667);
#689=CIRCLE('',#11739,0.0666666666666667);
#690=CIRCLE('',#11744,0.0666666666666667);
#691=CIRCLE('',#11749,0.266666666666667);
#692=CIRCLE('',#11752,0.0666666666666667);
#693=CIRCLE('',#11757,0.0666666666666667);
#694=CIRCLE('',#11762,0.266666666666667);
#695=CIRCLE('',#11765,0.0666666666666667);
#696=CIRCLE('',#11770,0.0666666666666667);
#697=CIRCLE('',#11775,0.266666666666667);
#698=CIRCLE('',#11778,0.0666666666666667);
#699=CIRCLE('',#11783,0.0666666666666667);
#700=CIRCLE('',#11787,0.15);
#701=CIRCLE('',#11788,0.15);
#702=CIRCLE('',#11795,0.2);
#703=CIRCLE('',#11798,0.2);
#704=CIRCLE('',#11801,0.199999999999998);
#705=CIRCLE('',#11804,0.199999999999998);
#706=CIRCLE('',#11807,0.2);
#707=CIRCLE('',#11810,0.2);
#708=CIRCLE('',#11813,0.199999999999998);
#709=CIRCLE('',#11816,0.199999999999998);
#710=CIRCLE('',#11819,0.2);
#711=CIRCLE('',#11822,0.2);
#712=CIRCLE('',#11825,0.199999999999998);
#713=CIRCLE('',#11828,0.199999999999998);
#714=CIRCLE('',#11831,0.2);
#715=CIRCLE('',#11834,0.2);
#716=CIRCLE('',#11837,0.199999999999998);
#717=CIRCLE('',#11840,0.199999999999998);
#718=CIRCLE('',#11842,0.65);
#719=CIRCLE('',#11843,0.5);
#720=CIRCLE('',#11845,0.65);
#721=CIRCLE('',#11847,0.65);
#722=CIRCLE('',#11848,0.5);
#723=CIRCLE('',#11850,0.65);
#724=CIRCLE('',#11852,0.65);
#725=CIRCLE('',#11853,0.5);
#726=CIRCLE('',#11855,0.65);
#727=CIRCLE('',#11857,0.65);
#728=CIRCLE('',#11858,0.5);
#729=CIRCLE('',#11862,0.65);
#730=CIRCLE('',#11863,0.5);
#731=CIRCLE('',#11867,0.65);
#732=CIRCLE('',#11868,0.5);
#733=CIRCLE('',#11872,0.75);
#734=CIRCLE('',#11873,0.5);
#735=CIRCLE('',#11875,0.75);
#736=CIRCLE('',#11877,0.75);
#737=CIRCLE('',#11878,0.5);
#738=CIRCLE('',#11880,0.75);
#739=CIRCLE('',#11882,0.75);
#740=CIRCLE('',#11883,0.5);
#741=CIRCLE('',#11885,0.75);
#742=CIRCLE('',#11887,0.75);
#743=CIRCLE('',#11888,0.5);
#744=CIRCLE('',#11890,0.75);
#745=CIRCLE('',#11892,0.75);
#746=CIRCLE('',#11893,0.5);
#747=CIRCLE('',#11895,0.75);
#748=CIRCLE('',#11897,0.75);
#749=CIRCLE('',#11898,0.5);
#750=CIRCLE('',#11900,0.75);
#751=CIRCLE('',#11902,0.75);
#752=CIRCLE('',#11903,0.5);
#753=CIRCLE('',#11905,0.75);
#754=CIRCLE('',#11907,0.75);
#755=CIRCLE('',#11908,0.5);
#756=CIRCLE('',#11910,0.75);
#757=CIRCLE('',#11912,0.75);
#758=CIRCLE('',#11913,0.5);
#759=CIRCLE('',#11915,0.75);
#760=CIRCLE('',#11917,0.75);
#761=CIRCLE('',#11918,0.5);
#762=CIRCLE('',#11920,0.75);
#763=CIRCLE('',#11922,0.75);
#764=CIRCLE('',#11923,0.5);
#765=CIRCLE('',#11925,0.75);
#766=CIRCLE('',#11927,0.75);
#767=CIRCLE('',#11928,0.5);
#768=CIRCLE('',#11930,0.75);
#769=CIRCLE('',#11932,0.75);
#770=CIRCLE('',#11933,0.5);
#771=CIRCLE('',#11935,0.75);
#772=CIRCLE('',#11937,0.75);
#773=CIRCLE('',#11938,0.5);
#774=CIRCLE('',#11940,0.75);
#775=CIRCLE('',#11942,0.75);
#776=CIRCLE('',#11943,0.5);
#777=CIRCLE('',#11945,0.75);
#778=CIRCLE('',#11947,0.75);
#779=CIRCLE('',#11948,0.5);
#780=CIRCLE('',#11950,0.75);
#781=CIRCLE('',#11952,0.75);
#782=CIRCLE('',#11953,0.5);
#783=CIRCLE('',#11955,0.75);
#784=CIRCLE('',#11957,0.75);
#785=CIRCLE('',#11958,0.5);
#786=CIRCLE('',#11960,0.75);
#787=CIRCLE('',#11962,0.75);
#788=CIRCLE('',#11963,0.5);
#789=CIRCLE('',#11965,0.75);
#790=CIRCLE('',#11967,0.75);
#791=CIRCLE('',#11968,0.5);
#792=CIRCLE('',#11970,0.75);
#793=CIRCLE('',#11972,0.75);
#794=CIRCLE('',#11973,0.5);
#795=CIRCLE('',#11975,0.75);
#796=CIRCLE('',#11977,0.75);
#797=CIRCLE('',#11978,0.5);
#798=CIRCLE('',#11980,0.75);
#799=CIRCLE('',#11982,0.75);
#800=CIRCLE('',#11983,0.5);
#801=CIRCLE('',#11985,0.75);
#802=CIRCLE('',#11987,0.75);
#803=CIRCLE('',#11988,0.5);
#804=CIRCLE('',#11990,0.75);
#805=CIRCLE('',#11992,0.75);
#806=CIRCLE('',#11993,0.5);
#807=CIRCLE('',#11995,0.75);
#808=CIRCLE('',#11997,0.75);
#809=CIRCLE('',#11998,0.5);
#810=CIRCLE('',#12000,0.75);
#811=CIRCLE('',#12002,0.75);
#812=CIRCLE('',#12003,0.5);
#813=CIRCLE('',#12007,0.75);
#814=CIRCLE('',#12008,0.5);
#815=CIRCLE('',#12012,0.75);
#816=CIRCLE('',#12013,0.5);
#817=CIRCLE('',#12017,0.75);
#818=CIRCLE('',#12018,0.5);
#819=CIRCLE('',#12022,0.75);
#820=CIRCLE('',#12023,0.5);
#821=CIRCLE('',#12027,0.75);
#822=CIRCLE('',#12028,0.5);
#823=CIRCLE('',#12032,0.75);
#824=CIRCLE('',#12033,0.5);
#825=CIRCLE('',#12037,0.75);
#826=CIRCLE('',#12038,0.5);
#827=CIRCLE('',#12042,0.75);
#828=CIRCLE('',#12043,0.5);
#829=CIRCLE('',#12047,0.75);
#830=CIRCLE('',#12048,0.5);
#831=CIRCLE('',#12052,0.75);
#832=CIRCLE('',#12053,0.5);
#833=CIRCLE('',#12057,0.75);
#834=CIRCLE('',#12058,0.5);
#835=CIRCLE('',#12062,0.75);
#836=CIRCLE('',#12063,0.5);
#837=CIRCLE('',#12067,0.75);
#838=CIRCLE('',#12068,0.5);
#839=CIRCLE('',#12072,0.75);
#840=CIRCLE('',#12073,0.5);
#841=CIRCLE('',#12077,0.75);
#842=CIRCLE('',#12078,0.5);
#843=CIRCLE('',#12082,0.75);
#844=CIRCLE('',#12083,0.5);
#845=CIRCLE('',#12087,0.75);
#846=CIRCLE('',#12088,0.5);
#847=CIRCLE('',#12092,0.75);
#848=CIRCLE('',#12093,0.5);
#849=CIRCLE('',#12097,0.75);
#850=CIRCLE('',#12098,0.5);
#851=CIRCLE('',#12102,0.75);
#852=CIRCLE('',#12103,0.5);
#853=CIRCLE('',#12107,0.75);
#854=CIRCLE('',#12108,0.5);
#855=CIRCLE('',#12112,0.75);
#856=CIRCLE('',#12113,0.5);
#857=CIRCLE('',#12117,0.75);
#858=CIRCLE('',#12118,0.5);
#859=CIRCLE('',#12122,0.75);
#860=CIRCLE('',#12123,0.5);
#861=CIRCLE('',#12127,0.75);
#862=CIRCLE('',#12128,0.5);
#863=CIRCLE('',#12142,0.3);
#864=CIRCLE('',#12144,0.3);
#865=CIRCLE('',#12149,0.3);
#866=CIRCLE('',#12151,0.3);
#867=STYLED_ITEM('',(#18399),#10533);
#868=STYLED_ITEM('',(#18399),#10534);
#869=STYLED_ITEM('',(#18399),#10536);
#870=STYLED_ITEM('',(#18399),#10537);
#871=STYLED_ITEM('',(#18399),#10538);
#872=STYLED_ITEM('',(#18399),#10542);
#873=STYLED_ITEM('',(#18399),#10545);
#874=STYLED_ITEM('',(#18400),#10551);
#875=STYLED_ITEM('',(#18399),#10554);
#876=STYLED_ITEM('',(#18399),#10558);
#877=STYLED_ITEM('',(#18399),#10562);
#878=STYLED_ITEM('',(#18399),#10563);
#879=STYLED_ITEM('',(#18399),#10564);
#880=STYLED_ITEM('',(#18399),#10565);
#881=STYLED_ITEM('',(#18399),#10567);
#882=STYLED_ITEM('',(#18399),#10568);
#883=STYLED_ITEM('',(#18399),#10569);
#884=STYLED_ITEM('',(#18399),#10572);
#885=STYLED_ITEM('',(#18399),#10576);
#886=STYLED_ITEM('',(#18399),#10577);
#887=STYLED_ITEM('',(#18399),#10580);
#888=STYLED_ITEM('',(#18399),#10581);
#889=STYLED_ITEM('',(#18399),#10582);
#890=STYLED_ITEM('',(#18399),#10583);
#891=STYLED_ITEM('',(#18399),#10584);
#892=STYLED_ITEM('',(#18399),#10585);
#893=STYLED_ITEM('',(#18399),#10586);
#894=STYLED_ITEM('',(#18399),#10587);
#895=STYLED_ITEM('',(#18399),#10589);
#896=STYLED_ITEM('',(#18399),#10590);
#897=STYLED_ITEM('',(#18401),#10600);
#898=STYLED_ITEM('',(#18401),#10602);
#899=STYLED_ITEM('',(#18401),#10604);
#900=STYLED_ITEM('',(#18401),#10606);
#901=STYLED_ITEM('',(#18401),#10608);
#902=STYLED_ITEM('',(#18399),#10611);
#903=STYLED_ITEM('',(#18399),#10612);
#904=STYLED_ITEM('',(#18399),#10613);
#905=STYLED_ITEM('',(#18399),#10614);
#906=STYLED_ITEM('',(#18399),#10615);
#907=STYLED_ITEM('',(#18399),#10616);
#908=STYLED_ITEM('',(#18399),#10617);
#909=STYLED_ITEM('',(#18399),#10618);
#910=STYLED_ITEM('',(#18399),#10619);
#911=STYLED_ITEM('',(#18399),#10620);
#912=STYLED_ITEM('',(#18399),#10621);
#913=STYLED_ITEM('',(#18399),#10622);
#914=STYLED_ITEM('',(#18399),#10623);
#915=STYLED_ITEM('',(#18399),#10624);
#916=STYLED_ITEM('',(#18399),#10625);
#917=STYLED_ITEM('',(#18399),#10626);
#918=STYLED_ITEM('',(#18399),#10627);
#919=STYLED_ITEM('',(#18399),#10629);
#920=STYLED_ITEM('',(#18399),#10630);
#921=STYLED_ITEM('',(#18399),#10632);
#922=STYLED_ITEM('',(#18399),#10633);
#923=STYLED_ITEM('',(#18402),#10634);
#924=STYLED_ITEM('',(#18399),#10636);
#925=STYLED_ITEM('',(#18399),#10637);
#926=STYLED_ITEM('',(#18399),#10638);
#927=STYLED_ITEM('',(#18399),#10639);
#928=STYLED_ITEM('',(#18399),#10641);
#929=STYLED_ITEM('',(#18399),#10642);
#930=STYLED_ITEM('',(#18399),#10643);
#931=STYLED_ITEM('',(#18399),#10645);
#932=STYLED_ITEM('',(#18399),#10647);
#933=STYLED_ITEM('',(#18399),#10648);
#934=STYLED_ITEM('',(#18399),#10649);
#935=STYLED_ITEM('',(#18399),#10652);
#936=STYLED_ITEM('',(#18399),#10653);
#937=STYLED_ITEM('',(#18399),#10654);
#938=STYLED_ITEM('',(#18399),#10657);
#939=STYLED_ITEM('',(#18399),#10658);
#940=STYLED_ITEM('',(#18399),#10659);
#941=STYLED_ITEM('',(#18399),#10660);
#942=STYLED_ITEM('',(#18399),#10664);
#943=STYLED_ITEM('',(#18399),#10665);
#944=STYLED_ITEM('',(#18399),#10667);
#945=STYLED_ITEM('',(#18399),#10668);
#946=STYLED_ITEM('',(#18399),#10669);
#947=STYLED_ITEM('',(#18399),#10670);
#948=STYLED_ITEM('',(#18399),#10674);
#949=STYLED_ITEM('',(#18399),#10675);
#950=STYLED_ITEM('',(#18399),#10677);
#951=STYLED_ITEM('',(#18399),#10678);
#952=STYLED_ITEM('',(#18399),#10679);
#953=STYLED_ITEM('',(#18399),#10680);
#954=STYLED_ITEM('',(#18399),#10684);
#955=STYLED_ITEM('',(#18399),#10685);
#956=STYLED_ITEM('',(#18399),#10687);
#957=STYLED_ITEM('',(#18399),#10688);
#958=STYLED_ITEM('',(#18399),#10689);
#959=STYLED_ITEM('',(#18399),#10690);
#960=STYLED_ITEM('',(#18399),#10694);
#961=STYLED_ITEM('',(#18399),#10695);
#962=STYLED_ITEM('',(#18399),#10697);
#963=STYLED_ITEM('',(#18399),#10698);
#964=STYLED_ITEM('',(#18399),#10699);
#965=STYLED_ITEM('',(#18399),#10700);
#966=STYLED_ITEM('',(#18399),#10704);
#967=STYLED_ITEM('',(#18399),#10705);
#968=STYLED_ITEM('',(#18399),#10707);
#969=STYLED_ITEM('',(#18399),#10708);
#970=STYLED_ITEM('',(#18399),#10709);
#971=STYLED_ITEM('',(#18399),#10710);
#972=STYLED_ITEM('',(#18399),#10714);
#973=STYLED_ITEM('',(#18399),#10715);
#974=STYLED_ITEM('',(#18399),#10717);
#975=STYLED_ITEM('',(#18399),#10718);
#976=STYLED_ITEM('',(#18399),#10719);
#977=STYLED_ITEM('',(#18399),#10720);
#978=STYLED_ITEM('',(#18399),#10724);
#979=STYLED_ITEM('',(#18399),#10725);
#980=STYLED_ITEM('',(#18399),#10727);
#981=STYLED_ITEM('',(#18399),#10728);
#982=STYLED_ITEM('',(#18399),#10729);
#983=STYLED_ITEM('',(#18399),#10730);
#984=STYLED_ITEM('',(#18399),#10734);
#985=STYLED_ITEM('',(#18399),#10735);
#986=STYLED_ITEM('',(#18399),#10737);
#987=STYLED_ITEM('',(#18399),#10738);
#988=STYLED_ITEM('',(#18399),#10739);
#989=STYLED_ITEM('',(#18399),#10740);
#990=STYLED_ITEM('',(#18399),#10744);
#991=STYLED_ITEM('',(#18399),#10745);
#992=STYLED_ITEM('',(#18399),#10747);
#993=STYLED_ITEM('',(#18399),#10748);
#994=STYLED_ITEM('',(#18399),#10749);
#995=STYLED_ITEM('',(#18399),#10750);
#996=STYLED_ITEM('',(#18399),#10754);
#997=STYLED_ITEM('',(#18399),#10755);
#998=STYLED_ITEM('',(#18399),#10756);
#999=STYLED_ITEM('',(#18399),#10757);
#1000=STYLED_ITEM('',(#18399),#10758);
#1001=STYLED_ITEM('',(#18399),#10759);
#1002=STYLED_ITEM('',(#18399),#10760);
#1003=STYLED_ITEM('',(#18399),#10761);
#1004=STYLED_ITEM('',(#18399),#10762);
#1005=STYLED_ITEM('',(#18399),#10763);
#1006=STYLED_ITEM('',(#18399),#10764);
#1007=STYLED_ITEM('',(#18399),#10766);
#1008=STYLED_ITEM('',(#18399),#10767);
#1009=STYLED_ITEM('',(#18399),#10769);
#1010=STYLED_ITEM('',(#18399),#10770);
#1011=STYLED_ITEM('',(#18399),#10771);
#1012=STYLED_ITEM('',(#18399),#10773);
#1013=STYLED_ITEM('',(#18399),#10775);
#1014=STYLED_ITEM('',(#18399),#10777);
#1015=STYLED_ITEM('',(#18399),#10779);
#1016=STYLED_ITEM('',(#18401),#10781);
#1017=STYLED_ITEM('',(#18401),#10782);
#1018=STYLED_ITEM('',(#18399),#10783);
#1019=STYLED_ITEM('',(#18399),#10784);
#1020=STYLED_ITEM('',(#18399),#10785);
#1021=STYLED_ITEM('',(#18399),#10786);
#1022=STYLED_ITEM('',(#18399),#10787);
#1023=STYLED_ITEM('',(#18399),#10788);
#1024=STYLED_ITEM('',(#18399),#10792);
#1025=STYLED_ITEM('',(#18399),#10793);
#1026=STYLED_ITEM('',(#18399),#10794);
#1027=STYLED_ITEM('',(#18399),#10796);
#1028=STYLED_ITEM('',(#18399),#10797);
#1029=STYLED_ITEM('',(#18399),#10798);
#1030=STYLED_ITEM('',(#18399),#10802);
#1031=STYLED_ITEM('',(#18399),#10803);
#1032=STYLED_ITEM('',(#18399),#10804);
#1033=STYLED_ITEM('',(#18399),#10805);
#1034=STYLED_ITEM('',(#18399),#10806);
#1035=STYLED_ITEM('',(#18399),#10807);
#1036=STYLED_ITEM('',(#18399),#10808);
#1037=STYLED_ITEM('',(#18399),#10812);
#1038=STYLED_ITEM('',(#18399),#10813);
#1039=STYLED_ITEM('',(#18399),#10814);
#1040=STYLED_ITEM('',(#18399),#10815);
#1041=STYLED_ITEM('',(#18399),#10816);
#1042=STYLED_ITEM('',(#18399),#10817);
#1043=STYLED_ITEM('',(#18399),#10818);
#1044=STYLED_ITEM('',(#18399),#10822);
#1045=STYLED_ITEM('',(#18399),#10823);
#1046=STYLED_ITEM('',(#18399),#10824);
#1047=STYLED_ITEM('',(#18399),#10825);
#1048=STYLED_ITEM('',(#18399),#10826);
#1049=STYLED_ITEM('',(#18399),#10827);
#1050=STYLED_ITEM('',(#18399),#10828);
#1051=STYLED_ITEM('',(#18399),#10832);
#1052=STYLED_ITEM('',(#18403),#10835);
#1053=STYLED_ITEM('',(#18401),#10836);
#1054=STYLED_ITEM('',(#18403),#10837);
#1055=STYLED_ITEM('',(#18403),#10838);
#1056=STYLED_ITEM('',(#18403),#10839);
#1057=STYLED_ITEM('',(#18403),#10842);
#1058=STYLED_ITEM('',(#18403),#10843);
#1059=STYLED_ITEM('',(#18403),#10844);
#1060=STYLED_ITEM('',(#18399),#10845);
#1061=STYLED_ITEM('',(#18399),#10847);
#1062=STYLED_ITEM('',(#18399),#10849);
#1063=STYLED_ITEM('',(#18399),#10851);
#1064=STYLED_ITEM('',(#18399),#10853);
#1065=STYLED_ITEM('',(#18401),#10855);
#1066=STYLED_ITEM('',(#18401),#10856);
#1067=STYLED_ITEM('',(#18399),#10857);
#1068=STYLED_ITEM('',(#18399),#10858);
#1069=STYLED_ITEM('',(#18399),#10859);
#1070=STYLED_ITEM('',(#18399),#10860);
#1071=STYLED_ITEM('',(#18399),#10861);
#1072=STYLED_ITEM('',(#18399),#10862);
#1073=STYLED_ITEM('',(#18399),#10866);
#1074=STYLED_ITEM('',(#18399),#10867);
#1075=STYLED_ITEM('',(#18399),#10868);
#1076=STYLED_ITEM('',(#18399),#10869);
#1077=STYLED_ITEM('',(#18399),#10870);
#1078=STYLED_ITEM('',(#18399),#10871);
#1079=STYLED_ITEM('',(#18399),#10872);
#1080=STYLED_ITEM('',(#18399),#10877);
#1081=STYLED_ITEM('',(#18399),#10878);
#1082=STYLED_ITEM('',(#18399),#10879);
#1083=STYLED_ITEM('',(#18399),#10880);
#1084=STYLED_ITEM('',(#18399),#10881);
#1085=STYLED_ITEM('',(#18399),#10882);
#1086=STYLED_ITEM('',(#18399),#10887);
#1087=STYLED_ITEM('',(#18399),#10888);
#1088=STYLED_ITEM('',(#18399),#10889);
#1089=STYLED_ITEM('',(#18399),#10890);
#1090=STYLED_ITEM('',(#18399),#10891);
#1091=STYLED_ITEM('',(#18399),#10892);
#1092=STYLED_ITEM('',(#18399),#10896);
#1093=STYLED_ITEM('',(#18399),#10897);
#1094=STYLED_ITEM('',(#18399),#10898);
#1095=STYLED_ITEM('',(#18399),#10899);
#1096=STYLED_ITEM('',(#18399),#10900);
#1097=STYLED_ITEM('',(#18399),#10901);
#1098=STYLED_ITEM('',(#18399),#10902);
#1099=STYLED_ITEM('',(#18399),#10906);
#1100=STYLED_ITEM('',(#18403),#10909);
#1101=STYLED_ITEM('',(#18401),#10910);
#1102=STYLED_ITEM('',(#18403),#10911);
#1103=STYLED_ITEM('',(#18404),#10944);
#1104=STYLED_ITEM('',(#18404),#10946);
#1105=STYLED_ITEM('',(#18404),#10948);
#1106=STYLED_ITEM('',(#18404),#10950);
#1107=STYLED_ITEM('',(#18404),#10953);
#1108=STYLED_ITEM('',(#18404),#10956);
#1109=STYLED_ITEM('',(#18404),#10959);
#1110=STYLED_ITEM('',(#18404),#10961);
#1111=STYLED_ITEM('',(#18404),#10963);
#1112=STYLED_ITEM('',(#18404),#10965);
#1113=STYLED_ITEM('',(#18404),#10967);
#1114=STYLED_ITEM('',(#18404),#10969);
#1115=STYLED_ITEM('',(#18404),#10971);
#1116=STYLED_ITEM('',(#18404),#10973);
#1117=STYLED_ITEM('',(#18404),#10975);
#1118=STYLED_ITEM('',(#18404),#10977);
#1119=STYLED_ITEM('',(#18404),#10979);
#1120=STYLED_ITEM('',(#18404),#10981);
#1121=STYLED_ITEM('',(#18404),#10983);
#1122=STYLED_ITEM('',(#18404),#10985);
#1123=STYLED_ITEM('',(#18404),#10987);
#1124=STYLED_ITEM('',(#18404),#10989);
#1125=STYLED_ITEM('',(#18404),#10991);
#1126=STYLED_ITEM('',(#18404),#10993);
#1127=STYLED_ITEM('',(#18404),#10995);
#1128=STYLED_ITEM('',(#18404),#10997);
#1129=STYLED_ITEM('',(#18404),#10999);
#1130=STYLED_ITEM('',(#18404),#11001);
#1131=STYLED_ITEM('',(#18404),#11003);
#1132=STYLED_ITEM('',(#18404),#11005);
#1133=STYLED_ITEM('',(#18404),#11007);
#1134=STYLED_ITEM('',(#18404),#11009);
#1135=STYLED_ITEM('',(#18404),#11011);
#1136=STYLED_ITEM('',(#18404),#11014);
#1137=STYLED_ITEM('',(#18404),#11017);
#1138=STYLED_ITEM('',(#18404),#11020);
#1139=STYLED_ITEM('',(#18404),#11023);
#1140=STYLED_ITEM('',(#18404),#11026);
#1141=STYLED_ITEM('',(#18404),#11029);
#1142=STYLED_ITEM('',(#18404),#11032);
#1143=STYLED_ITEM('',(#18404),#11035);
#1144=STYLED_ITEM('',(#18404),#11038);
#1145=STYLED_ITEM('',(#18404),#11041);
#1146=STYLED_ITEM('',(#18404),#11044);
#1147=STYLED_ITEM('',(#18404),#11047);
#1148=STYLED_ITEM('',(#18404),#11050);
#1149=STYLED_ITEM('',(#18404),#11053);
#1150=STYLED_ITEM('',(#18404),#11056);
#1151=STYLED_ITEM('',(#18404),#11059);
#1152=STYLED_ITEM('',(#18404),#11062);
#1153=STYLED_ITEM('',(#18404),#11065);
#1154=STYLED_ITEM('',(#18404),#11068);
#1155=STYLED_ITEM('',(#18404),#11071);
#1156=STYLED_ITEM('',(#18404),#11074);
#1157=STYLED_ITEM('',(#18404),#11077);
#1158=STYLED_ITEM('',(#18404),#11080);
#1159=STYLED_ITEM('',(#18404),#11083);
#1160=STYLED_ITEM('',(#18404),#11086);
#1161=STYLED_ITEM('',(#18402),#11089);
#1162=STYLED_ITEM('',(#18402),#11090);
#1163=STYLED_ITEM('',(#18402),#11091);
#1164=STYLED_ITEM('',(#18402),#11092);
#1165=STYLED_ITEM('',(#18402),#11093);
#1166=STYLED_ITEM('',(#18402),#11094);
#1167=STYLED_ITEM('',(#18402),#11095);
#1168=STYLED_ITEM('',(#18402),#11097);
#1169=STYLED_ITEM('',(#18399),#11098);
#1170=STYLED_ITEM('',(#18399),#11099);
#1171=STYLED_ITEM('',(#18399),#11100);
#1172=STYLED_ITEM('',(#18399),#11101);
#1173=STYLED_ITEM('',(#18399),#11103);
#1174=STYLED_ITEM('',(#18399),#11104);
#1175=STYLED_ITEM('',(#18399),#11105);
#1176=STYLED_ITEM('',(#18399),#11106);
#1177=STYLED_ITEM('',(#18398),#13);
#1178=FACE_OUTER_BOUND('',#1754,.T.);
#1179=FACE_OUTER_BOUND('',#1755,.T.);
#1180=FACE_OUTER_BOUND('',#1756,.T.);
#1181=FACE_OUTER_BOUND('',#1757,.T.);
#1182=FACE_OUTER_BOUND('',#1758,.T.);
#1183=FACE_OUTER_BOUND('',#1759,.T.);
#1184=FACE_OUTER_BOUND('',#1760,.T.);
#1185=FACE_OUTER_BOUND('',#1761,.T.);
#1186=FACE_OUTER_BOUND('',#1762,.T.);
#1187=FACE_OUTER_BOUND('',#1763,.T.);
#1188=FACE_OUTER_BOUND('',#1764,.T.);
#1189=FACE_OUTER_BOUND('',#1765,.T.);
#1190=FACE_OUTER_BOUND('',#1766,.T.);
#1191=FACE_OUTER_BOUND('',#1767,.T.);
#1192=FACE_OUTER_BOUND('',#1768,.T.);
#1193=FACE_OUTER_BOUND('',#1769,.T.);
#1194=FACE_OUTER_BOUND('',#1770,.T.);
#1195=FACE_OUTER_BOUND('',#1771,.T.);
#1196=FACE_OUTER_BOUND('',#1772,.T.);
#1197=FACE_OUTER_BOUND('',#1773,.T.);
#1198=FACE_OUTER_BOUND('',#1774,.T.);
#1199=FACE_OUTER_BOUND('',#1775,.T.);
#1200=FACE_OUTER_BOUND('',#1776,.T.);
#1201=FACE_OUTER_BOUND('',#1777,.T.);
#1202=FACE_OUTER_BOUND('',#1778,.T.);
#1203=FACE_OUTER_BOUND('',#1779,.T.);
#1204=FACE_OUTER_BOUND('',#1780,.T.);
#1205=FACE_OUTER_BOUND('',#1781,.T.);
#1206=FACE_OUTER_BOUND('',#1782,.T.);
#1207=FACE_OUTER_BOUND('',#1783,.T.);
#1208=FACE_OUTER_BOUND('',#1784,.T.);
#1209=FACE_OUTER_BOUND('',#1785,.T.);
#1210=FACE_OUTER_BOUND('',#1786,.T.);
#1211=FACE_OUTER_BOUND('',#1787,.T.);
#1212=FACE_OUTER_BOUND('',#1788,.T.);
#1213=FACE_OUTER_BOUND('',#1789,.T.);
#1214=FACE_OUTER_BOUND('',#1790,.T.);
#1215=FACE_OUTER_BOUND('',#1791,.T.);
#1216=FACE_OUTER_BOUND('',#1792,.T.);
#1217=FACE_OUTER_BOUND('',#1793,.T.);
#1218=FACE_OUTER_BOUND('',#1794,.T.);
#1219=FACE_OUTER_BOUND('',#1795,.T.);
#1220=FACE_OUTER_BOUND('',#1796,.T.);
#1221=FACE_OUTER_BOUND('',#1797,.T.);
#1222=FACE_OUTER_BOUND('',#1798,.T.);
#1223=FACE_OUTER_BOUND('',#1799,.T.);
#1224=FACE_OUTER_BOUND('',#1800,.T.);
#1225=FACE_OUTER_BOUND('',#1801,.T.);
#1226=FACE_OUTER_BOUND('',#1802,.T.);
#1227=FACE_OUTER_BOUND('',#1803,.T.);
#1228=FACE_OUTER_BOUND('',#1804,.T.);
#1229=FACE_OUTER_BOUND('',#1805,.T.);
#1230=FACE_OUTER_BOUND('',#1807,.T.);
#1231=FACE_OUTER_BOUND('',#1818,.T.);
#1232=FACE_OUTER_BOUND('',#1819,.T.);
#1233=FACE_OUTER_BOUND('',#1820,.T.);
#1234=FACE_OUTER_BOUND('',#1821,.T.);
#1235=FACE_OUTER_BOUND('',#1822,.T.);
#1236=FACE_OUTER_BOUND('',#1823,.T.);
#1237=FACE_OUTER_BOUND('',#1824,.T.);
#1238=FACE_OUTER_BOUND('',#1825,.T.);
#1239=FACE_OUTER_BOUND('',#1826,.T.);
#1240=FACE_OUTER_BOUND('',#1828,.T.);
#1241=FACE_OUTER_BOUND('',#1829,.T.);
#1242=FACE_OUTER_BOUND('',#1830,.T.);
#1243=FACE_OUTER_BOUND('',#1831,.T.);
#1244=FACE_OUTER_BOUND('',#1832,.T.);
#1245=FACE_OUTER_BOUND('',#1833,.T.);
#1246=FACE_OUTER_BOUND('',#1834,.T.);
#1247=FACE_OUTER_BOUND('',#1835,.T.);
#1248=FACE_OUTER_BOUND('',#1836,.T.);
#1249=FACE_OUTER_BOUND('',#1837,.T.);
#1250=FACE_OUTER_BOUND('',#1838,.T.);
#1251=FACE_OUTER_BOUND('',#1839,.T.);
#1252=FACE_OUTER_BOUND('',#1840,.T.);
#1253=FACE_OUTER_BOUND('',#1841,.T.);
#1254=FACE_OUTER_BOUND('',#1842,.T.);
#1255=FACE_OUTER_BOUND('',#1843,.T.);
#1256=FACE_OUTER_BOUND('',#1844,.T.);
#1257=FACE_OUTER_BOUND('',#1845,.T.);
#1258=FACE_OUTER_BOUND('',#1846,.T.);
#1259=FACE_OUTER_BOUND('',#1847,.T.);
#1260=FACE_OUTER_BOUND('',#1848,.T.);
#1261=FACE_OUTER_BOUND('',#1849,.T.);
#1262=FACE_OUTER_BOUND('',#1850,.T.);
#1263=FACE_OUTER_BOUND('',#1851,.T.);
#1264=FACE_OUTER_BOUND('',#1852,.T.);
#1265=FACE_OUTER_BOUND('',#1853,.T.);
#1266=FACE_OUTER_BOUND('',#1854,.T.);
#1267=FACE_OUTER_BOUND('',#1855,.T.);
#1268=FACE_OUTER_BOUND('',#1856,.T.);
#1269=FACE_OUTER_BOUND('',#1857,.T.);
#1270=FACE_OUTER_BOUND('',#1858,.T.);
#1271=FACE_OUTER_BOUND('',#1859,.T.);
#1272=FACE_OUTER_BOUND('',#1860,.T.);
#1273=FACE_OUTER_BOUND('',#1861,.T.);
#1274=FACE_OUTER_BOUND('',#1862,.T.);
#1275=FACE_OUTER_BOUND('',#1863,.T.);
#1276=FACE_OUTER_BOUND('',#1864,.T.);
#1277=FACE_OUTER_BOUND('',#1865,.T.);
#1278=FACE_OUTER_BOUND('',#1866,.T.);
#1279=FACE_OUTER_BOUND('',#1867,.T.);
#1280=FACE_OUTER_BOUND('',#1868,.T.);
#1281=FACE_OUTER_BOUND('',#1916,.T.);
#1282=FACE_OUTER_BOUND('',#1917,.T.);
#1283=FACE_OUTER_BOUND('',#1918,.T.);
#1284=FACE_OUTER_BOUND('',#1919,.T.);
#1285=FACE_OUTER_BOUND('',#1920,.T.);
#1286=FACE_OUTER_BOUND('',#1921,.T.);
#1287=FACE_OUTER_BOUND('',#1922,.T.);
#1288=FACE_OUTER_BOUND('',#1923,.T.);
#1289=FACE_OUTER_BOUND('',#1924,.T.);
#1290=FACE_OUTER_BOUND('',#1925,.T.);
#1291=FACE_OUTER_BOUND('',#1926,.T.);
#1292=FACE_OUTER_BOUND('',#1927,.T.);
#1293=FACE_OUTER_BOUND('',#1928,.T.);
#1294=FACE_OUTER_BOUND('',#1929,.T.);
#1295=FACE_OUTER_BOUND('',#1930,.T.);
#1296=FACE_OUTER_BOUND('',#1931,.T.);
#1297=FACE_OUTER_BOUND('',#1932,.T.);
#1298=FACE_OUTER_BOUND('',#1933,.T.);
#1299=FACE_OUTER_BOUND('',#1934,.T.);
#1300=FACE_OUTER_BOUND('',#1935,.T.);
#1301=FACE_OUTER_BOUND('',#1936,.T.);
#1302=FACE_OUTER_BOUND('',#1937,.T.);
#1303=FACE_OUTER_BOUND('',#1938,.T.);
#1304=FACE_OUTER_BOUND('',#1939,.T.);
#1305=FACE_OUTER_BOUND('',#1940,.T.);
#1306=FACE_OUTER_BOUND('',#1941,.T.);
#1307=FACE_OUTER_BOUND('',#1942,.T.);
#1308=FACE_OUTER_BOUND('',#1943,.T.);
#1309=FACE_OUTER_BOUND('',#1944,.T.);
#1310=FACE_OUTER_BOUND('',#1945,.T.);
#1311=FACE_OUTER_BOUND('',#1946,.T.);
#1312=FACE_OUTER_BOUND('',#1947,.T.);
#1313=FACE_OUTER_BOUND('',#1948,.T.);
#1314=FACE_OUTER_BOUND('',#1949,.T.);
#1315=FACE_OUTER_BOUND('',#1950,.T.);
#1316=FACE_OUTER_BOUND('',#1951,.T.);
#1317=FACE_OUTER_BOUND('',#1952,.T.);
#1318=FACE_OUTER_BOUND('',#1953,.T.);
#1319=FACE_OUTER_BOUND('',#1954,.T.);
#1320=FACE_OUTER_BOUND('',#1955,.T.);
#1321=FACE_OUTER_BOUND('',#1956,.T.);
#1322=FACE_OUTER_BOUND('',#1957,.T.);
#1323=FACE_OUTER_BOUND('',#1958,.T.);
#1324=FACE_OUTER_BOUND('',#1959,.T.);
#1325=FACE_OUTER_BOUND('',#1960,.T.);
#1326=FACE_OUTER_BOUND('',#1961,.T.);
#1327=FACE_OUTER_BOUND('',#1962,.T.);
#1328=FACE_OUTER_BOUND('',#1963,.T.);
#1329=FACE_OUTER_BOUND('',#1964,.T.);
#1330=FACE_OUTER_BOUND('',#1965,.T.);
#1331=FACE_OUTER_BOUND('',#1966,.T.);
#1332=FACE_OUTER_BOUND('',#1967,.T.);
#1333=FACE_OUTER_BOUND('',#1968,.T.);
#1334=FACE_OUTER_BOUND('',#1969,.T.);
#1335=FACE_OUTER_BOUND('',#1970,.T.);
#1336=FACE_OUTER_BOUND('',#1971,.T.);
#1337=FACE_OUTER_BOUND('',#1972,.T.);
#1338=FACE_OUTER_BOUND('',#1973,.T.);
#1339=FACE_OUTER_BOUND('',#1974,.T.);
#1340=FACE_OUTER_BOUND('',#1975,.T.);
#1341=FACE_OUTER_BOUND('',#1976,.T.);
#1342=FACE_OUTER_BOUND('',#1977,.T.);
#1343=FACE_OUTER_BOUND('',#1978,.T.);
#1344=FACE_OUTER_BOUND('',#1979,.T.);
#1345=FACE_OUTER_BOUND('',#1980,.T.);
#1346=FACE_OUTER_BOUND('',#1981,.T.);
#1347=FACE_OUTER_BOUND('',#1982,.T.);
#1348=FACE_OUTER_BOUND('',#1983,.T.);
#1349=FACE_OUTER_BOUND('',#1984,.T.);
#1350=FACE_OUTER_BOUND('',#1985,.T.);
#1351=FACE_OUTER_BOUND('',#1986,.T.);
#1352=FACE_OUTER_BOUND('',#1987,.T.);
#1353=FACE_OUTER_BOUND('',#1988,.T.);
#1354=FACE_OUTER_BOUND('',#1989,.T.);
#1355=FACE_OUTER_BOUND('',#1990,.T.);
#1356=FACE_OUTER_BOUND('',#1991,.T.);
#1357=FACE_OUTER_BOUND('',#1992,.T.);
#1358=FACE_OUTER_BOUND('',#1993,.T.);
#1359=FACE_OUTER_BOUND('',#1994,.T.);
#1360=FACE_OUTER_BOUND('',#1995,.T.);
#1361=FACE_OUTER_BOUND('',#1996,.T.);
#1362=FACE_OUTER_BOUND('',#1997,.T.);
#1363=FACE_OUTER_BOUND('',#1998,.T.);
#1364=FACE_OUTER_BOUND('',#1999,.T.);
#1365=FACE_OUTER_BOUND('',#2000,.T.);
#1366=FACE_OUTER_BOUND('',#2001,.T.);
#1367=FACE_OUTER_BOUND('',#2002,.T.);
#1368=FACE_OUTER_BOUND('',#2003,.T.);
#1369=FACE_OUTER_BOUND('',#2004,.T.);
#1370=FACE_OUTER_BOUND('',#2005,.T.);
#1371=FACE_OUTER_BOUND('',#2006,.T.);
#1372=FACE_OUTER_BOUND('',#2007,.T.);
#1373=FACE_OUTER_BOUND('',#2008,.T.);
#1374=FACE_OUTER_BOUND('',#2009,.T.);
#1375=FACE_OUTER_BOUND('',#2010,.T.);
#1376=FACE_OUTER_BOUND('',#2011,.T.);
#1377=FACE_OUTER_BOUND('',#2012,.T.);
#1378=FACE_OUTER_BOUND('',#2013,.T.);
#1379=FACE_OUTER_BOUND('',#2014,.T.);
#1380=FACE_OUTER_BOUND('',#2015,.T.);
#1381=FACE_OUTER_BOUND('',#2016,.T.);
#1382=FACE_OUTER_BOUND('',#2017,.T.);
#1383=FACE_OUTER_BOUND('',#2018,.T.);
#1384=FACE_OUTER_BOUND('',#2019,.T.);
#1385=FACE_OUTER_BOUND('',#2020,.T.);
#1386=FACE_OUTER_BOUND('',#2021,.T.);
#1387=FACE_OUTER_BOUND('',#2022,.T.);
#1388=FACE_OUTER_BOUND('',#2023,.T.);
#1389=FACE_OUTER_BOUND('',#2024,.T.);
#1390=FACE_OUTER_BOUND('',#2025,.T.);
#1391=FACE_OUTER_BOUND('',#2026,.T.);
#1392=FACE_OUTER_BOUND('',#2027,.T.);
#1393=FACE_OUTER_BOUND('',#2028,.T.);
#1394=FACE_OUTER_BOUND('',#2029,.T.);
#1395=FACE_OUTER_BOUND('',#2030,.T.);
#1396=FACE_OUTER_BOUND('',#2031,.T.);
#1397=FACE_OUTER_BOUND('',#2032,.T.);
#1398=FACE_OUTER_BOUND('',#2033,.T.);
#1399=FACE_OUTER_BOUND('',#2034,.T.);
#1400=FACE_OUTER_BOUND('',#2035,.T.);
#1401=FACE_OUTER_BOUND('',#2036,.T.);
#1402=FACE_OUTER_BOUND('',#2037,.T.);
#1403=FACE_OUTER_BOUND('',#2038,.T.);
#1404=FACE_OUTER_BOUND('',#2039,.T.);
#1405=FACE_OUTER_BOUND('',#2040,.T.);
#1406=FACE_OUTER_BOUND('',#2041,.T.);
#1407=FACE_OUTER_BOUND('',#2042,.T.);
#1408=FACE_OUTER_BOUND('',#2043,.T.);
#1409=FACE_OUTER_BOUND('',#2044,.T.);
#1410=FACE_OUTER_BOUND('',#2045,.T.);
#1411=FACE_OUTER_BOUND('',#2046,.T.);
#1412=FACE_OUTER_BOUND('',#2047,.T.);
#1413=FACE_OUTER_BOUND('',#2048,.T.);
#1414=FACE_OUTER_BOUND('',#2049,.T.);
#1415=FACE_OUTER_BOUND('',#2050,.T.);
#1416=FACE_OUTER_BOUND('',#2051,.T.);
#1417=FACE_OUTER_BOUND('',#2052,.T.);
#1418=FACE_OUTER_BOUND('',#2053,.T.);
#1419=FACE_OUTER_BOUND('',#2054,.T.);
#1420=FACE_OUTER_BOUND('',#2055,.T.);
#1421=FACE_OUTER_BOUND('',#2056,.T.);
#1422=FACE_OUTER_BOUND('',#2057,.T.);
#1423=FACE_OUTER_BOUND('',#2058,.T.);
#1424=FACE_OUTER_BOUND('',#2059,.T.);
#1425=FACE_OUTER_BOUND('',#2060,.T.);
#1426=FACE_OUTER_BOUND('',#2061,.T.);
#1427=FACE_OUTER_BOUND('',#2062,.T.);
#1428=FACE_OUTER_BOUND('',#2066,.T.);
#1429=FACE_OUTER_BOUND('',#2067,.T.);
#1430=FACE_OUTER_BOUND('',#2068,.T.);
#1431=FACE_OUTER_BOUND('',#2069,.T.);
#1432=FACE_OUTER_BOUND('',#2070,.T.);
#1433=FACE_OUTER_BOUND('',#2071,.T.);
#1434=FACE_OUTER_BOUND('',#2072,.T.);
#1435=FACE_OUTER_BOUND('',#2073,.T.);
#1436=FACE_OUTER_BOUND('',#2074,.T.);
#1437=FACE_OUTER_BOUND('',#2075,.T.);
#1438=FACE_OUTER_BOUND('',#2076,.T.);
#1439=FACE_OUTER_BOUND('',#2077,.T.);
#1440=FACE_OUTER_BOUND('',#2078,.T.);
#1441=FACE_OUTER_BOUND('',#2079,.T.);
#1442=FACE_OUTER_BOUND('',#2080,.T.);
#1443=FACE_OUTER_BOUND('',#2081,.T.);
#1444=FACE_OUTER_BOUND('',#2082,.T.);
#1445=FACE_OUTER_BOUND('',#2083,.T.);
#1446=FACE_OUTER_BOUND('',#2084,.T.);
#1447=FACE_OUTER_BOUND('',#2085,.T.);
#1448=FACE_OUTER_BOUND('',#2086,.T.);
#1449=FACE_OUTER_BOUND('',#2087,.T.);
#1450=FACE_OUTER_BOUND('',#2088,.T.);
#1451=FACE_OUTER_BOUND('',#2089,.T.);
#1452=FACE_OUTER_BOUND('',#2090,.T.);
#1453=FACE_OUTER_BOUND('',#2091,.T.);
#1454=FACE_OUTER_BOUND('',#2092,.T.);
#1455=FACE_OUTER_BOUND('',#2093,.T.);
#1456=FACE_OUTER_BOUND('',#2094,.T.);
#1457=FACE_OUTER_BOUND('',#2095,.T.);
#1458=FACE_OUTER_BOUND('',#2096,.T.);
#1459=FACE_OUTER_BOUND('',#2097,.T.);
#1460=FACE_OUTER_BOUND('',#2098,.T.);
#1461=FACE_OUTER_BOUND('',#2099,.T.);
#1462=FACE_OUTER_BOUND('',#2100,.T.);
#1463=FACE_OUTER_BOUND('',#2101,.T.);
#1464=FACE_OUTER_BOUND('',#2102,.T.);
#1465=FACE_OUTER_BOUND('',#2103,.T.);
#1466=FACE_OUTER_BOUND('',#2104,.T.);
#1467=FACE_OUTER_BOUND('',#2105,.T.);
#1468=FACE_OUTER_BOUND('',#2106,.T.);
#1469=FACE_OUTER_BOUND('',#2107,.T.);
#1470=FACE_OUTER_BOUND('',#2108,.T.);
#1471=FACE_OUTER_BOUND('',#2109,.T.);
#1472=FACE_OUTER_BOUND('',#2110,.T.);
#1473=FACE_OUTER_BOUND('',#2111,.T.);
#1474=FACE_OUTER_BOUND('',#2112,.T.);
#1475=FACE_OUTER_BOUND('',#2113,.T.);
#1476=FACE_OUTER_BOUND('',#2114,.T.);
#1477=FACE_OUTER_BOUND('',#2115,.T.);
#1478=FACE_OUTER_BOUND('',#2116,.T.);
#1479=FACE_OUTER_BOUND('',#2117,.T.);
#1480=FACE_OUTER_BOUND('',#2118,.T.);
#1481=FACE_OUTER_BOUND('',#2119,.T.);
#1482=FACE_OUTER_BOUND('',#2121,.T.);
#1483=FACE_OUTER_BOUND('',#2122,.T.);
#1484=FACE_OUTER_BOUND('',#2125,.T.);
#1485=FACE_OUTER_BOUND('',#2126,.T.);
#1486=FACE_OUTER_BOUND('',#2127,.T.);
#1487=FACE_OUTER_BOUND('',#2128,.T.);
#1488=FACE_OUTER_BOUND('',#2129,.T.);
#1489=FACE_OUTER_BOUND('',#2130,.T.);
#1490=FACE_OUTER_BOUND('',#2131,.T.);
#1491=FACE_OUTER_BOUND('',#2133,.T.);
#1492=FACE_OUTER_BOUND('',#2134,.T.);
#1493=FACE_OUTER_BOUND('',#2135,.T.);
#1494=FACE_OUTER_BOUND('',#2136,.T.);
#1495=FACE_OUTER_BOUND('',#2137,.T.);
#1496=FACE_OUTER_BOUND('',#2138,.T.);
#1497=FACE_OUTER_BOUND('',#2139,.T.);
#1498=FACE_OUTER_BOUND('',#2140,.T.);
#1499=FACE_OUTER_BOUND('',#2141,.T.);
#1500=FACE_OUTER_BOUND('',#2142,.T.);
#1501=FACE_OUTER_BOUND('',#2143,.T.);
#1502=FACE_OUTER_BOUND('',#2147,.T.);
#1503=FACE_OUTER_BOUND('',#2148,.T.);
#1504=FACE_OUTER_BOUND('',#2149,.T.);
#1505=FACE_OUTER_BOUND('',#2150,.T.);
#1506=FACE_OUTER_BOUND('',#2151,.T.);
#1507=FACE_OUTER_BOUND('',#2152,.T.);
#1508=FACE_OUTER_BOUND('',#2153,.T.);
#1509=FACE_OUTER_BOUND('',#2154,.T.);
#1510=FACE_OUTER_BOUND('',#2155,.T.);
#1511=FACE_OUTER_BOUND('',#2156,.T.);
#1512=FACE_OUTER_BOUND('',#2157,.T.);
#1513=FACE_OUTER_BOUND('',#2158,.T.);
#1514=FACE_OUTER_BOUND('',#2159,.T.);
#1515=FACE_OUTER_BOUND('',#2160,.T.);
#1516=FACE_OUTER_BOUND('',#2161,.T.);
#1517=FACE_OUTER_BOUND('',#2162,.T.);
#1518=FACE_OUTER_BOUND('',#2163,.T.);
#1519=FACE_OUTER_BOUND('',#2164,.T.);
#1520=FACE_OUTER_BOUND('',#2165,.T.);
#1521=FACE_OUTER_BOUND('',#2166,.T.);
#1522=FACE_OUTER_BOUND('',#2167,.T.);
#1523=FACE_OUTER_BOUND('',#2168,.T.);
#1524=FACE_OUTER_BOUND('',#2169,.T.);
#1525=FACE_OUTER_BOUND('',#2170,.T.);
#1526=FACE_OUTER_BOUND('',#2171,.T.);
#1527=FACE_OUTER_BOUND('',#2172,.T.);
#1528=FACE_OUTER_BOUND('',#2173,.T.);
#1529=FACE_OUTER_BOUND('',#2174,.T.);
#1530=FACE_OUTER_BOUND('',#2175,.T.);
#1531=FACE_OUTER_BOUND('',#2176,.T.);
#1532=FACE_OUTER_BOUND('',#2177,.T.);
#1533=FACE_OUTER_BOUND('',#2178,.T.);
#1534=FACE_OUTER_BOUND('',#2179,.T.);
#1535=FACE_OUTER_BOUND('',#2180,.T.);
#1536=FACE_OUTER_BOUND('',#2181,.T.);
#1537=FACE_OUTER_BOUND('',#2182,.T.);
#1538=FACE_OUTER_BOUND('',#2183,.T.);
#1539=FACE_OUTER_BOUND('',#2184,.T.);
#1540=FACE_OUTER_BOUND('',#2185,.T.);
#1541=FACE_OUTER_BOUND('',#2186,.T.);
#1542=FACE_OUTER_BOUND('',#2187,.T.);
#1543=FACE_OUTER_BOUND('',#2188,.T.);
#1544=FACE_OUTER_BOUND('',#2189,.T.);
#1545=FACE_OUTER_BOUND('',#2190,.T.);
#1546=FACE_OUTER_BOUND('',#2191,.T.);
#1547=FACE_OUTER_BOUND('',#2192,.T.);
#1548=FACE_OUTER_BOUND('',#2193,.T.);
#1549=FACE_OUTER_BOUND('',#2194,.T.);
#1550=FACE_OUTER_BOUND('',#2195,.T.);
#1551=FACE_OUTER_BOUND('',#2196,.T.);
#1552=FACE_OUTER_BOUND('',#2197,.T.);
#1553=FACE_OUTER_BOUND('',#2198,.T.);
#1554=FACE_OUTER_BOUND('',#2199,.T.);
#1555=FACE_OUTER_BOUND('',#2200,.T.);
#1556=FACE_OUTER_BOUND('',#2202,.T.);
#1557=FACE_OUTER_BOUND('',#2203,.T.);
#1558=FACE_OUTER_BOUND('',#2206,.T.);
#1559=FACE_OUTER_BOUND('',#2207,.T.);
#1560=FACE_OUTER_BOUND('',#2208,.T.);
#1561=FACE_OUTER_BOUND('',#2209,.T.);
#1562=FACE_OUTER_BOUND('',#2210,.T.);
#1563=FACE_OUTER_BOUND('',#2211,.T.);
#1564=FACE_OUTER_BOUND('',#2212,.T.);
#1565=FACE_OUTER_BOUND('',#2213,.T.);
#1566=FACE_OUTER_BOUND('',#2214,.T.);
#1567=FACE_OUTER_BOUND('',#2215,.T.);
#1568=FACE_OUTER_BOUND('',#2216,.T.);
#1569=FACE_OUTER_BOUND('',#2217,.T.);
#1570=FACE_OUTER_BOUND('',#2218,.T.);
#1571=FACE_OUTER_BOUND('',#2219,.T.);
#1572=FACE_OUTER_BOUND('',#2220,.T.);
#1573=FACE_OUTER_BOUND('',#2221,.T.);
#1574=FACE_OUTER_BOUND('',#2222,.T.);
#1575=FACE_OUTER_BOUND('',#2223,.T.);
#1576=FACE_OUTER_BOUND('',#2224,.T.);
#1577=FACE_OUTER_BOUND('',#2225,.T.);
#1578=FACE_OUTER_BOUND('',#2226,.T.);
#1579=FACE_OUTER_BOUND('',#2227,.T.);
#1580=FACE_OUTER_BOUND('',#2228,.T.);
#1581=FACE_OUTER_BOUND('',#2229,.T.);
#1582=FACE_OUTER_BOUND('',#2230,.T.);
#1583=FACE_OUTER_BOUND('',#2231,.T.);
#1584=FACE_OUTER_BOUND('',#2232,.T.);
#1585=FACE_OUTER_BOUND('',#2233,.T.);
#1586=FACE_OUTER_BOUND('',#2234,.T.);
#1587=FACE_OUTER_BOUND('',#2235,.T.);
#1588=FACE_OUTER_BOUND('',#2236,.T.);
#1589=FACE_OUTER_BOUND('',#2237,.T.);
#1590=FACE_OUTER_BOUND('',#2238,.T.);
#1591=FACE_OUTER_BOUND('',#2240,.T.);
#1592=FACE_OUTER_BOUND('',#2241,.T.);
#1593=FACE_OUTER_BOUND('',#2243,.T.);
#1594=FACE_OUTER_BOUND('',#2244,.T.);
#1595=FACE_OUTER_BOUND('',#2246,.T.);
#1596=FACE_OUTER_BOUND('',#2247,.T.);
#1597=FACE_OUTER_BOUND('',#2249,.T.);
#1598=FACE_OUTER_BOUND('',#2250,.T.);
#1599=FACE_OUTER_BOUND('',#2251,.T.);
#1600=FACE_OUTER_BOUND('',#2253,.T.);
#1601=FACE_OUTER_BOUND('',#2254,.T.);
#1602=FACE_OUTER_BOUND('',#2255,.T.);
#1603=FACE_OUTER_BOUND('',#2257,.T.);
#1604=FACE_OUTER_BOUND('',#2258,.T.);
#1605=FACE_OUTER_BOUND('',#2259,.T.);
#1606=FACE_OUTER_BOUND('',#2261,.T.);
#1607=FACE_OUTER_BOUND('',#2262,.T.);
#1608=FACE_OUTER_BOUND('',#2264,.T.);
#1609=FACE_OUTER_BOUND('',#2265,.T.);
#1610=FACE_OUTER_BOUND('',#2267,.T.);
#1611=FACE_OUTER_BOUND('',#2268,.T.);
#1612=FACE_OUTER_BOUND('',#2270,.T.);
#1613=FACE_OUTER_BOUND('',#2271,.T.);
#1614=FACE_OUTER_BOUND('',#2273,.T.);
#1615=FACE_OUTER_BOUND('',#2274,.T.);
#1616=FACE_OUTER_BOUND('',#2276,.T.);
#1617=FACE_OUTER_BOUND('',#2277,.T.);
#1618=FACE_OUTER_BOUND('',#2279,.T.);
#1619=FACE_OUTER_BOUND('',#2280,.T.);
#1620=FACE_OUTER_BOUND('',#2282,.T.);
#1621=FACE_OUTER_BOUND('',#2283,.T.);
#1622=FACE_OUTER_BOUND('',#2285,.T.);
#1623=FACE_OUTER_BOUND('',#2286,.T.);
#1624=FACE_OUTER_BOUND('',#2288,.T.);
#1625=FACE_OUTER_BOUND('',#2289,.T.);
#1626=FACE_OUTER_BOUND('',#2291,.T.);
#1627=FACE_OUTER_BOUND('',#2292,.T.);
#1628=FACE_OUTER_BOUND('',#2294,.T.);
#1629=FACE_OUTER_BOUND('',#2295,.T.);
#1630=FACE_OUTER_BOUND('',#2297,.T.);
#1631=FACE_OUTER_BOUND('',#2298,.T.);
#1632=FACE_OUTER_BOUND('',#2300,.T.);
#1633=FACE_OUTER_BOUND('',#2301,.T.);
#1634=FACE_OUTER_BOUND('',#2303,.T.);
#1635=FACE_OUTER_BOUND('',#2304,.T.);
#1636=FACE_OUTER_BOUND('',#2306,.T.);
#1637=FACE_OUTER_BOUND('',#2307,.T.);
#1638=FACE_OUTER_BOUND('',#2309,.T.);
#1639=FACE_OUTER_BOUND('',#2310,.T.);
#1640=FACE_OUTER_BOUND('',#2312,.T.);
#1641=FACE_OUTER_BOUND('',#2313,.T.);
#1642=FACE_OUTER_BOUND('',#2315,.T.);
#1643=FACE_OUTER_BOUND('',#2316,.T.);
#1644=FACE_OUTER_BOUND('',#2318,.T.);
#1645=FACE_OUTER_BOUND('',#2319,.T.);
#1646=FACE_OUTER_BOUND('',#2321,.T.);
#1647=FACE_OUTER_BOUND('',#2322,.T.);
#1648=FACE_OUTER_BOUND('',#2324,.T.);
#1649=FACE_OUTER_BOUND('',#2325,.T.);
#1650=FACE_OUTER_BOUND('',#2327,.T.);
#1651=FACE_OUTER_BOUND('',#2328,.T.);
#1652=FACE_OUTER_BOUND('',#2330,.T.);
#1653=FACE_OUTER_BOUND('',#2331,.T.);
#1654=FACE_OUTER_BOUND('',#2333,.T.);
#1655=FACE_OUTER_BOUND('',#2334,.T.);
#1656=FACE_OUTER_BOUND('',#2336,.T.);
#1657=FACE_OUTER_BOUND('',#2337,.T.);
#1658=FACE_OUTER_BOUND('',#2339,.T.);
#1659=FACE_OUTER_BOUND('',#2340,.T.);
#1660=FACE_OUTER_BOUND('',#2341,.T.);
#1661=FACE_OUTER_BOUND('',#2343,.T.);
#1662=FACE_OUTER_BOUND('',#2344,.T.);
#1663=FACE_OUTER_BOUND('',#2345,.T.);
#1664=FACE_OUTER_BOUND('',#2347,.T.);
#1665=FACE_OUTER_BOUND('',#2348,.T.);
#1666=FACE_OUTER_BOUND('',#2349,.T.);
#1667=FACE_OUTER_BOUND('',#2351,.T.);
#1668=FACE_OUTER_BOUND('',#2352,.T.);
#1669=FACE_OUTER_BOUND('',#2353,.T.);
#1670=FACE_OUTER_BOUND('',#2355,.T.);
#1671=FACE_OUTER_BOUND('',#2356,.T.);
#1672=FACE_OUTER_BOUND('',#2357,.T.);
#1673=FACE_OUTER_BOUND('',#2359,.T.);
#1674=FACE_OUTER_BOUND('',#2360,.T.);
#1675=FACE_OUTER_BOUND('',#2361,.T.);
#1676=FACE_OUTER_BOUND('',#2363,.T.);
#1677=FACE_OUTER_BOUND('',#2364,.T.);
#1678=FACE_OUTER_BOUND('',#2365,.T.);
#1679=FACE_OUTER_BOUND('',#2367,.T.);
#1680=FACE_OUTER_BOUND('',#2368,.T.);
#1681=FACE_OUTER_BOUND('',#2369,.T.);
#1682=FACE_OUTER_BOUND('',#2371,.T.);
#1683=FACE_OUTER_BOUND('',#2372,.T.);
#1684=FACE_OUTER_BOUND('',#2373,.T.);
#1685=FACE_OUTER_BOUND('',#2375,.T.);
#1686=FACE_OUTER_BOUND('',#2376,.T.);
#1687=FACE_OUTER_BOUND('',#2377,.T.);
#1688=FACE_OUTER_BOUND('',#2379,.T.);
#1689=FACE_OUTER_BOUND('',#2380,.T.);
#1690=FACE_OUTER_BOUND('',#2381,.T.);
#1691=FACE_OUTER_BOUND('',#2383,.T.);
#1692=FACE_OUTER_BOUND('',#2384,.T.);
#1693=FACE_OUTER_BOUND('',#2385,.T.);
#1694=FACE_OUTER_BOUND('',#2387,.T.);
#1695=FACE_OUTER_BOUND('',#2388,.T.);
#1696=FACE_OUTER_BOUND('',#2389,.T.);
#1697=FACE_OUTER_BOUND('',#2391,.T.);
#1698=FACE_OUTER_BOUND('',#2392,.T.);
#1699=FACE_OUTER_BOUND('',#2393,.T.);
#1700=FACE_OUTER_BOUND('',#2395,.T.);
#1701=FACE_OUTER_BOUND('',#2396,.T.);
#1702=FACE_OUTER_BOUND('',#2397,.T.);
#1703=FACE_OUTER_BOUND('',#2399,.T.);
#1704=FACE_OUTER_BOUND('',#2400,.T.);
#1705=FACE_OUTER_BOUND('',#2401,.T.);
#1706=FACE_OUTER_BOUND('',#2403,.T.);
#1707=FACE_OUTER_BOUND('',#2404,.T.);
#1708=FACE_OUTER_BOUND('',#2405,.T.);
#1709=FACE_OUTER_BOUND('',#2407,.T.);
#1710=FACE_OUTER_BOUND('',#2408,.T.);
#1711=FACE_OUTER_BOUND('',#2409,.T.);
#1712=FACE_OUTER_BOUND('',#2411,.T.);
#1713=FACE_OUTER_BOUND('',#2412,.T.);
#1714=FACE_OUTER_BOUND('',#2413,.T.);
#1715=FACE_OUTER_BOUND('',#2415,.T.);
#1716=FACE_OUTER_BOUND('',#2416,.T.);
#1717=FACE_OUTER_BOUND('',#2417,.T.);
#1718=FACE_OUTER_BOUND('',#2419,.T.);
#1719=FACE_OUTER_BOUND('',#2420,.T.);
#1720=FACE_OUTER_BOUND('',#2421,.T.);
#1721=FACE_OUTER_BOUND('',#2423,.T.);
#1722=FACE_OUTER_BOUND('',#2424,.T.);
#1723=FACE_OUTER_BOUND('',#2425,.T.);
#1724=FACE_OUTER_BOUND('',#2427,.T.);
#1725=FACE_OUTER_BOUND('',#2428,.T.);
#1726=FACE_OUTER_BOUND('',#2429,.T.);
#1727=FACE_OUTER_BOUND('',#2431,.T.);
#1728=FACE_OUTER_BOUND('',#2432,.T.);
#1729=FACE_OUTER_BOUND('',#2433,.T.);
#1730=FACE_OUTER_BOUND('',#2435,.T.);
#1731=FACE_OUTER_BOUND('',#2436,.T.);
#1732=FACE_OUTER_BOUND('',#2437,.T.);
#1733=FACE_OUTER_BOUND('',#2439,.T.);
#1734=FACE_OUTER_BOUND('',#2440,.T.);
#1735=FACE_OUTER_BOUND('',#2441,.T.);
#1736=FACE_OUTER_BOUND('',#2442,.T.);
#1737=FACE_OUTER_BOUND('',#2443,.T.);
#1738=FACE_OUTER_BOUND('',#2444,.T.);
#1739=FACE_OUTER_BOUND('',#2445,.T.);
#1740=FACE_OUTER_BOUND('',#2446,.T.);
#1741=FACE_OUTER_BOUND('',#2447,.T.);
#1742=FACE_OUTER_BOUND('',#2448,.T.);
#1743=FACE_OUTER_BOUND('',#2449,.T.);
#1744=FACE_OUTER_BOUND('',#2483,.T.);
#1745=FACE_OUTER_BOUND('',#2484,.T.);
#1746=FACE_OUTER_BOUND('',#2485,.T.);
#1747=FACE_OUTER_BOUND('',#2486,.T.);
#1748=FACE_OUTER_BOUND('',#2487,.T.);
#1749=FACE_OUTER_BOUND('',#2488,.T.);
#1750=FACE_OUTER_BOUND('',#2489,.T.);
#1751=FACE_OUTER_BOUND('',#2490,.T.);
#1752=FACE_OUTER_BOUND('',#2491,.T.);
#1753=FACE_OUTER_BOUND('',#2492,.T.);
#1754=EDGE_LOOP('',(#7142,#7143,#7144,#7145));
#1755=EDGE_LOOP('',(#7146,#7147,#7148,#7149));
#1756=EDGE_LOOP('',(#7150,#7151,#7152,#7153,#7154,#7155,#7156,#7157,#7158));
#1757=EDGE_LOOP('',(#7159,#7160,#7161,#7162));
#1758=EDGE_LOOP('',(#7163,#7164,#7165,#7166,#7167,#7168,#7169,#7170,#7171));
#1759=EDGE_LOOP('',(#7172,#7173,#7174,#7175,#7176));
#1760=EDGE_LOOP('',(#7177,#7178,#7179,#7180));
#1761=EDGE_LOOP('',(#7181,#7182,#7183,#7184));
#1762=EDGE_LOOP('',(#7185,#7186,#7187,#7188));
#1763=EDGE_LOOP('',(#7189,#7190,#7191,#7192,#7193));
#1764=EDGE_LOOP('',(#7194,#7195,#7196,#7197));
#1765=EDGE_LOOP('',(#7198,#7199,#7200,#7201));
#1766=EDGE_LOOP('',(#7202,#7203,#7204,#7205));
#1767=EDGE_LOOP('',(#7206,#7207,#7208,#7209,#7210,#7211));
#1768=EDGE_LOOP('',(#7212,#7213,#7214,#7215,#7216));
#1769=EDGE_LOOP('',(#7217,#7218,#7219,#7220,#7221,#7222,#7223,#7224));
#1770=EDGE_LOOP('',(#7225,#7226,#7227,#7228));
#1771=EDGE_LOOP('',(#7229,#7230,#7231,#7232,#7233,#7234,#7235,#7236));
#1772=EDGE_LOOP('',(#7237,#7238,#7239,#7240));
#1773=EDGE_LOOP('',(#7241,#7242,#7243,#7244));
#1774=EDGE_LOOP('',(#7245,#7246,#7247,#7248,#7249,#7250));
#1775=EDGE_LOOP('',(#7251,#7252,#7253,#7254));
#1776=EDGE_LOOP('',(#7255,#7256,#7257,#7258));
#1777=EDGE_LOOP('',(#7259,#7260,#7261,#7262));
#1778=EDGE_LOOP('',(#7263,#7264,#7265));
#1779=EDGE_LOOP('',(#7266,#7267,#7268));
#1780=EDGE_LOOP('',(#7269,#7270,#7271,#7272));
#1781=EDGE_LOOP('',(#7273,#7274,#7275));
#1782=EDGE_LOOP('',(#7276,#7277,#7278,#7279));
#1783=EDGE_LOOP('',(#7280,#7281,#7282,#7283));
#1784=EDGE_LOOP('',(#7284,#7285,#7286,#7287,#7288,#7289));
#1785=EDGE_LOOP('',(#7290,#7291,#7292,#7293));
#1786=EDGE_LOOP('',(#7294,#7295,#7296,#7297));
#1787=EDGE_LOOP('',(#7298,#7299,#7300,#7301));
#1788=EDGE_LOOP('',(#7302,#7303,#7304,#7305));
#1789=EDGE_LOOP('',(#7306,#7307,#7308,#7309,#7310,#7311,#7312,#7313,#7314));
#1790=EDGE_LOOP('',(#7315,#7316,#7317,#7318));
#1791=EDGE_LOOP('',(#7319,#7320,#7321,#7322,#7323,#7324,#7325,#7326));
#1792=EDGE_LOOP('',(#7327,#7328,#7329,#7330));
#1793=EDGE_LOOP('',(#7331,#7332,#7333,#7334,#7335,#7336));
#1794=EDGE_LOOP('',(#7337,#7338,#7339,#7340));
#1795=EDGE_LOOP('',(#7341,#7342,#7343,#7344));
#1796=EDGE_LOOP('',(#7345,#7346,#7347,#7348));
#1797=EDGE_LOOP('',(#7349,#7350,#7351,#7352,#7353));
#1798=EDGE_LOOP('',(#7354,#7355,#7356,#7357));
#1799=EDGE_LOOP('',(#7358,#7359,#7360,#7361));
#1800=EDGE_LOOP('',(#7362,#7363,#7364,#7365));
#1801=EDGE_LOOP('',(#7366,#7367,#7368,#7369));
#1802=EDGE_LOOP('',(#7370,#7371,#7372,#7373,#7374,#7375));
#1803=EDGE_LOOP('',(#7376,#7377,#7378,#7379,#7380,#7381,#7382,#7383,#7384,
#7385,#7386,#7387));
#1804=EDGE_LOOP('',(#7388,#7389,#7390,#7391,#7392,#7393,#7394,#7395,#7396,
#7397,#7398,#7399));
#1805=EDGE_LOOP('',(#7400,#7401,#7402,#7403,#7404,#7405,#7406,#7407));
#1806=EDGE_LOOP('',(#7408,#7409,#7410,#7411,#7412,#7413,#7414,#7415));
#1807=EDGE_LOOP('',(#7416,#7417,#7418,#7419,#7420,#7421,#7422,#7423));
#1808=EDGE_LOOP('',(#7424,#7425,#7426,#7427));
#1809=EDGE_LOOP('',(#7428,#7429,#7430,#7431));
#1810=EDGE_LOOP('',(#7432,#7433,#7434,#7435));
#1811=EDGE_LOOP('',(#7436,#7437,#7438,#7439));
#1812=EDGE_LOOP('',(#7440,#7441,#7442,#7443));
#1813=EDGE_LOOP('',(#7444,#7445,#7446,#7447));
#1814=EDGE_LOOP('',(#7448,#7449,#7450,#7451));
#1815=EDGE_LOOP('',(#7452,#7453,#7454,#7455));
#1816=EDGE_LOOP('',(#7456,#7457,#7458,#7459));
#1817=EDGE_LOOP('',(#7460,#7461,#7462,#7463));
#1818=EDGE_LOOP('',(#7464,#7465,#7466,#7467));
#1819=EDGE_LOOP('',(#7468,#7469,#7470,#7471));
#1820=EDGE_LOOP('',(#7472,#7473,#7474,#7475,#7476,#7477,#7478,#7479));
#1821=EDGE_LOOP('',(#7480,#7481,#7482,#7483,#7484,#7485,#7486,#7487));
#1822=EDGE_LOOP('',(#7488,#7489,#7490,#7491));
#1823=EDGE_LOOP('',(#7492,#7493,#7494,#7495));
#1824=EDGE_LOOP('',(#7496,#7497,#7498,#7499));
#1825=EDGE_LOOP('',(#7500,#7501,#7502,#7503));
#1826=EDGE_LOOP('',(#7504,#7505,#7506,#7507,#7508,#7509,#7510,#7511));
#1827=EDGE_LOOP('',(#7512,#7513,#7514,#7515,#7516,#7517,#7518,#7519));
#1828=EDGE_LOOP('',(#7520,#7521,#7522,#7523));
#1829=EDGE_LOOP('',(#7524,#7525,#7526,#7527));
#1830=EDGE_LOOP('',(#7528,#7529,#7530,#7531));
#1831=EDGE_LOOP('',(#7532,#7533,#7534,#7535));
#1832=EDGE_LOOP('',(#7536,#7537,#7538,#7539));
#1833=EDGE_LOOP('',(#7540,#7541,#7542,#7543));
#1834=EDGE_LOOP('',(#7544,#7545,#7546,#7547));
#1835=EDGE_LOOP('',(#7548,#7549,#7550,#7551));
#1836=EDGE_LOOP('',(#7552,#7553,#7554,#7555));
#1837=EDGE_LOOP('',(#7556,#7557,#7558,#7559));
#1838=EDGE_LOOP('',(#7560,#7561,#7562,#7563));
#1839=EDGE_LOOP('',(#7564,#7565,#7566,#7567));
#1840=EDGE_LOOP('',(#7568,#7569,#7570,#7571));
#1841=EDGE_LOOP('',(#7572,#7573,#7574,#7575));
#1842=EDGE_LOOP('',(#7576,#7577,#7578,#7579,#7580,#7581,#7582,#7583));
#1843=EDGE_LOOP('',(#7584,#7585,#7586,#7587));
#1844=EDGE_LOOP('',(#7588,#7589,#7590,#7591));
#1845=EDGE_LOOP('',(#7592,#7593,#7594,#7595,#7596,#7597,#7598,#7599,#7600,
#7601,#7602,#7603,#7604));
#1846=EDGE_LOOP('',(#7605,#7606,#7607,#7608));
#1847=EDGE_LOOP('',(#7609,#7610,#7611,#7612,#7613,#7614,#7615,#7616,#7617,
#7618,#7619,#7620,#7621));
#1848=EDGE_LOOP('',(#7622,#7623,#7624,#7625));
#1849=EDGE_LOOP('',(#7626,#7627,#7628,#7629,#7630,#7631,#7632,#7633,#7634,
#7635,#7636,#7637,#7638));
#1850=EDGE_LOOP('',(#7639,#7640,#7641,#7642));
#1851=EDGE_LOOP('',(#7643,#7644,#7645,#7646,#7647,#7648,#7649,#7650,#7651,
#7652,#7653,#7654,#7655));
#1852=EDGE_LOOP('',(#7656,#7657,#7658,#7659));
#1853=EDGE_LOOP('',(#7660,#7661,#7662,#7663,#7664,#7665,#7666,#7667,#7668,
#7669,#7670,#7671,#7672));
#1854=EDGE_LOOP('',(#7673,#7674,#7675,#7676));
#1855=EDGE_LOOP('',(#7677,#7678,#7679,#7680,#7681,#7682,#7683,#7684,#7685,
#7686,#7687,#7688,#7689));
#1856=EDGE_LOOP('',(#7690,#7691,#7692,#7693));
#1857=EDGE_LOOP('',(#7694,#7695,#7696,#7697,#7698,#7699,#7700,#7701,#7702,
#7703,#7704,#7705,#7706));
#1858=EDGE_LOOP('',(#7707,#7708,#7709,#7710));
#1859=EDGE_LOOP('',(#7711,#7712,#7713,#7714,#7715,#7716,#7717,#7718,#7719,
#7720,#7721,#7722,#7723));
#1860=EDGE_LOOP('',(#7724,#7725,#7726,#7727));
#1861=EDGE_LOOP('',(#7728,#7729,#7730,#7731,#7732,#7733,#7734,#7735,#7736,
#7737,#7738,#7739,#7740));
#1862=EDGE_LOOP('',(#7741,#7742,#7743,#7744));
#1863=EDGE_LOOP('',(#7745,#7746,#7747,#7748,#7749,#7750,#7751,#7752,#7753,
#7754,#7755,#7756,#7757));
#1864=EDGE_LOOP('',(#7758,#7759,#7760,#7761));
#1865=EDGE_LOOP('',(#7762,#7763,#7764,#7765));
#1866=EDGE_LOOP('',(#7766,#7767,#7768,#7769));
#1867=EDGE_LOOP('',(#7770,#7771,#7772,#7773));
#1868=EDGE_LOOP('',(#7774,#7775,#7776,#7777,#7778,#7779,#7780,#7781,#7782,
#7783,#7784,#7785,#7786,#7787,#7788,#7789,#7790,#7791,#7792,#7793,#7794,
#7795,#7796,#7797,#7798,#7799,#7800,#7801,#7802,#7803,#7804,#7805,#7806,
#7807,#7808,#7809,#7810,#7811,#7812,#7813,#7814,#7815,#7816,#7817,#7818,
#7819,#7820,#7821,#7822,#7823,#7824,#7825,#7826,#7827,#7828,#7829,#7830,
#7831,#7832,#7833,#7834,#7835,#7836,#7837,#7838,#7839,#7840,#7841,#7842,
#7843,#7844,#7845,#7846,#7847,#7848,#7849,#7850,#7851,#7852,#7853,#7854,
#7855,#7856,#7857,#7858,#7859,#7860,#7861));
#1869=EDGE_LOOP('',(#7862,#7863,#7864,#7865,#7866,#7867,#7868,#7869,#7870,
#7871,#7872,#7873,#7874,#7875,#7876,#7877,#7878,#7879,#7880,#7881));
#1870=EDGE_LOOP('',(#7882,#7883,#7884,#7885));
#1871=EDGE_LOOP('',(#7886,#7887,#7888,#7889));
#1872=EDGE_LOOP('',(#7890,#7891,#7892,#7893));
#1873=EDGE_LOOP('',(#7894,#7895,#7896,#7897));
#1874=EDGE_LOOP('',(#7898,#7899,#7900,#7901));
#1875=EDGE_LOOP('',(#7902,#7903,#7904,#7905));
#1876=EDGE_LOOP('',(#7906,#7907,#7908,#7909));
#1877=EDGE_LOOP('',(#7910,#7911,#7912,#7913));
#1878=EDGE_LOOP('',(#7914,#7915,#7916,#7917));
#1879=EDGE_LOOP('',(#7918,#7919,#7920,#7921));
#1880=EDGE_LOOP('',(#7922,#7923,#7924,#7925));
#1881=EDGE_LOOP('',(#7926,#7927,#7928,#7929));
#1882=EDGE_LOOP('',(#7930,#7931,#7932,#7933));
#1883=EDGE_LOOP('',(#7934,#7935,#7936,#7937));
#1884=EDGE_LOOP('',(#7938));
#1885=EDGE_LOOP('',(#7939));
#1886=EDGE_LOOP('',(#7940));
#1887=EDGE_LOOP('',(#7941));
#1888=EDGE_LOOP('',(#7942));
#1889=EDGE_LOOP('',(#7943));
#1890=EDGE_LOOP('',(#7944));
#1891=EDGE_LOOP('',(#7945));
#1892=EDGE_LOOP('',(#7946));
#1893=EDGE_LOOP('',(#7947));
#1894=EDGE_LOOP('',(#7948));
#1895=EDGE_LOOP('',(#7949));
#1896=EDGE_LOOP('',(#7950));
#1897=EDGE_LOOP('',(#7951));
#1898=EDGE_LOOP('',(#7952));
#1899=EDGE_LOOP('',(#7953));
#1900=EDGE_LOOP('',(#7954));
#1901=EDGE_LOOP('',(#7955));
#1902=EDGE_LOOP('',(#7956));
#1903=EDGE_LOOP('',(#7957));
#1904=EDGE_LOOP('',(#7958));
#1905=EDGE_LOOP('',(#7959));
#1906=EDGE_LOOP('',(#7960));
#1907=EDGE_LOOP('',(#7961));
#1908=EDGE_LOOP('',(#7962));
#1909=EDGE_LOOP('',(#7963));
#1910=EDGE_LOOP('',(#7964));
#1911=EDGE_LOOP('',(#7965));
#1912=EDGE_LOOP('',(#7966));
#1913=EDGE_LOOP('',(#7967,#7968,#7969,#7970));
#1914=EDGE_LOOP('',(#7971,#7972,#7973,#7974));
#1915=EDGE_LOOP('',(#7975,#7976,#7977,#7978));
#1916=EDGE_LOOP('',(#7979,#7980,#7981,#7982));
#1917=EDGE_LOOP('',(#7983,#7984,#7985,#7986));
#1918=EDGE_LOOP('',(#7987,#7988,#7989,#7990));
#1919=EDGE_LOOP('',(#7991,#7992,#7993,#7994));
#1920=EDGE_LOOP('',(#7995,#7996,#7997,#7998));
#1921=EDGE_LOOP('',(#7999,#8000,#8001,#8002));
#1922=EDGE_LOOP('',(#8003,#8004,#8005,#8006,#8007,#8008,#8009,#8010,#8011));
#1923=EDGE_LOOP('',(#8012,#8013,#8014,#8015));
#1924=EDGE_LOOP('',(#8016,#8017,#8018,#8019));
#1925=EDGE_LOOP('',(#8020,#8021,#8022,#8023));
#1926=EDGE_LOOP('',(#8024,#8025,#8026,#8027,#8028,#8029,#8030,#8031,#8032));
#1927=EDGE_LOOP('',(#8033,#8034,#8035,#8036));
#1928=EDGE_LOOP('',(#8037,#8038,#8039,#8040));
#1929=EDGE_LOOP('',(#8041,#8042,#8043,#8044));
#1930=EDGE_LOOP('',(#8045,#8046,#8047,#8048,#8049,#8050,#8051,#8052,#8053));
#1931=EDGE_LOOP('',(#8054,#8055,#8056,#8057));
#1932=EDGE_LOOP('',(#8058,#8059,#8060,#8061));
#1933=EDGE_LOOP('',(#8062,#8063,#8064,#8065));
#1934=EDGE_LOOP('',(#8066,#8067,#8068,#8069));
#1935=EDGE_LOOP('',(#8070,#8071,#8072,#8073,#8074,#8075,#8076,#8077,#8078));
#1936=EDGE_LOOP('',(#8079,#8080,#8081,#8082));
#1937=EDGE_LOOP('',(#8083,#8084,#8085,#8086));
#1938=EDGE_LOOP('',(#8087,#8088,#8089,#8090,#8091,#8092,#8093,#8094,#8095,
#8096,#8097,#8098,#8099));
#1939=EDGE_LOOP('',(#8100,#8101,#8102,#8103));
#1940=EDGE_LOOP('',(#8104,#8105,#8106,#8107));
#1941=EDGE_LOOP('',(#8108,#8109,#8110,#8111));
#1942=EDGE_LOOP('',(#8112,#8113,#8114,#8115));
#1943=EDGE_LOOP('',(#8116,#8117,#8118,#8119));
#1944=EDGE_LOOP('',(#8120,#8121,#8122,#8123));
#1945=EDGE_LOOP('',(#8124,#8125,#8126,#8127));
#1946=EDGE_LOOP('',(#8128,#8129,#8130,#8131));
#1947=EDGE_LOOP('',(#8132,#8133,#8134,#8135));
#1948=EDGE_LOOP('',(#8136,#8137,#8138,#8139,#8140,#8141,#8142,#8143,#8144,
#8145,#8146,#8147,#8148));
#1949=EDGE_LOOP('',(#8149,#8150,#8151,#8152));
#1950=EDGE_LOOP('',(#8153,#8154,#8155,#8156));
#1951=EDGE_LOOP('',(#8157,#8158,#8159,#8160));
#1952=EDGE_LOOP('',(#8161,#8162,#8163,#8164));
#1953=EDGE_LOOP('',(#8165,#8166,#8167,#8168));
#1954=EDGE_LOOP('',(#8169,#8170,#8171,#8172));
#1955=EDGE_LOOP('',(#8173,#8174,#8175,#8176));
#1956=EDGE_LOOP('',(#8177,#8178,#8179,#8180));
#1957=EDGE_LOOP('',(#8181,#8182,#8183,#8184));
#1958=EDGE_LOOP('',(#8185,#8186,#8187,#8188,#8189,#8190,#8191,#8192,#8193,
#8194,#8195,#8196,#8197));
#1959=EDGE_LOOP('',(#8198,#8199,#8200,#8201));
#1960=EDGE_LOOP('',(#8202,#8203,#8204,#8205));
#1961=EDGE_LOOP('',(#8206,#8207,#8208,#8209));
#1962=EDGE_LOOP('',(#8210,#8211,#8212,#8213));
#1963=EDGE_LOOP('',(#8214,#8215,#8216,#8217));
#1964=EDGE_LOOP('',(#8218,#8219,#8220,#8221));
#1965=EDGE_LOOP('',(#8222,#8223,#8224,#8225));
#1966=EDGE_LOOP('',(#8226,#8227,#8228,#8229));
#1967=EDGE_LOOP('',(#8230,#8231,#8232,#8233));
#1968=EDGE_LOOP('',(#8234,#8235,#8236,#8237,#8238,#8239,#8240,#8241,#8242,
#8243,#8244,#8245,#8246));
#1969=EDGE_LOOP('',(#8247,#8248,#8249,#8250));
#1970=EDGE_LOOP('',(#8251,#8252,#8253,#8254));
#1971=EDGE_LOOP('',(#8255,#8256,#8257,#8258));
#1972=EDGE_LOOP('',(#8259,#8260,#8261,#8262));
#1973=EDGE_LOOP('',(#8263,#8264,#8265,#8266));
#1974=EDGE_LOOP('',(#8267,#8268,#8269,#8270));
#1975=EDGE_LOOP('',(#8271,#8272,#8273,#8274));
#1976=EDGE_LOOP('',(#8275,#8276,#8277,#8278));
#1977=EDGE_LOOP('',(#8279,#8280,#8281,#8282));
#1978=EDGE_LOOP('',(#8283,#8284,#8285,#8286,#8287,#8288,#8289,#8290,#8291,
#8292,#8293,#8294,#8295));
#1979=EDGE_LOOP('',(#8296,#8297,#8298,#8299));
#1980=EDGE_LOOP('',(#8300,#8301,#8302,#8303));
#1981=EDGE_LOOP('',(#8304,#8305,#8306,#8307));
#1982=EDGE_LOOP('',(#8308,#8309,#8310,#8311));
#1983=EDGE_LOOP('',(#8312,#8313,#8314,#8315));
#1984=EDGE_LOOP('',(#8316,#8317,#8318,#8319));
#1985=EDGE_LOOP('',(#8320,#8321,#8322,#8323));
#1986=EDGE_LOOP('',(#8324,#8325,#8326,#8327));
#1987=EDGE_LOOP('',(#8328,#8329,#8330,#8331));
#1988=EDGE_LOOP('',(#8332,#8333,#8334,#8335,#8336,#8337,#8338,#8339,#8340,
#8341,#8342,#8343,#8344));
#1989=EDGE_LOOP('',(#8345,#8346,#8347,#8348));
#1990=EDGE_LOOP('',(#8349,#8350,#8351,#8352));
#1991=EDGE_LOOP('',(#8353,#8354,#8355,#8356));
#1992=EDGE_LOOP('',(#8357,#8358,#8359,#8360));
#1993=EDGE_LOOP('',(#8361,#8362,#8363,#8364));
#1994=EDGE_LOOP('',(#8365,#8366,#8367,#8368));
#1995=EDGE_LOOP('',(#8369,#8370,#8371,#8372));
#1996=EDGE_LOOP('',(#8373,#8374,#8375,#8376));
#1997=EDGE_LOOP('',(#8377,#8378,#8379,#8380));
#1998=EDGE_LOOP('',(#8381,#8382,#8383,#8384,#8385,#8386,#8387,#8388,#8389,
#8390,#8391,#8392,#8393));
#1999=EDGE_LOOP('',(#8394,#8395,#8396,#8397));
#2000=EDGE_LOOP('',(#8398,#8399,#8400,#8401));
#2001=EDGE_LOOP('',(#8402,#8403,#8404,#8405));
#2002=EDGE_LOOP('',(#8406,#8407,#8408,#8409));
#2003=EDGE_LOOP('',(#8410,#8411,#8412,#8413));
#2004=EDGE_LOOP('',(#8414,#8415,#8416,#8417));
#2005=EDGE_LOOP('',(#8418,#8419,#8420,#8421));
#2006=EDGE_LOOP('',(#8422,#8423,#8424,#8425));
#2007=EDGE_LOOP('',(#8426,#8427,#8428,#8429));
#2008=EDGE_LOOP('',(#8430,#8431,#8432,#8433,#8434,#8435,#8436,#8437,#8438,
#8439,#8440,#8441,#8442));
#2009=EDGE_LOOP('',(#8443,#8444,#8445,#8446));
#2010=EDGE_LOOP('',(#8447,#8448,#8449,#8450));
#2011=EDGE_LOOP('',(#8451,#8452,#8453,#8454));
#2012=EDGE_LOOP('',(#8455,#8456,#8457,#8458));
#2013=EDGE_LOOP('',(#8459,#8460,#8461,#8462));
#2014=EDGE_LOOP('',(#8463,#8464,#8465,#8466));
#2015=EDGE_LOOP('',(#8467,#8468,#8469,#8470));
#2016=EDGE_LOOP('',(#8471,#8472,#8473,#8474));
#2017=EDGE_LOOP('',(#8475,#8476,#8477,#8478));
#2018=EDGE_LOOP('',(#8479,#8480,#8481,#8482,#8483,#8484,#8485,#8486,#8487,
#8488,#8489,#8490,#8491));
#2019=EDGE_LOOP('',(#8492,#8493,#8494,#8495));
#2020=EDGE_LOOP('',(#8496,#8497,#8498,#8499));
#2021=EDGE_LOOP('',(#8500,#8501,#8502,#8503));
#2022=EDGE_LOOP('',(#8504,#8505,#8506,#8507));
#2023=EDGE_LOOP('',(#8508,#8509,#8510,#8511));
#2024=EDGE_LOOP('',(#8512,#8513,#8514,#8515));
#2025=EDGE_LOOP('',(#8516,#8517,#8518,#8519));
#2026=EDGE_LOOP('',(#8520,#8521,#8522,#8523));
#2027=EDGE_LOOP('',(#8524,#8525,#8526,#8527));
#2028=EDGE_LOOP('',(#8528,#8529,#8530,#8531,#8532,#8533,#8534,#8535,#8536,
#8537,#8538,#8539,#8540));
#2029=EDGE_LOOP('',(#8541,#8542,#8543,#8544));
#2030=EDGE_LOOP('',(#8545,#8546,#8547,#8548));
#2031=EDGE_LOOP('',(#8549,#8550,#8551,#8552));
#2032=EDGE_LOOP('',(#8553,#8554,#8555,#8556));
#2033=EDGE_LOOP('',(#8557,#8558,#8559,#8560));
#2034=EDGE_LOOP('',(#8561,#8562,#8563,#8564));
#2035=EDGE_LOOP('',(#8565,#8566,#8567,#8568));
#2036=EDGE_LOOP('',(#8569,#8570,#8571,#8572));
#2037=EDGE_LOOP('',(#8573,#8574,#8575,#8576));
#2038=EDGE_LOOP('',(#8577,#8578,#8579,#8580));
#2039=EDGE_LOOP('',(#8581,#8582,#8583,#8584));
#2040=EDGE_LOOP('',(#8585,#8586,#8587));
#2041=EDGE_LOOP('',(#8588,#8589,#8590));
#2042=EDGE_LOOP('',(#8591,#8592,#8593,#8594));
#2043=EDGE_LOOP('',(#8595,#8596,#8597));
#2044=EDGE_LOOP('',(#8598,#8599,#8600,#8601,#8602));
#2045=EDGE_LOOP('',(#8603,#8604,#8605,#8606,#8607));
#2046=EDGE_LOOP('',(#8608,#8609,#8610));
#2047=EDGE_LOOP('',(#8611,#8612,#8613,#8614));
#2048=EDGE_LOOP('',(#8615,#8616,#8617,#8618));
#2049=EDGE_LOOP('',(#8619,#8620,#8621,#8622));
#2050=EDGE_LOOP('',(#8623,#8624,#8625,#8626));
#2051=EDGE_LOOP('',(#8627,#8628,#8629,#8630));
#2052=EDGE_LOOP('',(#8631,#8632,#8633,#8634,#8635,#8636,#8637,#8638,#8639,
#8640,#8641,#8642));
#2053=EDGE_LOOP('',(#8643,#8644,#8645,#8646));
#2054=EDGE_LOOP('',(#8647,#8648,#8649,#8650,#8651,#8652,#8653,#8654,#8655,
#8656,#8657,#8658));
#2055=EDGE_LOOP('',(#8659,#8660,#8661,#8662));
#2056=EDGE_LOOP('',(#8663,#8664,#8665,#8666,#8667,#8668,#8669,#8670,#8671,
#8672,#8673,#8674));
#2057=EDGE_LOOP('',(#8675,#8676,#8677,#8678));
#2058=EDGE_LOOP('',(#8679,#8680,#8681,#8682,#8683,#8684,#8685,#8686,#8687,
#8688,#8689,#8690));
#2059=EDGE_LOOP('',(#8691,#8692,#8693,#8694));
#2060=EDGE_LOOP('',(#8695,#8696,#8697,#8698,#8699,#8700,#8701,#8702,#8703,
#8704,#8705,#8706));
#2061=EDGE_LOOP('',(#8707,#8708,#8709,#8710));
#2062=EDGE_LOOP('',(#8711,#8712,#8713,#8714));
#2063=EDGE_LOOP('',(#8715,#8716,#8717,#8718));
#2064=EDGE_LOOP('',(#8719,#8720,#8721,#8722));
#2065=EDGE_LOOP('',(#8723,#8724,#8725,#8726));
#2066=EDGE_LOOP('',(#8727,#8728,#8729,#8730));
#2067=EDGE_LOOP('',(#8731,#8732,#8733,#8734));
#2068=EDGE_LOOP('',(#8735,#8736,#8737,#8738));
#2069=EDGE_LOOP('',(#8739,#8740,#8741,#8742));
#2070=EDGE_LOOP('',(#8743,#8744,#8745,#8746));
#2071=EDGE_LOOP('',(#8747,#8748,#8749,#8750));
#2072=EDGE_LOOP('',(#8751,#8752,#8753,#8754));
#2073=EDGE_LOOP('',(#8755,#8756,#8757,#8758));
#2074=EDGE_LOOP('',(#8759,#8760,#8761,#8762));
#2075=EDGE_LOOP('',(#8763,#8764,#8765,#8766));
#2076=EDGE_LOOP('',(#8767,#8768,#8769,#8770,#8771,#8772,#8773,#8774,#8775,
#8776,#8777,#8778));
#2077=EDGE_LOOP('',(#8779,#8780,#8781,#8782));
#2078=EDGE_LOOP('',(#8783,#8784,#8785,#8786));
#2079=EDGE_LOOP('',(#8787,#8788,#8789,#8790));
#2080=EDGE_LOOP('',(#8791,#8792,#8793,#8794));
#2081=EDGE_LOOP('',(#8795,#8796,#8797,#8798));
#2082=EDGE_LOOP('',(#8799,#8800,#8801,#8802));
#2083=EDGE_LOOP('',(#8803,#8804,#8805,#8806));
#2084=EDGE_LOOP('',(#8807,#8808,#8809,#8810));
#2085=EDGE_LOOP('',(#8811,#8812,#8813,#8814));
#2086=EDGE_LOOP('',(#8815,#8816,#8817,#8818,#8819,#8820,#8821,#8822,#8823,
#8824,#8825,#8826));
#2087=EDGE_LOOP('',(#8827,#8828,#8829,#8830));
#2088=EDGE_LOOP('',(#8831,#8832,#8833,#8834));
#2089=EDGE_LOOP('',(#8835,#8836,#8837,#8838));
#2090=EDGE_LOOP('',(#8839,#8840,#8841,#8842));
#2091=EDGE_LOOP('',(#8843,#8844,#8845,#8846));
#2092=EDGE_LOOP('',(#8847,#8848,#8849,#8850));
#2093=EDGE_LOOP('',(#8851,#8852,#8853,#8854));
#2094=EDGE_LOOP('',(#8855,#8856,#8857,#8858));
#2095=EDGE_LOOP('',(#8859,#8860,#8861,#8862));
#2096=EDGE_LOOP('',(#8863,#8864,#8865,#8866,#8867,#8868,#8869,#8870,#8871,
#8872,#8873,#8874));
#2097=EDGE_LOOP('',(#8875,#8876,#8877,#8878));
#2098=EDGE_LOOP('',(#8879,#8880,#8881,#8882));
#2099=EDGE_LOOP('',(#8883,#8884,#8885,#8886));
#2100=EDGE_LOOP('',(#8887,#8888,#8889,#8890));
#2101=EDGE_LOOP('',(#8891,#8892,#8893,#8894));
#2102=EDGE_LOOP('',(#8895,#8896,#8897,#8898));
#2103=EDGE_LOOP('',(#8899,#8900,#8901,#8902));
#2104=EDGE_LOOP('',(#8903,#8904,#8905,#8906));
#2105=EDGE_LOOP('',(#8907,#8908,#8909,#8910));
#2106=EDGE_LOOP('',(#8911,#8912,#8913,#8914,#8915,#8916,#8917,#8918,#8919,
#8920,#8921,#8922));
#2107=EDGE_LOOP('',(#8923,#8924,#8925,#8926));
#2108=EDGE_LOOP('',(#8927,#8928,#8929,#8930));
#2109=EDGE_LOOP('',(#8931,#8932,#8933,#8934));
#2110=EDGE_LOOP('',(#8935,#8936,#8937,#8938));
#2111=EDGE_LOOP('',(#8939,#8940,#8941,#8942));
#2112=EDGE_LOOP('',(#8943,#8944,#8945,#8946));
#2113=EDGE_LOOP('',(#8947,#8948,#8949,#8950));
#2114=EDGE_LOOP('',(#8951,#8952,#8953,#8954));
#2115=EDGE_LOOP('',(#8955,#8956,#8957,#8958));
#2116=EDGE_LOOP('',(#8959,#8960,#8961,#8962,#8963,#8964,#8965,#8966,#8967,
#8968,#8969,#8970));
#2117=EDGE_LOOP('',(#8971,#8972,#8973,#8974));
#2118=EDGE_LOOP('',(#8975));
#2119=EDGE_LOOP('',(#8976,#8977,#8978,#8979));
#2120=EDGE_LOOP('',(#8980));
#2121=EDGE_LOOP('',(#8981,#8982,#8983,#8984));
#2122=EDGE_LOOP('',(#8985,#8986,#8987,#8988));
#2123=EDGE_LOOP('',(#8989,#8990,#8991,#8992));
#2124=EDGE_LOOP('',(#8993,#8994,#8995,#8996));
#2125=EDGE_LOOP('',(#8997,#8998,#8999,#9000));
#2126=EDGE_LOOP('',(#9001,#9002,#9003,#9004));
#2127=EDGE_LOOP('',(#9005,#9006,#9007,#9008));
#2128=EDGE_LOOP('',(#9009));
#2129=EDGE_LOOP('',(#9010,#9011,#9012,#9013));
#2130=EDGE_LOOP('',(#9014,#9015,#9016,#9017));
#2131=EDGE_LOOP('',(#9018,#9019,#9020,#9021));
#2132=EDGE_LOOP('',(#9022));
#2133=EDGE_LOOP('',(#9023,#9024,#9025,#9026,#9027,#9028,#9029,#9030,#9031,
#9032,#9033,#9034));
#2134=EDGE_LOOP('',(#9035,#9036,#9037,#9038));
#2135=EDGE_LOOP('',(#9039,#9040,#9041,#9042,#9043,#9044,#9045,#9046,#9047,
#9048,#9049,#9050));
#2136=EDGE_LOOP('',(#9051,#9052,#9053,#9054));
#2137=EDGE_LOOP('',(#9055,#9056,#9057,#9058,#9059,#9060,#9061,#9062,#9063,
#9064,#9065,#9066));
#2138=EDGE_LOOP('',(#9067,#9068,#9069,#9070));
#2139=EDGE_LOOP('',(#9071,#9072,#9073,#9074,#9075,#9076,#9077,#9078,#9079,
#9080,#9081,#9082));
#2140=EDGE_LOOP('',(#9083,#9084,#9085,#9086));
#2141=EDGE_LOOP('',(#9087,#9088,#9089,#9090,#9091,#9092,#9093,#9094,#9095,
#9096,#9097,#9098));
#2142=EDGE_LOOP('',(#9099,#9100,#9101,#9102));
#2143=EDGE_LOOP('',(#9103,#9104,#9105,#9106));
#2144=EDGE_LOOP('',(#9107,#9108,#9109,#9110));
#2145=EDGE_LOOP('',(#9111,#9112,#9113,#9114));
#2146=EDGE_LOOP('',(#9115,#9116,#9117,#9118));
#2147=EDGE_LOOP('',(#9119,#9120,#9121,#9122));
#2148=EDGE_LOOP('',(#9123,#9124,#9125,#9126));
#2149=EDGE_LOOP('',(#9127,#9128,#9129,#9130));
#2150=EDGE_LOOP('',(#9131,#9132,#9133,#9134));
#2151=EDGE_LOOP('',(#9135,#9136,#9137,#9138));
#2152=EDGE_LOOP('',(#9139,#9140,#9141,#9142));
#2153=EDGE_LOOP('',(#9143,#9144,#9145,#9146));
#2154=EDGE_LOOP('',(#9147,#9148,#9149,#9150));
#2155=EDGE_LOOP('',(#9151,#9152,#9153,#9154));
#2156=EDGE_LOOP('',(#9155,#9156,#9157,#9158));
#2157=EDGE_LOOP('',(#9159,#9160,#9161,#9162,#9163,#9164,#9165,#9166,#9167,
#9168,#9169,#9170));
#2158=EDGE_LOOP('',(#9171,#9172,#9173,#9174));
#2159=EDGE_LOOP('',(#9175,#9176,#9177,#9178));
#2160=EDGE_LOOP('',(#9179,#9180,#9181,#9182));
#2161=EDGE_LOOP('',(#9183,#9184,#9185,#9186));
#2162=EDGE_LOOP('',(#9187,#9188,#9189,#9190));
#2163=EDGE_LOOP('',(#9191,#9192,#9193,#9194));
#2164=EDGE_LOOP('',(#9195,#9196,#9197,#9198));
#2165=EDGE_LOOP('',(#9199,#9200,#9201,#9202));
#2166=EDGE_LOOP('',(#9203,#9204,#9205,#9206));
#2167=EDGE_LOOP('',(#9207,#9208,#9209,#9210,#9211,#9212,#9213,#9214,#9215,
#9216,#9217,#9218));
#2168=EDGE_LOOP('',(#9219,#9220,#9221,#9222));
#2169=EDGE_LOOP('',(#9223,#9224,#9225,#9226));
#2170=EDGE_LOOP('',(#9227,#9228,#9229,#9230));
#2171=EDGE_LOOP('',(#9231,#9232,#9233,#9234));
#2172=EDGE_LOOP('',(#9235,#9236,#9237,#9238));
#2173=EDGE_LOOP('',(#9239,#9240,#9241,#9242));
#2174=EDGE_LOOP('',(#9243,#9244,#9245,#9246));
#2175=EDGE_LOOP('',(#9247,#9248,#9249,#9250));
#2176=EDGE_LOOP('',(#9251,#9252,#9253,#9254));
#2177=EDGE_LOOP('',(#9255,#9256,#9257,#9258,#9259,#9260,#9261,#9262,#9263,
#9264,#9265,#9266));
#2178=EDGE_LOOP('',(#9267,#9268,#9269,#9270));
#2179=EDGE_LOOP('',(#9271,#9272,#9273,#9274));
#2180=EDGE_LOOP('',(#9275,#9276,#9277,#9278));
#2181=EDGE_LOOP('',(#9279,#9280,#9281,#9282));
#2182=EDGE_LOOP('',(#9283,#9284,#9285,#9286));
#2183=EDGE_LOOP('',(#9287,#9288,#9289,#9290));
#2184=EDGE_LOOP('',(#9291,#9292,#9293,#9294));
#2185=EDGE_LOOP('',(#9295,#9296,#9297,#9298));
#2186=EDGE_LOOP('',(#9299,#9300,#9301,#9302));
#2187=EDGE_LOOP('',(#9303,#9304,#9305,#9306,#9307,#9308,#9309,#9310,#9311,
#9312,#9313,#9314));
#2188=EDGE_LOOP('',(#9315,#9316,#9317,#9318));
#2189=EDGE_LOOP('',(#9319,#9320,#9321,#9322));
#2190=EDGE_LOOP('',(#9323,#9324,#9325,#9326));
#2191=EDGE_LOOP('',(#9327,#9328,#9329,#9330));
#2192=EDGE_LOOP('',(#9331,#9332,#9333,#9334));
#2193=EDGE_LOOP('',(#9335,#9336,#9337,#9338));
#2194=EDGE_LOOP('',(#9339,#9340,#9341,#9342));
#2195=EDGE_LOOP('',(#9343,#9344,#9345,#9346));
#2196=EDGE_LOOP('',(#9347,#9348,#9349,#9350));
#2197=EDGE_LOOP('',(#9351,#9352,#9353,#9354,#9355,#9356,#9357,#9358,#9359,
#9360,#9361,#9362));
#2198=EDGE_LOOP('',(#9363,#9364,#9365,#9366));
#2199=EDGE_LOOP('',(#9367));
#2200=EDGE_LOOP('',(#9368,#9369,#9370,#9371));
#2201=EDGE_LOOP('',(#9372));
#2202=EDGE_LOOP('',(#9373,#9374,#9375,#9376));
#2203=EDGE_LOOP('',(#9377,#9378,#9379,#9380));
#2204=EDGE_LOOP('',(#9381,#9382,#9383,#9384));
#2205=EDGE_LOOP('',(#9385,#9386,#9387,#9388));
#2206=EDGE_LOOP('',(#9389,#9390,#9391,#9392));
#2207=EDGE_LOOP('',(#9393,#9394,#9395,#9396));
#2208=EDGE_LOOP('',(#9397,#9398,#9399,#9400));
#2209=EDGE_LOOP('',(#9401,#9402,#9403,#9404));
#2210=EDGE_LOOP('',(#9405,#9406,#9407,#9408));
#2211=EDGE_LOOP('',(#9409,#9410,#9411,#9412));
#2212=EDGE_LOOP('',(#9413,#9414,#9415,#9416));
#2213=EDGE_LOOP('',(#9417,#9418,#9419,#9420));
#2214=EDGE_LOOP('',(#9421,#9422,#9423,#9424));
#2215=EDGE_LOOP('',(#9425,#9426,#9427,#9428));
#2216=EDGE_LOOP('',(#9429,#9430,#9431,#9432));
#2217=EDGE_LOOP('',(#9433,#9434,#9435,#9436));
#2218=EDGE_LOOP('',(#9437,#9438,#9439,#9440));
#2219=EDGE_LOOP('',(#9441,#9442,#9443,#9444));
#2220=EDGE_LOOP('',(#9445,#9446,#9447,#9448));
#2221=EDGE_LOOP('',(#9449,#9450,#9451,#9452));
#2222=EDGE_LOOP('',(#9453,#9454,#9455,#9456));
#2223=EDGE_LOOP('',(#9457,#9458,#9459,#9460));
#2224=EDGE_LOOP('',(#9461,#9462,#9463,#9464));
#2225=EDGE_LOOP('',(#9465,#9466,#9467,#9468));
#2226=EDGE_LOOP('',(#9469,#9470,#9471,#9472));
#2227=EDGE_LOOP('',(#9473,#9474,#9475,#9476));
#2228=EDGE_LOOP('',(#9477,#9478,#9479,#9480));
#2229=EDGE_LOOP('',(#9481,#9482,#9483,#9484));
#2230=EDGE_LOOP('',(#9485,#9486,#9487,#9488));
#2231=EDGE_LOOP('',(#9489,#9490,#9491,#9492));
#2232=EDGE_LOOP('',(#9493,#9494,#9495,#9496));
#2233=EDGE_LOOP('',(#9497,#9498,#9499,#9500));
#2234=EDGE_LOOP('',(#9501,#9502,#9503,#9504));
#2235=EDGE_LOOP('',(#9505,#9506,#9507,#9508));
#2236=EDGE_LOOP('',(#9509,#9510,#9511,#9512));
#2237=EDGE_LOOP('',(#9513,#9514,#9515,#9516));
#2238=EDGE_LOOP('',(#9517));
#2239=EDGE_LOOP('',(#9518));
#2240=EDGE_LOOP('',(#9519,#9520,#9521,#9522));
#2241=EDGE_LOOP('',(#9523));
#2242=EDGE_LOOP('',(#9524));
#2243=EDGE_LOOP('',(#9525,#9526,#9527,#9528));
#2244=EDGE_LOOP('',(#9529));
#2245=EDGE_LOOP('',(#9530));
#2246=EDGE_LOOP('',(#9531,#9532,#9533,#9534));
#2247=EDGE_LOOP('',(#9535));
#2248=EDGE_LOOP('',(#9536));
#2249=EDGE_LOOP('',(#9537,#9538,#9539,#9540));
#2250=EDGE_LOOP('',(#9541,#9542,#9543,#9544));
#2251=EDGE_LOOP('',(#9545));
#2252=EDGE_LOOP('',(#9546));
#2253=EDGE_LOOP('',(#9547,#9548,#9549,#9550));
#2254=EDGE_LOOP('',(#9551,#9552,#9553,#9554));
#2255=EDGE_LOOP('',(#9555));
#2256=EDGE_LOOP('',(#9556));
#2257=EDGE_LOOP('',(#9557,#9558,#9559,#9560));
#2258=EDGE_LOOP('',(#9561,#9562,#9563,#9564));
#2259=EDGE_LOOP('',(#9565));
#2260=EDGE_LOOP('',(#9566));
#2261=EDGE_LOOP('',(#9567,#9568,#9569,#9570));
#2262=EDGE_LOOP('',(#9571));
#2263=EDGE_LOOP('',(#9572));
#2264=EDGE_LOOP('',(#9573,#9574,#9575,#9576));
#2265=EDGE_LOOP('',(#9577));
#2266=EDGE_LOOP('',(#9578));
#2267=EDGE_LOOP('',(#9579,#9580,#9581,#9582));
#2268=EDGE_LOOP('',(#9583));
#2269=EDGE_LOOP('',(#9584));
#2270=EDGE_LOOP('',(#9585,#9586,#9587,#9588));
#2271=EDGE_LOOP('',(#9589));
#2272=EDGE_LOOP('',(#9590));
#2273=EDGE_LOOP('',(#9591,#9592,#9593,#9594));
#2274=EDGE_LOOP('',(#9595));
#2275=EDGE_LOOP('',(#9596));
#2276=EDGE_LOOP('',(#9597,#9598,#9599,#9600));
#2277=EDGE_LOOP('',(#9601));
#2278=EDGE_LOOP('',(#9602));
#2279=EDGE_LOOP('',(#9603,#9604,#9605,#9606));
#2280=EDGE_LOOP('',(#9607));
#2281=EDGE_LOOP('',(#9608));
#2282=EDGE_LOOP('',(#9609,#9610,#9611,#9612));
#2283=EDGE_LOOP('',(#9613));
#2284=EDGE_LOOP('',(#9614));
#2285=EDGE_LOOP('',(#9615,#9616,#9617,#9618));
#2286=EDGE_LOOP('',(#9619));
#2287=EDGE_LOOP('',(#9620));
#2288=EDGE_LOOP('',(#9621,#9622,#9623,#9624));
#2289=EDGE_LOOP('',(#9625));
#2290=EDGE_LOOP('',(#9626));
#2291=EDGE_LOOP('',(#9627,#9628,#9629,#9630));
#2292=EDGE_LOOP('',(#9631));
#2293=EDGE_LOOP('',(#9632));
#2294=EDGE_LOOP('',(#9633,#9634,#9635,#9636));
#2295=EDGE_LOOP('',(#9637));
#2296=EDGE_LOOP('',(#9638));
#2297=EDGE_LOOP('',(#9639,#9640,#9641,#9642));
#2298=EDGE_LOOP('',(#9643));
#2299=EDGE_LOOP('',(#9644));
#2300=EDGE_LOOP('',(#9645,#9646,#9647,#9648));
#2301=EDGE_LOOP('',(#9649));
#2302=EDGE_LOOP('',(#9650));
#2303=EDGE_LOOP('',(#9651,#9652,#9653,#9654));
#2304=EDGE_LOOP('',(#9655));
#2305=EDGE_LOOP('',(#9656));
#2306=EDGE_LOOP('',(#9657,#9658,#9659,#9660));
#2307=EDGE_LOOP('',(#9661));
#2308=EDGE_LOOP('',(#9662));
#2309=EDGE_LOOP('',(#9663,#9664,#9665,#9666));
#2310=EDGE_LOOP('',(#9667));
#2311=EDGE_LOOP('',(#9668));
#2312=EDGE_LOOP('',(#9669,#9670,#9671,#9672));
#2313=EDGE_LOOP('',(#9673));
#2314=EDGE_LOOP('',(#9674));
#2315=EDGE_LOOP('',(#9675,#9676,#9677,#9678));
#2316=EDGE_LOOP('',(#9679));
#2317=EDGE_LOOP('',(#9680));
#2318=EDGE_LOOP('',(#9681,#9682,#9683,#9684));
#2319=EDGE_LOOP('',(#9685));
#2320=EDGE_LOOP('',(#9686));
#2321=EDGE_LOOP('',(#9687,#9688,#9689,#9690));
#2322=EDGE_LOOP('',(#9691));
#2323=EDGE_LOOP('',(#9692));
#2324=EDGE_LOOP('',(#9693,#9694,#9695,#9696));
#2325=EDGE_LOOP('',(#9697));
#2326=EDGE_LOOP('',(#9698));
#2327=EDGE_LOOP('',(#9699,#9700,#9701,#9702));
#2328=EDGE_LOOP('',(#9703));
#2329=EDGE_LOOP('',(#9704));
#2330=EDGE_LOOP('',(#9705,#9706,#9707,#9708));
#2331=EDGE_LOOP('',(#9709));
#2332=EDGE_LOOP('',(#9710));
#2333=EDGE_LOOP('',(#9711,#9712,#9713,#9714));
#2334=EDGE_LOOP('',(#9715));
#2335=EDGE_LOOP('',(#9716));
#2336=EDGE_LOOP('',(#9717,#9718,#9719,#9720));
#2337=EDGE_LOOP('',(#9721));
#2338=EDGE_LOOP('',(#9722));
#2339=EDGE_LOOP('',(#9723,#9724,#9725,#9726));
#2340=EDGE_LOOP('',(#9727,#9728,#9729,#9730));
#2341=EDGE_LOOP('',(#9731));
#2342=EDGE_LOOP('',(#9732));
#2343=EDGE_LOOP('',(#9733,#9734,#9735,#9736));
#2344=EDGE_LOOP('',(#9737,#9738,#9739,#9740));
#2345=EDGE_LOOP('',(#9741));
#2346=EDGE_LOOP('',(#9742));
#2347=EDGE_LOOP('',(#9743,#9744,#9745,#9746));
#2348=EDGE_LOOP('',(#9747,#9748,#9749,#9750));
#2349=EDGE_LOOP('',(#9751));
#2350=EDGE_LOOP('',(#9752));
#2351=EDGE_LOOP('',(#9753,#9754,#9755,#9756));
#2352=EDGE_LOOP('',(#9757,#9758,#9759,#9760));
#2353=EDGE_LOOP('',(#9761));
#2354=EDGE_LOOP('',(#9762));
#2355=EDGE_LOOP('',(#9763,#9764,#9765,#9766));
#2356=EDGE_LOOP('',(#9767,#9768,#9769,#9770));
#2357=EDGE_LOOP('',(#9771));
#2358=EDGE_LOOP('',(#9772));
#2359=EDGE_LOOP('',(#9773,#9774,#9775,#9776));
#2360=EDGE_LOOP('',(#9777,#9778,#9779,#9780));
#2361=EDGE_LOOP('',(#9781));
#2362=EDGE_LOOP('',(#9782));
#2363=EDGE_LOOP('',(#9783,#9784,#9785,#9786));
#2364=EDGE_LOOP('',(#9787,#9788,#9789,#9790));
#2365=EDGE_LOOP('',(#9791));
#2366=EDGE_LOOP('',(#9792));
#2367=EDGE_LOOP('',(#9793,#9794,#9795,#9796));
#2368=EDGE_LOOP('',(#9797,#9798,#9799,#9800));
#2369=EDGE_LOOP('',(#9801));
#2370=EDGE_LOOP('',(#9802));
#2371=EDGE_LOOP('',(#9803,#9804,#9805,#9806));
#2372=EDGE_LOOP('',(#9807,#9808,#9809,#9810));
#2373=EDGE_LOOP('',(#9811));
#2374=EDGE_LOOP('',(#9812));
#2375=EDGE_LOOP('',(#9813,#9814,#9815,#9816));
#2376=EDGE_LOOP('',(#9817,#9818,#9819,#9820));
#2377=EDGE_LOOP('',(#9821));
#2378=EDGE_LOOP('',(#9822));
#2379=EDGE_LOOP('',(#9823,#9824,#9825,#9826));
#2380=EDGE_LOOP('',(#9827,#9828,#9829,#9830));
#2381=EDGE_LOOP('',(#9831));
#2382=EDGE_LOOP('',(#9832));
#2383=EDGE_LOOP('',(#9833,#9834,#9835,#9836));
#2384=EDGE_LOOP('',(#9837,#9838,#9839,#9840));
#2385=EDGE_LOOP('',(#9841));
#2386=EDGE_LOOP('',(#9842));
#2387=EDGE_LOOP('',(#9843,#9844,#9845,#9846));
#2388=EDGE_LOOP('',(#9847,#9848,#9849,#9850));
#2389=EDGE_LOOP('',(#9851));
#2390=EDGE_LOOP('',(#9852));
#2391=EDGE_LOOP('',(#9853,#9854,#9855,#9856));
#2392=EDGE_LOOP('',(#9857,#9858,#9859,#9860));
#2393=EDGE_LOOP('',(#9861));
#2394=EDGE_LOOP('',(#9862));
#2395=EDGE_LOOP('',(#9863,#9864,#9865,#9866));
#2396=EDGE_LOOP('',(#9867,#9868,#9869,#9870));
#2397=EDGE_LOOP('',(#9871));
#2398=EDGE_LOOP('',(#9872));
#2399=EDGE_LOOP('',(#9873,#9874,#9875,#9876));
#2400=EDGE_LOOP('',(#9877,#9878,#9879,#9880));
#2401=EDGE_LOOP('',(#9881));
#2402=EDGE_LOOP('',(#9882));
#2403=EDGE_LOOP('',(#9883,#9884,#9885,#9886));
#2404=EDGE_LOOP('',(#9887,#9888,#9889,#9890));
#2405=EDGE_LOOP('',(#9891));
#2406=EDGE_LOOP('',(#9892));
#2407=EDGE_LOOP('',(#9893,#9894,#9895,#9896));
#2408=EDGE_LOOP('',(#9897,#9898,#9899,#9900));
#2409=EDGE_LOOP('',(#9901));
#2410=EDGE_LOOP('',(#9902));
#2411=EDGE_LOOP('',(#9903,#9904,#9905,#9906));
#2412=EDGE_LOOP('',(#9907,#9908,#9909,#9910));
#2413=EDGE_LOOP('',(#9911));
#2414=EDGE_LOOP('',(#9912));
#2415=EDGE_LOOP('',(#9913,#9914,#9915,#9916));
#2416=EDGE_LOOP('',(#9917,#9918,#9919,#9920));
#2417=EDGE_LOOP('',(#9921));
#2418=EDGE_LOOP('',(#9922));
#2419=EDGE_LOOP('',(#9923,#9924,#9925,#9926));
#2420=EDGE_LOOP('',(#9927,#9928,#9929,#9930));
#2421=EDGE_LOOP('',(#9931));
#2422=EDGE_LOOP('',(#9932));
#2423=EDGE_LOOP('',(#9933,#9934,#9935,#9936));
#2424=EDGE_LOOP('',(#9937,#9938,#9939,#9940));
#2425=EDGE_LOOP('',(#9941));
#2426=EDGE_LOOP('',(#9942));
#2427=EDGE_LOOP('',(#9943,#9944,#9945,#9946));
#2428=EDGE_LOOP('',(#9947,#9948,#9949,#9950));
#2429=EDGE_LOOP('',(#9951));
#2430=EDGE_LOOP('',(#9952));
#2431=EDGE_LOOP('',(#9953,#9954,#9955,#9956));
#2432=EDGE_LOOP('',(#9957,#9958,#9959,#9960));
#2433=EDGE_LOOP('',(#9961));
#2434=EDGE_LOOP('',(#9962));
#2435=EDGE_LOOP('',(#9963,#9964,#9965,#9966));
#2436=EDGE_LOOP('',(#9967,#9968,#9969,#9970));
#2437=EDGE_LOOP('',(#9971));
#2438=EDGE_LOOP('',(#9972));
#2439=EDGE_LOOP('',(#9973,#9974,#9975,#9976));
#2440=EDGE_LOOP('',(#9977,#9978,#9979,#9980));
#2441=EDGE_LOOP('',(#9981,#9982,#9983,#9984));
#2442=EDGE_LOOP('',(#9985,#9986,#9987,#9988));
#2443=EDGE_LOOP('',(#9989,#9990,#9991,#9992));
#2444=EDGE_LOOP('',(#9993,#9994,#9995,#9996));
#2445=EDGE_LOOP('',(#9997,#9998,#9999,#10000));
#2446=EDGE_LOOP('',(#10001,#10002,#10003,#10004,#10005,#10006,#10007,#10008));
#2447=EDGE_LOOP('',(#10009,#10010,#10011,#10012,#10013,#10014,#10015,#10016,
#10017,#10018,#10019,#10020,#10021,#10022,#10023,#10024,#10025,#10026,#10027,
#10028,#10029,#10030,#10031,#10032,#10033,#10034,#10035,#10036,#10037,#10038,
#10039,#10040,#10041,#10042,#10043,#10044,#10045,#10046,#10047,#10048,#10049,
#10050,#10051,#10052));
#2448=EDGE_LOOP('',(#10053,#10054,#10055,#10056,#10057,#10058,#10059,#10060));
#2449=EDGE_LOOP('',(#10061,#10062,#10063,#10064,#10065,#10066,#10067,#10068));
#2450=EDGE_LOOP('',(#10069));
#2451=EDGE_LOOP('',(#10070));
#2452=EDGE_LOOP('',(#10071));
#2453=EDGE_LOOP('',(#10072));
#2454=EDGE_LOOP('',(#10073));
#2455=EDGE_LOOP('',(#10074));
#2456=EDGE_LOOP('',(#10075));
#2457=EDGE_LOOP('',(#10076));
#2458=EDGE_LOOP('',(#10077));
#2459=EDGE_LOOP('',(#10078));
#2460=EDGE_LOOP('',(#10079));
#2461=EDGE_LOOP('',(#10080));
#2462=EDGE_LOOP('',(#10081));
#2463=EDGE_LOOP('',(#10082));
#2464=EDGE_LOOP('',(#10083));
#2465=EDGE_LOOP('',(#10084));
#2466=EDGE_LOOP('',(#10085));
#2467=EDGE_LOOP('',(#10086));
#2468=EDGE_LOOP('',(#10087));
#2469=EDGE_LOOP('',(#10088));
#2470=EDGE_LOOP('',(#10089));
#2471=EDGE_LOOP('',(#10090));
#2472=EDGE_LOOP('',(#10091));
#2473=EDGE_LOOP('',(#10092));
#2474=EDGE_LOOP('',(#10093));
#2475=EDGE_LOOP('',(#10094));
#2476=EDGE_LOOP('',(#10095));
#2477=EDGE_LOOP('',(#10096));
#2478=EDGE_LOOP('',(#10097));
#2479=EDGE_LOOP('',(#10098,#10099,#10100,#10101,#10102,#10103,#10104,#10105));
#2480=EDGE_LOOP('',(#10106,#10107,#10108,#10109,#10110,#10111,#10112,#10113));
#2481=EDGE_LOOP('',(#10114,#10115,#10116,#10117,#10118,#10119,#10120,#10121));
#2482=EDGE_LOOP('',(#10122,#10123,#10124,#10125,#10126,#10127,#10128,#10129));
#2483=EDGE_LOOP('',(#10130,#10131,#10132,#10133));
#2484=EDGE_LOOP('',(#10134,#10135,#10136,#10137,#10138,#10139,#10140,#10141,
#10142));
#2485=EDGE_LOOP('',(#10143,#10144,#10145,#10146));
#2486=EDGE_LOOP('',(#10147,#10148,#10149,#10150,#10151,#10152,#10153,#10154,
#10155));
#2487=EDGE_LOOP('',(#10156,#10157,#10158,#10159));
#2488=EDGE_LOOP('',(#10160,#10161,#10162,#10163));
#2489=EDGE_LOOP('',(#10164,#10165,#10166,#10167,#10168,#10169,#10170,#10171,
#10172));
#2490=EDGE_LOOP('',(#10173,#10174,#10175,#10176));
#2491=EDGE_LOOP('',(#10177,#10178,#10179,#10180,#10181,#10182,#10183,#10184,
#10185));
#2492=EDGE_LOOP('',(#10186,#10187,#10188,#10189));
#2493=LINE('',#15292,#3561);
#2494=LINE('',#15294,#3562);
#2495=LINE('',#15296,#3563);
#2496=LINE('',#15297,#3564);
#2497=LINE('',#15301,#3565);
#2498=LINE('',#15303,#3566);
#2499=LINE('',#15305,#3567);
#2500=LINE('',#15306,#3568);
#2501=LINE('',#15309,#3569);
#2502=LINE('',#15311,#3570);
#2503=LINE('',#15315,#3571);
#2504=LINE('',#15317,#3572);
#2505=LINE('',#15321,#3573);
#2506=LINE('',#15325,#3574);
#2507=LINE('',#15327,#3575);
#2508=LINE('',#15328,#3576);
#2509=LINE('',#15331,#3577);
#2510=LINE('',#15335,#3578);
#2511=LINE('',#15339,#3579);
#2512=LINE('',#15341,#3580);
#2513=LINE('',#15344,#3581);
#2514=LINE('',#15347,#3582);
#2515=LINE('',#15349,#3583);
#2516=LINE('',#15352,#3584);
#2517=LINE('',#15353,#3585);
#2518=LINE('',#15355,#3586);
#2519=LINE('',#15356,#3587);
#2520=LINE('',#15358,#3588);
#2521=LINE('',#15361,#3589);
#2522=LINE('',#15366,#3590);
#2523=LINE('',#15367,#3591);
#2524=LINE('',#15369,#3592);
#2525=LINE('',#15374,#3593);
#2526=LINE('',#15377,#3594);
#2527=LINE('',#15385,#3595);
#2528=LINE('',#15387,#3596);
#2529=LINE('',#15389,#3597);
#2530=LINE('',#15391,#3598);
#2531=LINE('',#15393,#3599);
#2532=LINE('',#15395,#3600);
#2533=LINE('',#15397,#3601);
#2534=LINE('',#15398,#3602);
#2535=LINE('',#15401,#3603);
#2536=LINE('',#15403,#3604);
#2537=LINE('',#15404,#3605);
#2538=LINE('',#15407,#3606);
#2539=LINE('',#15409,#3607);
#2540=LINE('',#15411,#3608);
#2541=LINE('',#15413,#3609);
#2542=LINE('',#15415,#3610);
#2543=LINE('',#15417,#3611);
#2544=LINE('',#15418,#3612);
#2545=LINE('',#15420,#3613);
#2546=LINE('',#15421,#3614);
#2547=LINE('',#15425,#3615);
#2548=LINE('',#15427,#3616);
#2549=LINE('',#15428,#3617);
#2550=LINE('',#15433,#3618);
#2551=LINE('',#15437,#3619);
#2552=LINE('',#15439,#3620);
#2553=LINE('',#15440,#3621);
#2554=LINE('',#15453,#3622);
#2555=LINE('',#15461,#3623);
#2556=LINE('',#15465,#3624);
#2557=LINE('',#15467,#3625);
#2558=LINE('',#15469,#3626);
#2559=LINE('',#15470,#3627);
#2560=LINE('',#15473,#3628);
#2561=LINE('',#15477,#3629);
#2562=LINE('',#15479,#3630);
#2563=LINE('',#15481,#3631);
#2564=LINE('',#15482,#3632);
#2565=LINE('',#15486,#3633);
#2566=LINE('',#15488,#3634);
#2567=LINE('',#15492,#3635);
#2568=LINE('',#15494,#3636);
#2569=LINE('',#15496,#3637);
#2570=LINE('',#15498,#3638);
#2571=LINE('',#15501,#3639);
#2572=LINE('',#15504,#3640);
#2573=LINE('',#15506,#3641);
#2574=LINE('',#15507,#3642);
#2575=LINE('',#15510,#3643);
#2576=LINE('',#15512,#3644);
#2577=LINE('',#15516,#3645);
#2578=LINE('',#15518,#3646);
#2579=LINE('',#15520,#3647);
#2580=LINE('',#15524,#3648);
#2581=LINE('',#15526,#3649);
#2582=LINE('',#15527,#3650);
#2583=LINE('',#15531,#3651);
#2584=LINE('',#15532,#3652);
#2585=LINE('',#15533,#3653);
#2586=LINE('',#15534,#3654);
#2587=LINE('',#15537,#3655);
#2588=LINE('',#15538,#3656);
#2589=LINE('',#15540,#3657);
#2590=LINE('',#15541,#3658);
#2591=LINE('',#15543,#3659);
#2592=LINE('',#15545,#3660);
#2593=LINE('',#15547,#3661);
#2594=LINE('',#15551,#3662);
#2595=LINE('',#15552,#3663);
#2596=LINE('',#15554,#3664);
#2597=LINE('',#15557,#3665);
#2598=LINE('',#15559,#3666);
#2599=LINE('',#15561,#3667);
#2600=LINE('',#15562,#3668);
#2601=LINE('',#15566,#3669);
#2602=LINE('',#15568,#3670);
#2603=LINE('',#15570,#3671);
#2604=LINE('',#15572,#3672);
#2605=LINE('',#15574,#3673);
#2606=LINE('',#15576,#3674);
#2607=LINE('',#15578,#3675);
#2608=LINE('',#15580,#3676);
#2609=LINE('',#15582,#3677);
#2610=LINE('',#15584,#3678);
#2611=LINE('',#15586,#3679);
#2612=LINE('',#15587,#3680);
#2613=LINE('',#15591,#3681);
#2614=LINE('',#15593,#3682);
#2615=LINE('',#15595,#3683);
#2616=LINE('',#15597,#3684);
#2617=LINE('',#15599,#3685);
#2618=LINE('',#15601,#3686);
#2619=LINE('',#15603,#3687);
#2620=LINE('',#15605,#3688);
#2621=LINE('',#15607,#3689);
#2622=LINE('',#15609,#3690);
#2623=LINE('',#15611,#3691);
#2624=LINE('',#15612,#3692);
#2625=LINE('',#15617,#3693);
#2626=LINE('',#15622,#3694);
#2627=LINE('',#15626,#3695);
#2628=LINE('',#15630,#3696);
#2629=LINE('',#15634,#3697);
#2630=LINE('',#15638,#3698);
#2631=LINE('',#15643,#3699);
#2632=LINE('',#15648,#3700);
#2633=LINE('',#15653,#3701);
#2634=LINE('',#15655,#3702);
#2635=LINE('',#15657,#3703);
#2636=LINE('',#15658,#3704);
#2637=LINE('',#15661,#3705);
#2638=LINE('',#15663,#3706);
#2639=LINE('',#15665,#3707);
#2640=LINE('',#15666,#3708);
#2641=LINE('',#15669,#3709);
#2642=LINE('',#15671,#3710);
#2643=LINE('',#15673,#3711);
#2644=LINE('',#15674,#3712);
#2645=LINE('',#15677,#3713);
#2646=LINE('',#15679,#3714);
#2647=LINE('',#15681,#3715);
#2648=LINE('',#15682,#3716);
#2649=LINE('',#15685,#3717);
#2650=LINE('',#15687,#3718);
#2651=LINE('',#15689,#3719);
#2652=LINE('',#15690,#3720);
#2653=LINE('',#15693,#3721);
#2654=LINE('',#15695,#3722);
#2655=LINE('',#15697,#3723);
#2656=LINE('',#15698,#3724);
#2657=LINE('',#15701,#3725);
#2658=LINE('',#15703,#3726);
#2659=LINE('',#15705,#3727);
#2660=LINE('',#15706,#3728);
#2661=LINE('',#15709,#3729);
#2662=LINE('',#15711,#3730);
#2663=LINE('',#15713,#3731);
#2664=LINE('',#15714,#3732);
#2665=LINE('',#15717,#3733);
#2666=LINE('',#15719,#3734);
#2667=LINE('',#15721,#3735);
#2668=LINE('',#15722,#3736);
#2669=LINE('',#15725,#3737);
#2670=LINE('',#15727,#3738);
#2671=LINE('',#15729,#3739);
#2672=LINE('',#15730,#3740);
#2673=LINE('',#15732,#3741);
#2674=LINE('',#15733,#3742);
#2675=LINE('',#15735,#3743);
#2676=LINE('',#15736,#3744);
#2677=LINE('',#15738,#3745);
#2678=LINE('',#15739,#3746);
#2679=LINE('',#15741,#3747);
#2680=LINE('',#15742,#3748);
#2681=LINE('',#15748,#3749);
#2682=LINE('',#15749,#3750);
#2683=LINE('',#15750,#3751);
#2684=LINE('',#15753,#3752);
#2685=LINE('',#15755,#3753);
#2686=LINE('',#15756,#3754);
#2687=LINE('',#15760,#3755);
#2688=LINE('',#15765,#3756);
#2689=LINE('',#15770,#3757);
#2690=LINE('',#15774,#3758);
#2691=LINE('',#15778,#3759);
#2692=LINE('',#15782,#3760);
#2693=LINE('',#15785,#3761);
#2694=LINE('',#15786,#3762);
#2695=LINE('',#15788,#3763);
#2696=LINE('',#15789,#3764);
#2697=LINE('',#15796,#3765);
#2698=LINE('',#15798,#3766);
#2699=LINE('',#15799,#3767);
#2700=LINE('',#15802,#3768);
#2701=LINE('',#15806,#3769);
#2702=LINE('',#15807,#3770);
#2703=LINE('',#15810,#3771);
#2704=LINE('',#15814,#3772);
#2705=LINE('',#15815,#3773);
#2706=LINE('',#15818,#3774);
#2707=LINE('',#15822,#3775);
#2708=LINE('',#15823,#3776);
#2709=LINE('',#15829,#3777);
#2710=LINE('',#15831,#3778);
#2711=LINE('',#15832,#3779);
#2712=LINE('',#15835,#3780);
#2713=LINE('',#15837,#3781);
#2714=LINE('',#15838,#3782);
#2715=LINE('',#15841,#3783);
#2716=LINE('',#15845,#3784);
#2717=LINE('',#15849,#3785);
#2718=LINE('',#15851,#3786);
#2719=LINE('',#15853,#3787);
#2720=LINE('',#15855,#3788);
#2721=LINE('',#15859,#3789);
#2722=LINE('',#15862,#3790);
#2723=LINE('',#15865,#3791);
#2724=LINE('',#15866,#3792);
#2725=LINE('',#15869,#3793);
#2726=LINE('',#15873,#3794);
#2727=LINE('',#15877,#3795);
#2728=LINE('',#15879,#3796);
#2729=LINE('',#15881,#3797);
#2730=LINE('',#15883,#3798);
#2731=LINE('',#15887,#3799);
#2732=LINE('',#15890,#3800);
#2733=LINE('',#15893,#3801);
#2734=LINE('',#15894,#3802);
#2735=LINE('',#15897,#3803);
#2736=LINE('',#15901,#3804);
#2737=LINE('',#15905,#3805);
#2738=LINE('',#15907,#3806);
#2739=LINE('',#15909,#3807);
#2740=LINE('',#15911,#3808);
#2741=LINE('',#15915,#3809);
#2742=LINE('',#15918,#3810);
#2743=LINE('',#15921,#3811);
#2744=LINE('',#15922,#3812);
#2745=LINE('',#15925,#3813);
#2746=LINE('',#15929,#3814);
#2747=LINE('',#15933,#3815);
#2748=LINE('',#15935,#3816);
#2749=LINE('',#15937,#3817);
#2750=LINE('',#15939,#3818);
#2751=LINE('',#15943,#3819);
#2752=LINE('',#15946,#3820);
#2753=LINE('',#15949,#3821);
#2754=LINE('',#15950,#3822);
#2755=LINE('',#15953,#3823);
#2756=LINE('',#15957,#3824);
#2757=LINE('',#15961,#3825);
#2758=LINE('',#15963,#3826);
#2759=LINE('',#15965,#3827);
#2760=LINE('',#15967,#3828);
#2761=LINE('',#15971,#3829);
#2762=LINE('',#15974,#3830);
#2763=LINE('',#15977,#3831);
#2764=LINE('',#15978,#3832);
#2765=LINE('',#15981,#3833);
#2766=LINE('',#15985,#3834);
#2767=LINE('',#15989,#3835);
#2768=LINE('',#15991,#3836);
#2769=LINE('',#15993,#3837);
#2770=LINE('',#15995,#3838);
#2771=LINE('',#15999,#3839);
#2772=LINE('',#16002,#3840);
#2773=LINE('',#16005,#3841);
#2774=LINE('',#16006,#3842);
#2775=LINE('',#16009,#3843);
#2776=LINE('',#16013,#3844);
#2777=LINE('',#16017,#3845);
#2778=LINE('',#16019,#3846);
#2779=LINE('',#16021,#3847);
#2780=LINE('',#16023,#3848);
#2781=LINE('',#16027,#3849);
#2782=LINE('',#16030,#3850);
#2783=LINE('',#16033,#3851);
#2784=LINE('',#16034,#3852);
#2785=LINE('',#16037,#3853);
#2786=LINE('',#16041,#3854);
#2787=LINE('',#16045,#3855);
#2788=LINE('',#16047,#3856);
#2789=LINE('',#16049,#3857);
#2790=LINE('',#16051,#3858);
#2791=LINE('',#16055,#3859);
#2792=LINE('',#16058,#3860);
#2793=LINE('',#16061,#3861);
#2794=LINE('',#16062,#3862);
#2795=LINE('',#16065,#3863);
#2796=LINE('',#16069,#3864);
#2797=LINE('',#16073,#3865);
#2798=LINE('',#16075,#3866);
#2799=LINE('',#16077,#3867);
#2800=LINE('',#16079,#3868);
#2801=LINE('',#16083,#3869);
#2802=LINE('',#16086,#3870);
#2803=LINE('',#16089,#3871);
#2804=LINE('',#16090,#3872);
#2805=LINE('',#16093,#3873);
#2806=LINE('',#16097,#3874);
#2807=LINE('',#16101,#3875);
#2808=LINE('',#16103,#3876);
#2809=LINE('',#16105,#3877);
#2810=LINE('',#16107,#3878);
#2811=LINE('',#16111,#3879);
#2812=LINE('',#16114,#3880);
#2813=LINE('',#16117,#3881);
#2814=LINE('',#16118,#3882);
#2815=LINE('',#16122,#3883);
#2816=LINE('',#16124,#3884);
#2817=LINE('',#16126,#3885);
#2818=LINE('',#16127,#3886);
#2819=LINE('',#16132,#3887);
#2820=LINE('',#16137,#3888);
#2821=LINE('',#16138,#3889);
#2822=LINE('',#16139,#3890);
#2823=LINE('',#16142,#3891);
#2824=LINE('',#16144,#3892);
#2825=LINE('',#16146,#3893);
#2826=LINE('',#16150,#3894);
#2827=LINE('',#16154,#3895);
#2828=LINE('',#16158,#3896);
#2829=LINE('',#16162,#3897);
#2830=LINE('',#16164,#3898);
#2831=LINE('',#16166,#3899);
#2832=LINE('',#16168,#3900);
#2833=LINE('',#16170,#3901);
#2834=LINE('',#16172,#3902);
#2835=LINE('',#16174,#3903);
#2836=LINE('',#16176,#3904);
#2837=LINE('',#16178,#3905);
#2838=LINE('',#16182,#3906);
#2839=LINE('',#16186,#3907);
#2840=LINE('',#16190,#3908);
#2841=LINE('',#16194,#3909);
#2842=LINE('',#16196,#3910);
#2843=LINE('',#16198,#3911);
#2844=LINE('',#16202,#3912);
#2845=LINE('',#16206,#3913);
#2846=LINE('',#16210,#3914);
#2847=LINE('',#16214,#3915);
#2848=LINE('',#16216,#3916);
#2849=LINE('',#16217,#3917);
#2850=LINE('',#16219,#3918);
#2851=LINE('',#16221,#3919);
#2852=LINE('',#16222,#3920);
#2853=LINE('',#16224,#3921);
#2854=LINE('',#16226,#3922);
#2855=LINE('',#16227,#3923);
#2856=LINE('',#16229,#3924);
#2857=LINE('',#16231,#3925);
#2858=LINE('',#16232,#3926);
#2859=LINE('',#16234,#3927);
#2860=LINE('',#16236,#3928);
#2861=LINE('',#16237,#3929);
#2862=LINE('',#16239,#3930);
#2863=LINE('',#16241,#3931);
#2864=LINE('',#16242,#3932);
#2865=LINE('',#16244,#3933);
#2866=LINE('',#16246,#3934);
#2867=LINE('',#16247,#3935);
#2868=LINE('',#16249,#3936);
#2869=LINE('',#16251,#3937);
#2870=LINE('',#16252,#3938);
#2871=LINE('',#16254,#3939);
#2872=LINE('',#16256,#3940);
#2873=LINE('',#16257,#3941);
#2874=LINE('',#16259,#3942);
#2875=LINE('',#16261,#3943);
#2876=LINE('',#16262,#3944);
#2877=LINE('',#16264,#3945);
#2878=LINE('',#16266,#3946);
#2879=LINE('',#16268,#3947);
#2880=LINE('',#16270,#3948);
#2881=LINE('',#16271,#3949);
#2882=LINE('',#16275,#3950);
#2883=LINE('',#16277,#3951);
#2884=LINE('',#16281,#3952);
#2885=LINE('',#16286,#3953);
#2886=LINE('',#16291,#3954);
#2887=LINE('',#16295,#3955);
#2888=LINE('',#16297,#3956);
#2889=LINE('',#16299,#3957);
#2890=LINE('',#16300,#3958);
#2891=LINE('',#16303,#3959);
#2892=LINE('',#16305,#3960);
#2893=LINE('',#16307,#3961);
#2894=LINE('',#16308,#3962);
#2895=LINE('',#16311,#3963);
#2896=LINE('',#16313,#3964);
#2897=LINE('',#16315,#3965);
#2898=LINE('',#16316,#3966);
#2899=LINE('',#16319,#3967);
#2900=LINE('',#16321,#3968);
#2901=LINE('',#16323,#3969);
#2902=LINE('',#16324,#3970);
#2903=LINE('',#16327,#3971);
#2904=LINE('',#16329,#3972);
#2905=LINE('',#16331,#3973);
#2906=LINE('',#16332,#3974);
#2907=LINE('',#16335,#3975);
#2908=LINE('',#16337,#3976);
#2909=LINE('',#16339,#3977);
#2910=LINE('',#16340,#3978);
#2911=LINE('',#16343,#3979);
#2912=LINE('',#16345,#3980);
#2913=LINE('',#16347,#3981);
#2914=LINE('',#16348,#3982);
#2915=LINE('',#16351,#3983);
#2916=LINE('',#16353,#3984);
#2917=LINE('',#16355,#3985);
#2918=LINE('',#16356,#3986);
#2919=LINE('',#16359,#3987);
#2920=LINE('',#16361,#3988);
#2921=LINE('',#16363,#3989);
#2922=LINE('',#16364,#3990);
#2923=LINE('',#16367,#3991);
#2924=LINE('',#16369,#3992);
#2925=LINE('',#16371,#3993);
#2926=LINE('',#16372,#3994);
#2927=LINE('',#16375,#3995);
#2928=LINE('',#16377,#3996);
#2929=LINE('',#16379,#3997);
#2930=LINE('',#16380,#3998);
#2931=LINE('',#16383,#3999);
#2932=LINE('',#16385,#4000);
#2933=LINE('',#16387,#4001);
#2934=LINE('',#16388,#4002);
#2935=LINE('',#16449,#4003);
#2936=LINE('',#16451,#4004);
#2937=LINE('',#16453,#4005);
#2938=LINE('',#16454,#4006);
#2939=LINE('',#16456,#4007);
#2940=LINE('',#16457,#4008);
#2941=LINE('',#16458,#4009);
#2942=LINE('',#16459,#4010);
#2943=LINE('',#16464,#4011);
#2944=LINE('',#16469,#4012);
#2945=LINE('',#16470,#4013);
#2946=LINE('',#16471,#4014);
#2947=LINE('',#16475,#4015);
#2948=LINE('',#16477,#4016);
#2949=LINE('',#16479,#4017);
#2950=LINE('',#16480,#4018);
#2951=LINE('',#16486,#4019);
#2952=LINE('',#16487,#4020);
#2953=LINE('',#16489,#4021);
#2954=LINE('',#16490,#4022);
#2955=LINE('',#16493,#4023);
#2956=LINE('',#16495,#4024);
#2957=LINE('',#16496,#4025);
#2958=LINE('',#16500,#4026);
#2959=LINE('',#16502,#4027);
#2960=LINE('',#16504,#4028);
#2961=LINE('',#16505,#4029);
#2962=LINE('',#16511,#4030);
#2963=LINE('',#16512,#4031);
#2964=LINE('',#16514,#4032);
#2965=LINE('',#16515,#4033);
#2966=LINE('',#16518,#4034);
#2967=LINE('',#16520,#4035);
#2968=LINE('',#16521,#4036);
#2969=LINE('',#16523,#4037);
#2970=LINE('',#16524,#4038);
#2971=LINE('',#16525,#4039);
#2972=LINE('',#16528,#4040);
#2973=LINE('',#16531,#4041);
#2974=LINE('',#16533,#4042);
#2975=LINE('',#16536,#4043);
#2976=LINE('',#16537,#4044);
#2977=LINE('',#16538,#4045);
#2978=LINE('',#16541,#4046);
#2979=LINE('',#16544,#4047);
#2980=LINE('',#16546,#4048);
#2981=LINE('',#16550,#4049);
#2982=LINE('',#16553,#4050);
#2983=LINE('',#16556,#4051);
#2984=LINE('',#16559,#4052);
#2985=LINE('',#16560,#4053);
#2986=LINE('',#16562,#4054);
#2987=LINE('',#16564,#4055);
#2988=LINE('',#16568,#4056);
#2989=LINE('',#16571,#4057);
#2990=LINE('',#16572,#4058);
#2991=LINE('',#16574,#4059);
#2992=LINE('',#16577,#4060);
#2993=LINE('',#16579,#4061);
#2994=LINE('',#16582,#4062);
#2995=LINE('',#16586,#4063);
#2996=LINE('',#16589,#4064);
#2997=LINE('',#16592,#4065);
#2998=LINE('',#16595,#4066);
#2999=LINE('',#16596,#4067);
#3000=LINE('',#16598,#4068);
#3001=LINE('',#16600,#4069);
#3002=LINE('',#16604,#4070);
#3003=LINE('',#16607,#4071);
#3004=LINE('',#16608,#4072);
#3005=LINE('',#16610,#4073);
#3006=LINE('',#16613,#4074);
#3007=LINE('',#16615,#4075);
#3008=LINE('',#16618,#4076);
#3009=LINE('',#16622,#4077);
#3010=LINE('',#16625,#4078);
#3011=LINE('',#16628,#4079);
#3012=LINE('',#16631,#4080);
#3013=LINE('',#16632,#4081);
#3014=LINE('',#16634,#4082);
#3015=LINE('',#16636,#4083);
#3016=LINE('',#16640,#4084);
#3017=LINE('',#16643,#4085);
#3018=LINE('',#16644,#4086);
#3019=LINE('',#16646,#4087);
#3020=LINE('',#16649,#4088);
#3021=LINE('',#16651,#4089);
#3022=LINE('',#16654,#4090);
#3023=LINE('',#16658,#4091);
#3024=LINE('',#16661,#4092);
#3025=LINE('',#16664,#4093);
#3026=LINE('',#16667,#4094);
#3027=LINE('',#16668,#4095);
#3028=LINE('',#16670,#4096);
#3029=LINE('',#16672,#4097);
#3030=LINE('',#16676,#4098);
#3031=LINE('',#16679,#4099);
#3032=LINE('',#16680,#4100);
#3033=LINE('',#16682,#4101);
#3034=LINE('',#16685,#4102);
#3035=LINE('',#16687,#4103);
#3036=LINE('',#16690,#4104);
#3037=LINE('',#16694,#4105);
#3038=LINE('',#16697,#4106);
#3039=LINE('',#16700,#4107);
#3040=LINE('',#16703,#4108);
#3041=LINE('',#16704,#4109);
#3042=LINE('',#16706,#4110);
#3043=LINE('',#16708,#4111);
#3044=LINE('',#16712,#4112);
#3045=LINE('',#16715,#4113);
#3046=LINE('',#16716,#4114);
#3047=LINE('',#16718,#4115);
#3048=LINE('',#16721,#4116);
#3049=LINE('',#16723,#4117);
#3050=LINE('',#16726,#4118);
#3051=LINE('',#16730,#4119);
#3052=LINE('',#16733,#4120);
#3053=LINE('',#16736,#4121);
#3054=LINE('',#16739,#4122);
#3055=LINE('',#16740,#4123);
#3056=LINE('',#16742,#4124);
#3057=LINE('',#16744,#4125);
#3058=LINE('',#16748,#4126);
#3059=LINE('',#16751,#4127);
#3060=LINE('',#16752,#4128);
#3061=LINE('',#16754,#4129);
#3062=LINE('',#16757,#4130);
#3063=LINE('',#16759,#4131);
#3064=LINE('',#16762,#4132);
#3065=LINE('',#16766,#4133);
#3066=LINE('',#16769,#4134);
#3067=LINE('',#16772,#4135);
#3068=LINE('',#16775,#4136);
#3069=LINE('',#16776,#4137);
#3070=LINE('',#16778,#4138);
#3071=LINE('',#16780,#4139);
#3072=LINE('',#16784,#4140);
#3073=LINE('',#16787,#4141);
#3074=LINE('',#16788,#4142);
#3075=LINE('',#16790,#4143);
#3076=LINE('',#16793,#4144);
#3077=LINE('',#16795,#4145);
#3078=LINE('',#16798,#4146);
#3079=LINE('',#16802,#4147);
#3080=LINE('',#16805,#4148);
#3081=LINE('',#16808,#4149);
#3082=LINE('',#16811,#4150);
#3083=LINE('',#16812,#4151);
#3084=LINE('',#16814,#4152);
#3085=LINE('',#16816,#4153);
#3086=LINE('',#16820,#4154);
#3087=LINE('',#16823,#4155);
#3088=LINE('',#16824,#4156);
#3089=LINE('',#16826,#4157);
#3090=LINE('',#16829,#4158);
#3091=LINE('',#16831,#4159);
#3092=LINE('',#16834,#4160);
#3093=LINE('',#16838,#4161);
#3094=LINE('',#16841,#4162);
#3095=LINE('',#16844,#4163);
#3096=LINE('',#16847,#4164);
#3097=LINE('',#16848,#4165);
#3098=LINE('',#16850,#4166);
#3099=LINE('',#16852,#4167);
#3100=LINE('',#16856,#4168);
#3101=LINE('',#16859,#4169);
#3102=LINE('',#16860,#4170);
#3103=LINE('',#16862,#4171);
#3104=LINE('',#16865,#4172);
#3105=LINE('',#16867,#4173);
#3106=LINE('',#16870,#4174);
#3107=LINE('',#16874,#4175);
#3108=LINE('',#16877,#4176);
#3109=LINE('',#16880,#4177);
#3110=LINE('',#16883,#4178);
#3111=LINE('',#16884,#4179);
#3112=LINE('',#16886,#4180);
#3113=LINE('',#16888,#4181);
#3114=LINE('',#16892,#4182);
#3115=LINE('',#16895,#4183);
#3116=LINE('',#16896,#4184);
#3117=LINE('',#16898,#4185);
#3118=LINE('',#16901,#4186);
#3119=LINE('',#16903,#4187);
#3120=LINE('',#16906,#4188);
#3121=LINE('',#16910,#4189);
#3122=LINE('',#16914,#4190);
#3123=LINE('',#16915,#4191);
#3124=LINE('',#16927,#4192);
#3125=LINE('',#16935,#4193);
#3126=LINE('',#16937,#4194);
#3127=LINE('',#16945,#4195);
#3128=LINE('',#16947,#4196);
#3129=LINE('',#16948,#4197);
#3130=LINE('',#16950,#4198);
#3131=LINE('',#16957,#4199);
#3132=LINE('',#16961,#4200);
#3133=LINE('',#16963,#4201);
#3134=LINE('',#16965,#4202);
#3135=LINE('',#16969,#4203);
#3136=LINE('',#16973,#4204);
#3137=LINE('',#16974,#4205);
#3138=LINE('',#16978,#4206);
#3139=LINE('',#16983,#4207);
#3140=LINE('',#16987,#4208);
#3141=LINE('',#16989,#4209);
#3142=LINE('',#16991,#4210);
#3143=LINE('',#16995,#4211);
#3144=LINE('',#16999,#4212);
#3145=LINE('',#17000,#4213);
#3146=LINE('',#17004,#4214);
#3147=LINE('',#17009,#4215);
#3148=LINE('',#17013,#4216);
#3149=LINE('',#17015,#4217);
#3150=LINE('',#17017,#4218);
#3151=LINE('',#17021,#4219);
#3152=LINE('',#17025,#4220);
#3153=LINE('',#17026,#4221);
#3154=LINE('',#17030,#4222);
#3155=LINE('',#17035,#4223);
#3156=LINE('',#17039,#4224);
#3157=LINE('',#17041,#4225);
#3158=LINE('',#17043,#4226);
#3159=LINE('',#17047,#4227);
#3160=LINE('',#17051,#4228);
#3161=LINE('',#17052,#4229);
#3162=LINE('',#17056,#4230);
#3163=LINE('',#17061,#4231);
#3164=LINE('',#17065,#4232);
#3165=LINE('',#17067,#4233);
#3166=LINE('',#17069,#4234);
#3167=LINE('',#17073,#4235);
#3168=LINE('',#17077,#4236);
#3169=LINE('',#17078,#4237);
#3170=LINE('',#17082,#4238);
#3171=LINE('',#17085,#4239);
#3172=LINE('',#17087,#4240);
#3173=LINE('',#17088,#4241);
#3174=LINE('',#17090,#4242);
#3175=LINE('',#17092,#4243);
#3176=LINE('',#17093,#4244);
#3177=LINE('',#17095,#4245);
#3178=LINE('',#17097,#4246);
#3179=LINE('',#17098,#4247);
#3180=LINE('',#17100,#4248);
#3181=LINE('',#17102,#4249);
#3182=LINE('',#17103,#4250);
#3183=LINE('',#17106,#4251);
#3184=LINE('',#17107,#4252);
#3185=LINE('',#17110,#4253);
#3186=LINE('',#17111,#4254);
#3187=LINE('',#17115,#4255);
#3188=LINE('',#17118,#4256);
#3189=LINE('',#17119,#4257);
#3190=LINE('',#17123,#4258);
#3191=LINE('',#17126,#4259);
#3192=LINE('',#17127,#4260);
#3193=LINE('',#17129,#4261);
#3194=LINE('',#17132,#4262);
#3195=LINE('',#17133,#4263);
#3196=LINE('',#17137,#4264);
#3197=LINE('',#17139,#4265);
#3198=LINE('',#17143,#4266);
#3199=LINE('',#17144,#4267);
#3200=LINE('',#17148,#4268);
#3201=LINE('',#17151,#4269);
#3202=LINE('',#17152,#4270);
#3203=LINE('',#17156,#4271);
#3204=LINE('',#17159,#4272);
#3205=LINE('',#17160,#4273);
#3206=LINE('',#17162,#4274);
#3207=LINE('',#17165,#4275);
#3208=LINE('',#17166,#4276);
#3209=LINE('',#17170,#4277);
#3210=LINE('',#17172,#4278);
#3211=LINE('',#17176,#4279);
#3212=LINE('',#17177,#4280);
#3213=LINE('',#17181,#4281);
#3214=LINE('',#17184,#4282);
#3215=LINE('',#17185,#4283);
#3216=LINE('',#17189,#4284);
#3217=LINE('',#17192,#4285);
#3218=LINE('',#17193,#4286);
#3219=LINE('',#17195,#4287);
#3220=LINE('',#17198,#4288);
#3221=LINE('',#17199,#4289);
#3222=LINE('',#17203,#4290);
#3223=LINE('',#17205,#4291);
#3224=LINE('',#17209,#4292);
#3225=LINE('',#17211,#4293);
#3226=LINE('',#17212,#4294);
#3227=LINE('',#17216,#4295);
#3228=LINE('',#17219,#4296);
#3229=LINE('',#17220,#4297);
#3230=LINE('',#17224,#4298);
#3231=LINE('',#17227,#4299);
#3232=LINE('',#17228,#4300);
#3233=LINE('',#17230,#4301);
#3234=LINE('',#17233,#4302);
#3235=LINE('',#17234,#4303);
#3236=LINE('',#17238,#4304);
#3237=LINE('',#17241,#4305);
#3238=LINE('',#17242,#4306);
#3239=LINE('',#17244,#4307);
#3240=LINE('',#17247,#4308);
#3241=LINE('',#17249,#4309);
#3242=LINE('',#17250,#4310);
#3243=LINE('',#17254,#4311);
#3244=LINE('',#17257,#4312);
#3245=LINE('',#17258,#4313);
#3246=LINE('',#17262,#4314);
#3247=LINE('',#17265,#4315);
#3248=LINE('',#17266,#4316);
#3249=LINE('',#17268,#4317);
#3250=LINE('',#17271,#4318);
#3251=LINE('',#17272,#4319);
#3252=LINE('',#17276,#4320);
#3253=LINE('',#17279,#4321);
#3254=LINE('',#17280,#4322);
#3255=LINE('',#17282,#4323);
#3256=LINE('',#17287,#4324);
#3257=LINE('',#17292,#4325);
#3258=LINE('',#17293,#4326);
#3259=LINE('',#17295,#4327);
#3260=LINE('',#17299,#4328);
#3261=LINE('',#17301,#4329);
#3262=LINE('',#17302,#4330);
#3263=LINE('',#17305,#4331);
#3264=LINE('',#17306,#4332);
#3265=LINE('',#17311,#4333);
#3266=LINE('',#17316,#4334);
#3267=LINE('',#17317,#4335);
#3268=LINE('',#17319,#4336);
#3269=LINE('',#17325,#4337);
#3270=LINE('',#17329,#4338);
#3271=LINE('',#17331,#4339);
#3272=LINE('',#17333,#4340);
#3273=LINE('',#17337,#4341);
#3274=LINE('',#17341,#4342);
#3275=LINE('',#17342,#4343);
#3276=LINE('',#17346,#4344);
#3277=LINE('',#17351,#4345);
#3278=LINE('',#17355,#4346);
#3279=LINE('',#17357,#4347);
#3280=LINE('',#17359,#4348);
#3281=LINE('',#17363,#4349);
#3282=LINE('',#17367,#4350);
#3283=LINE('',#17368,#4351);
#3284=LINE('',#17372,#4352);
#3285=LINE('',#17377,#4353);
#3286=LINE('',#17381,#4354);
#3287=LINE('',#17383,#4355);
#3288=LINE('',#17385,#4356);
#3289=LINE('',#17389,#4357);
#3290=LINE('',#17393,#4358);
#3291=LINE('',#17394,#4359);
#3292=LINE('',#17398,#4360);
#3293=LINE('',#17403,#4361);
#3294=LINE('',#17407,#4362);
#3295=LINE('',#17409,#4363);
#3296=LINE('',#17411,#4364);
#3297=LINE('',#17415,#4365);
#3298=LINE('',#17419,#4366);
#3299=LINE('',#17420,#4367);
#3300=LINE('',#17424,#4368);
#3301=LINE('',#17429,#4369);
#3302=LINE('',#17433,#4370);
#3303=LINE('',#17435,#4371);
#3304=LINE('',#17437,#4372);
#3305=LINE('',#17441,#4373);
#3306=LINE('',#17445,#4374);
#3307=LINE('',#17446,#4375);
#3308=LINE('',#17450,#4376);
#3309=LINE('',#17453,#4377);
#3310=LINE('',#17455,#4378);
#3311=LINE('',#17456,#4379);
#3312=LINE('',#17458,#4380);
#3313=LINE('',#17460,#4381);
#3314=LINE('',#17461,#4382);
#3315=LINE('',#17463,#4383);
#3316=LINE('',#17465,#4384);
#3317=LINE('',#17466,#4385);
#3318=LINE('',#17468,#4386);
#3319=LINE('',#17470,#4387);
#3320=LINE('',#17471,#4388);
#3321=LINE('',#17474,#4389);
#3322=LINE('',#17475,#4390);
#3323=LINE('',#17478,#4391);
#3324=LINE('',#17479,#4392);
#3325=LINE('',#17483,#4393);
#3326=LINE('',#17486,#4394);
#3327=LINE('',#17487,#4395);
#3328=LINE('',#17491,#4396);
#3329=LINE('',#17494,#4397);
#3330=LINE('',#17495,#4398);
#3331=LINE('',#17497,#4399);
#3332=LINE('',#17500,#4400);
#3333=LINE('',#17501,#4401);
#3334=LINE('',#17505,#4402);
#3335=LINE('',#17507,#4403);
#3336=LINE('',#17511,#4404);
#3337=LINE('',#17512,#4405);
#3338=LINE('',#17516,#4406);
#3339=LINE('',#17519,#4407);
#3340=LINE('',#17520,#4408);
#3341=LINE('',#17524,#4409);
#3342=LINE('',#17527,#4410);
#3343=LINE('',#17528,#4411);
#3344=LINE('',#17530,#4412);
#3345=LINE('',#17533,#4413);
#3346=LINE('',#17534,#4414);
#3347=LINE('',#17538,#4415);
#3348=LINE('',#17540,#4416);
#3349=LINE('',#17544,#4417);
#3350=LINE('',#17545,#4418);
#3351=LINE('',#17549,#4419);
#3352=LINE('',#17552,#4420);
#3353=LINE('',#17553,#4421);
#3354=LINE('',#17557,#4422);
#3355=LINE('',#17560,#4423);
#3356=LINE('',#17561,#4424);
#3357=LINE('',#17563,#4425);
#3358=LINE('',#17566,#4426);
#3359=LINE('',#17567,#4427);
#3360=LINE('',#17571,#4428);
#3361=LINE('',#17573,#4429);
#3362=LINE('',#17577,#4430);
#3363=LINE('',#17579,#4431);
#3364=LINE('',#17580,#4432);
#3365=LINE('',#17584,#4433);
#3366=LINE('',#17587,#4434);
#3367=LINE('',#17588,#4435);
#3368=LINE('',#17592,#4436);
#3369=LINE('',#17595,#4437);
#3370=LINE('',#17596,#4438);
#3371=LINE('',#17598,#4439);
#3372=LINE('',#17601,#4440);
#3373=LINE('',#17602,#4441);
#3374=LINE('',#17606,#4442);
#3375=LINE('',#17609,#4443);
#3376=LINE('',#17610,#4444);
#3377=LINE('',#17612,#4445);
#3378=LINE('',#17615,#4446);
#3379=LINE('',#17617,#4447);
#3380=LINE('',#17618,#4448);
#3381=LINE('',#17622,#4449);
#3382=LINE('',#17625,#4450);
#3383=LINE('',#17626,#4451);
#3384=LINE('',#17630,#4452);
#3385=LINE('',#17633,#4453);
#3386=LINE('',#17634,#4454);
#3387=LINE('',#17636,#4455);
#3388=LINE('',#17639,#4456);
#3389=LINE('',#17640,#4457);
#3390=LINE('',#17644,#4458);
#3391=LINE('',#17647,#4459);
#3392=LINE('',#17648,#4460);
#3393=LINE('',#17650,#4461);
#3394=LINE('',#17655,#4462);
#3395=LINE('',#17660,#4463);
#3396=LINE('',#17661,#4464);
#3397=LINE('',#17663,#4465);
#3398=LINE('',#17668,#4466);
#3399=LINE('',#17669,#4467);
#3400=LINE('',#17670,#4468);
#3401=LINE('',#17674,#4469);
#3402=LINE('',#17677,#4470);
#3403=LINE('',#17678,#4471);
#3404=LINE('',#17682,#4472);
#3405=LINE('',#17685,#4473);
#3406=LINE('',#17686,#4474);
#3407=LINE('',#17690,#4475);
#3408=LINE('',#17693,#4476);
#3409=LINE('',#17694,#4477);
#3410=LINE('',#17700,#4478);
#3411=LINE('',#17701,#4479);
#3412=LINE('',#17702,#4480);
#3413=LINE('',#17706,#4481);
#3414=LINE('',#17709,#4482);
#3415=LINE('',#17710,#4483);
#3416=LINE('',#17714,#4484);
#3417=LINE('',#17717,#4485);
#3418=LINE('',#17718,#4486);
#3419=LINE('',#17722,#4487);
#3420=LINE('',#17725,#4488);
#3421=LINE('',#17726,#4489);
#3422=LINE('',#17732,#4490);
#3423=LINE('',#17733,#4491);
#3424=LINE('',#17734,#4492);
#3425=LINE('',#17738,#4493);
#3426=LINE('',#17741,#4494);
#3427=LINE('',#17742,#4495);
#3428=LINE('',#17746,#4496);
#3429=LINE('',#17749,#4497);
#3430=LINE('',#17750,#4498);
#3431=LINE('',#17754,#4499);
#3432=LINE('',#17757,#4500);
#3433=LINE('',#17758,#4501);
#3434=LINE('',#17764,#4502);
#3435=LINE('',#17765,#4503);
#3436=LINE('',#17766,#4504);
#3437=LINE('',#17770,#4505);
#3438=LINE('',#17773,#4506);
#3439=LINE('',#17774,#4507);
#3440=LINE('',#17778,#4508);
#3441=LINE('',#17781,#4509);
#3442=LINE('',#17782,#4510);
#3443=LINE('',#17786,#4511);
#3444=LINE('',#17789,#4512);
#3445=LINE('',#17790,#4513);
#3446=LINE('',#17801,#4514);
#3447=LINE('',#17810,#4515);
#3448=LINE('',#17819,#4516);
#3449=LINE('',#17826,#4517);
#3450=LINE('',#17828,#4518);
#3451=LINE('',#17835,#4519);
#3452=LINE('',#17837,#4520);
#3453=LINE('',#17844,#4521);
#3454=LINE('',#17846,#4522);
#3455=LINE('',#17855,#4523);
#3456=LINE('',#17864,#4524);
#3457=LINE('',#17873,#4525);
#3458=LINE('',#17882,#4526);
#3459=LINE('',#17891,#4527);
#3460=LINE('',#17900,#4528);
#3461=LINE('',#17909,#4529);
#3462=LINE('',#17918,#4530);
#3463=LINE('',#17927,#4531);
#3464=LINE('',#17936,#4532);
#3465=LINE('',#17945,#4533);
#3466=LINE('',#17954,#4534);
#3467=LINE('',#17963,#4535);
#3468=LINE('',#17972,#4536);
#3469=LINE('',#17981,#4537);
#3470=LINE('',#17990,#4538);
#3471=LINE('',#17999,#4539);
#3472=LINE('',#18008,#4540);
#3473=LINE('',#18017,#4541);
#3474=LINE('',#18026,#4542);
#3475=LINE('',#18035,#4543);
#3476=LINE('',#18044,#4544);
#3477=LINE('',#18053,#4545);
#3478=LINE('',#18062,#4546);
#3479=LINE('',#18071,#4547);
#3480=LINE('',#18080,#4548);
#3481=LINE('',#18087,#4549);
#3482=LINE('',#18089,#4550);
#3483=LINE('',#18096,#4551);
#3484=LINE('',#18098,#4552);
#3485=LINE('',#18105,#4553);
#3486=LINE('',#18107,#4554);
#3487=LINE('',#18114,#4555);
#3488=LINE('',#18116,#4556);
#3489=LINE('',#18123,#4557);
#3490=LINE('',#18125,#4558);
#3491=LINE('',#18132,#4559);
#3492=LINE('',#18134,#4560);
#3493=LINE('',#18141,#4561);
#3494=LINE('',#18143,#4562);
#3495=LINE('',#18150,#4563);
#3496=LINE('',#18152,#4564);
#3497=LINE('',#18159,#4565);
#3498=LINE('',#18161,#4566);
#3499=LINE('',#18168,#4567);
#3500=LINE('',#18170,#4568);
#3501=LINE('',#18177,#4569);
#3502=LINE('',#18179,#4570);
#3503=LINE('',#18186,#4571);
#3504=LINE('',#18188,#4572);
#3505=LINE('',#18195,#4573);
#3506=LINE('',#18197,#4574);
#3507=LINE('',#18204,#4575);
#3508=LINE('',#18206,#4576);
#3509=LINE('',#18213,#4577);
#3510=LINE('',#18215,#4578);
#3511=LINE('',#18222,#4579);
#3512=LINE('',#18224,#4580);
#3513=LINE('',#18231,#4581);
#3514=LINE('',#18233,#4582);
#3515=LINE('',#18240,#4583);
#3516=LINE('',#18242,#4584);
#3517=LINE('',#18249,#4585);
#3518=LINE('',#18251,#4586);
#3519=LINE('',#18258,#4587);
#3520=LINE('',#18260,#4588);
#3521=LINE('',#18267,#4589);
#3522=LINE('',#18269,#4590);
#3523=LINE('',#18276,#4591);
#3524=LINE('',#18278,#4592);
#3525=LINE('',#18285,#4593);
#3526=LINE('',#18287,#4594);
#3527=LINE('',#18294,#4595);
#3528=LINE('',#18296,#4596);
#3529=LINE('',#18303,#4597);
#3530=LINE('',#18305,#4598);
#3531=LINE('',#18312,#4599);
#3532=LINE('',#18314,#4600);
#3533=LINE('',#18318,#4601);
#3534=LINE('',#18319,#4602);
#3535=LINE('',#18320,#4603);
#3536=LINE('',#18323,#4604);
#3537=LINE('',#18324,#4605);
#3538=LINE('',#18327,#4606);
#3539=LINE('',#18328,#4607);
#3540=LINE('',#18331,#4608);
#3541=LINE('',#18332,#4609);
#3542=LINE('',#18335,#4610);
#3543=LINE('',#18336,#4611);
#3544=LINE('',#18339,#4612);
#3545=LINE('',#18340,#4613);
#3546=LINE('',#18341,#4614);
#3547=LINE('',#18342,#4615);
#3548=LINE('',#18345,#4616);
#3549=LINE('',#18346,#4617);
#3550=LINE('',#18348,#4618);
#3551=LINE('',#18352,#4619);
#3552=LINE('',#18354,#4620);
#3553=LINE('',#18355,#4621);
#3554=LINE('',#18358,#4622);
#3555=LINE('',#18362,#4623);
#3556=LINE('',#18366,#4624);
#3557=LINE('',#18368,#4625);
#3558=LINE('',#18369,#4626);
#3559=LINE('',#18372,#4627);
#3560=LINE('',#18376,#4628);
#3561=VECTOR('',#12158,10.);
#3562=VECTOR('',#12159,10.);
#3563=VECTOR('',#12160,10.);
#3564=VECTOR('',#12161,10.);
#3565=VECTOR('',#12164,10.);
#3566=VECTOR('',#12165,10.);
#3567=VECTOR('',#12166,10.);
#3568=VECTOR('',#12167,10.);
#3569=VECTOR('',#12170,10.);
#3570=VECTOR('',#12171,10.);
#3571=VECTOR('',#12174,10.);
#3572=VECTOR('',#12175,10.);
#3573=VECTOR('',#12178,10.);
#3574=VECTOR('',#12183,10.);
#3575=VECTOR('',#12184,10.);
#3576=VECTOR('',#12185,10.);
#3577=VECTOR('',#12188,10.);
#3578=VECTOR('',#12191,10.);
#3579=VECTOR('',#12194,10.);
#3580=VECTOR('',#12195,10.);
#3581=VECTOR('',#12198,10.);
#3582=VECTOR('',#12201,10.);
#3583=VECTOR('',#12204,10.);
#3584=VECTOR('',#12207,10.);
#3585=VECTOR('',#12208,10.);
#3586=VECTOR('',#12211,10.);
#3587=VECTOR('',#12212,10.);
#3588=VECTOR('',#12215,10.);
#3589=VECTOR('',#12218,10.);
#3590=VECTOR('',#12225,10.);
#3591=VECTOR('',#12226,10.);
#3592=VECTOR('',#12229,10.);
#3593=VECTOR('',#12234,13.);
#3594=VECTOR('',#12237,13.);
#3595=VECTOR('',#12246,10.);
#3596=VECTOR('',#12247,13.);
#3597=VECTOR('',#12248,13.);
#3598=VECTOR('',#12249,13.);
#3599=VECTOR('',#12250,10.);
#3600=VECTOR('',#12251,13.);
#3601=VECTOR('',#12252,13.);
#3602=VECTOR('',#12253,13.);
#3603=VECTOR('',#12256,10.);
#3604=VECTOR('',#12257,13.);
#3605=VECTOR('',#12258,13.);
#3606=VECTOR('',#12261,10.);
#3607=VECTOR('',#12262,13.);
#3608=VECTOR('',#12263,13.);
#3609=VECTOR('',#12264,13.);
#3610=VECTOR('',#12265,10.);
#3611=VECTOR('',#12266,13.);
#3612=VECTOR('',#12267,13.);
#3613=VECTOR('',#12270,10.);
#3614=VECTOR('',#12271,13.);
#3615=VECTOR('',#12276,10.);
#3616=VECTOR('',#12277,13.);
#3617=VECTOR('',#12278,13.);
#3618=VECTOR('',#12283,13.);
#3619=VECTOR('',#12288,10.);
#3620=VECTOR('',#12289,13.);
#3621=VECTOR('',#12290,13.);
#3622=VECTOR('',#12311,13.);
#3623=VECTOR('',#12322,13.);
#3624=VECTOR('',#12327,13.);
#3625=VECTOR('',#12330,13.);
#3626=VECTOR('',#12333,13.);
#3627=VECTOR('',#12334,13.);
#3628=VECTOR('',#12339,10.);
#3629=VECTOR('',#12342,10.);
#3630=VECTOR('',#12343,10.);
#3631=VECTOR('',#12344,10.);
#3632=VECTOR('',#12345,10.);
#3633=VECTOR('',#12348,10.);
#3634=VECTOR('',#12349,10.);
#3635=VECTOR('',#12352,10.);
#3636=VECTOR('',#12353,10.);
#3637=VECTOR('',#12354,10.);
#3638=VECTOR('',#12355,10.);
#3639=VECTOR('',#12358,10.);
#3640=VECTOR('',#12361,10.);
#3641=VECTOR('',#12362,10.);
#3642=VECTOR('',#12363,10.);
#3643=VECTOR('',#12366,10.);
#3644=VECTOR('',#12367,10.);
#3645=VECTOR('',#12370,10.);
#3646=VECTOR('',#12371,10.);
#3647=VECTOR('',#12372,10.);
#3648=VECTOR('',#12377,10.);
#3649=VECTOR('',#12378,10.);
#3650=VECTOR('',#12379,10.);
#3651=VECTOR('',#12382,13.);
#3652=VECTOR('',#12383,13.);
#3653=VECTOR('',#12384,10.);
#3654=VECTOR('',#12385,10.);
#3655=VECTOR('',#12388,10.);
#3656=VECTOR('',#12389,10.);
#3657=VECTOR('',#12392,10.);
#3658=VECTOR('',#12393,10.);
#3659=VECTOR('',#12396,10.);
#3660=VECTOR('',#12399,10.);
#3661=VECTOR('',#12402,10.);
#3662=VECTOR('',#12407,10.);
#3663=VECTOR('',#12408,10.);
#3664=VECTOR('',#12411,10.);
#3665=VECTOR('',#12414,13.);
#3666=VECTOR('',#12415,13.);
#3667=VECTOR('',#12416,10.);
#3668=VECTOR('',#12417,13.);
#3669=VECTOR('',#12420,10.);
#3670=VECTOR('',#12421,10.);
#3671=VECTOR('',#12422,10.);
#3672=VECTOR('',#12423,7.39855);
#3673=VECTOR('',#12424,10.);
#3674=VECTOR('',#12425,10.);
#3675=VECTOR('',#12426,10.);
#3676=VECTOR('',#12427,7.39855);
#3677=VECTOR('',#12428,0.658775);
#3678=VECTOR('',#12429,7.39855);
#3679=VECTOR('',#12430,10.);
#3680=VECTOR('',#12431,7.39855);
#3681=VECTOR('',#12434,10.);
#3682=VECTOR('',#12435,7.39855);
#3683=VECTOR('',#12436,10.);
#3684=VECTOR('',#12437,7.39855);
#3685=VECTOR('',#12438,0.658775);
#3686=VECTOR('',#12439,7.39855);
#3687=VECTOR('',#12440,10.);
#3688=VECTOR('',#12441,10.);
#3689=VECTOR('',#12442,10.);
#3690=VECTOR('',#12443,7.39855);
#3691=VECTOR('',#12444,10.);
#3692=VECTOR('',#12445,10.);
#3693=VECTOR('',#12450,10.);
#3694=VECTOR('',#12455,10.);
#3695=VECTOR('',#12458,10.);
#3696=VECTOR('',#12461,10.);
#3697=VECTOR('',#12464,10.);
#3698=VECTOR('',#12467,10.);
#3699=VECTOR('',#12472,6.4864);
#3700=VECTOR('',#12477,6.4864);
#3701=VECTOR('',#12482,10.);
#3702=VECTOR('',#12483,10.);
#3703=VECTOR('',#12484,10.);
#3704=VECTOR('',#12485,10.);
#3705=VECTOR('',#12486,10.);
#3706=VECTOR('',#12487,10.);
#3707=VECTOR('',#12488,10.);
#3708=VECTOR('',#12489,10.);
#3709=VECTOR('',#12490,10.);
#3710=VECTOR('',#12491,10.);
#3711=VECTOR('',#12492,10.);
#3712=VECTOR('',#12493,10.);
#3713=VECTOR('',#12494,10.);
#3714=VECTOR('',#12495,10.);
#3715=VECTOR('',#12496,10.);
#3716=VECTOR('',#12497,10.);
#3717=VECTOR('',#12498,10.);
#3718=VECTOR('',#12499,10.);
#3719=VECTOR('',#12500,10.);
#3720=VECTOR('',#12501,10.);
#3721=VECTOR('',#12502,10.);
#3722=VECTOR('',#12503,10.);
#3723=VECTOR('',#12504,10.);
#3724=VECTOR('',#12505,10.);
#3725=VECTOR('',#12506,10.);
#3726=VECTOR('',#12507,10.);
#3727=VECTOR('',#12508,10.);
#3728=VECTOR('',#12509,10.);
#3729=VECTOR('',#12510,10.);
#3730=VECTOR('',#12511,10.);
#3731=VECTOR('',#12512,10.);
#3732=VECTOR('',#12513,10.);
#3733=VECTOR('',#12514,10.);
#3734=VECTOR('',#12515,10.);
#3735=VECTOR('',#12516,10.);
#3736=VECTOR('',#12517,10.);
#3737=VECTOR('',#12518,10.);
#3738=VECTOR('',#12519,10.);
#3739=VECTOR('',#12520,10.);
#3740=VECTOR('',#12521,10.);
#3741=VECTOR('',#12524,7.39855);
#3742=VECTOR('',#12525,7.39855);
#3743=VECTOR('',#12528,7.39855);
#3744=VECTOR('',#12529,7.39855);
#3745=VECTOR('',#12532,10.);
#3746=VECTOR('',#12533,10.);
#3747=VECTOR('',#12536,10.);
#3748=VECTOR('',#12537,10.);
#3749=VECTOR('',#12544,0.658775);
#3750=VECTOR('',#12545,6.99315);
#3751=VECTOR('',#12546,6.99315);
#3752=VECTOR('',#12549,6.99315);
#3753=VECTOR('',#12550,0.658775);
#3754=VECTOR('',#12551,6.99315);
#3755=VECTOR('',#12554,6.4864);
#3756=VECTOR('',#12559,6.4864);
#3757=VECTOR('',#12564,6.4864);
#3758=VECTOR('',#12567,0.658775);
#3759=VECTOR('',#12570,6.4864);
#3760=VECTOR('',#12573,0.658775);
#3761=VECTOR('',#12578,6.99315);
#3762=VECTOR('',#12579,6.99315);
#3763=VECTOR('',#12582,6.99315);
#3764=VECTOR('',#12583,6.99315);
#3765=VECTOR('',#12594,7.0945);
#3766=VECTOR('',#12595,10.);
#3767=VECTOR('',#12596,7.0945);
#3768=VECTOR('',#12599,7.0945);
#3769=VECTOR('',#12604,7.0945);
#3770=VECTOR('',#12605,10.);
#3771=VECTOR('',#12608,7.0945);
#3772=VECTOR('',#12613,7.0945);
#3773=VECTOR('',#12614,10.);
#3774=VECTOR('',#12617,7.0945);
#3775=VECTOR('',#12622,7.0945);
#3776=VECTOR('',#12623,10.);
#3777=VECTOR('',#12632,10.);
#3778=VECTOR('',#12633,10.);
#3779=VECTOR('',#12634,10.);
#3780=VECTOR('',#12637,10.);
#3781=VECTOR('',#12638,10.);
#3782=VECTOR('',#12639,10.);
#3783=VECTOR('',#12642,10.);
#3784=VECTOR('',#12645,10.);
#3785=VECTOR('',#12648,10.);
#3786=VECTOR('',#12649,10.);
#3787=VECTOR('',#12650,10.);
#3788=VECTOR('',#12651,10.);
#3789=VECTOR('',#12654,10.);
#3790=VECTOR('',#12657,10.);
#3791=VECTOR('',#12660,10.);
#3792=VECTOR('',#12661,10.);
#3793=VECTOR('',#12664,10.);
#3794=VECTOR('',#12667,10.);
#3795=VECTOR('',#12670,10.);
#3796=VECTOR('',#12671,10.);
#3797=VECTOR('',#12672,10.);
#3798=VECTOR('',#12673,10.);
#3799=VECTOR('',#12676,10.);
#3800=VECTOR('',#12679,10.);
#3801=VECTOR('',#12682,10.);
#3802=VECTOR('',#12683,10.);
#3803=VECTOR('',#12686,10.);
#3804=VECTOR('',#12689,10.);
#3805=VECTOR('',#12692,10.);
#3806=VECTOR('',#12693,10.);
#3807=VECTOR('',#12694,10.);
#3808=VECTOR('',#12695,10.);
#3809=VECTOR('',#12698,10.);
#3810=VECTOR('',#12701,10.);
#3811=VECTOR('',#12704,10.);
#3812=VECTOR('',#12705,10.);
#3813=VECTOR('',#12708,10.);
#3814=VECTOR('',#12711,10.);
#3815=VECTOR('',#12714,10.);
#3816=VECTOR('',#12715,10.);
#3817=VECTOR('',#12716,10.);
#3818=VECTOR('',#12717,10.);
#3819=VECTOR('',#12720,10.);
#3820=VECTOR('',#12723,10.);
#3821=VECTOR('',#12726,10.);
#3822=VECTOR('',#12727,10.);
#3823=VECTOR('',#12730,10.);
#3824=VECTOR('',#12733,10.);
#3825=VECTOR('',#12736,10.);
#3826=VECTOR('',#12737,10.);
#3827=VECTOR('',#12738,10.);
#3828=VECTOR('',#12739,10.);
#3829=VECTOR('',#12742,10.);
#3830=VECTOR('',#12745,10.);
#3831=VECTOR('',#12748,10.);
#3832=VECTOR('',#12749,10.);
#3833=VECTOR('',#12752,10.);
#3834=VECTOR('',#12755,10.);
#3835=VECTOR('',#12758,10.);
#3836=VECTOR('',#12759,10.);
#3837=VECTOR('',#12760,10.);
#3838=VECTOR('',#12761,10.);
#3839=VECTOR('',#12764,10.);
#3840=VECTOR('',#12767,10.);
#3841=VECTOR('',#12770,10.);
#3842=VECTOR('',#12771,10.);
#3843=VECTOR('',#12774,10.);
#3844=VECTOR('',#12777,10.);
#3845=VECTOR('',#12780,10.);
#3846=VECTOR('',#12781,10.);
#3847=VECTOR('',#12782,10.);
#3848=VECTOR('',#12783,10.);
#3849=VECTOR('',#12786,10.);
#3850=VECTOR('',#12789,10.);
#3851=VECTOR('',#12792,10.);
#3852=VECTOR('',#12793,10.);
#3853=VECTOR('',#12796,10.);
#3854=VECTOR('',#12799,10.);
#3855=VECTOR('',#12802,10.);
#3856=VECTOR('',#12803,10.);
#3857=VECTOR('',#12804,10.);
#3858=VECTOR('',#12805,10.);
#3859=VECTOR('',#12808,10.);
#3860=VECTOR('',#12811,10.);
#3861=VECTOR('',#12814,10.);
#3862=VECTOR('',#12815,10.);
#3863=VECTOR('',#12818,10.);
#3864=VECTOR('',#12821,10.);
#3865=VECTOR('',#12824,10.);
#3866=VECTOR('',#12825,10.);
#3867=VECTOR('',#12826,10.);
#3868=VECTOR('',#12827,10.);
#3869=VECTOR('',#12830,10.);
#3870=VECTOR('',#12833,10.);
#3871=VECTOR('',#12836,10.);
#3872=VECTOR('',#12837,10.);
#3873=VECTOR('',#12840,10.);
#3874=VECTOR('',#12843,10.);
#3875=VECTOR('',#12846,10.);
#3876=VECTOR('',#12847,10.);
#3877=VECTOR('',#12848,10.);
#3878=VECTOR('',#12849,10.);
#3879=VECTOR('',#12852,10.);
#3880=VECTOR('',#12855,10.);
#3881=VECTOR('',#12858,10.);
#3882=VECTOR('',#12859,10.);
#3883=VECTOR('',#12862,10.);
#3884=VECTOR('',#12863,10.);
#3885=VECTOR('',#12864,10.);
#3886=VECTOR('',#12865,10.);
#3887=VECTOR('',#12870,1.);
#3888=VECTOR('',#12875,10.);
#3889=VECTOR('',#12876,10.);
#3890=VECTOR('',#12877,10.);
#3891=VECTOR('',#12880,10.);
#3892=VECTOR('',#12881,10.);
#3893=VECTOR('',#12882,10.);
#3894=VECTOR('',#12885,10.);
#3895=VECTOR('',#12888,10.);
#3896=VECTOR('',#12891,10.);
#3897=VECTOR('',#12894,10.);
#3898=VECTOR('',#12895,10.);
#3899=VECTOR('',#12896,10.);
#3900=VECTOR('',#12897,10.);
#3901=VECTOR('',#12898,10.);
#3902=VECTOR('',#12899,10.);
#3903=VECTOR('',#12900,10.);
#3904=VECTOR('',#12901,10.);
#3905=VECTOR('',#12902,10.);
#3906=VECTOR('',#12905,10.);
#3907=VECTOR('',#12908,10.);
#3908=VECTOR('',#12911,10.);
#3909=VECTOR('',#12914,10.);
#3910=VECTOR('',#12915,10.);
#3911=VECTOR('',#12916,10.);
#3912=VECTOR('',#12919,10.);
#3913=VECTOR('',#12922,10.);
#3914=VECTOR('',#12925,10.);
#3915=VECTOR('',#12928,10.);
#3916=VECTOR('',#12929,10.);
#3917=VECTOR('',#12930,10.);
#3918=VECTOR('',#12931,10.);
#3919=VECTOR('',#12932,10.);
#3920=VECTOR('',#12933,10.);
#3921=VECTOR('',#12934,10.);
#3922=VECTOR('',#12935,10.);
#3923=VECTOR('',#12936,10.);
#3924=VECTOR('',#12937,10.);
#3925=VECTOR('',#12938,10.);
#3926=VECTOR('',#12939,10.);
#3927=VECTOR('',#12940,10.);
#3928=VECTOR('',#12941,10.);
#3929=VECTOR('',#12942,10.);
#3930=VECTOR('',#12943,10.);
#3931=VECTOR('',#12944,10.);
#3932=VECTOR('',#12945,10.);
#3933=VECTOR('',#12946,10.);
#3934=VECTOR('',#12947,10.);
#3935=VECTOR('',#12948,10.);
#3936=VECTOR('',#12949,10.);
#3937=VECTOR('',#12950,10.);
#3938=VECTOR('',#12951,10.);
#3939=VECTOR('',#12952,10.);
#3940=VECTOR('',#12953,10.);
#3941=VECTOR('',#12954,10.);
#3942=VECTOR('',#12955,10.);
#3943=VECTOR('',#12956,10.);
#3944=VECTOR('',#12957,10.);
#3945=VECTOR('',#12958,10.);
#3946=VECTOR('',#12959,10.);
#3947=VECTOR('',#12960,10.);
#3948=VECTOR('',#12961,10.);
#3949=VECTOR('',#12962,10.);
#3950=VECTOR('',#12965,10.);
#3951=VECTOR('',#12968,10.);
#3952=VECTOR('',#12971,10.);
#3953=VECTOR('',#12976,10.);
#3954=VECTOR('',#12981,10.);
#3955=VECTOR('',#12984,10.);
#3956=VECTOR('',#12985,10.);
#3957=VECTOR('',#12986,10.);
#3958=VECTOR('',#12987,10.);
#3959=VECTOR('',#12988,10.);
#3960=VECTOR('',#12989,10.);
#3961=VECTOR('',#12990,10.);
#3962=VECTOR('',#12991,10.);
#3963=VECTOR('',#12992,10.);
#3964=VECTOR('',#12993,10.);
#3965=VECTOR('',#12994,10.);
#3966=VECTOR('',#12995,10.);
#3967=VECTOR('',#12996,10.);
#3968=VECTOR('',#12997,10.);
#3969=VECTOR('',#12998,10.);
#3970=VECTOR('',#12999,10.);
#3971=VECTOR('',#13000,10.);
#3972=VECTOR('',#13001,10.);
#3973=VECTOR('',#13002,10.);
#3974=VECTOR('',#13003,10.);
#3975=VECTOR('',#13004,10.);
#3976=VECTOR('',#13005,10.);
#3977=VECTOR('',#13006,10.);
#3978=VECTOR('',#13007,10.);
#3979=VECTOR('',#13008,10.);
#3980=VECTOR('',#13009,10.);
#3981=VECTOR('',#13010,10.);
#3982=VECTOR('',#13011,10.);
#3983=VECTOR('',#13012,10.);
#3984=VECTOR('',#13013,10.);
#3985=VECTOR('',#13014,10.);
#3986=VECTOR('',#13015,10.);
#3987=VECTOR('',#13016,10.);
#3988=VECTOR('',#13017,10.);
#3989=VECTOR('',#13018,10.);
#3990=VECTOR('',#13019,10.);
#3991=VECTOR('',#13020,10.);
#3992=VECTOR('',#13021,10.);
#3993=VECTOR('',#13022,10.);
#3994=VECTOR('',#13023,10.);
#3995=VECTOR('',#13024,10.);
#3996=VECTOR('',#13025,10.);
#3997=VECTOR('',#13026,10.);
#3998=VECTOR('',#13027,10.);
#3999=VECTOR('',#13028,10.);
#4000=VECTOR('',#13029,10.);
#4001=VECTOR('',#13030,10.);
#4002=VECTOR('',#13031,10.);
#4003=VECTOR('',#13090,10.);
#4004=VECTOR('',#13091,10.);
#4005=VECTOR('',#13092,10.);
#4006=VECTOR('',#13093,10.);
#4007=VECTOR('',#13096,10.);
#4008=VECTOR('',#13097,10.);
#4009=VECTOR('',#13098,10.);
#4010=VECTOR('',#13099,10.);
#4011=VECTOR('',#13104,1.);
#4012=VECTOR('',#13109,10.);
#4013=VECTOR('',#13110,10.);
#4014=VECTOR('',#13111,10.);
#4015=VECTOR('',#13114,10.);
#4016=VECTOR('',#13115,10.);
#4017=VECTOR('',#13116,0.3);
#4018=VECTOR('',#13117,10.);
#4019=VECTOR('',#13126,10.);
#4020=VECTOR('',#13127,10.);
#4021=VECTOR('',#13128,10.);
#4022=VECTOR('',#13129,10.);
#4023=VECTOR('',#13132,10.);
#4024=VECTOR('',#13135,10.);
#4025=VECTOR('',#13136,10.);
#4026=VECTOR('',#13139,10.);
#4027=VECTOR('',#13140,10.);
#4028=VECTOR('',#13141,0.3);
#4029=VECTOR('',#13142,10.);
#4030=VECTOR('',#13151,10.);
#4031=VECTOR('',#13152,10.);
#4032=VECTOR('',#13153,10.);
#4033=VECTOR('',#13154,10.);
#4034=VECTOR('',#13157,10.);
#4035=VECTOR('',#13160,10.);
#4036=VECTOR('',#13161,10.);
#4037=VECTOR('',#13164,10.);
#4038=VECTOR('',#13165,10.);
#4039=VECTOR('',#13166,10.);
#4040=VECTOR('',#13169,1.);
#4041=VECTOR('',#13174,10.);
#4042=VECTOR('',#13177,10.);
#4043=VECTOR('',#13182,10.);
#4044=VECTOR('',#13183,10.);
#4045=VECTOR('',#13184,10.);
#4046=VECTOR('',#13187,1.);
#4047=VECTOR('',#13192,10.);
#4048=VECTOR('',#13195,10.);
#4049=VECTOR('',#13200,10.);
#4050=VECTOR('',#13203,10.);
#4051=VECTOR('',#13206,10.);
#4052=VECTOR('',#13209,10.);
#4053=VECTOR('',#13210,10.);
#4054=VECTOR('',#13211,10.);
#4055=VECTOR('',#13212,10.);
#4056=VECTOR('',#13215,10.);
#4057=VECTOR('',#13220,10.);
#4058=VECTOR('',#13221,10.);
#4059=VECTOR('',#13224,10.);
#4060=VECTOR('',#13229,10.);
#4061=VECTOR('',#13232,10.);
#4062=VECTOR('',#13237,10.);
#4063=VECTOR('',#13242,10.);
#4064=VECTOR('',#13245,10.);
#4065=VECTOR('',#13248,10.);
#4066=VECTOR('',#13251,10.);
#4067=VECTOR('',#13252,10.);
#4068=VECTOR('',#13253,10.);
#4069=VECTOR('',#13254,10.);
#4070=VECTOR('',#13257,10.);
#4071=VECTOR('',#13262,10.);
#4072=VECTOR('',#13263,10.);
#4073=VECTOR('',#13266,10.);
#4074=VECTOR('',#13271,10.);
#4075=VECTOR('',#13274,10.);
#4076=VECTOR('',#13279,10.);
#4077=VECTOR('',#13284,10.);
#4078=VECTOR('',#13287,10.);
#4079=VECTOR('',#13290,10.);
#4080=VECTOR('',#13293,10.);
#4081=VECTOR('',#13294,10.);
#4082=VECTOR('',#13295,10.);
#4083=VECTOR('',#13296,10.);
#4084=VECTOR('',#13299,10.);
#4085=VECTOR('',#13304,10.);
#4086=VECTOR('',#13305,10.);
#4087=VECTOR('',#13308,10.);
#4088=VECTOR('',#13313,10.);
#4089=VECTOR('',#13316,10.);
#4090=VECTOR('',#13321,10.);
#4091=VECTOR('',#13326,10.);
#4092=VECTOR('',#13329,10.);
#4093=VECTOR('',#13332,10.);
#4094=VECTOR('',#13335,10.);
#4095=VECTOR('',#13336,10.);
#4096=VECTOR('',#13337,10.);
#4097=VECTOR('',#13338,10.);
#4098=VECTOR('',#13341,10.);
#4099=VECTOR('',#13346,10.);
#4100=VECTOR('',#13347,10.);
#4101=VECTOR('',#13350,10.);
#4102=VECTOR('',#13355,10.);
#4103=VECTOR('',#13358,10.);
#4104=VECTOR('',#13363,10.);
#4105=VECTOR('',#13368,10.);
#4106=VECTOR('',#13371,10.);
#4107=VECTOR('',#13374,10.);
#4108=VECTOR('',#13377,10.);
#4109=VECTOR('',#13378,10.);
#4110=VECTOR('',#13379,10.);
#4111=VECTOR('',#13380,10.);
#4112=VECTOR('',#13383,10.);
#4113=VECTOR('',#13388,10.);
#4114=VECTOR('',#13389,10.);
#4115=VECTOR('',#13392,10.);
#4116=VECTOR('',#13397,10.);
#4117=VECTOR('',#13400,10.);
#4118=VECTOR('',#13405,10.);
#4119=VECTOR('',#13410,10.);
#4120=VECTOR('',#13413,10.);
#4121=VECTOR('',#13416,10.);
#4122=VECTOR('',#13419,10.);
#4123=VECTOR('',#13420,10.);
#4124=VECTOR('',#13421,10.);
#4125=VECTOR('',#13422,10.);
#4126=VECTOR('',#13425,10.);
#4127=VECTOR('',#13430,10.);
#4128=VECTOR('',#13431,10.);
#4129=VECTOR('',#13434,10.);
#4130=VECTOR('',#13439,10.);
#4131=VECTOR('',#13442,10.);
#4132=VECTOR('',#13447,10.);
#4133=VECTOR('',#13452,10.);
#4134=VECTOR('',#13455,10.);
#4135=VECTOR('',#13458,10.);
#4136=VECTOR('',#13461,10.);
#4137=VECTOR('',#13462,10.);
#4138=VECTOR('',#13463,10.);
#4139=VECTOR('',#13464,10.);
#4140=VECTOR('',#13467,10.);
#4141=VECTOR('',#13472,10.);
#4142=VECTOR('',#13473,10.);
#4143=VECTOR('',#13476,10.);
#4144=VECTOR('',#13481,10.);
#4145=VECTOR('',#13484,10.);
#4146=VECTOR('',#13489,10.);
#4147=VECTOR('',#13494,10.);
#4148=VECTOR('',#13497,10.);
#4149=VECTOR('',#13500,10.);
#4150=VECTOR('',#13503,10.);
#4151=VECTOR('',#13504,10.);
#4152=VECTOR('',#13505,10.);
#4153=VECTOR('',#13506,10.);
#4154=VECTOR('',#13509,10.);
#4155=VECTOR('',#13514,10.);
#4156=VECTOR('',#13515,10.);
#4157=VECTOR('',#13518,10.);
#4158=VECTOR('',#13523,10.);
#4159=VECTOR('',#13526,10.);
#4160=VECTOR('',#13531,10.);
#4161=VECTOR('',#13536,10.);
#4162=VECTOR('',#13539,10.);
#4163=VECTOR('',#13542,10.);
#4164=VECTOR('',#13545,10.);
#4165=VECTOR('',#13546,10.);
#4166=VECTOR('',#13547,10.);
#4167=VECTOR('',#13548,10.);
#4168=VECTOR('',#13551,10.);
#4169=VECTOR('',#13556,10.);
#4170=VECTOR('',#13557,10.);
#4171=VECTOR('',#13560,10.);
#4172=VECTOR('',#13565,10.);
#4173=VECTOR('',#13568,10.);
#4174=VECTOR('',#13573,10.);
#4175=VECTOR('',#13578,10.);
#4176=VECTOR('',#13581,10.);
#4177=VECTOR('',#13584,10.);
#4178=VECTOR('',#13587,10.);
#4179=VECTOR('',#13588,10.);
#4180=VECTOR('',#13589,10.);
#4181=VECTOR('',#13590,10.);
#4182=VECTOR('',#13593,10.);
#4183=VECTOR('',#13598,10.);
#4184=VECTOR('',#13599,10.);
#4185=VECTOR('',#13602,10.);
#4186=VECTOR('',#13607,10.);
#4187=VECTOR('',#13610,10.);
#4188=VECTOR('',#13615,10.);
#4189=VECTOR('',#13620,13.);
#4190=VECTOR('',#13625,13.);
#4191=VECTOR('',#13626,13.);
#4192=VECTOR('',#13645,13.);
#4193=VECTOR('',#13656,13.);
#4194=VECTOR('',#13659,13.);
#4195=VECTOR('',#13670,13.);
#4196=VECTOR('',#13673,13.);
#4197=VECTOR('',#13674,13.);
#4198=VECTOR('',#13677,13.);
#4199=VECTOR('',#13686,0.316666666666667);
#4200=VECTOR('',#13689,0.133333333333333);
#4201=VECTOR('',#13690,1.);
#4202=VECTOR('',#13691,0.133333333333333);
#4203=VECTOR('',#13694,0.316666666666667);
#4204=VECTOR('',#13697,0.183333333333333);
#4205=VECTOR('',#13698,0.2);
#4206=VECTOR('',#13703,1.);
#4207=VECTOR('',#13708,0.316666666666667);
#4208=VECTOR('',#13711,0.133333333333333);
#4209=VECTOR('',#13712,1.);
#4210=VECTOR('',#13713,0.133333333333333);
#4211=VECTOR('',#13716,0.316666666666667);
#4212=VECTOR('',#13719,0.183333333333333);
#4213=VECTOR('',#13720,0.2);
#4214=VECTOR('',#13725,1.);
#4215=VECTOR('',#13730,0.316666666666667);
#4216=VECTOR('',#13733,0.133333333333333);
#4217=VECTOR('',#13734,1.);
#4218=VECTOR('',#13735,0.133333333333333);
#4219=VECTOR('',#13738,0.316666666666667);
#4220=VECTOR('',#13741,0.183333333333333);
#4221=VECTOR('',#13742,0.2);
#4222=VECTOR('',#13747,1.);
#4223=VECTOR('',#13752,0.316666666666667);
#4224=VECTOR('',#13755,0.133333333333333);
#4225=VECTOR('',#13756,1.);
#4226=VECTOR('',#13757,0.133333333333333);
#4227=VECTOR('',#13760,0.316666666666667);
#4228=VECTOR('',#13763,0.183333333333333);
#4229=VECTOR('',#13764,0.2);
#4230=VECTOR('',#13769,1.);
#4231=VECTOR('',#13774,0.316666666666667);
#4232=VECTOR('',#13777,0.133333333333333);
#4233=VECTOR('',#13778,1.);
#4234=VECTOR('',#13779,0.133333333333333);
#4235=VECTOR('',#13782,0.316666666666667);
#4236=VECTOR('',#13785,0.183333333333333);
#4237=VECTOR('',#13786,0.2);
#4238=VECTOR('',#13791,1.);
#4239=VECTOR('',#13794,1.);
#4240=VECTOR('',#13795,1.);
#4241=VECTOR('',#13796,1.);
#4242=VECTOR('',#13797,1.);
#4243=VECTOR('',#13798,1.);
#4244=VECTOR('',#13799,1.);
#4245=VECTOR('',#13800,1.);
#4246=VECTOR('',#13801,1.);
#4247=VECTOR('',#13802,1.);
#4248=VECTOR('',#13803,1.);
#4249=VECTOR('',#13804,1.);
#4250=VECTOR('',#13805,1.);
#4251=VECTOR('',#13808,1.);
#4252=VECTOR('',#13809,1.);
#4253=VECTOR('',#13812,0.133333333333333);
#4254=VECTOR('',#13813,1.);
#4255=VECTOR('',#13818,1.);
#4256=VECTOR('',#13821,0.316666666666667);
#4257=VECTOR('',#13822,1.);
#4258=VECTOR('',#13827,1.);
#4259=VECTOR('',#13830,0.183333333333333);
#4260=VECTOR('',#13831,1.);
#4261=VECTOR('',#13834,0.2);
#4262=VECTOR('',#13837,0.316666666666667);
#4263=VECTOR('',#13838,1.);
#4264=VECTOR('',#13843,1.);
#4265=VECTOR('',#13846,0.133333333333333);
#4266=VECTOR('',#13851,0.133333333333333);
#4267=VECTOR('',#13852,1.);
#4268=VECTOR('',#13857,1.);
#4269=VECTOR('',#13860,0.316666666666667);
#4270=VECTOR('',#13861,1.);
#4271=VECTOR('',#13866,1.);
#4272=VECTOR('',#13869,0.183333333333333);
#4273=VECTOR('',#13870,1.);
#4274=VECTOR('',#13873,0.2);
#4275=VECTOR('',#13876,0.316666666666667);
#4276=VECTOR('',#13877,1.);
#4277=VECTOR('',#13882,1.);
#4278=VECTOR('',#13885,0.133333333333333);
#4279=VECTOR('',#13890,0.133333333333333);
#4280=VECTOR('',#13891,1.);
#4281=VECTOR('',#13896,1.);
#4282=VECTOR('',#13899,0.316666666666667);
#4283=VECTOR('',#13900,1.);
#4284=VECTOR('',#13905,1.);
#4285=VECTOR('',#13908,0.183333333333333);
#4286=VECTOR('',#13909,1.);
#4287=VECTOR('',#13912,0.2);
#4288=VECTOR('',#13915,0.316666666666667);
#4289=VECTOR('',#13916,1.);
#4290=VECTOR('',#13921,1.);
#4291=VECTOR('',#13924,0.133333333333333);
#4292=VECTOR('',#13929,1.);
#4293=VECTOR('',#13930,0.133333333333333);
#4294=VECTOR('',#13931,1.);
#4295=VECTOR('',#13936,1.);
#4296=VECTOR('',#13939,0.316666666666667);
#4297=VECTOR('',#13940,1.);
#4298=VECTOR('',#13945,1.);
#4299=VECTOR('',#13948,0.183333333333333);
#4300=VECTOR('',#13949,1.);
#4301=VECTOR('',#13952,0.2);
#4302=VECTOR('',#13955,0.316666666666667);
#4303=VECTOR('',#13956,1.);
#4304=VECTOR('',#13961,1.);
#4305=VECTOR('',#13964,0.133333333333333);
#4306=VECTOR('',#13965,1.);
#4307=VECTOR('',#13968,1.);
#4308=VECTOR('',#13971,1.);
#4309=VECTOR('',#13972,0.133333333333333);
#4310=VECTOR('',#13973,1.);
#4311=VECTOR('',#13978,1.);
#4312=VECTOR('',#13981,0.316666666666667);
#4313=VECTOR('',#13982,1.);
#4314=VECTOR('',#13987,1.);
#4315=VECTOR('',#13990,0.183333333333333);
#4316=VECTOR('',#13991,1.);
#4317=VECTOR('',#13994,0.2);
#4318=VECTOR('',#13997,0.316666666666667);
#4319=VECTOR('',#13998,1.);
#4320=VECTOR('',#14003,1.);
#4321=VECTOR('',#14006,0.133333333333333);
#4322=VECTOR('',#14007,1.);
#4323=VECTOR('',#14010,1.);
#4324=VECTOR('',#14015,0.15);
#4325=VECTOR('',#14022,1.);
#4326=VECTOR('',#14023,1.);
#4327=VECTOR('',#14026,1.);
#4328=VECTOR('',#14031,10.);
#4329=VECTOR('',#14032,10.);
#4330=VECTOR('',#14033,10.);
#4331=VECTOR('',#14036,10.);
#4332=VECTOR('',#14037,10.);
#4333=VECTOR('',#14042,0.1);
#4334=VECTOR('',#14049,10.);
#4335=VECTOR('',#14050,10.);
#4336=VECTOR('',#14053,10.);
#4337=VECTOR('',#14060,0.316666666666667);
#4338=VECTOR('',#14063,0.133333333333333);
#4339=VECTOR('',#14064,1.);
#4340=VECTOR('',#14065,0.133333333333333);
#4341=VECTOR('',#14068,0.316666666666667);
#4342=VECTOR('',#14071,0.183333333333333);
#4343=VECTOR('',#14072,0.2);
#4344=VECTOR('',#14077,1.);
#4345=VECTOR('',#14082,0.316666666666667);
#4346=VECTOR('',#14085,0.133333333333333);
#4347=VECTOR('',#14086,1.);
#4348=VECTOR('',#14087,0.133333333333333);
#4349=VECTOR('',#14090,0.316666666666667);
#4350=VECTOR('',#14093,0.183333333333333);
#4351=VECTOR('',#14094,0.2);
#4352=VECTOR('',#14099,1.);
#4353=VECTOR('',#14104,0.316666666666667);
#4354=VECTOR('',#14107,0.133333333333333);
#4355=VECTOR('',#14108,1.);
#4356=VECTOR('',#14109,0.133333333333333);
#4357=VECTOR('',#14112,0.316666666666667);
#4358=VECTOR('',#14115,0.183333333333333);
#4359=VECTOR('',#14116,0.2);
#4360=VECTOR('',#14121,1.);
#4361=VECTOR('',#14126,0.316666666666667);
#4362=VECTOR('',#14129,0.133333333333333);
#4363=VECTOR('',#14130,1.);
#4364=VECTOR('',#14131,0.133333333333333);
#4365=VECTOR('',#14134,0.316666666666667);
#4366=VECTOR('',#14137,0.183333333333333);
#4367=VECTOR('',#14138,0.2);
#4368=VECTOR('',#14143,1.);
#4369=VECTOR('',#14148,0.316666666666667);
#4370=VECTOR('',#14151,0.133333333333333);
#4371=VECTOR('',#14152,1.);
#4372=VECTOR('',#14153,0.133333333333333);
#4373=VECTOR('',#14156,0.316666666666667);
#4374=VECTOR('',#14159,0.183333333333333);
#4375=VECTOR('',#14160,0.2);
#4376=VECTOR('',#14165,1.);
#4377=VECTOR('',#14168,1.);
#4378=VECTOR('',#14169,1.);
#4379=VECTOR('',#14170,1.);
#4380=VECTOR('',#14171,1.);
#4381=VECTOR('',#14172,1.);
#4382=VECTOR('',#14173,1.);
#4383=VECTOR('',#14174,1.);
#4384=VECTOR('',#14175,1.);
#4385=VECTOR('',#14176,1.);
#4386=VECTOR('',#14177,1.);
#4387=VECTOR('',#14178,1.);
#4388=VECTOR('',#14179,1.);
#4389=VECTOR('',#14182,1.);
#4390=VECTOR('',#14183,1.);
#4391=VECTOR('',#14186,0.133333333333333);
#4392=VECTOR('',#14187,1.);
#4393=VECTOR('',#14192,1.);
#4394=VECTOR('',#14195,0.316666666666667);
#4395=VECTOR('',#14196,1.);
#4396=VECTOR('',#14201,1.);
#4397=VECTOR('',#14204,0.183333333333333);
#4398=VECTOR('',#14205,1.);
#4399=VECTOR('',#14208,0.2);
#4400=VECTOR('',#14211,0.316666666666667);
#4401=VECTOR('',#14212,1.);
#4402=VECTOR('',#14217,1.);
#4403=VECTOR('',#14220,0.133333333333333);
#4404=VECTOR('',#14225,0.133333333333333);
#4405=VECTOR('',#14226,1.);
#4406=VECTOR('',#14231,1.);
#4407=VECTOR('',#14234,0.316666666666667);
#4408=VECTOR('',#14235,1.);
#4409=VECTOR('',#14240,1.);
#4410=VECTOR('',#14243,0.183333333333333);
#4411=VECTOR('',#14244,1.);
#4412=VECTOR('',#14247,0.2);
#4413=VECTOR('',#14250,0.316666666666667);
#4414=VECTOR('',#14251,1.);
#4415=VECTOR('',#14256,1.);
#4416=VECTOR('',#14259,0.133333333333333);
#4417=VECTOR('',#14264,0.133333333333333);
#4418=VECTOR('',#14265,1.);
#4419=VECTOR('',#14270,1.);
#4420=VECTOR('',#14273,0.316666666666667);
#4421=VECTOR('',#14274,1.);
#4422=VECTOR('',#14279,1.);
#4423=VECTOR('',#14282,0.183333333333333);
#4424=VECTOR('',#14283,1.);
#4425=VECTOR('',#14286,0.2);
#4426=VECTOR('',#14289,0.316666666666667);
#4427=VECTOR('',#14290,1.);
#4428=VECTOR('',#14295,1.);
#4429=VECTOR('',#14298,0.133333333333333);
#4430=VECTOR('',#14303,1.);
#4431=VECTOR('',#14304,0.133333333333333);
#4432=VECTOR('',#14305,1.);
#4433=VECTOR('',#14310,1.);
#4434=VECTOR('',#14313,0.316666666666667);
#4435=VECTOR('',#14314,1.);
#4436=VECTOR('',#14319,1.);
#4437=VECTOR('',#14322,0.183333333333333);
#4438=VECTOR('',#14323,1.);
#4439=VECTOR('',#14326,0.2);
#4440=VECTOR('',#14329,0.316666666666667);
#4441=VECTOR('',#14330,1.);
#4442=VECTOR('',#14335,1.);
#4443=VECTOR('',#14338,0.133333333333333);
#4444=VECTOR('',#14339,1.);
#4445=VECTOR('',#14342,1.);
#4446=VECTOR('',#14345,1.);
#4447=VECTOR('',#14346,0.133333333333333);
#4448=VECTOR('',#14347,1.);
#4449=VECTOR('',#14352,1.);
#4450=VECTOR('',#14355,0.316666666666667);
#4451=VECTOR('',#14356,1.);
#4452=VECTOR('',#14361,1.);
#4453=VECTOR('',#14364,0.183333333333333);
#4454=VECTOR('',#14365,1.);
#4455=VECTOR('',#14368,0.2);
#4456=VECTOR('',#14371,0.316666666666667);
#4457=VECTOR('',#14372,1.);
#4458=VECTOR('',#14377,1.);
#4459=VECTOR('',#14380,0.133333333333333);
#4460=VECTOR('',#14381,1.);
#4461=VECTOR('',#14384,1.);
#4462=VECTOR('',#14389,0.15);
#4463=VECTOR('',#14396,1.);
#4464=VECTOR('',#14397,1.);
#4465=VECTOR('',#14400,1.);
#4466=VECTOR('',#14405,10.);
#4467=VECTOR('',#14406,10.);
#4468=VECTOR('',#14407,10.);
#4469=VECTOR('',#14412,10.);
#4470=VECTOR('',#14415,10.);
#4471=VECTOR('',#14416,10.);
#4472=VECTOR('',#14421,10.);
#4473=VECTOR('',#14424,10.);
#4474=VECTOR('',#14425,10.);
#4475=VECTOR('',#14430,10.);
#4476=VECTOR('',#14433,10.);
#4477=VECTOR('',#14434,10.);
#4478=VECTOR('',#14441,10.);
#4479=VECTOR('',#14442,10.);
#4480=VECTOR('',#14443,10.);
#4481=VECTOR('',#14448,10.);
#4482=VECTOR('',#14451,10.);
#4483=VECTOR('',#14452,10.);
#4484=VECTOR('',#14457,10.);
#4485=VECTOR('',#14460,10.);
#4486=VECTOR('',#14461,10.);
#4487=VECTOR('',#14466,10.);
#4488=VECTOR('',#14469,10.);
#4489=VECTOR('',#14470,10.);
#4490=VECTOR('',#14477,10.);
#4491=VECTOR('',#14478,10.);
#4492=VECTOR('',#14479,10.);
#4493=VECTOR('',#14484,10.);
#4494=VECTOR('',#14487,10.);
#4495=VECTOR('',#14488,10.);
#4496=VECTOR('',#14493,10.);
#4497=VECTOR('',#14496,10.);
#4498=VECTOR('',#14497,10.);
#4499=VECTOR('',#14502,10.);
#4500=VECTOR('',#14505,10.);
#4501=VECTOR('',#14506,10.);
#4502=VECTOR('',#14513,10.);
#4503=VECTOR('',#14514,10.);
#4504=VECTOR('',#14515,10.);
#4505=VECTOR('',#14520,10.);
#4506=VECTOR('',#14523,10.);
#4507=VECTOR('',#14524,10.);
#4508=VECTOR('',#14529,10.);
#4509=VECTOR('',#14532,10.);
#4510=VECTOR('',#14533,10.);
#4511=VECTOR('',#14538,10.);
#4512=VECTOR('',#14541,10.);
#4513=VECTOR('',#14542,10.);
#4514=VECTOR('',#14557,0.65);
#4515=VECTOR('',#14568,0.65);
#4516=VECTOR('',#14579,0.65);
#4517=VECTOR('',#14588,0.65);
#4518=VECTOR('',#14591,0.5);
#4519=VECTOR('',#14600,0.65);
#4520=VECTOR('',#14603,0.5);
#4521=VECTOR('',#14612,0.65);
#4522=VECTOR('',#14615,0.5);
#4523=VECTOR('',#14626,0.75);
#4524=VECTOR('',#14637,0.75);
#4525=VECTOR('',#14648,0.75);
#4526=VECTOR('',#14659,0.75);
#4527=VECTOR('',#14670,0.75);
#4528=VECTOR('',#14681,0.75);
#4529=VECTOR('',#14692,0.75);
#4530=VECTOR('',#14703,0.75);
#4531=VECTOR('',#14714,0.75);
#4532=VECTOR('',#14725,0.75);
#4533=VECTOR('',#14736,0.75);
#4534=VECTOR('',#14747,0.75);
#4535=VECTOR('',#14758,0.75);
#4536=VECTOR('',#14769,0.75);
#4537=VECTOR('',#14780,0.75);
#4538=VECTOR('',#14791,0.75);
#4539=VECTOR('',#14802,0.75);
#4540=VECTOR('',#14813,0.75);
#4541=VECTOR('',#14824,0.75);
#4542=VECTOR('',#14835,0.75);
#4543=VECTOR('',#14846,0.75);
#4544=VECTOR('',#14857,0.75);
#4545=VECTOR('',#14868,0.75);
#4546=VECTOR('',#14879,0.75);
#4547=VECTOR('',#14890,0.75);
#4548=VECTOR('',#14901,0.75);
#4549=VECTOR('',#14910,0.75);
#4550=VECTOR('',#14913,0.5);
#4551=VECTOR('',#14922,0.75);
#4552=VECTOR('',#14925,0.5);
#4553=VECTOR('',#14934,0.75);
#4554=VECTOR('',#14937,0.5);
#4555=VECTOR('',#14946,0.75);
#4556=VECTOR('',#14949,0.5);
#4557=VECTOR('',#14958,0.75);
#4558=VECTOR('',#14961,0.5);
#4559=VECTOR('',#14970,0.75);
#4560=VECTOR('',#14973,0.5);
#4561=VECTOR('',#14982,0.75);
#4562=VECTOR('',#14985,0.5);
#4563=VECTOR('',#14994,0.75);
#4564=VECTOR('',#14997,0.5);
#4565=VECTOR('',#15006,0.75);
#4566=VECTOR('',#15009,0.5);
#4567=VECTOR('',#15018,0.75);
#4568=VECTOR('',#15021,0.5);
#4569=VECTOR('',#15030,0.75);
#4570=VECTOR('',#15033,0.5);
#4571=VECTOR('',#15042,0.75);
#4572=VECTOR('',#15045,0.5);
#4573=VECTOR('',#15054,0.75);
#4574=VECTOR('',#15057,0.5);
#4575=VECTOR('',#15066,0.75);
#4576=VECTOR('',#15069,0.5);
#4577=VECTOR('',#15078,0.75);
#4578=VECTOR('',#15081,0.5);
#4579=VECTOR('',#15090,0.75);
#4580=VECTOR('',#15093,0.5);
#4581=VECTOR('',#15102,0.75);
#4582=VECTOR('',#15105,0.5);
#4583=VECTOR('',#15114,0.75);
#4584=VECTOR('',#15117,0.5);
#4585=VECTOR('',#15126,0.75);
#4586=VECTOR('',#15129,0.5);
#4587=VECTOR('',#15138,0.75);
#4588=VECTOR('',#15141,0.5);
#4589=VECTOR('',#15150,0.75);
#4590=VECTOR('',#15153,0.5);
#4591=VECTOR('',#15162,0.75);
#4592=VECTOR('',#15165,0.5);
#4593=VECTOR('',#15174,0.75);
#4594=VECTOR('',#15177,0.5);
#4595=VECTOR('',#15186,0.75);
#4596=VECTOR('',#15189,0.5);
#4597=VECTOR('',#15198,0.75);
#4598=VECTOR('',#15201,0.5);
#4599=VECTOR('',#15210,0.75);
#4600=VECTOR('',#15213,0.5);
#4601=VECTOR('',#15216,10.);
#4602=VECTOR('',#15217,10.);
#4603=VECTOR('',#15218,10.);
#4604=VECTOR('',#15221,10.);
#4605=VECTOR('',#15222,10.);
#4606=VECTOR('',#15225,10.);
#4607=VECTOR('',#15226,10.);
#4608=VECTOR('',#15229,10.);
#4609=VECTOR('',#15230,10.);
#4610=VECTOR('',#15233,10.);
#4611=VECTOR('',#15234,10.);
#4612=VECTOR('',#15237,10.);
#4613=VECTOR('',#15238,10.);
#4614=VECTOR('',#15239,10.);
#4615=VECTOR('',#15240,10.);
#4616=VECTOR('',#15243,10.);
#4617=VECTOR('',#15244,10.);
#4618=VECTOR('',#15247,10.);
#4619=VECTOR('',#15252,10.);
#4620=VECTOR('',#15253,0.3);
#4621=VECTOR('',#15254,10.);
#4622=VECTOR('',#15259,10.);
#4623=VECTOR('',#15266,10.);
#4624=VECTOR('',#15271,10.);
#4625=VECTOR('',#15272,0.3);
#4626=VECTOR('',#15273,10.);
#4627=VECTOR('',#15278,10.);
#4628=VECTOR('',#15285,10.);
#4629=VERTEX_POINT('',#15290);
#4630=VERTEX_POINT('',#15291);
#4631=VERTEX_POINT('',#15293);
#4632=VERTEX_POINT('',#15295);
#4633=VERTEX_POINT('',#15299);
#4634=VERTEX_POINT('',#15300);
#4635=VERTEX_POINT('',#15302);
#4636=VERTEX_POINT('',#15304);
#4637=VERTEX_POINT('',#15308);
#4638=VERTEX_POINT('',#15310);
#4639=VERTEX_POINT('',#15312);
#4640=VERTEX_POINT('',#15314);
#4641=VERTEX_POINT('',#15316);
#4642=VERTEX_POINT('',#15318);
#4643=VERTEX_POINT('',#15320);
#4644=VERTEX_POINT('',#15324);
#4645=VERTEX_POINT('',#15326);
#4646=VERTEX_POINT('',#15330);
#4647=VERTEX_POINT('',#15332);
#4648=VERTEX_POINT('',#15334);
#4649=VERTEX_POINT('',#15336);
#4650=VERTEX_POINT('',#15338);
#4651=VERTEX_POINT('',#15340);
#4652=VERTEX_POINT('',#15342);
#4653=VERTEX_POINT('',#15346);
#4654=VERTEX_POINT('',#15351);
#4655=VERTEX_POINT('',#15360);
#4656=VERTEX_POINT('',#15365);
#4657=VERTEX_POINT('',#15371);
#4658=VERTEX_POINT('',#15373);
#4659=VERTEX_POINT('',#15375);
#4660=VERTEX_POINT('',#15379);
#4661=VERTEX_POINT('',#15383);
#4662=VERTEX_POINT('',#15384);
#4663=VERTEX_POINT('',#15386);
#4664=VERTEX_POINT('',#15388);
#4665=VERTEX_POINT('',#15390);
#4666=VERTEX_POINT('',#15392);
#4667=VERTEX_POINT('',#15394);
#4668=VERTEX_POINT('',#15396);
#4669=VERTEX_POINT('',#15400);
#4670=VERTEX_POINT('',#15402);
#4671=VERTEX_POINT('',#15406);
#4672=VERTEX_POINT('',#15408);
#4673=VERTEX_POINT('',#15410);
#4674=VERTEX_POINT('',#15412);
#4675=VERTEX_POINT('',#15414);
#4676=VERTEX_POINT('',#15416);
#4677=VERTEX_POINT('',#15424);
#4678=VERTEX_POINT('',#15426);
#4679=VERTEX_POINT('',#15430);
#4680=VERTEX_POINT('',#15432);
#4681=VERTEX_POINT('',#15436);
#4682=VERTEX_POINT('',#15438);
#4683=VERTEX_POINT('',#15445);
#4684=VERTEX_POINT('',#15449);
#4685=VERTEX_POINT('',#15455);
#4686=VERTEX_POINT('',#15456);
#4687=VERTEX_POINT('',#15463);
#4688=VERTEX_POINT('',#15475);
#4689=VERTEX_POINT('',#15476);
#4690=VERTEX_POINT('',#15478);
#4691=VERTEX_POINT('',#15480);
#4692=VERTEX_POINT('',#15484);
#4693=VERTEX_POINT('',#15485);
#4694=VERTEX_POINT('',#15487);
#4695=VERTEX_POINT('',#15489);
#4696=VERTEX_POINT('',#15491);
#4697=VERTEX_POINT('',#15493);
#4698=VERTEX_POINT('',#15495);
#4699=VERTEX_POINT('',#15497);
#4700=VERTEX_POINT('',#15499);
#4701=VERTEX_POINT('',#15503);
#4702=VERTEX_POINT('',#15505);
#4703=VERTEX_POINT('',#15509);
#4704=VERTEX_POINT('',#15511);
#4705=VERTEX_POINT('',#15513);
#4706=VERTEX_POINT('',#15515);
#4707=VERTEX_POINT('',#15517);
#4708=VERTEX_POINT('',#15519);
#4709=VERTEX_POINT('',#15523);
#4710=VERTEX_POINT('',#15525);
#4711=VERTEX_POINT('',#15529);
#4712=VERTEX_POINT('',#15530);
#4713=VERTEX_POINT('',#15536);
#4714=VERTEX_POINT('',#15550);
#4715=VERTEX_POINT('',#15556);
#4716=VERTEX_POINT('',#15558);
#4717=VERTEX_POINT('',#15560);
#4718=VERTEX_POINT('',#15564);
#4719=VERTEX_POINT('',#15565);
#4720=VERTEX_POINT('',#15567);
#4721=VERTEX_POINT('',#15569);
#4722=VERTEX_POINT('',#15571);
#4723=VERTEX_POINT('',#15573);
#4724=VERTEX_POINT('',#15575);
#4725=VERTEX_POINT('',#15577);
#4726=VERTEX_POINT('',#15579);
#4727=VERTEX_POINT('',#15581);
#4728=VERTEX_POINT('',#15583);
#4729=VERTEX_POINT('',#15585);
#4730=VERTEX_POINT('',#15589);
#4731=VERTEX_POINT('',#15590);
#4732=VERTEX_POINT('',#15592);
#4733=VERTEX_POINT('',#15594);
#4734=VERTEX_POINT('',#15596);
#4735=VERTEX_POINT('',#15598);
#4736=VERTEX_POINT('',#15600);
#4737=VERTEX_POINT('',#15602);
#4738=VERTEX_POINT('',#15604);
#4739=VERTEX_POINT('',#15606);
#4740=VERTEX_POINT('',#15608);
#4741=VERTEX_POINT('',#15610);
#4742=VERTEX_POINT('',#15614);
#4743=VERTEX_POINT('',#15616);
#4744=VERTEX_POINT('',#15619);
#4745=VERTEX_POINT('',#15621);
#4746=VERTEX_POINT('',#15624);
#4747=VERTEX_POINT('',#15625);
#4748=VERTEX_POINT('',#15627);
#4749=VERTEX_POINT('',#15629);
#4750=VERTEX_POINT('',#15631);
#4751=VERTEX_POINT('',#15633);
#4752=VERTEX_POINT('',#15635);
#4753=VERTEX_POINT('',#15637);
#4754=VERTEX_POINT('',#15641);
#4755=VERTEX_POINT('',#15642);
#4756=VERTEX_POINT('',#15645);
#4757=VERTEX_POINT('',#15647);
#4758=VERTEX_POINT('',#15651);
#4759=VERTEX_POINT('',#15652);
#4760=VERTEX_POINT('',#15654);
#4761=VERTEX_POINT('',#15656);
#4762=VERTEX_POINT('',#15659);
#4763=VERTEX_POINT('',#15660);
#4764=VERTEX_POINT('',#15662);
#4765=VERTEX_POINT('',#15664);
#4766=VERTEX_POINT('',#15667);
#4767=VERTEX_POINT('',#15668);
#4768=VERTEX_POINT('',#15670);
#4769=VERTEX_POINT('',#15672);
#4770=VERTEX_POINT('',#15675);
#4771=VERTEX_POINT('',#15676);
#4772=VERTEX_POINT('',#15678);
#4773=VERTEX_POINT('',#15680);
#4774=VERTEX_POINT('',#15683);
#4775=VERTEX_POINT('',#15684);
#4776=VERTEX_POINT('',#15686);
#4777=VERTEX_POINT('',#15688);
#4778=VERTEX_POINT('',#15691);
#4779=VERTEX_POINT('',#15692);
#4780=VERTEX_POINT('',#15694);
#4781=VERTEX_POINT('',#15696);
#4782=VERTEX_POINT('',#15699);
#4783=VERTEX_POINT('',#15700);
#4784=VERTEX_POINT('',#15702);
#4785=VERTEX_POINT('',#15704);
#4786=VERTEX_POINT('',#15707);
#4787=VERTEX_POINT('',#15708);
#4788=VERTEX_POINT('',#15710);
#4789=VERTEX_POINT('',#15712);
#4790=VERTEX_POINT('',#15715);
#4791=VERTEX_POINT('',#15716);
#4792=VERTEX_POINT('',#15718);
#4793=VERTEX_POINT('',#15720);
#4794=VERTEX_POINT('',#15723);
#4795=VERTEX_POINT('',#15724);
#4796=VERTEX_POINT('',#15726);
#4797=VERTEX_POINT('',#15728);
#4798=VERTEX_POINT('',#15746);
#4799=VERTEX_POINT('',#15747);
#4800=VERTEX_POINT('',#15752);
#4801=VERTEX_POINT('',#15754);
#4802=VERTEX_POINT('',#15758);
#4803=VERTEX_POINT('',#15759);
#4804=VERTEX_POINT('',#15762);
#4805=VERTEX_POINT('',#15764);
#4806=VERTEX_POINT('',#15768);
#4807=VERTEX_POINT('',#15769);
#4808=VERTEX_POINT('',#15771);
#4809=VERTEX_POINT('',#15773);
#4810=VERTEX_POINT('',#15775);
#4811=VERTEX_POINT('',#15777);
#4812=VERTEX_POINT('',#15779);
#4813=VERTEX_POINT('',#15781);
#4814=VERTEX_POINT('',#15795);
#4815=VERTEX_POINT('',#15797);
#4816=VERTEX_POINT('',#15801);
#4817=VERTEX_POINT('',#15805);
#4818=VERTEX_POINT('',#15809);
#4819=VERTEX_POINT('',#15813);
#4820=VERTEX_POINT('',#15817);
#4821=VERTEX_POINT('',#15821);
#4822=VERTEX_POINT('',#15828);
#4823=VERTEX_POINT('',#15830);
#4824=VERTEX_POINT('',#15834);
#4825=VERTEX_POINT('',#15836);
#4826=VERTEX_POINT('',#15840);
#4827=VERTEX_POINT('',#15842);
#4828=VERTEX_POINT('',#15844);
#4829=VERTEX_POINT('',#15846);
#4830=VERTEX_POINT('',#15848);
#4831=VERTEX_POINT('',#15850);
#4832=VERTEX_POINT('',#15852);
#4833=VERTEX_POINT('',#15854);
#4834=VERTEX_POINT('',#15856);
#4835=VERTEX_POINT('',#15858);
#4836=VERTEX_POINT('',#15860);
#4837=VERTEX_POINT('',#15864);
#4838=VERTEX_POINT('',#15868);
#4839=VERTEX_POINT('',#15870);
#4840=VERTEX_POINT('',#15872);
#4841=VERTEX_POINT('',#15874);
#4842=VERTEX_POINT('',#15876);
#4843=VERTEX_POINT('',#15878);
#4844=VERTEX_POINT('',#15880);
#4845=VERTEX_POINT('',#15882);
#4846=VERTEX_POINT('',#15884);
#4847=VERTEX_POINT('',#15886);
#4848=VERTEX_POINT('',#15888);
#4849=VERTEX_POINT('',#15892);
#4850=VERTEX_POINT('',#15896);
#4851=VERTEX_POINT('',#15898);
#4852=VERTEX_POINT('',#15900);
#4853=VERTEX_POINT('',#15902);
#4854=VERTEX_POINT('',#15904);
#4855=VERTEX_POINT('',#15906);
#4856=VERTEX_POINT('',#15908);
#4857=VERTEX_POINT('',#15910);
#4858=VERTEX_POINT('',#15912);
#4859=VERTEX_POINT('',#15914);
#4860=VERTEX_POINT('',#15916);
#4861=VERTEX_POINT('',#15920);
#4862=VERTEX_POINT('',#15924);
#4863=VERTEX_POINT('',#15926);
#4864=VERTEX_POINT('',#15928);
#4865=VERTEX_POINT('',#15930);
#4866=VERTEX_POINT('',#15932);
#4867=VERTEX_POINT('',#15934);
#4868=VERTEX_POINT('',#15936);
#4869=VERTEX_POINT('',#15938);
#4870=VERTEX_POINT('',#15940);
#4871=VERTEX_POINT('',#15942);
#4872=VERTEX_POINT('',#15944);
#4873=VERTEX_POINT('',#15948);
#4874=VERTEX_POINT('',#15952);
#4875=VERTEX_POINT('',#15954);
#4876=VERTEX_POINT('',#15956);
#4877=VERTEX_POINT('',#15958);
#4878=VERTEX_POINT('',#15960);
#4879=VERTEX_POINT('',#15962);
#4880=VERTEX_POINT('',#15964);
#4881=VERTEX_POINT('',#15966);
#4882=VERTEX_POINT('',#15968);
#4883=VERTEX_POINT('',#15970);
#4884=VERTEX_POINT('',#15972);
#4885=VERTEX_POINT('',#15976);
#4886=VERTEX_POINT('',#15980);
#4887=VERTEX_POINT('',#15982);
#4888=VERTEX_POINT('',#15984);
#4889=VERTEX_POINT('',#15986);
#4890=VERTEX_POINT('',#15988);
#4891=VERTEX_POINT('',#15990);
#4892=VERTEX_POINT('',#15992);
#4893=VERTEX_POINT('',#15994);
#4894=VERTEX_POINT('',#15996);
#4895=VERTEX_POINT('',#15998);
#4896=VERTEX_POINT('',#16000);
#4897=VERTEX_POINT('',#16004);
#4898=VERTEX_POINT('',#16008);
#4899=VERTEX_POINT('',#16010);
#4900=VERTEX_POINT('',#16012);
#4901=VERTEX_POINT('',#16014);
#4902=VERTEX_POINT('',#16016);
#4903=VERTEX_POINT('',#16018);
#4904=VERTEX_POINT('',#16020);
#4905=VERTEX_POINT('',#16022);
#4906=VERTEX_POINT('',#16024);
#4907=VERTEX_POINT('',#16026);
#4908=VERTEX_POINT('',#16028);
#4909=VERTEX_POINT('',#16032);
#4910=VERTEX_POINT('',#16036);
#4911=VERTEX_POINT('',#16038);
#4912=VERTEX_POINT('',#16040);
#4913=VERTEX_POINT('',#16042);
#4914=VERTEX_POINT('',#16044);
#4915=VERTEX_POINT('',#16046);
#4916=VERTEX_POINT('',#16048);
#4917=VERTEX_POINT('',#16050);
#4918=VERTEX_POINT('',#16052);
#4919=VERTEX_POINT('',#16054);
#4920=VERTEX_POINT('',#16056);
#4921=VERTEX_POINT('',#16060);
#4922=VERTEX_POINT('',#16064);
#4923=VERTEX_POINT('',#16066);
#4924=VERTEX_POINT('',#16068);
#4925=VERTEX_POINT('',#16070);
#4926=VERTEX_POINT('',#16072);
#4927=VERTEX_POINT('',#16074);
#4928=VERTEX_POINT('',#16076);
#4929=VERTEX_POINT('',#16078);
#4930=VERTEX_POINT('',#16080);
#4931=VERTEX_POINT('',#16082);
#4932=VERTEX_POINT('',#16084);
#4933=VERTEX_POINT('',#16088);
#4934=VERTEX_POINT('',#16092);
#4935=VERTEX_POINT('',#16094);
#4936=VERTEX_POINT('',#16096);
#4937=VERTEX_POINT('',#16098);
#4938=VERTEX_POINT('',#16100);
#4939=VERTEX_POINT('',#16102);
#4940=VERTEX_POINT('',#16104);
#4941=VERTEX_POINT('',#16106);
#4942=VERTEX_POINT('',#16108);
#4943=VERTEX_POINT('',#16110);
#4944=VERTEX_POINT('',#16112);
#4945=VERTEX_POINT('',#16116);
#4946=VERTEX_POINT('',#16120);
#4947=VERTEX_POINT('',#16121);
#4948=VERTEX_POINT('',#16123);
#4949=VERTEX_POINT('',#16125);
#4950=VERTEX_POINT('',#16129);
#4951=VERTEX_POINT('',#16131);
#4952=VERTEX_POINT('',#16135);
#4953=VERTEX_POINT('',#16136);
#4954=VERTEX_POINT('',#16141);
#4955=VERTEX_POINT('',#16143);
#4956=VERTEX_POINT('',#16145);
#4957=VERTEX_POINT('',#16147);
#4958=VERTEX_POINT('',#16149);
#4959=VERTEX_POINT('',#16151);
#4960=VERTEX_POINT('',#16153);
#4961=VERTEX_POINT('',#16155);
#4962=VERTEX_POINT('',#16157);
#4963=VERTEX_POINT('',#16159);
#4964=VERTEX_POINT('',#16161);
#4965=VERTEX_POINT('',#16163);
#4966=VERTEX_POINT('',#16165);
#4967=VERTEX_POINT('',#16167);
#4968=VERTEX_POINT('',#16169);
#4969=VERTEX_POINT('',#16171);
#4970=VERTEX_POINT('',#16173);
#4971=VERTEX_POINT('',#16175);
#4972=VERTEX_POINT('',#16177);
#4973=VERTEX_POINT('',#16179);
#4974=VERTEX_POINT('',#16181);
#4975=VERTEX_POINT('',#16183);
#4976=VERTEX_POINT('',#16185);
#4977=VERTEX_POINT('',#16187);
#4978=VERTEX_POINT('',#16189);
#4979=VERTEX_POINT('',#16191);
#4980=VERTEX_POINT('',#16193);
#4981=VERTEX_POINT('',#16195);
#4982=VERTEX_POINT('',#16197);
#4983=VERTEX_POINT('',#16199);
#4984=VERTEX_POINT('',#16201);
#4985=VERTEX_POINT('',#16203);
#4986=VERTEX_POINT('',#16205);
#4987=VERTEX_POINT('',#16207);
#4988=VERTEX_POINT('',#16209);
#4989=VERTEX_POINT('',#16211);
#4990=VERTEX_POINT('',#16213);
#4991=VERTEX_POINT('',#16215);
#4992=VERTEX_POINT('',#16218);
#4993=VERTEX_POINT('',#16220);
#4994=VERTEX_POINT('',#16223);
#4995=VERTEX_POINT('',#16225);
#4996=VERTEX_POINT('',#16228);
#4997=VERTEX_POINT('',#16230);
#4998=VERTEX_POINT('',#16233);
#4999=VERTEX_POINT('',#16235);
#5000=VERTEX_POINT('',#16238);
#5001=VERTEX_POINT('',#16240);
#5002=VERTEX_POINT('',#16243);
#5003=VERTEX_POINT('',#16245);
#5004=VERTEX_POINT('',#16248);
#5005=VERTEX_POINT('',#16250);
#5006=VERTEX_POINT('',#16253);
#5007=VERTEX_POINT('',#16255);
#5008=VERTEX_POINT('',#16258);
#5009=VERTEX_POINT('',#16260);
#5010=VERTEX_POINT('',#16263);
#5011=VERTEX_POINT('',#16265);
#5012=VERTEX_POINT('',#16267);
#5013=VERTEX_POINT('',#16269);
#5014=VERTEX_POINT('',#16272);
#5015=VERTEX_POINT('',#16274);
#5016=VERTEX_POINT('',#16278);
#5017=VERTEX_POINT('',#16280);
#5018=VERTEX_POINT('',#16283);
#5019=VERTEX_POINT('',#16285);
#5020=VERTEX_POINT('',#16288);
#5021=VERTEX_POINT('',#16290);
#5022=VERTEX_POINT('',#16293);
#5023=VERTEX_POINT('',#16294);
#5024=VERTEX_POINT('',#16296);
#5025=VERTEX_POINT('',#16298);
#5026=VERTEX_POINT('',#16301);
#5027=VERTEX_POINT('',#16302);
#5028=VERTEX_POINT('',#16304);
#5029=VERTEX_POINT('',#16306);
#5030=VERTEX_POINT('',#16309);
#5031=VERTEX_POINT('',#16310);
#5032=VERTEX_POINT('',#16312);
#5033=VERTEX_POINT('',#16314);
#5034=VERTEX_POINT('',#16317);
#5035=VERTEX_POINT('',#16318);
#5036=VERTEX_POINT('',#16320);
#5037=VERTEX_POINT('',#16322);
#5038=VERTEX_POINT('',#16325);
#5039=VERTEX_POINT('',#16326);
#5040=VERTEX_POINT('',#16328);
#5041=VERTEX_POINT('',#16330);
#5042=VERTEX_POINT('',#16333);
#5043=VERTEX_POINT('',#16334);
#5044=VERTEX_POINT('',#16336);
#5045=VERTEX_POINT('',#16338);
#5046=VERTEX_POINT('',#16341);
#5047=VERTEX_POINT('',#16342);
#5048=VERTEX_POINT('',#16344);
#5049=VERTEX_POINT('',#16346);
#5050=VERTEX_POINT('',#16349);
#5051=VERTEX_POINT('',#16350);
#5052=VERTEX_POINT('',#16352);
#5053=VERTEX_POINT('',#16354);
#5054=VERTEX_POINT('',#16357);
#5055=VERTEX_POINT('',#16358);
#5056=VERTEX_POINT('',#16360);
#5057=VERTEX_POINT('',#16362);
#5058=VERTEX_POINT('',#16365);
#5059=VERTEX_POINT('',#16366);
#5060=VERTEX_POINT('',#16368);
#5061=VERTEX_POINT('',#16370);
#5062=VERTEX_POINT('',#16373);
#5063=VERTEX_POINT('',#16374);
#5064=VERTEX_POINT('',#16376);
#5065=VERTEX_POINT('',#16378);
#5066=VERTEX_POINT('',#16381);
#5067=VERTEX_POINT('',#16382);
#5068=VERTEX_POINT('',#16384);
#5069=VERTEX_POINT('',#16386);
#5070=VERTEX_POINT('',#16389);
#5071=VERTEX_POINT('',#16391);
#5072=VERTEX_POINT('',#16393);
#5073=VERTEX_POINT('',#16395);
#5074=VERTEX_POINT('',#16397);
#5075=VERTEX_POINT('',#16399);
#5076=VERTEX_POINT('',#16401);
#5077=VERTEX_POINT('',#16403);
#5078=VERTEX_POINT('',#16405);
#5079=VERTEX_POINT('',#16407);
#5080=VERTEX_POINT('',#16409);
#5081=VERTEX_POINT('',#16411);
#5082=VERTEX_POINT('',#16413);
#5083=VERTEX_POINT('',#16415);
#5084=VERTEX_POINT('',#16417);
#5085=VERTEX_POINT('',#16419);
#5086=VERTEX_POINT('',#16421);
#5087=VERTEX_POINT('',#16423);
#5088=VERTEX_POINT('',#16425);
#5089=VERTEX_POINT('',#16427);
#5090=VERTEX_POINT('',#16429);
#5091=VERTEX_POINT('',#16431);
#5092=VERTEX_POINT('',#16433);
#5093=VERTEX_POINT('',#16435);
#5094=VERTEX_POINT('',#16437);
#5095=VERTEX_POINT('',#16439);
#5096=VERTEX_POINT('',#16441);
#5097=VERTEX_POINT('',#16443);
#5098=VERTEX_POINT('',#16445);
#5099=VERTEX_POINT('',#16447);
#5100=VERTEX_POINT('',#16448);
#5101=VERTEX_POINT('',#16450);
#5102=VERTEX_POINT('',#16452);
#5103=VERTEX_POINT('',#16461);
#5104=VERTEX_POINT('',#16463);
#5105=VERTEX_POINT('',#16467);
#5106=VERTEX_POINT('',#16468);
#5107=VERTEX_POINT('',#16473);
#5108=VERTEX_POINT('',#16474);
#5109=VERTEX_POINT('',#16476);
#5110=VERTEX_POINT('',#16478);
#5111=VERTEX_POINT('',#16485);
#5112=VERTEX_POINT('',#16488);
#5113=VERTEX_POINT('',#16492);
#5114=VERTEX_POINT('',#16498);
#5115=VERTEX_POINT('',#16499);
#5116=VERTEX_POINT('',#16501);
#5117=VERTEX_POINT('',#16503);
#5118=VERTEX_POINT('',#16510);
#5119=VERTEX_POINT('',#16513);
#5120=VERTEX_POINT('',#16517);
#5121=VERTEX_POINT('',#16527);
#5122=VERTEX_POINT('',#16540);
#5123=VERTEX_POINT('',#16549);
#5124=VERTEX_POINT('',#16551);
#5125=VERTEX_POINT('',#16555);
#5126=VERTEX_POINT('',#16557);
#5127=VERTEX_POINT('',#16561);
#5128=VERTEX_POINT('',#16563);
#5129=VERTEX_POINT('',#16565);
#5130=VERTEX_POINT('',#16567);
#5131=VERTEX_POINT('',#16585);
#5132=VERTEX_POINT('',#16587);
#5133=VERTEX_POINT('',#16591);
#5134=VERTEX_POINT('',#16593);
#5135=VERTEX_POINT('',#16597);
#5136=VERTEX_POINT('',#16599);
#5137=VERTEX_POINT('',#16601);
#5138=VERTEX_POINT('',#16603);
#5139=VERTEX_POINT('',#16621);
#5140=VERTEX_POINT('',#16623);
#5141=VERTEX_POINT('',#16627);
#5142=VERTEX_POINT('',#16629);
#5143=VERTEX_POINT('',#16633);
#5144=VERTEX_POINT('',#16635);
#5145=VERTEX_POINT('',#16637);
#5146=VERTEX_POINT('',#16639);
#5147=VERTEX_POINT('',#16657);
#5148=VERTEX_POINT('',#16659);
#5149=VERTEX_POINT('',#16663);
#5150=VERTEX_POINT('',#16665);
#5151=VERTEX_POINT('',#16669);
#5152=VERTEX_POINT('',#16671);
#5153=VERTEX_POINT('',#16673);
#5154=VERTEX_POINT('',#16675);
#5155=VERTEX_POINT('',#16693);
#5156=VERTEX_POINT('',#16695);
#5157=VERTEX_POINT('',#16699);
#5158=VERTEX_POINT('',#16701);
#5159=VERTEX_POINT('',#16705);
#5160=VERTEX_POINT('',#16707);
#5161=VERTEX_POINT('',#16709);
#5162=VERTEX_POINT('',#16711);
#5163=VERTEX_POINT('',#16729);
#5164=VERTEX_POINT('',#16731);
#5165=VERTEX_POINT('',#16735);
#5166=VERTEX_POINT('',#16737);
#5167=VERTEX_POINT('',#16741);
#5168=VERTEX_POINT('',#16743);
#5169=VERTEX_POINT('',#16745);
#5170=VERTEX_POINT('',#16747);
#5171=VERTEX_POINT('',#16765);
#5172=VERTEX_POINT('',#16767);
#5173=VERTEX_POINT('',#16771);
#5174=VERTEX_POINT('',#16773);
#5175=VERTEX_POINT('',#16777);
#5176=VERTEX_POINT('',#16779);
#5177=VERTEX_POINT('',#16781);
#5178=VERTEX_POINT('',#16783);
#5179=VERTEX_POINT('',#16801);
#5180=VERTEX_POINT('',#16803);
#5181=VERTEX_POINT('',#16807);
#5182=VERTEX_POINT('',#16809);
#5183=VERTEX_POINT('',#16813);
#5184=VERTEX_POINT('',#16815);
#5185=VERTEX_POINT('',#16817);
#5186=VERTEX_POINT('',#16819);
#5187=VERTEX_POINT('',#16837);
#5188=VERTEX_POINT('',#16839);
#5189=VERTEX_POINT('',#16843);
#5190=VERTEX_POINT('',#16845);
#5191=VERTEX_POINT('',#16849);
#5192=VERTEX_POINT('',#16851);
#5193=VERTEX_POINT('',#16853);
#5194=VERTEX_POINT('',#16855);
#5195=VERTEX_POINT('',#16873);
#5196=VERTEX_POINT('',#16875);
#5197=VERTEX_POINT('',#16879);
#5198=VERTEX_POINT('',#16881);
#5199=VERTEX_POINT('',#16885);
#5200=VERTEX_POINT('',#16887);
#5201=VERTEX_POINT('',#16889);
#5202=VERTEX_POINT('',#16891);
#5203=VERTEX_POINT('',#16909);
#5204=VERTEX_POINT('',#16913);
#5205=VERTEX_POINT('',#16919);
#5206=VERTEX_POINT('',#16923);
#5207=VERTEX_POINT('',#16929);
#5208=VERTEX_POINT('',#16930);
#5209=VERTEX_POINT('',#16939);
#5210=VERTEX_POINT('',#16941);
#5211=VERTEX_POINT('',#16954);
#5212=VERTEX_POINT('',#16956);
#5213=VERTEX_POINT('',#16958);
#5214=VERTEX_POINT('',#16960);
#5215=VERTEX_POINT('',#16962);
#5216=VERTEX_POINT('',#16964);
#5217=VERTEX_POINT('',#16966);
#5218=VERTEX_POINT('',#16968);
#5219=VERTEX_POINT('',#16970);
#5220=VERTEX_POINT('',#16972);
#5221=VERTEX_POINT('',#16976);
#5222=VERTEX_POINT('',#16980);
#5223=VERTEX_POINT('',#16982);
#5224=VERTEX_POINT('',#16984);
#5225=VERTEX_POINT('',#16986);
#5226=VERTEX_POINT('',#16988);
#5227=VERTEX_POINT('',#16990);
#5228=VERTEX_POINT('',#16992);
#5229=VERTEX_POINT('',#16994);
#5230=VERTEX_POINT('',#16996);
#5231=VERTEX_POINT('',#16998);
#5232=VERTEX_POINT('',#17002);
#5233=VERTEX_POINT('',#17006);
#5234=VERTEX_POINT('',#17008);
#5235=VERTEX_POINT('',#17010);
#5236=VERTEX_POINT('',#17012);
#5237=VERTEX_POINT('',#17014);
#5238=VERTEX_POINT('',#17016);
#5239=VERTEX_POINT('',#17018);
#5240=VERTEX_POINT('',#17020);
#5241=VERTEX_POINT('',#17022);
#5242=VERTEX_POINT('',#17024);
#5243=VERTEX_POINT('',#17028);
#5244=VERTEX_POINT('',#17032);
#5245=VERTEX_POINT('',#17034);
#5246=VERTEX_POINT('',#17036);
#5247=VERTEX_POINT('',#17038);
#5248=VERTEX_POINT('',#17040);
#5249=VERTEX_POINT('',#17042);
#5250=VERTEX_POINT('',#17044);
#5251=VERTEX_POINT('',#17046);
#5252=VERTEX_POINT('',#17048);
#5253=VERTEX_POINT('',#17050);
#5254=VERTEX_POINT('',#17054);
#5255=VERTEX_POINT('',#17058);
#5256=VERTEX_POINT('',#17060);
#5257=VERTEX_POINT('',#17062);
#5258=VERTEX_POINT('',#17064);
#5259=VERTEX_POINT('',#17066);
#5260=VERTEX_POINT('',#17068);
#5261=VERTEX_POINT('',#17070);
#5262=VERTEX_POINT('',#17072);
#5263=VERTEX_POINT('',#17074);
#5264=VERTEX_POINT('',#17076);
#5265=VERTEX_POINT('',#17080);
#5266=VERTEX_POINT('',#17084);
#5267=VERTEX_POINT('',#17086);
#5268=VERTEX_POINT('',#17089);
#5269=VERTEX_POINT('',#17091);
#5270=VERTEX_POINT('',#17094);
#5271=VERTEX_POINT('',#17096);
#5272=VERTEX_POINT('',#17099);
#5273=VERTEX_POINT('',#17101);
#5274=VERTEX_POINT('',#17105);
#5275=VERTEX_POINT('',#17109);
#5276=VERTEX_POINT('',#17113);
#5277=VERTEX_POINT('',#17117);
#5278=VERTEX_POINT('',#17121);
#5279=VERTEX_POINT('',#17125);
#5280=VERTEX_POINT('',#17131);
#5281=VERTEX_POINT('',#17135);
#5282=VERTEX_POINT('',#17142);
#5283=VERTEX_POINT('',#17146);
#5284=VERTEX_POINT('',#17150);
#5285=VERTEX_POINT('',#17154);
#5286=VERTEX_POINT('',#17158);
#5287=VERTEX_POINT('',#17164);
#5288=VERTEX_POINT('',#17168);
#5289=VERTEX_POINT('',#17175);
#5290=VERTEX_POINT('',#17179);
#5291=VERTEX_POINT('',#17183);
#5292=VERTEX_POINT('',#17187);
#5293=VERTEX_POINT('',#17191);
#5294=VERTEX_POINT('',#17197);
#5295=VERTEX_POINT('',#17201);
#5296=VERTEX_POINT('',#17208);
#5297=VERTEX_POINT('',#17210);
#5298=VERTEX_POINT('',#17214);
#5299=VERTEX_POINT('',#17218);
#5300=VERTEX_POINT('',#17222);
#5301=VERTEX_POINT('',#17226);
#5302=VERTEX_POINT('',#17232);
#5303=VERTEX_POINT('',#17236);
#5304=VERTEX_POINT('',#17240);
#5305=VERTEX_POINT('',#17246);
#5306=VERTEX_POINT('',#17248);
#5307=VERTEX_POINT('',#17252);
#5308=VERTEX_POINT('',#17256);
#5309=VERTEX_POINT('',#17260);
#5310=VERTEX_POINT('',#17264);
#5311=VERTEX_POINT('',#17270);
#5312=VERTEX_POINT('',#17274);
#5313=VERTEX_POINT('',#17278);
#5314=VERTEX_POINT('',#17284);
#5315=VERTEX_POINT('',#17286);
#5316=VERTEX_POINT('',#17291);
#5317=VERTEX_POINT('',#17298);
#5318=VERTEX_POINT('',#17300);
#5319=VERTEX_POINT('',#17304);
#5320=VERTEX_POINT('',#17308);
#5321=VERTEX_POINT('',#17310);
#5322=VERTEX_POINT('',#17315);
#5323=VERTEX_POINT('',#17322);
#5324=VERTEX_POINT('',#17324);
#5325=VERTEX_POINT('',#17326);
#5326=VERTEX_POINT('',#17328);
#5327=VERTEX_POINT('',#17330);
#5328=VERTEX_POINT('',#17332);
#5329=VERTEX_POINT('',#17334);
#5330=VERTEX_POINT('',#17336);
#5331=VERTEX_POINT('',#17338);
#5332=VERTEX_POINT('',#17340);
#5333=VERTEX_POINT('',#17344);
#5334=VERTEX_POINT('',#17348);
#5335=VERTEX_POINT('',#17350);
#5336=VERTEX_POINT('',#17352);
#5337=VERTEX_POINT('',#17354);
#5338=VERTEX_POINT('',#17356);
#5339=VERTEX_POINT('',#17358);
#5340=VERTEX_POINT('',#17360);
#5341=VERTEX_POINT('',#17362);
#5342=VERTEX_POINT('',#17364);
#5343=VERTEX_POINT('',#17366);
#5344=VERTEX_POINT('',#17370);
#5345=VERTEX_POINT('',#17374);
#5346=VERTEX_POINT('',#17376);
#5347=VERTEX_POINT('',#17378);
#5348=VERTEX_POINT('',#17380);
#5349=VERTEX_POINT('',#17382);
#5350=VERTEX_POINT('',#17384);
#5351=VERTEX_POINT('',#17386);
#5352=VERTEX_POINT('',#17388);
#5353=VERTEX_POINT('',#17390);
#5354=VERTEX_POINT('',#17392);
#5355=VERTEX_POINT('',#17396);
#5356=VERTEX_POINT('',#17400);
#5357=VERTEX_POINT('',#17402);
#5358=VERTEX_POINT('',#17404);
#5359=VERTEX_POINT('',#17406);
#5360=VERTEX_POINT('',#17408);
#5361=VERTEX_POINT('',#17410);
#5362=VERTEX_POINT('',#17412);
#5363=VERTEX_POINT('',#17414);
#5364=VERTEX_POINT('',#17416);
#5365=VERTEX_POINT('',#17418);
#5366=VERTEX_POINT('',#17422);
#5367=VERTEX_POINT('',#17426);
#5368=VERTEX_POINT('',#17428);
#5369=VERTEX_POINT('',#17430);
#5370=VERTEX_POINT('',#17432);
#5371=VERTEX_POINT('',#17434);
#5372=VERTEX_POINT('',#17436);
#5373=VERTEX_POINT('',#17438);
#5374=VERTEX_POINT('',#17440);
#5375=VERTEX_POINT('',#17442);
#5376=VERTEX_POINT('',#17444);
#5377=VERTEX_POINT('',#17448);
#5378=VERTEX_POINT('',#17452);
#5379=VERTEX_POINT('',#17454);
#5380=VERTEX_POINT('',#17457);
#5381=VERTEX_POINT('',#17459);
#5382=VERTEX_POINT('',#17462);
#5383=VERTEX_POINT('',#17464);
#5384=VERTEX_POINT('',#17467);
#5385=VERTEX_POINT('',#17469);
#5386=VERTEX_POINT('',#17473);
#5387=VERTEX_POINT('',#17477);
#5388=VERTEX_POINT('',#17481);
#5389=VERTEX_POINT('',#17485);
#5390=VERTEX_POINT('',#17489);
#5391=VERTEX_POINT('',#17493);
#5392=VERTEX_POINT('',#17499);
#5393=VERTEX_POINT('',#17503);
#5394=VERTEX_POINT('',#17510);
#5395=VERTEX_POINT('',#17514);
#5396=VERTEX_POINT('',#17518);
#5397=VERTEX_POINT('',#17522);
#5398=VERTEX_POINT('',#17526);
#5399=VERTEX_POINT('',#17532);
#5400=VERTEX_POINT('',#17536);
#5401=VERTEX_POINT('',#17543);
#5402=VERTEX_POINT('',#17547);
#5403=VERTEX_POINT('',#17551);
#5404=VERTEX_POINT('',#17555);
#5405=VERTEX_POINT('',#17559);
#5406=VERTEX_POINT('',#17565);
#5407=VERTEX_POINT('',#17569);
#5408=VERTEX_POINT('',#17576);
#5409=VERTEX_POINT('',#17578);
#5410=VERTEX_POINT('',#17582);
#5411=VERTEX_POINT('',#17586);
#5412=VERTEX_POINT('',#17590);
#5413=VERTEX_POINT('',#17594);
#5414=VERTEX_POINT('',#17600);
#5415=VERTEX_POINT('',#17604);
#5416=VERTEX_POINT('',#17608);
#5417=VERTEX_POINT('',#17614);
#5418=VERTEX_POINT('',#17616);
#5419=VERTEX_POINT('',#17620);
#5420=VERTEX_POINT('',#17624);
#5421=VERTEX_POINT('',#17628);
#5422=VERTEX_POINT('',#17632);
#5423=VERTEX_POINT('',#17638);
#5424=VERTEX_POINT('',#17642);
#5425=VERTEX_POINT('',#17646);
#5426=VERTEX_POINT('',#17652);
#5427=VERTEX_POINT('',#17654);
#5428=VERTEX_POINT('',#17659);
#5429=VERTEX_POINT('',#17666);
#5430=VERTEX_POINT('',#17667);
#5431=VERTEX_POINT('',#17672);
#5432=VERTEX_POINT('',#17676);
#5433=VERTEX_POINT('',#17680);
#5434=VERTEX_POINT('',#17684);
#5435=VERTEX_POINT('',#17688);
#5436=VERTEX_POINT('',#17692);
#5437=VERTEX_POINT('',#17698);
#5438=VERTEX_POINT('',#17699);
#5439=VERTEX_POINT('',#17704);
#5440=VERTEX_POINT('',#17708);
#5441=VERTEX_POINT('',#17712);
#5442=VERTEX_POINT('',#17716);
#5443=VERTEX_POINT('',#17720);
#5444=VERTEX_POINT('',#17724);
#5445=VERTEX_POINT('',#17730);
#5446=VERTEX_POINT('',#17731);
#5447=VERTEX_POINT('',#17736);
#5448=VERTEX_POINT('',#17740);
#5449=VERTEX_POINT('',#17744);
#5450=VERTEX_POINT('',#17748);
#5451=VERTEX_POINT('',#17752);
#5452=VERTEX_POINT('',#17756);
#5453=VERTEX_POINT('',#17762);
#5454=VERTEX_POINT('',#17763);
#5455=VERTEX_POINT('',#17768);
#5456=VERTEX_POINT('',#17772);
#5457=VERTEX_POINT('',#17776);
#5458=VERTEX_POINT('',#17780);
#5459=VERTEX_POINT('',#17784);
#5460=VERTEX_POINT('',#17788);
#5461=VERTEX_POINT('',#17794);
#5462=VERTEX_POINT('',#17796);
#5463=VERTEX_POINT('',#17799);
#5464=VERTEX_POINT('',#17803);
#5465=VERTEX_POINT('',#17805);
#5466=VERTEX_POINT('',#17808);
#5467=VERTEX_POINT('',#17812);
#5468=VERTEX_POINT('',#17814);
#5469=VERTEX_POINT('',#17817);
#5470=VERTEX_POINT('',#17821);
#5471=VERTEX_POINT('',#17823);
#5472=VERTEX_POINT('',#17830);
#5473=VERTEX_POINT('',#17832);
#5474=VERTEX_POINT('',#17839);
#5475=VERTEX_POINT('',#17841);
#5476=VERTEX_POINT('',#17848);
#5477=VERTEX_POINT('',#17850);
#5478=VERTEX_POINT('',#17853);
#5479=VERTEX_POINT('',#17857);
#5480=VERTEX_POINT('',#17859);
#5481=VERTEX_POINT('',#17862);
#5482=VERTEX_POINT('',#17866);
#5483=VERTEX_POINT('',#17868);
#5484=VERTEX_POINT('',#17871);
#5485=VERTEX_POINT('',#17875);
#5486=VERTEX_POINT('',#17877);
#5487=VERTEX_POINT('',#17880);
#5488=VERTEX_POINT('',#17884);
#5489=VERTEX_POINT('',#17886);
#5490=VERTEX_POINT('',#17889);
#5491=VERTEX_POINT('',#17893);
#5492=VERTEX_POINT('',#17895);
#5493=VERTEX_POINT('',#17898);
#5494=VERTEX_POINT('',#17902);
#5495=VERTEX_POINT('',#17904);
#5496=VERTEX_POINT('',#17907);
#5497=VERTEX_POINT('',#17911);
#5498=VERTEX_POINT('',#17913);
#5499=VERTEX_POINT('',#17916);
#5500=VERTEX_POINT('',#17920);
#5501=VERTEX_POINT('',#17922);
#5502=VERTEX_POINT('',#17925);
#5503=VERTEX_POINT('',#17929);
#5504=VERTEX_POINT('',#17931);
#5505=VERTEX_POINT('',#17934);
#5506=VERTEX_POINT('',#17938);
#5507=VERTEX_POINT('',#17940);
#5508=VERTEX_POINT('',#17943);
#5509=VERTEX_POINT('',#17947);
#5510=VERTEX_POINT('',#17949);
#5511=VERTEX_POINT('',#17952);
#5512=VERTEX_POINT('',#17956);
#5513=VERTEX_POINT('',#17958);
#5514=VERTEX_POINT('',#17961);
#5515=VERTEX_POINT('',#17965);
#5516=VERTEX_POINT('',#17967);
#5517=VERTEX_POINT('',#17970);
#5518=VERTEX_POINT('',#17974);
#5519=VERTEX_POINT('',#17976);
#5520=VERTEX_POINT('',#17979);
#5521=VERTEX_POINT('',#17983);
#5522=VERTEX_POINT('',#17985);
#5523=VERTEX_POINT('',#17988);
#5524=VERTEX_POINT('',#17992);
#5525=VERTEX_POINT('',#17994);
#5526=VERTEX_POINT('',#17997);
#5527=VERTEX_POINT('',#18001);
#5528=VERTEX_POINT('',#18003);
#5529=VERTEX_POINT('',#18006);
#5530=VERTEX_POINT('',#18010);
#5531=VERTEX_POINT('',#18012);
#5532=VERTEX_POINT('',#18015);
#5533=VERTEX_POINT('',#18019);
#5534=VERTEX_POINT('',#18021);
#5535=VERTEX_POINT('',#18024);
#5536=VERTEX_POINT('',#18028);
#5537=VERTEX_POINT('',#18030);
#5538=VERTEX_POINT('',#18033);
#5539=VERTEX_POINT('',#18037);
#5540=VERTEX_POINT('',#18039);
#5541=VERTEX_POINT('',#18042);
#5542=VERTEX_POINT('',#18046);
#5543=VERTEX_POINT('',#18048);
#5544=VERTEX_POINT('',#18051);
#5545=VERTEX_POINT('',#18055);
#5546=VERTEX_POINT('',#18057);
#5547=VERTEX_POINT('',#18060);
#5548=VERTEX_POINT('',#18064);
#5549=VERTEX_POINT('',#18066);
#5550=VERTEX_POINT('',#18069);
#5551=VERTEX_POINT('',#18073);
#5552=VERTEX_POINT('',#18075);
#5553=VERTEX_POINT('',#18078);
#5554=VERTEX_POINT('',#18082);
#5555=VERTEX_POINT('',#18084);
#5556=VERTEX_POINT('',#18091);
#5557=VERTEX_POINT('',#18093);
#5558=VERTEX_POINT('',#18100);
#5559=VERTEX_POINT('',#18102);
#5560=VERTEX_POINT('',#18109);
#5561=VERTEX_POINT('',#18111);
#5562=VERTEX_POINT('',#18118);
#5563=VERTEX_POINT('',#18120);
#5564=VERTEX_POINT('',#18127);
#5565=VERTEX_POINT('',#18129);
#5566=VERTEX_POINT('',#18136);
#5567=VERTEX_POINT('',#18138);
#5568=VERTEX_POINT('',#18145);
#5569=VERTEX_POINT('',#18147);
#5570=VERTEX_POINT('',#18154);
#5571=VERTEX_POINT('',#18156);
#5572=VERTEX_POINT('',#18163);
#5573=VERTEX_POINT('',#18165);
#5574=VERTEX_POINT('',#18172);
#5575=VERTEX_POINT('',#18174);
#5576=VERTEX_POINT('',#18181);
#5577=VERTEX_POINT('',#18183);
#5578=VERTEX_POINT('',#18190);
#5579=VERTEX_POINT('',#18192);
#5580=VERTEX_POINT('',#18199);
#5581=VERTEX_POINT('',#18201);
#5582=VERTEX_POINT('',#18208);
#5583=VERTEX_POINT('',#18210);
#5584=VERTEX_POINT('',#18217);
#5585=VERTEX_POINT('',#18219);
#5586=VERTEX_POINT('',#18226);
#5587=VERTEX_POINT('',#18228);
#5588=VERTEX_POINT('',#18235);
#5589=VERTEX_POINT('',#18237);
#5590=VERTEX_POINT('',#18244);
#5591=VERTEX_POINT('',#18246);
#5592=VERTEX_POINT('',#18253);
#5593=VERTEX_POINT('',#18255);
#5594=VERTEX_POINT('',#18262);
#5595=VERTEX_POINT('',#18264);
#5596=VERTEX_POINT('',#18271);
#5597=VERTEX_POINT('',#18273);
#5598=VERTEX_POINT('',#18280);
#5599=VERTEX_POINT('',#18282);
#5600=VERTEX_POINT('',#18289);
#5601=VERTEX_POINT('',#18291);
#5602=VERTEX_POINT('',#18298);
#5603=VERTEX_POINT('',#18300);
#5604=VERTEX_POINT('',#18307);
#5605=VERTEX_POINT('',#18309);
#5606=VERTEX_POINT('',#18316);
#5607=VERTEX_POINT('',#18317);
#5608=VERTEX_POINT('',#18322);
#5609=VERTEX_POINT('',#18326);
#5610=VERTEX_POINT('',#18330);
#5611=VERTEX_POINT('',#18334);
#5612=VERTEX_POINT('',#18338);
#5613=VERTEX_POINT('',#18344);
#5614=VERTEX_POINT('',#18351);
#5615=VERTEX_POINT('',#18353);
#5616=VERTEX_POINT('',#18365);
#5617=VERTEX_POINT('',#18367);
#5618=EDGE_CURVE('',#4629,#4630,#2493,.T.);
#5619=EDGE_CURVE('',#4629,#4631,#2494,.T.);
#5620=EDGE_CURVE('',#4632,#4631,#2495,.T.);
#5621=EDGE_CURVE('',#4630,#4632,#2496,.T.);
#5622=EDGE_CURVE('',#4633,#4634,#2497,.T.);
#5623=EDGE_CURVE('',#4635,#4633,#2498,.F.);
#5624=EDGE_CURVE('',#4635,#4636,#2499,.T.);
#5625=EDGE_CURVE('',#4634,#4636,#2500,.T.);
#5626=EDGE_CURVE('',#4637,#4633,#2501,.T.);
#5627=EDGE_CURVE('',#4637,#4638,#2502,.F.);
#5628=EDGE_CURVE('',#4638,#4639,#411,.F.);
#5629=EDGE_CURVE('',#4639,#4640,#2503,.F.);
#5630=EDGE_CURVE('',#4641,#4640,#2504,.T.);
#5631=EDGE_CURVE('',#4642,#4641,#412,.T.);
#5632=EDGE_CURVE('',#4642,#4643,#2505,.F.);
#5633=EDGE_CURVE('',#4643,#4635,#413,.F.);
#5634=EDGE_CURVE('',#4630,#4644,#2506,.T.);
#5635=EDGE_CURVE('',#4645,#4632,#2507,.T.);
#5636=EDGE_CURVE('',#4644,#4645,#2508,.T.);
#5637=EDGE_CURVE('',#4634,#4646,#2509,.T.);
#5638=EDGE_CURVE('',#4636,#4647,#414,.T.);
#5639=EDGE_CURVE('',#4647,#4648,#2510,.T.);
#5640=EDGE_CURVE('',#4649,#4648,#415,.T.);
#5641=EDGE_CURVE('',#4650,#4649,#2511,.T.);
#5642=EDGE_CURVE('',#4650,#4651,#2512,.T.);
#5643=EDGE_CURVE('',#4651,#4652,#416,.T.);
#5644=EDGE_CURVE('',#4652,#4646,#2513,.T.);
#5645=EDGE_CURVE('',#4653,#4642,#2514,.T.);
#5646=EDGE_CURVE('',#4648,#4653,#417,.T.);
#5647=EDGE_CURVE('',#4643,#4647,#2515,.T.);
#5648=EDGE_CURVE('',#4631,#4654,#2516,.T.);
#5649=EDGE_CURVE('',#4654,#4645,#2517,.T.);
#5650=EDGE_CURVE('',#4646,#4637,#2518,.T.);
#5651=EDGE_CURVE('',#4638,#4652,#2519,.T.);
#5652=EDGE_CURVE('',#4639,#4651,#2520,.T.);
#5653=EDGE_CURVE('',#4640,#4655,#2521,.T.);
#5654=EDGE_CURVE('',#4655,#4650,#418,.T.);
#5655=EDGE_CURVE('',#4644,#4656,#2522,.T.);
#5656=EDGE_CURVE('',#4656,#4654,#2523,.T.);
#5657=EDGE_CURVE('',#4656,#4629,#2524,.T.);
#5658=EDGE_CURVE('',#4649,#4657,#419,.F.);
#5659=EDGE_CURVE('',#4657,#4658,#2525,.T.);
#5660=EDGE_CURVE('',#4659,#4658,#420,.T.);
#5661=EDGE_CURVE('',#4659,#4655,#2526,.T.);
#5662=EDGE_CURVE('',#4660,#4653,#421,.F.);
#5663=EDGE_CURVE('',#4657,#4660,#422,.F.);
#5664=EDGE_CURVE('',#4661,#4662,#2527,.T.);
#5665=EDGE_CURVE('',#4663,#4661,#2528,.T.);
#5666=EDGE_CURVE('',#4664,#4663,#2529,.T.);
#5667=EDGE_CURVE('',#4664,#4665,#2530,.T.);
#5668=EDGE_CURVE('',#4666,#4665,#2531,.T.);
#5669=EDGE_CURVE('',#4667,#4666,#2532,.T.);
#5670=EDGE_CURVE('',#4668,#4667,#2533,.T.);
#5671=EDGE_CURVE('',#4662,#4668,#2534,.T.);
#5672=EDGE_CURVE('',#4669,#4661,#2535,.T.);
#5673=EDGE_CURVE('',#4670,#4669,#2536,.T.);
#5674=EDGE_CURVE('',#4670,#4663,#2537,.T.);
#5675=EDGE_CURVE('',#4671,#4669,#2538,.T.);
#5676=EDGE_CURVE('',#4672,#4671,#2539,.T.);
#5677=EDGE_CURVE('',#4673,#4672,#2540,.T.);
#5678=EDGE_CURVE('',#4674,#4673,#2541,.T.);
#5679=EDGE_CURVE('',#4675,#4674,#2542,.T.);
#5680=EDGE_CURVE('',#4676,#4675,#2543,.T.);
#5681=EDGE_CURVE('',#4676,#4670,#2544,.T.);
#5682=EDGE_CURVE('',#4665,#4675,#2545,.T.);
#5683=EDGE_CURVE('',#4664,#4676,#2546,.T.);
#5684=EDGE_CURVE('',#4677,#4659,#2547,.T.);
#5685=EDGE_CURVE('',#4678,#4677,#2548,.T.);
#5686=EDGE_CURVE('',#4641,#4678,#2549,.T.);
#5687=EDGE_CURVE('',#4679,#4677,#423,.T.);
#5688=EDGE_CURVE('',#4679,#4680,#2550,.T.);
#5689=EDGE_CURVE('',#4680,#4678,#424,.F.);
#5690=EDGE_CURVE('',#4681,#4679,#2551,.T.);
#5691=EDGE_CURVE('',#4682,#4681,#2552,.T.);
#5692=EDGE_CURVE('',#4680,#4682,#2553,.T.);
#5693=EDGE_CURVE('',#4662,#4681,#425,.T.);
#5694=EDGE_CURVE('',#4668,#4682,#426,.F.);
#5695=EDGE_CURVE('',#4683,#4668,#427,.F.);
#5696=EDGE_CURVE('',#4682,#4683,#428,.F.);
#5697=EDGE_CURVE('',#4684,#4680,#429,.F.);
#5698=EDGE_CURVE('',#4678,#4684,#430,.F.);
#5699=EDGE_CURVE('',#4683,#4684,#2554,.T.);
#5700=EDGE_CURVE('',#4685,#4686,#431,.F.);
#5701=EDGE_CURVE('',#4667,#4685,#432,.F.);
#5702=EDGE_CURVE('',#4686,#4667,#433,.F.);
#5703=EDGE_CURVE('',#4685,#4683,#2555,.T.);
#5704=EDGE_CURVE('',#4687,#4666,#434,.T.);
#5705=EDGE_CURVE('',#4687,#4686,#2556,.T.);
#5706=EDGE_CURVE('',#4684,#4660,#2557,.T.);
#5707=EDGE_CURVE('',#4686,#4657,#2558,.T.);
#5708=EDGE_CURVE('',#4660,#4685,#2559,.T.);
#5709=EDGE_CURVE('',#4658,#4687,#2560,.T.);
#5710=EDGE_CURVE('',#4688,#4689,#2561,.T.);
#5711=EDGE_CURVE('',#4688,#4690,#2562,.T.);
#5712=EDGE_CURVE('',#4691,#4690,#2563,.T.);
#5713=EDGE_CURVE('',#4689,#4691,#2564,.T.);
#5714=EDGE_CURVE('',#4692,#4693,#2565,.T.);
#5715=EDGE_CURVE('',#4692,#4694,#2566,.T.);
#5716=EDGE_CURVE('',#4694,#4695,#435,.T.);
#5717=EDGE_CURVE('',#4695,#4696,#2567,.T.);
#5718=EDGE_CURVE('',#4696,#4697,#2568,.T.);
#5719=EDGE_CURVE('',#4698,#4697,#2569,.T.);
#5720=EDGE_CURVE('',#4698,#4699,#2570,.T.);
#5721=EDGE_CURVE('',#4699,#4700,#436,.T.);
#5722=EDGE_CURVE('',#4700,#4693,#2571,.T.);
#5723=EDGE_CURVE('',#4701,#4692,#2572,.T.);
#5724=EDGE_CURVE('',#4702,#4701,#2573,.F.);
#5725=EDGE_CURVE('',#4702,#4694,#2574,.T.);
#5726=EDGE_CURVE('',#4703,#4701,#2575,.T.);
#5727=EDGE_CURVE('',#4703,#4704,#2576,.F.);
#5728=EDGE_CURVE('',#4704,#4705,#437,.F.);
#5729=EDGE_CURVE('',#4705,#4706,#2577,.F.);
#5730=EDGE_CURVE('',#4706,#4707,#2578,.F.);
#5731=EDGE_CURVE('',#4707,#4708,#2579,.F.);
#5732=EDGE_CURVE('',#4708,#4702,#438,.F.);
#5733=EDGE_CURVE('',#4689,#4709,#2580,.T.);
#5734=EDGE_CURVE('',#4710,#4691,#2581,.T.);
#5735=EDGE_CURVE('',#4709,#4710,#2582,.T.);
#5736=EDGE_CURVE('',#4711,#4712,#2583,.T.);
#5737=EDGE_CURVE('',#4697,#4711,#2584,.T.);
#5738=EDGE_CURVE('',#4707,#4696,#2585,.T.);
#5739=EDGE_CURVE('',#4706,#4712,#2586,.T.);
#5740=EDGE_CURVE('',#4690,#4713,#2587,.T.);
#5741=EDGE_CURVE('',#4713,#4710,#2588,.T.);
#5742=EDGE_CURVE('',#4693,#4703,#2589,.T.);
#5743=EDGE_CURVE('',#4704,#4700,#2590,.T.);
#5744=EDGE_CURVE('',#4705,#4699,#2591,.T.);
#5745=EDGE_CURVE('',#4712,#4698,#2592,.T.);
#5746=EDGE_CURVE('',#4708,#4695,#2593,.T.);
#5747=EDGE_CURVE('',#4709,#4714,#2594,.T.);
#5748=EDGE_CURVE('',#4714,#4713,#2595,.T.);
#5749=EDGE_CURVE('',#4714,#4688,#2596,.T.);
#5750=EDGE_CURVE('',#4715,#4697,#2597,.T.);
#5751=EDGE_CURVE('',#4716,#4715,#2598,.T.);
#5752=EDGE_CURVE('',#4717,#4716,#2599,.T.);
#5753=EDGE_CURVE('',#4712,#4717,#2600,.T.);
#5754=EDGE_CURVE('',#4718,#4719,#2601,.T.);
#5755=EDGE_CURVE('',#4719,#4720,#2602,.T.);
#5756=EDGE_CURVE('',#4720,#4721,#2603,.T.);
#5757=EDGE_CURVE('',#4721,#4722,#2604,.T.);
#5758=EDGE_CURVE('',#4722,#4723,#2605,.T.);
#5759=EDGE_CURVE('',#4723,#4724,#2606,.T.);
#5760=EDGE_CURVE('',#4724,#4725,#2607,.T.);
#5761=EDGE_CURVE('',#4725,#4726,#2608,.T.);
#5762=EDGE_CURVE('',#4727,#4726,#2609,.T.);
#5763=EDGE_CURVE('',#4727,#4728,#2610,.T.);
#5764=EDGE_CURVE('',#4728,#4729,#2611,.F.);
#5765=EDGE_CURVE('',#4729,#4718,#2612,.T.);
#5766=EDGE_CURVE('',#4730,#4731,#2613,.T.);
#5767=EDGE_CURVE('',#4730,#4732,#2614,.T.);
#5768=EDGE_CURVE('',#4733,#4732,#2615,.T.);
#5769=EDGE_CURVE('',#4733,#4734,#2616,.T.);
#5770=EDGE_CURVE('',#4734,#4735,#2617,.T.);
#5771=EDGE_CURVE('',#4735,#4736,#2618,.T.);
#5772=EDGE_CURVE('',#4737,#4736,#2619,.T.);
#5773=EDGE_CURVE('',#4738,#4737,#2620,.T.);
#5774=EDGE_CURVE('',#4738,#4739,#2621,.T.);
#5775=EDGE_CURVE('',#4739,#4740,#2622,.T.);
#5776=EDGE_CURVE('',#4741,#4740,#2623,.T.);
#5777=EDGE_CURVE('',#4731,#4741,#2624,.T.);
#5778=EDGE_CURVE('',#4732,#4742,#439,.T.);
#5779=EDGE_CURVE('',#4743,#4742,#2625,.T.);
#5780=EDGE_CURVE('',#4743,#4729,#440,.T.);
#5781=EDGE_CURVE('',#4728,#4744,#441,.T.);
#5782=EDGE_CURVE('',#4744,#4745,#2626,.T.);
#5783=EDGE_CURVE('',#4745,#4733,#442,.T.);
#5784=EDGE_CURVE('',#4746,#4747,#2627,.T.);
#5785=EDGE_CURVE('',#4748,#4746,#443,.T.);
#5786=EDGE_CURVE('',#4749,#4748,#2628,.T.);
#5787=EDGE_CURVE('',#4750,#4749,#444,.T.);
#5788=EDGE_CURVE('',#4750,#4751,#2629,.F.);
#5789=EDGE_CURVE('',#4752,#4751,#445,.T.);
#5790=EDGE_CURVE('',#4752,#4753,#2630,.T.);
#5791=EDGE_CURVE('',#4747,#4753,#446,.T.);
#5792=EDGE_CURVE('',#4754,#4755,#2631,.T.);
#5793=EDGE_CURVE('',#4754,#4735,#447,.T.);
#5794=EDGE_CURVE('',#4734,#4756,#448,.T.);
#5795=EDGE_CURVE('',#4756,#4757,#2632,.T.);
#5796=EDGE_CURVE('',#4757,#4727,#449,.T.);
#5797=EDGE_CURVE('',#4726,#4755,#450,.T.);
#5798=EDGE_CURVE('',#4758,#4759,#2633,.T.);
#5799=EDGE_CURVE('',#4760,#4758,#2634,.T.);
#5800=EDGE_CURVE('',#4761,#4760,#2635,.T.);
#5801=EDGE_CURVE('',#4759,#4761,#2636,.T.);
#5802=EDGE_CURVE('',#4762,#4763,#2637,.T.);
#5803=EDGE_CURVE('',#4764,#4762,#2638,.T.);
#5804=EDGE_CURVE('',#4765,#4764,#2639,.T.);
#5805=EDGE_CURVE('',#4763,#4765,#2640,.T.);
#5806=EDGE_CURVE('',#4766,#4767,#2641,.T.);
#5807=EDGE_CURVE('',#4768,#4766,#2642,.T.);
#5808=EDGE_CURVE('',#4769,#4768,#2643,.T.);
#5809=EDGE_CURVE('',#4767,#4769,#2644,.T.);
#5810=EDGE_CURVE('',#4770,#4771,#2645,.T.);
#5811=EDGE_CURVE('',#4772,#4770,#2646,.T.);
#5812=EDGE_CURVE('',#4773,#4772,#2647,.T.);
#5813=EDGE_CURVE('',#4771,#4773,#2648,.T.);
#5814=EDGE_CURVE('',#4774,#4775,#2649,.T.);
#5815=EDGE_CURVE('',#4776,#4774,#2650,.T.);
#5816=EDGE_CURVE('',#4777,#4776,#2651,.T.);
#5817=EDGE_CURVE('',#4775,#4777,#2652,.T.);
#5818=EDGE_CURVE('',#4778,#4779,#2653,.T.);
#5819=EDGE_CURVE('',#4780,#4778,#2654,.T.);
#5820=EDGE_CURVE('',#4781,#4780,#2655,.T.);
#5821=EDGE_CURVE('',#4779,#4781,#2656,.T.);
#5822=EDGE_CURVE('',#4782,#4783,#2657,.T.);
#5823=EDGE_CURVE('',#4784,#4782,#2658,.T.);
#5824=EDGE_CURVE('',#4785,#4784,#2659,.T.);
#5825=EDGE_CURVE('',#4783,#4785,#2660,.T.);
#5826=EDGE_CURVE('',#4786,#4787,#2661,.T.);
#5827=EDGE_CURVE('',#4788,#4786,#2662,.T.);
#5828=EDGE_CURVE('',#4789,#4788,#2663,.T.);
#5829=EDGE_CURVE('',#4787,#4789,#2664,.T.);
#5830=EDGE_CURVE('',#4790,#4791,#2665,.T.);
#5831=EDGE_CURVE('',#4792,#4790,#2666,.T.);
#5832=EDGE_CURVE('',#4793,#4792,#2667,.T.);
#5833=EDGE_CURVE('',#4791,#4793,#2668,.T.);
#5834=EDGE_CURVE('',#4794,#4795,#2669,.T.);
#5835=EDGE_CURVE('',#4796,#4794,#2670,.T.);
#5836=EDGE_CURVE('',#4797,#4796,#2671,.T.);
#5837=EDGE_CURVE('',#4795,#4797,#2672,.T.);
#5838=EDGE_CURVE('',#4756,#4745,#2673,.T.);
#5839=EDGE_CURVE('',#4744,#4757,#2674,.T.);
#5840=EDGE_CURVE('',#4742,#4754,#2675,.T.);
#5841=EDGE_CURVE('',#4755,#4743,#2676,.T.);
#5842=EDGE_CURVE('',#4740,#4730,#2677,.T.);
#5843=EDGE_CURVE('',#4736,#4739,#2678,.T.);
#5844=EDGE_CURVE('',#4722,#4725,#2679,.T.);
#5845=EDGE_CURVE('',#4718,#4721,#2680,.T.);
#5846=EDGE_CURVE('',#4798,#4799,#2681,.T.);
#5847=EDGE_CURVE('',#4746,#4798,#2682,.T.);
#5848=EDGE_CURVE('',#4799,#4747,#2683,.T.);
#5849=EDGE_CURVE('',#4800,#4750,#2684,.T.);
#5850=EDGE_CURVE('',#4800,#4801,#2685,.T.);
#5851=EDGE_CURVE('',#4751,#4801,#2686,.T.);
#5852=EDGE_CURVE('',#4802,#4803,#2687,.T.);
#5853=EDGE_CURVE('',#4801,#4803,#451,.T.);
#5854=EDGE_CURVE('',#4804,#4800,#452,.T.);
#5855=EDGE_CURVE('',#4805,#4804,#2688,.T.);
#5856=EDGE_CURVE('',#4798,#4805,#453,.T.);
#5857=EDGE_CURVE('',#4802,#4799,#454,.T.);
#5858=EDGE_CURVE('',#4806,#4807,#2689,.T.);
#5859=EDGE_CURVE('',#4808,#4806,#455,.T.);
#5860=EDGE_CURVE('',#4809,#4808,#2690,.T.);
#5861=EDGE_CURVE('',#4810,#4809,#456,.T.);
#5862=EDGE_CURVE('',#4811,#4810,#2691,.T.);
#5863=EDGE_CURVE('',#4812,#4811,#457,.T.);
#5864=EDGE_CURVE('',#4813,#4812,#2692,.T.);
#5865=EDGE_CURVE('',#4807,#4813,#458,.T.);
#5866=EDGE_CURVE('',#4749,#4804,#2693,.T.);
#5867=EDGE_CURVE('',#4805,#4748,#2694,.T.);
#5868=EDGE_CURVE('',#4803,#4752,#2695,.T.);
#5869=EDGE_CURVE('',#4753,#4802,#2696,.T.);
#5870=EDGE_CURVE('',#4814,#4807,#2697,.T.);
#5871=EDGE_CURVE('',#4815,#4814,#2698,.F.);
#5872=EDGE_CURVE('',#4815,#4806,#2699,.T.);
#5873=EDGE_CURVE('',#4816,#4813,#2700,.T.);
#5874=EDGE_CURVE('',#4814,#4816,#459,.T.);
#5875=EDGE_CURVE('',#4817,#4812,#2701,.T.);
#5876=EDGE_CURVE('',#4816,#4817,#2702,.F.);
#5877=EDGE_CURVE('',#4818,#4811,#2703,.T.);
#5878=EDGE_CURVE('',#4817,#4818,#460,.T.);
#5879=EDGE_CURVE('',#4819,#4810,#2704,.T.);
#5880=EDGE_CURVE('',#4818,#4819,#2705,.F.);
#5881=EDGE_CURVE('',#4820,#4809,#2706,.T.);
#5882=EDGE_CURVE('',#4819,#4820,#461,.T.);
#5883=EDGE_CURVE('',#4821,#4808,#2707,.T.);
#5884=EDGE_CURVE('',#4820,#4821,#2708,.F.);
#5885=EDGE_CURVE('',#4821,#4815,#462,.T.);
#5886=EDGE_CURVE('',#4721,#4822,#2709,.T.);
#5887=EDGE_CURVE('',#4822,#4823,#2710,.T.);
#5888=EDGE_CURVE('',#4823,#4718,#2711,.T.);
#5889=EDGE_CURVE('',#4725,#4824,#2712,.T.);
#5890=EDGE_CURVE('',#4824,#4825,#2713,.T.);
#5891=EDGE_CURVE('',#4825,#4722,#2714,.T.);
#5892=EDGE_CURVE('',#4796,#4826,#2715,.T.);
#5893=EDGE_CURVE('',#4826,#4827,#463,.T.);
#5894=EDGE_CURVE('',#4827,#4828,#2716,.T.);
#5895=EDGE_CURVE('',#4828,#4829,#464,.T.);
#5896=EDGE_CURVE('',#4829,#4830,#2717,.T.);
#5897=EDGE_CURVE('',#4830,#4831,#2718,.T.);
#5898=EDGE_CURVE('',#4832,#4831,#2719,.T.);
#5899=EDGE_CURVE('',#4833,#4832,#2720,.T.);
#5900=EDGE_CURVE('',#4833,#4834,#465,.T.);
#5901=EDGE_CURVE('',#4834,#4835,#2721,.T.);
#5902=EDGE_CURVE('',#4835,#4836,#466,.T.);
#5903=EDGE_CURVE('',#4836,#4797,#2722,.T.);
#5904=EDGE_CURVE('',#4837,#4794,#2723,.T.);
#5905=EDGE_CURVE('',#4837,#4826,#2724,.T.);
#5906=EDGE_CURVE('',#4792,#4838,#2725,.T.);
#5907=EDGE_CURVE('',#4838,#4839,#467,.T.);
#5908=EDGE_CURVE('',#4839,#4840,#2726,.T.);
#5909=EDGE_CURVE('',#4840,#4841,#468,.T.);
#5910=EDGE_CURVE('',#4841,#4842,#2727,.T.);
#5911=EDGE_CURVE('',#4842,#4843,#2728,.T.);
#5912=EDGE_CURVE('',#4844,#4843,#2729,.T.);
#5913=EDGE_CURVE('',#4845,#4844,#2730,.T.);
#5914=EDGE_CURVE('',#4845,#4846,#469,.T.);
#5915=EDGE_CURVE('',#4846,#4847,#2731,.T.);
#5916=EDGE_CURVE('',#4847,#4848,#470,.T.);
#5917=EDGE_CURVE('',#4848,#4793,#2732,.T.);
#5918=EDGE_CURVE('',#4849,#4790,#2733,.T.);
#5919=EDGE_CURVE('',#4849,#4838,#2734,.T.);
#5920=EDGE_CURVE('',#4788,#4850,#2735,.T.);
#5921=EDGE_CURVE('',#4850,#4851,#471,.T.);
#5922=EDGE_CURVE('',#4851,#4852,#2736,.T.);
#5923=EDGE_CURVE('',#4852,#4853,#472,.T.);
#5924=EDGE_CURVE('',#4853,#4854,#2737,.T.);
#5925=EDGE_CURVE('',#4854,#4855,#2738,.T.);
#5926=EDGE_CURVE('',#4856,#4855,#2739,.T.);
#5927=EDGE_CURVE('',#4857,#4856,#2740,.T.);
#5928=EDGE_CURVE('',#4857,#4858,#473,.T.);
#5929=EDGE_CURVE('',#4858,#4859,#2741,.T.);
#5930=EDGE_CURVE('',#4859,#4860,#474,.T.);
#5931=EDGE_CURVE('',#4860,#4789,#2742,.T.);
#5932=EDGE_CURVE('',#4861,#4786,#2743,.T.);
#5933=EDGE_CURVE('',#4861,#4850,#2744,.T.);
#5934=EDGE_CURVE('',#4784,#4862,#2745,.T.);
#5935=EDGE_CURVE('',#4862,#4863,#475,.T.);
#5936=EDGE_CURVE('',#4863,#4864,#2746,.T.);
#5937=EDGE_CURVE('',#4864,#4865,#476,.T.);
#5938=EDGE_CURVE('',#4865,#4866,#2747,.T.);
#5939=EDGE_CURVE('',#4866,#4867,#2748,.T.);
#5940=EDGE_CURVE('',#4868,#4867,#2749,.T.);
#5941=EDGE_CURVE('',#4869,#4868,#2750,.T.);
#5942=EDGE_CURVE('',#4869,#4870,#477,.T.);
#5943=EDGE_CURVE('',#4870,#4871,#2751,.T.);
#5944=EDGE_CURVE('',#4871,#4872,#478,.T.);
#5945=EDGE_CURVE('',#4872,#4785,#2752,.T.);
#5946=EDGE_CURVE('',#4873,#4782,#2753,.T.);
#5947=EDGE_CURVE('',#4873,#4862,#2754,.T.);
#5948=EDGE_CURVE('',#4780,#4874,#2755,.T.);
#5949=EDGE_CURVE('',#4874,#4875,#479,.T.);
#5950=EDGE_CURVE('',#4875,#4876,#2756,.T.);
#5951=EDGE_CURVE('',#4876,#4877,#480,.T.);
#5952=EDGE_CURVE('',#4877,#4878,#2757,.T.);
#5953=EDGE_CURVE('',#4878,#4879,#2758,.T.);
#5954=EDGE_CURVE('',#4880,#4879,#2759,.T.);
#5955=EDGE_CURVE('',#4881,#4880,#2760,.T.);
#5956=EDGE_CURVE('',#4881,#4882,#481,.T.);
#5957=EDGE_CURVE('',#4882,#4883,#2761,.T.);
#5958=EDGE_CURVE('',#4883,#4884,#482,.T.);
#5959=EDGE_CURVE('',#4884,#4781,#2762,.T.);
#5960=EDGE_CURVE('',#4885,#4778,#2763,.T.);
#5961=EDGE_CURVE('',#4885,#4874,#2764,.T.);
#5962=EDGE_CURVE('',#4776,#4886,#2765,.T.);
#5963=EDGE_CURVE('',#4886,#4887,#483,.T.);
#5964=EDGE_CURVE('',#4887,#4888,#2766,.T.);
#5965=EDGE_CURVE('',#4888,#4889,#484,.T.);
#5966=EDGE_CURVE('',#4889,#4890,#2767,.T.);
#5967=EDGE_CURVE('',#4890,#4891,#2768,.T.);
#5968=EDGE_CURVE('',#4892,#4891,#2769,.T.);
#5969=EDGE_CURVE('',#4893,#4892,#2770,.T.);
#5970=EDGE_CURVE('',#4893,#4894,#485,.T.);
#5971=EDGE_CURVE('',#4894,#4895,#2771,.T.);
#5972=EDGE_CURVE('',#4895,#4896,#486,.T.);
#5973=EDGE_CURVE('',#4896,#4777,#2772,.T.);
#5974=EDGE_CURVE('',#4897,#4774,#2773,.T.);
#5975=EDGE_CURVE('',#4897,#4886,#2774,.T.);
#5976=EDGE_CURVE('',#4772,#4898,#2775,.T.);
#5977=EDGE_CURVE('',#4898,#4899,#487,.T.);
#5978=EDGE_CURVE('',#4899,#4900,#2776,.T.);
#5979=EDGE_CURVE('',#4900,#4901,#488,.T.);
#5980=EDGE_CURVE('',#4901,#4902,#2777,.T.);
#5981=EDGE_CURVE('',#4902,#4903,#2778,.T.);
#5982=EDGE_CURVE('',#4904,#4903,#2779,.T.);
#5983=EDGE_CURVE('',#4905,#4904,#2780,.T.);
#5984=EDGE_CURVE('',#4905,#4906,#489,.T.);
#5985=EDGE_CURVE('',#4906,#4907,#2781,.T.);
#5986=EDGE_CURVE('',#4907,#4908,#490,.T.);
#5987=EDGE_CURVE('',#4908,#4773,#2782,.T.);
#5988=EDGE_CURVE('',#4909,#4770,#2783,.T.);
#5989=EDGE_CURVE('',#4909,#4898,#2784,.T.);
#5990=EDGE_CURVE('',#4768,#4910,#2785,.T.);
#5991=EDGE_CURVE('',#4910,#4911,#491,.T.);
#5992=EDGE_CURVE('',#4911,#4912,#2786,.T.);
#5993=EDGE_CURVE('',#4912,#4913,#492,.T.);
#5994=EDGE_CURVE('',#4913,#4914,#2787,.T.);
#5995=EDGE_CURVE('',#4914,#4915,#2788,.T.);
#5996=EDGE_CURVE('',#4916,#4915,#2789,.T.);
#5997=EDGE_CURVE('',#4917,#4916,#2790,.T.);
#5998=EDGE_CURVE('',#4917,#4918,#493,.T.);
#5999=EDGE_CURVE('',#4918,#4919,#2791,.T.);
#6000=EDGE_CURVE('',#4919,#4920,#494,.T.);
#6001=EDGE_CURVE('',#4920,#4769,#2792,.T.);
#6002=EDGE_CURVE('',#4921,#4766,#2793,.T.);
#6003=EDGE_CURVE('',#4921,#4910,#2794,.T.);
#6004=EDGE_CURVE('',#4764,#4922,#2795,.T.);
#6005=EDGE_CURVE('',#4922,#4923,#495,.T.);
#6006=EDGE_CURVE('',#4923,#4924,#2796,.T.);
#6007=EDGE_CURVE('',#4924,#4925,#496,.T.);
#6008=EDGE_CURVE('',#4925,#4926,#2797,.T.);
#6009=EDGE_CURVE('',#4926,#4927,#2798,.T.);
#6010=EDGE_CURVE('',#4928,#4927,#2799,.T.);
#6011=EDGE_CURVE('',#4929,#4928,#2800,.T.);
#6012=EDGE_CURVE('',#4929,#4930,#497,.T.);
#6013=EDGE_CURVE('',#4930,#4931,#2801,.T.);
#6014=EDGE_CURVE('',#4931,#4932,#498,.T.);
#6015=EDGE_CURVE('',#4932,#4765,#2802,.T.);
#6016=EDGE_CURVE('',#4933,#4762,#2803,.T.);
#6017=EDGE_CURVE('',#4933,#4922,#2804,.T.);
#6018=EDGE_CURVE('',#4760,#4934,#2805,.T.);
#6019=EDGE_CURVE('',#4934,#4935,#499,.T.);
#6020=EDGE_CURVE('',#4935,#4936,#2806,.T.);
#6021=EDGE_CURVE('',#4936,#4937,#500,.T.);
#6022=EDGE_CURVE('',#4937,#4938,#2807,.T.);
#6023=EDGE_CURVE('',#4938,#4939,#2808,.T.);
#6024=EDGE_CURVE('',#4940,#4939,#2809,.T.);
#6025=EDGE_CURVE('',#4941,#4940,#2810,.T.);
#6026=EDGE_CURVE('',#4941,#4942,#501,.T.);
#6027=EDGE_CURVE('',#4942,#4943,#2811,.T.);
#6028=EDGE_CURVE('',#4943,#4944,#502,.T.);
#6029=EDGE_CURVE('',#4944,#4761,#2812,.T.);
#6030=EDGE_CURVE('',#4945,#4758,#2813,.T.);
#6031=EDGE_CURVE('',#4945,#4934,#2814,.T.);
#6032=EDGE_CURVE('',#4946,#4947,#2815,.T.);
#6033=EDGE_CURVE('',#4947,#4948,#2816,.T.);
#6034=EDGE_CURVE('',#4948,#4949,#2817,.T.);
#6035=EDGE_CURVE('',#4946,#4949,#2818,.T.);
#6036=EDGE_CURVE('',#4948,#4950,#503,.T.);
#6037=EDGE_CURVE('',#4950,#4951,#2819,.T.);
#6038=EDGE_CURVE('',#4951,#4949,#504,.T.);
#6039=EDGE_CURVE('',#4952,#4953,#2820,.T.);
#6040=EDGE_CURVE('',#4952,#4951,#2821,.T.);
#6041=EDGE_CURVE('',#4953,#4950,#2822,.T.);
#6042=EDGE_CURVE('',#4946,#4954,#2823,.T.);
#6043=EDGE_CURVE('',#4954,#4955,#2824,.T.);
#6044=EDGE_CURVE('',#4955,#4956,#2825,.T.);
#6045=EDGE_CURVE('',#4956,#4957,#505,.T.);
#6046=EDGE_CURVE('',#4957,#4958,#2826,.T.);
#6047=EDGE_CURVE('',#4958,#4959,#506,.T.);
#6048=EDGE_CURVE('',#4959,#4960,#2827,.T.);
#6049=EDGE_CURVE('',#4960,#4961,#507,.T.);
#6050=EDGE_CURVE('',#4961,#4962,#2828,.T.);
#6051=EDGE_CURVE('',#4962,#4963,#508,.T.);
#6052=EDGE_CURVE('',#4963,#4964,#2829,.T.);
#6053=EDGE_CURVE('',#4964,#4965,#2830,.T.);
#6054=EDGE_CURVE('',#4965,#4966,#2831,.T.);
#6055=EDGE_CURVE('',#4966,#4967,#2832,.T.);
#6056=EDGE_CURVE('',#4967,#4968,#2833,.T.);
#6057=EDGE_CURVE('',#4968,#4969,#2834,.T.);
#6058=EDGE_CURVE('',#4969,#4970,#2835,.T.);
#6059=EDGE_CURVE('',#4970,#4971,#2836,.T.);
#6060=EDGE_CURVE('',#4971,#4972,#2837,.T.);
#6061=EDGE_CURVE('',#4972,#4973,#509,.T.);
#6062=EDGE_CURVE('',#4973,#4974,#2838,.T.);
#6063=EDGE_CURVE('',#4974,#4975,#510,.T.);
#6064=EDGE_CURVE('',#4975,#4976,#2839,.T.);
#6065=EDGE_CURVE('',#4976,#4977,#511,.T.);
#6066=EDGE_CURVE('',#4977,#4978,#2840,.T.);
#6067=EDGE_CURVE('',#4978,#4979,#512,.T.);
#6068=EDGE_CURVE('',#4979,#4980,#2841,.T.);
#6069=EDGE_CURVE('',#4980,#4981,#2842,.T.);
#6070=EDGE_CURVE('',#4981,#4982,#2843,.T.);
#6071=EDGE_CURVE('',#4982,#4983,#513,.T.);
#6072=EDGE_CURVE('',#4983,#4984,#2844,.T.);
#6073=EDGE_CURVE('',#4984,#4985,#514,.T.);
#6074=EDGE_CURVE('',#4985,#4986,#2845,.T.);
#6075=EDGE_CURVE('',#4986,#4987,#515,.T.);
#6076=EDGE_CURVE('',#4987,#4988,#2846,.T.);
#6077=EDGE_CURVE('',#4988,#4989,#516,.T.);
#6078=EDGE_CURVE('',#4989,#4990,#2847,.T.);
#6079=EDGE_CURVE('',#4990,#4991,#2848,.T.);
#6080=EDGE_CURVE('',#4991,#4832,#2849,.T.);
#6081=EDGE_CURVE('',#4831,#4992,#2850,.T.);
#6082=EDGE_CURVE('',#4992,#4993,#2851,.T.);
#6083=EDGE_CURVE('',#4993,#4844,#2852,.T.);
#6084=EDGE_CURVE('',#4843,#4994,#2853,.T.);
#6085=EDGE_CURVE('',#4994,#4995,#2854,.T.);
#6086=EDGE_CURVE('',#4995,#4856,#2855,.T.);
#6087=EDGE_CURVE('',#4855,#4996,#2856,.T.);
#6088=EDGE_CURVE('',#4996,#4997,#2857,.T.);
#6089=EDGE_CURVE('',#4997,#4868,#2858,.T.);
#6090=EDGE_CURVE('',#4867,#4998,#2859,.T.);
#6091=EDGE_CURVE('',#4998,#4999,#2860,.T.);
#6092=EDGE_CURVE('',#4999,#4880,#2861,.T.);
#6093=EDGE_CURVE('',#4879,#5000,#2862,.T.);
#6094=EDGE_CURVE('',#5000,#5001,#2863,.T.);
#6095=EDGE_CURVE('',#5001,#4892,#2864,.T.);
#6096=EDGE_CURVE('',#4891,#5002,#2865,.T.);
#6097=EDGE_CURVE('',#5002,#5003,#2866,.T.);
#6098=EDGE_CURVE('',#5003,#4904,#2867,.T.);
#6099=EDGE_CURVE('',#4903,#5004,#2868,.T.);
#6100=EDGE_CURVE('',#5004,#5005,#2869,.T.);
#6101=EDGE_CURVE('',#5005,#4916,#2870,.T.);
#6102=EDGE_CURVE('',#4915,#5006,#2871,.T.);
#6103=EDGE_CURVE('',#5006,#5007,#2872,.T.);
#6104=EDGE_CURVE('',#5007,#4928,#2873,.T.);
#6105=EDGE_CURVE('',#4927,#5008,#2874,.T.);
#6106=EDGE_CURVE('',#5008,#5009,#2875,.T.);
#6107=EDGE_CURVE('',#5009,#4940,#2876,.T.);
#6108=EDGE_CURVE('',#4939,#5010,#2877,.T.);
#6109=EDGE_CURVE('',#5010,#5011,#2878,.T.);
#6110=EDGE_CURVE('',#5011,#5012,#2879,.T.);
#6111=EDGE_CURVE('',#5012,#5013,#2880,.T.);
#6112=EDGE_CURVE('',#5013,#4947,#2881,.T.);
#6113=EDGE_CURVE('',#4947,#5014,#517,.T.);
#6114=EDGE_CURVE('',#5014,#5015,#2882,.T.);
#6115=EDGE_CURVE('',#5015,#4948,#518,.T.);
#6116=EDGE_CURVE('',#4948,#4949,#2883,.T.);
#6117=EDGE_CURVE('',#4949,#5016,#519,.T.);
#6118=EDGE_CURVE('',#5016,#5017,#2884,.T.);
#6119=EDGE_CURVE('',#5017,#4946,#520,.T.);
#6120=EDGE_CURVE('',#4674,#5018,#521,.T.);
#6121=EDGE_CURVE('',#5018,#5019,#2885,.T.);
#6122=EDGE_CURVE('',#5019,#4717,#522,.T.);
#6123=EDGE_CURVE('',#4716,#5020,#523,.T.);
#6124=EDGE_CURVE('',#5020,#5021,#2886,.T.);
#6125=EDGE_CURVE('',#5021,#4671,#524,.T.);
#6126=EDGE_CURVE('',#5022,#5023,#2887,.T.);
#6127=EDGE_CURVE('',#5023,#5024,#2888,.T.);
#6128=EDGE_CURVE('',#5024,#5025,#2889,.T.);
#6129=EDGE_CURVE('',#5025,#5022,#2890,.T.);
#6130=EDGE_CURVE('',#5026,#5027,#2891,.T.);
#6131=EDGE_CURVE('',#5027,#5028,#2892,.T.);
#6132=EDGE_CURVE('',#5028,#5029,#2893,.T.);
#6133=EDGE_CURVE('',#5029,#5026,#2894,.T.);
#6134=EDGE_CURVE('',#5030,#5031,#2895,.T.);
#6135=EDGE_CURVE('',#5031,#5032,#2896,.T.);
#6136=EDGE_CURVE('',#5032,#5033,#2897,.T.);
#6137=EDGE_CURVE('',#5033,#5030,#2898,.T.);
#6138=EDGE_CURVE('',#5034,#5035,#2899,.T.);
#6139=EDGE_CURVE('',#5035,#5036,#2900,.T.);
#6140=EDGE_CURVE('',#5036,#5037,#2901,.T.);
#6141=EDGE_CURVE('',#5037,#5034,#2902,.T.);
#6142=EDGE_CURVE('',#5038,#5039,#2903,.T.);
#6143=EDGE_CURVE('',#5039,#5040,#2904,.T.);
#6144=EDGE_CURVE('',#5040,#5041,#2905,.T.);
#6145=EDGE_CURVE('',#5041,#5038,#2906,.T.);
#6146=EDGE_CURVE('',#5042,#5043,#2907,.T.);
#6147=EDGE_CURVE('',#5043,#5044,#2908,.T.);
#6148=EDGE_CURVE('',#5044,#5045,#2909,.T.);
#6149=EDGE_CURVE('',#5045,#5042,#2910,.T.);
#6150=EDGE_CURVE('',#5046,#5047,#2911,.T.);
#6151=EDGE_CURVE('',#5047,#5048,#2912,.T.);
#6152=EDGE_CURVE('',#5048,#5049,#2913,.T.);
#6153=EDGE_CURVE('',#5049,#5046,#2914,.T.);
#6154=EDGE_CURVE('',#5050,#5051,#2915,.T.);
#6155=EDGE_CURVE('',#5051,#5052,#2916,.T.);
#6156=EDGE_CURVE('',#5052,#5053,#2917,.T.);
#6157=EDGE_CURVE('',#5053,#5050,#2918,.T.);
#6158=EDGE_CURVE('',#5054,#5055,#2919,.T.);
#6159=EDGE_CURVE('',#5055,#5056,#2920,.T.);
#6160=EDGE_CURVE('',#5056,#5057,#2921,.T.);
#6161=EDGE_CURVE('',#5057,#5054,#2922,.T.);
#6162=EDGE_CURVE('',#5058,#5059,#2923,.T.);
#6163=EDGE_CURVE('',#5059,#5060,#2924,.T.);
#6164=EDGE_CURVE('',#5060,#5061,#2925,.T.);
#6165=EDGE_CURVE('',#5061,#5058,#2926,.T.);
#6166=EDGE_CURVE('',#5062,#5063,#2927,.T.);
#6167=EDGE_CURVE('',#5063,#5064,#2928,.T.);
#6168=EDGE_CURVE('',#5064,#5065,#2929,.T.);
#6169=EDGE_CURVE('',#5065,#5062,#2930,.T.);
#6170=EDGE_CURVE('',#5066,#5067,#2931,.T.);
#6171=EDGE_CURVE('',#5067,#5068,#2932,.T.);
#6172=EDGE_CURVE('',#5068,#5069,#2933,.T.);
#6173=EDGE_CURVE('',#5069,#5066,#2934,.T.);
#6174=EDGE_CURVE('',#5070,#5070,#525,.T.);
#6175=EDGE_CURVE('',#5071,#5071,#526,.T.);
#6176=EDGE_CURVE('',#5072,#5072,#527,.T.);
#6177=EDGE_CURVE('',#5073,#5073,#528,.T.);
#6178=EDGE_CURVE('',#5074,#5074,#529,.T.);
#6179=EDGE_CURVE('',#5075,#5075,#530,.T.);
#6180=EDGE_CURVE('',#5076,#5076,#531,.T.);
#6181=EDGE_CURVE('',#5077,#5077,#532,.T.);
#6182=EDGE_CURVE('',#5078,#5078,#533,.T.);
#6183=EDGE_CURVE('',#5079,#5079,#534,.T.);
#6184=EDGE_CURVE('',#5080,#5080,#535,.T.);
#6185=EDGE_CURVE('',#5081,#5081,#536,.T.);
#6186=EDGE_CURVE('',#5082,#5082,#537,.T.);
#6187=EDGE_CURVE('',#5083,#5083,#538,.T.);
#6188=EDGE_CURVE('',#5084,#5084,#539,.T.);
#6189=EDGE_CURVE('',#5085,#5085,#540,.T.);
#6190=EDGE_CURVE('',#5086,#5086,#541,.T.);
#6191=EDGE_CURVE('',#5087,#5087,#542,.T.);
#6192=EDGE_CURVE('',#5088,#5088,#543,.T.);
#6193=EDGE_CURVE('',#5089,#5089,#544,.T.);
#6194=EDGE_CURVE('',#5090,#5090,#545,.T.);
#6195=EDGE_CURVE('',#5091,#5091,#546,.T.);
#6196=EDGE_CURVE('',#5092,#5092,#547,.T.);
#6197=EDGE_CURVE('',#5093,#5093,#548,.T.);
#6198=EDGE_CURVE('',#5094,#5094,#549,.T.);
#6199=EDGE_CURVE('',#5095,#5095,#550,.T.);
#6200=EDGE_CURVE('',#5096,#5096,#551,.T.);
#6201=EDGE_CURVE('',#5097,#5097,#552,.T.);
#6202=EDGE_CURVE('',#5098,#5098,#553,.T.);
#6203=EDGE_CURVE('',#5099,#5100,#2935,.T.);
#6204=EDGE_CURVE('',#5100,#5101,#2936,.T.);
#6205=EDGE_CURVE('',#5101,#5102,#2937,.T.);
#6206=EDGE_CURVE('',#5102,#5099,#2938,.T.);
#6207=EDGE_CURVE('',#4963,#4956,#2939,.T.);
#6208=EDGE_CURVE('',#4956,#4959,#2940,.T.);
#6209=EDGE_CURVE('',#4959,#4960,#2941,.T.);
#6210=EDGE_CURVE('',#4963,#4960,#2942,.T.);
#6211=EDGE_CURVE('',#4959,#5103,#554,.T.);
#6212=EDGE_CURVE('',#5103,#5104,#2943,.T.);
#6213=EDGE_CURVE('',#5104,#4960,#555,.T.);
#6214=EDGE_CURVE('',#5105,#5106,#2944,.T.);
#6215=EDGE_CURVE('',#5105,#5104,#2945,.T.);
#6216=EDGE_CURVE('',#5106,#5103,#2946,.T.);
#6217=EDGE_CURVE('',#5107,#5108,#2947,.T.);
#6218=EDGE_CURVE('',#5109,#5107,#2948,.T.);
#6219=EDGE_CURVE('',#5110,#5109,#2949,.T.);
#6220=EDGE_CURVE('',#5108,#5110,#2950,.T.);
#6221=EDGE_CURVE('',#4741,#5110,#556,.T.);
#6222=EDGE_CURVE('',#5109,#4731,#557,.T.);
#6223=EDGE_CURVE('',#5111,#4971,#2951,.T.);
#6224=EDGE_CURVE('',#4971,#4980,#2952,.T.);
#6225=EDGE_CURVE('',#5112,#4980,#2953,.T.);
#6226=EDGE_CURVE('',#5111,#5112,#2954,.T.);
#6227=EDGE_CURVE('',#5107,#5113,#2955,.T.);
#6228=EDGE_CURVE('',#4975,#5113,#558,.T.);
#6229=EDGE_CURVE('',#4972,#4975,#2956,.T.);
#6230=EDGE_CURVE('',#5111,#4730,#2957,.T.);
#6231=EDGE_CURVE('',#5114,#5115,#2958,.T.);
#6232=EDGE_CURVE('',#5116,#5114,#2959,.T.);
#6233=EDGE_CURVE('',#5117,#5116,#2960,.T.);
#6234=EDGE_CURVE('',#5115,#5117,#2961,.T.);
#6235=EDGE_CURVE('',#4737,#5117,#559,.T.);
#6236=EDGE_CURVE('',#5116,#4738,#560,.T.);
#6237=EDGE_CURVE('',#5118,#4981,#2962,.T.);
#6238=EDGE_CURVE('',#4981,#4990,#2963,.T.);
#6239=EDGE_CURVE('',#5119,#4990,#2964,.T.);
#6240=EDGE_CURVE('',#5118,#5119,#2965,.T.);
#6241=EDGE_CURVE('',#5114,#5120,#2966,.T.);
#6242=EDGE_CURVE('',#4985,#5120,#561,.T.);
#6243=EDGE_CURVE('',#4982,#4985,#2967,.T.);
#6244=EDGE_CURVE('',#4739,#5118,#2968,.T.);
#6245=EDGE_CURVE('',#4979,#4972,#2969,.T.);
#6246=EDGE_CURVE('',#4975,#4976,#2970,.T.);
#6247=EDGE_CURVE('',#4979,#4976,#2971,.T.);
#6248=EDGE_CURVE('',#5113,#5121,#2972,.T.);
#6249=EDGE_CURVE('',#5121,#4976,#562,.T.);
#6250=EDGE_CURVE('',#5108,#5121,#2973,.T.);
#6251=EDGE_CURVE('',#4740,#5112,#2974,.T.);
#6252=EDGE_CURVE('',#4989,#4982,#2975,.T.);
#6253=EDGE_CURVE('',#4985,#4986,#2976,.T.);
#6254=EDGE_CURVE('',#4989,#4986,#2977,.T.);
#6255=EDGE_CURVE('',#5120,#5122,#2978,.T.);
#6256=EDGE_CURVE('',#5122,#4986,#563,.T.);
#6257=EDGE_CURVE('',#5115,#5122,#2979,.T.);
#6258=EDGE_CURVE('',#4736,#5119,#2980,.T.);
#6259=EDGE_CURVE('',#5123,#4833,#2981,.T.);
#6260=EDGE_CURVE('',#5124,#5123,#564,.T.);
#6261=EDGE_CURVE('',#5124,#4834,#2982,.T.);
#6262=EDGE_CURVE('',#4795,#5125,#2983,.T.);
#6263=EDGE_CURVE('',#5125,#5126,#565,.T.);
#6264=EDGE_CURVE('',#5126,#5124,#2984,.T.);
#6265=EDGE_CURVE('',#4993,#5123,#2985,.T.);
#6266=EDGE_CURVE('',#4992,#5127,#2986,.T.);
#6267=EDGE_CURVE('',#5127,#5128,#2987,.T.);
#6268=EDGE_CURVE('',#5128,#5129,#566,.T.);
#6269=EDGE_CURVE('',#5129,#5130,#2988,.T.);
#6270=EDGE_CURVE('',#5130,#4837,#567,.T.);
#6271=EDGE_CURVE('',#4829,#5128,#2989,.T.);
#6272=EDGE_CURVE('',#5129,#4828,#2990,.T.);
#6273=EDGE_CURVE('',#5130,#4827,#2991,.T.);
#6274=EDGE_CURVE('',#5125,#4836,#2992,.T.);
#6275=EDGE_CURVE('',#5126,#4835,#2993,.T.);
#6276=EDGE_CURVE('',#5127,#4830,#2994,.T.);
#6277=EDGE_CURVE('',#5131,#4845,#2995,.T.);
#6278=EDGE_CURVE('',#5132,#5131,#568,.T.);
#6279=EDGE_CURVE('',#5132,#4846,#2996,.T.);
#6280=EDGE_CURVE('',#4791,#5133,#2997,.T.);
#6281=EDGE_CURVE('',#5133,#5134,#569,.T.);
#6282=EDGE_CURVE('',#5134,#5132,#2998,.T.);
#6283=EDGE_CURVE('',#4995,#5131,#2999,.T.);
#6284=EDGE_CURVE('',#4994,#5135,#3000,.T.);
#6285=EDGE_CURVE('',#5135,#5136,#3001,.T.);
#6286=EDGE_CURVE('',#5136,#5137,#570,.T.);
#6287=EDGE_CURVE('',#5137,#5138,#3002,.T.);
#6288=EDGE_CURVE('',#5138,#4849,#571,.T.);
#6289=EDGE_CURVE('',#4841,#5136,#3003,.T.);
#6290=EDGE_CURVE('',#5137,#4840,#3004,.T.);
#6291=EDGE_CURVE('',#5138,#4839,#3005,.T.);
#6292=EDGE_CURVE('',#5133,#4848,#3006,.T.);
#6293=EDGE_CURVE('',#5134,#4847,#3007,.T.);
#6294=EDGE_CURVE('',#5135,#4842,#3008,.T.);
#6295=EDGE_CURVE('',#5139,#4857,#3009,.T.);
#6296=EDGE_CURVE('',#5140,#5139,#572,.T.);
#6297=EDGE_CURVE('',#5140,#4858,#3010,.T.);
#6298=EDGE_CURVE('',#4787,#5141,#3011,.T.);
#6299=EDGE_CURVE('',#5141,#5142,#573,.T.);
#6300=EDGE_CURVE('',#5142,#5140,#3012,.T.);
#6301=EDGE_CURVE('',#4997,#5139,#3013,.T.);
#6302=EDGE_CURVE('',#4996,#5143,#3014,.T.);
#6303=EDGE_CURVE('',#5143,#5144,#3015,.T.);
#6304=EDGE_CURVE('',#5144,#5145,#574,.T.);
#6305=EDGE_CURVE('',#5145,#5146,#3016,.T.);
#6306=EDGE_CURVE('',#5146,#4861,#575,.T.);
#6307=EDGE_CURVE('',#4853,#5144,#3017,.T.);
#6308=EDGE_CURVE('',#5145,#4852,#3018,.T.);
#6309=EDGE_CURVE('',#5146,#4851,#3019,.T.);
#6310=EDGE_CURVE('',#5141,#4860,#3020,.T.);
#6311=EDGE_CURVE('',#5142,#4859,#3021,.T.);
#6312=EDGE_CURVE('',#5143,#4854,#3022,.T.);
#6313=EDGE_CURVE('',#5147,#4869,#3023,.T.);
#6314=EDGE_CURVE('',#5148,#5147,#576,.T.);
#6315=EDGE_CURVE('',#5148,#4870,#3024,.T.);
#6316=EDGE_CURVE('',#4783,#5149,#3025,.T.);
#6317=EDGE_CURVE('',#5149,#5150,#577,.T.);
#6318=EDGE_CURVE('',#5150,#5148,#3026,.T.);
#6319=EDGE_CURVE('',#4999,#5147,#3027,.T.);
#6320=EDGE_CURVE('',#4998,#5151,#3028,.T.);
#6321=EDGE_CURVE('',#5151,#5152,#3029,.T.);
#6322=EDGE_CURVE('',#5152,#5153,#578,.T.);
#6323=EDGE_CURVE('',#5153,#5154,#3030,.T.);
#6324=EDGE_CURVE('',#5154,#4873,#579,.T.);
#6325=EDGE_CURVE('',#4865,#5152,#3031,.T.);
#6326=EDGE_CURVE('',#5153,#4864,#3032,.T.);
#6327=EDGE_CURVE('',#5154,#4863,#3033,.T.);
#6328=EDGE_CURVE('',#5149,#4872,#3034,.T.);
#6329=EDGE_CURVE('',#5150,#4871,#3035,.T.);
#6330=EDGE_CURVE('',#5151,#4866,#3036,.T.);
#6331=EDGE_CURVE('',#5155,#4881,#3037,.T.);
#6332=EDGE_CURVE('',#5156,#5155,#580,.T.);
#6333=EDGE_CURVE('',#5156,#4882,#3038,.T.);
#6334=EDGE_CURVE('',#4779,#5157,#3039,.T.);
#6335=EDGE_CURVE('',#5157,#5158,#581,.T.);
#6336=EDGE_CURVE('',#5158,#5156,#3040,.T.);
#6337=EDGE_CURVE('',#5001,#5155,#3041,.T.);
#6338=EDGE_CURVE('',#5000,#5159,#3042,.T.);
#6339=EDGE_CURVE('',#5159,#5160,#3043,.T.);
#6340=EDGE_CURVE('',#5160,#5161,#582,.T.);
#6341=EDGE_CURVE('',#5161,#5162,#3044,.T.);
#6342=EDGE_CURVE('',#5162,#4885,#583,.T.);
#6343=EDGE_CURVE('',#4877,#5160,#3045,.T.);
#6344=EDGE_CURVE('',#5161,#4876,#3046,.T.);
#6345=EDGE_CURVE('',#5162,#4875,#3047,.T.);
#6346=EDGE_CURVE('',#5157,#4884,#3048,.T.);
#6347=EDGE_CURVE('',#5158,#4883,#3049,.T.);
#6348=EDGE_CURVE('',#5159,#4878,#3050,.T.);
#6349=EDGE_CURVE('',#5163,#4893,#3051,.T.);
#6350=EDGE_CURVE('',#5164,#5163,#584,.T.);
#6351=EDGE_CURVE('',#5164,#4894,#3052,.T.);
#6352=EDGE_CURVE('',#4775,#5165,#3053,.T.);
#6353=EDGE_CURVE('',#5165,#5166,#585,.T.);
#6354=EDGE_CURVE('',#5166,#5164,#3054,.T.);
#6355=EDGE_CURVE('',#5003,#5163,#3055,.T.);
#6356=EDGE_CURVE('',#5002,#5167,#3056,.T.);
#6357=EDGE_CURVE('',#5167,#5168,#3057,.T.);
#6358=EDGE_CURVE('',#5168,#5169,#586,.T.);
#6359=EDGE_CURVE('',#5169,#5170,#3058,.T.);
#6360=EDGE_CURVE('',#5170,#4897,#587,.T.);
#6361=EDGE_CURVE('',#4889,#5168,#3059,.T.);
#6362=EDGE_CURVE('',#5169,#4888,#3060,.T.);
#6363=EDGE_CURVE('',#5170,#4887,#3061,.T.);
#6364=EDGE_CURVE('',#5165,#4896,#3062,.T.);
#6365=EDGE_CURVE('',#5166,#4895,#3063,.T.);
#6366=EDGE_CURVE('',#5167,#4890,#3064,.T.);
#6367=EDGE_CURVE('',#5171,#4905,#3065,.T.);
#6368=EDGE_CURVE('',#5172,#5171,#588,.T.);
#6369=EDGE_CURVE('',#5172,#4906,#3066,.T.);
#6370=EDGE_CURVE('',#4771,#5173,#3067,.T.);
#6371=EDGE_CURVE('',#5173,#5174,#589,.T.);
#6372=EDGE_CURVE('',#5174,#5172,#3068,.T.);
#6373=EDGE_CURVE('',#5005,#5171,#3069,.T.);
#6374=EDGE_CURVE('',#5004,#5175,#3070,.T.);
#6375=EDGE_CURVE('',#5175,#5176,#3071,.T.);
#6376=EDGE_CURVE('',#5176,#5177,#590,.T.);
#6377=EDGE_CURVE('',#5177,#5178,#3072,.T.);
#6378=EDGE_CURVE('',#5178,#4909,#591,.T.);
#6379=EDGE_CURVE('',#4901,#5176,#3073,.T.);
#6380=EDGE_CURVE('',#5177,#4900,#3074,.T.);
#6381=EDGE_CURVE('',#5178,#4899,#3075,.T.);
#6382=EDGE_CURVE('',#5173,#4908,#3076,.T.);
#6383=EDGE_CURVE('',#5174,#4907,#3077,.T.);
#6384=EDGE_CURVE('',#5175,#4902,#3078,.T.);
#6385=EDGE_CURVE('',#5179,#4917,#3079,.T.);
#6386=EDGE_CURVE('',#5180,#5179,#592,.T.);
#6387=EDGE_CURVE('',#5180,#4918,#3080,.T.);
#6388=EDGE_CURVE('',#4767,#5181,#3081,.T.);
#6389=EDGE_CURVE('',#5181,#5182,#593,.T.);
#6390=EDGE_CURVE('',#5182,#5180,#3082,.T.);
#6391=EDGE_CURVE('',#5007,#5179,#3083,.T.);
#6392=EDGE_CURVE('',#5006,#5183,#3084,.T.);
#6393=EDGE_CURVE('',#5183,#5184,#3085,.T.);
#6394=EDGE_CURVE('',#5184,#5185,#594,.T.);
#6395=EDGE_CURVE('',#5185,#5186,#3086,.T.);
#6396=EDGE_CURVE('',#5186,#4921,#595,.T.);
#6397=EDGE_CURVE('',#4913,#5184,#3087,.T.);
#6398=EDGE_CURVE('',#5185,#4912,#3088,.T.);
#6399=EDGE_CURVE('',#5186,#4911,#3089,.T.);
#6400=EDGE_CURVE('',#5181,#4920,#3090,.T.);
#6401=EDGE_CURVE('',#5182,#4919,#3091,.T.);
#6402=EDGE_CURVE('',#5183,#4914,#3092,.T.);
#6403=EDGE_CURVE('',#5187,#4929,#3093,.T.);
#6404=EDGE_CURVE('',#5188,#5187,#596,.T.);
#6405=EDGE_CURVE('',#5188,#4930,#3094,.T.);
#6406=EDGE_CURVE('',#4763,#5189,#3095,.T.);
#6407=EDGE_CURVE('',#5189,#5190,#597,.T.);
#6408=EDGE_CURVE('',#5190,#5188,#3096,.T.);
#6409=EDGE_CURVE('',#5009,#5187,#3097,.T.);
#6410=EDGE_CURVE('',#5008,#5191,#3098,.T.);
#6411=EDGE_CURVE('',#5191,#5192,#3099,.T.);
#6412=EDGE_CURVE('',#5192,#5193,#598,.T.);
#6413=EDGE_CURVE('',#5193,#5194,#3100,.T.);
#6414=EDGE_CURVE('',#5194,#4933,#599,.T.);
#6415=EDGE_CURVE('',#4925,#5192,#3101,.T.);
#6416=EDGE_CURVE('',#5193,#4924,#3102,.T.);
#6417=EDGE_CURVE('',#5194,#4923,#3103,.T.);
#6418=EDGE_CURVE('',#5189,#4932,#3104,.T.);
#6419=EDGE_CURVE('',#5190,#4931,#3105,.T.);
#6420=EDGE_CURVE('',#5191,#4926,#3106,.T.);
#6421=EDGE_CURVE('',#5195,#4941,#3107,.T.);
#6422=EDGE_CURVE('',#5196,#5195,#600,.T.);
#6423=EDGE_CURVE('',#5196,#4942,#3108,.T.);
#6424=EDGE_CURVE('',#4759,#5197,#3109,.T.);
#6425=EDGE_CURVE('',#5197,#5198,#601,.T.);
#6426=EDGE_CURVE('',#5198,#5196,#3110,.T.);
#6427=EDGE_CURVE('',#5011,#5195,#3111,.T.);
#6428=EDGE_CURVE('',#5010,#5199,#3112,.T.);
#6429=EDGE_CURVE('',#5199,#5200,#3113,.T.);
#6430=EDGE_CURVE('',#5200,#5201,#602,.T.);
#6431=EDGE_CURVE('',#5201,#5202,#3114,.T.);
#6432=EDGE_CURVE('',#5202,#4945,#603,.T.);
#6433=EDGE_CURVE('',#4937,#5200,#3115,.T.);
#6434=EDGE_CURVE('',#5201,#4936,#3116,.T.);
#6435=EDGE_CURVE('',#5202,#4935,#3117,.T.);
#6436=EDGE_CURVE('',#5197,#4944,#3118,.T.);
#6437=EDGE_CURVE('',#5198,#4943,#3119,.T.);
#6438=EDGE_CURVE('',#5199,#4938,#3120,.T.);
#6439=EDGE_CURVE('',#5021,#5203,#3121,.T.);
#6440=EDGE_CURVE('',#5203,#4672,#604,.F.);
#6441=EDGE_CURVE('',#5204,#5020,#3122,.T.);
#6442=EDGE_CURVE('',#5203,#5204,#3123,.T.);
#6443=EDGE_CURVE('',#4715,#5204,#605,.F.);
#6444=EDGE_CURVE('',#5205,#4715,#606,.F.);
#6445=EDGE_CURVE('',#5204,#5205,#607,.F.);
#6446=EDGE_CURVE('',#5206,#5203,#608,.F.);
#6447=EDGE_CURVE('',#4672,#5206,#609,.F.);
#6448=EDGE_CURVE('',#5205,#5206,#3124,.T.);
#6449=EDGE_CURVE('',#5207,#5208,#610,.F.);
#6450=EDGE_CURVE('',#4711,#5207,#611,.F.);
#6451=EDGE_CURVE('',#5208,#4711,#612,.F.);
#6452=EDGE_CURVE('',#5207,#5205,#3125,.T.);
#6453=EDGE_CURVE('',#5019,#5208,#3126,.T.);
#6454=EDGE_CURVE('',#4673,#5209,#613,.F.);
#6455=EDGE_CURVE('',#5210,#4673,#614,.F.);
#6456=EDGE_CURVE('',#5209,#5210,#615,.F.);
#6457=EDGE_CURVE('',#5206,#5210,#3127,.T.);
#6458=EDGE_CURVE('',#5208,#5209,#3128,.T.);
#6459=EDGE_CURVE('',#5210,#5207,#3129,.T.);
#6460=EDGE_CURVE('',#5209,#5018,#3130,.T.);
#6461=EDGE_CURVE('',#5023,#5211,#616,.T.);
#6462=EDGE_CURVE('',#5211,#5212,#3131,.T.);
#6463=EDGE_CURVE('',#5212,#5213,#617,.T.);
#6464=EDGE_CURVE('',#5213,#5214,#3132,.T.);
#6465=EDGE_CURVE('',#5215,#5214,#3133,.T.);
#6466=EDGE_CURVE('',#5215,#5216,#3134,.T.);
#6467=EDGE_CURVE('',#5216,#5217,#618,.T.);
#6468=EDGE_CURVE('',#5217,#5218,#3135,.T.);
#6469=EDGE_CURVE('',#5218,#5219,#619,.T.);
#6470=EDGE_CURVE('',#5219,#5220,#3136,.T.);
#6471=EDGE_CURVE('',#5220,#5024,#3137,.T.);
#6472=EDGE_CURVE('',#5221,#5022,#620,.T.);
#6473=EDGE_CURVE('',#5211,#5221,#3138,.T.);
#6474=EDGE_CURVE('',#5027,#5222,#621,.T.);
#6475=EDGE_CURVE('',#5222,#5223,#3139,.T.);
#6476=EDGE_CURVE('',#5223,#5224,#622,.T.);
#6477=EDGE_CURVE('',#5224,#5225,#3140,.T.);
#6478=EDGE_CURVE('',#5226,#5225,#3141,.T.);
#6479=EDGE_CURVE('',#5226,#5227,#3142,.T.);
#6480=EDGE_CURVE('',#5227,#5228,#623,.T.);
#6481=EDGE_CURVE('',#5228,#5229,#3143,.T.);
#6482=EDGE_CURVE('',#5229,#5230,#624,.T.);
#6483=EDGE_CURVE('',#5230,#5231,#3144,.T.);
#6484=EDGE_CURVE('',#5231,#5028,#3145,.T.);
#6485=EDGE_CURVE('',#5232,#5026,#625,.T.);
#6486=EDGE_CURVE('',#5222,#5232,#3146,.T.);
#6487=EDGE_CURVE('',#5031,#5233,#626,.T.);
#6488=EDGE_CURVE('',#5233,#5234,#3147,.T.);
#6489=EDGE_CURVE('',#5234,#5235,#627,.T.);
#6490=EDGE_CURVE('',#5235,#5236,#3148,.T.);
#6491=EDGE_CURVE('',#5237,#5236,#3149,.T.);
#6492=EDGE_CURVE('',#5237,#5238,#3150,.T.);
#6493=EDGE_CURVE('',#5238,#5239,#628,.T.);
#6494=EDGE_CURVE('',#5239,#5240,#3151,.T.);
#6495=EDGE_CURVE('',#5240,#5241,#629,.T.);
#6496=EDGE_CURVE('',#5241,#5242,#3152,.T.);
#6497=EDGE_CURVE('',#5242,#5032,#3153,.T.);
#6498=EDGE_CURVE('',#5243,#5030,#630,.T.);
#6499=EDGE_CURVE('',#5233,#5243,#3154,.T.);
#6500=EDGE_CURVE('',#5035,#5244,#631,.T.);
#6501=EDGE_CURVE('',#5244,#5245,#3155,.T.);
#6502=EDGE_CURVE('',#5245,#5246,#632,.T.);
#6503=EDGE_CURVE('',#5246,#5247,#3156,.T.);
#6504=EDGE_CURVE('',#5248,#5247,#3157,.T.);
#6505=EDGE_CURVE('',#5248,#5249,#3158,.T.);
#6506=EDGE_CURVE('',#5249,#5250,#633,.T.);
#6507=EDGE_CURVE('',#5250,#5251,#3159,.T.);
#6508=EDGE_CURVE('',#5251,#5252,#634,.T.);
#6509=EDGE_CURVE('',#5252,#5253,#3160,.T.);
#6510=EDGE_CURVE('',#5253,#5036,#3161,.T.);
#6511=EDGE_CURVE('',#5254,#5034,#635,.T.);
#6512=EDGE_CURVE('',#5244,#5254,#3162,.T.);
#6513=EDGE_CURVE('',#5039,#5255,#636,.T.);
#6514=EDGE_CURVE('',#5255,#5256,#3163,.T.);
#6515=EDGE_CURVE('',#5256,#5257,#637,.T.);
#6516=EDGE_CURVE('',#5257,#5258,#3164,.T.);
#6517=EDGE_CURVE('',#5259,#5258,#3165,.T.);
#6518=EDGE_CURVE('',#5259,#5260,#3166,.T.);
#6519=EDGE_CURVE('',#5260,#5261,#638,.T.);
#6520=EDGE_CURVE('',#5261,#5262,#3167,.T.);
#6521=EDGE_CURVE('',#5262,#5263,#639,.T.);
#6522=EDGE_CURVE('',#5263,#5264,#3168,.T.);
#6523=EDGE_CURVE('',#5264,#5040,#3169,.T.);
#6524=EDGE_CURVE('',#5265,#5038,#640,.T.);
#6525=EDGE_CURVE('',#5255,#5265,#3170,.T.);
#6526=EDGE_CURVE('',#5266,#5043,#3171,.T.);
#6527=EDGE_CURVE('',#5267,#5266,#3172,.T.);
#6528=EDGE_CURVE('',#5267,#5044,#3173,.T.);
#6529=EDGE_CURVE('',#5236,#5268,#3174,.T.);
#6530=EDGE_CURVE('',#5268,#5269,#3175,.T.);
#6531=EDGE_CURVE('',#5269,#5237,#3176,.T.);
#6532=EDGE_CURVE('',#5225,#5270,#3177,.T.);
#6533=EDGE_CURVE('',#5270,#5271,#3178,.T.);
#6534=EDGE_CURVE('',#5271,#5226,#3179,.T.);
#6535=EDGE_CURVE('',#5214,#5272,#3180,.T.);
#6536=EDGE_CURVE('',#5272,#5273,#3181,.T.);
#6537=EDGE_CURVE('',#5273,#5215,#3182,.T.);
#6538=EDGE_CURVE('',#5274,#5042,#3183,.T.);
#6539=EDGE_CURVE('',#5266,#5274,#3184,.T.);
#6540=EDGE_CURVE('',#5275,#5273,#3185,.T.);
#6541=EDGE_CURVE('',#5216,#5275,#3186,.T.);
#6542=EDGE_CURVE('',#5276,#5275,#641,.T.);
#6543=EDGE_CURVE('',#5217,#5276,#3187,.T.);
#6544=EDGE_CURVE('',#5277,#5276,#3188,.T.);
#6545=EDGE_CURVE('',#5218,#5277,#3189,.T.);
#6546=EDGE_CURVE('',#5278,#5277,#642,.T.);
#6547=EDGE_CURVE('',#5219,#5278,#3190,.T.);
#6548=EDGE_CURVE('',#5279,#5278,#3191,.T.);
#6549=EDGE_CURVE('',#5220,#5279,#3192,.T.);
#6550=EDGE_CURVE('',#5025,#5279,#3193,.T.);
#6551=EDGE_CURVE('',#5280,#5221,#3194,.T.);
#6552=EDGE_CURVE('',#5212,#5280,#3195,.T.);
#6553=EDGE_CURVE('',#5281,#5280,#643,.T.);
#6554=EDGE_CURVE('',#5213,#5281,#3196,.T.);
#6555=EDGE_CURVE('',#5272,#5281,#3197,.T.);
#6556=EDGE_CURVE('',#5282,#5271,#3198,.T.);
#6557=EDGE_CURVE('',#5227,#5282,#3199,.T.);
#6558=EDGE_CURVE('',#5283,#5282,#644,.T.);
#6559=EDGE_CURVE('',#5228,#5283,#3200,.T.);
#6560=EDGE_CURVE('',#5284,#5283,#3201,.T.);
#6561=EDGE_CURVE('',#5229,#5284,#3202,.T.);
#6562=EDGE_CURVE('',#5285,#5284,#645,.T.);
#6563=EDGE_CURVE('',#5230,#5285,#3203,.T.);
#6564=EDGE_CURVE('',#5286,#5285,#3204,.T.);
#6565=EDGE_CURVE('',#5231,#5286,#3205,.T.);
#6566=EDGE_CURVE('',#5029,#5286,#3206,.T.);
#6567=EDGE_CURVE('',#5287,#5232,#3207,.T.);
#6568=EDGE_CURVE('',#5223,#5287,#3208,.T.);
#6569=EDGE_CURVE('',#5288,#5287,#646,.T.);
#6570=EDGE_CURVE('',#5224,#5288,#3209,.T.);
#6571=EDGE_CURVE('',#5270,#5288,#3210,.T.);
#6572=EDGE_CURVE('',#5289,#5269,#3211,.T.);
#6573=EDGE_CURVE('',#5238,#5289,#3212,.T.);
#6574=EDGE_CURVE('',#5290,#5289,#647,.T.);
#6575=EDGE_CURVE('',#5239,#5290,#3213,.T.);
#6576=EDGE_CURVE('',#5291,#5290,#3214,.T.);
#6577=EDGE_CURVE('',#5240,#5291,#3215,.T.);
#6578=EDGE_CURVE('',#5292,#5291,#648,.T.);
#6579=EDGE_CURVE('',#5241,#5292,#3216,.T.);
#6580=EDGE_CURVE('',#5293,#5292,#3217,.T.);
#6581=EDGE_CURVE('',#5242,#5293,#3218,.T.);
#6582=EDGE_CURVE('',#5033,#5293,#3219,.T.);
#6583=EDGE_CURVE('',#5294,#5243,#3220,.T.);
#6584=EDGE_CURVE('',#5234,#5294,#3221,.T.);
#6585=EDGE_CURVE('',#5295,#5294,#649,.T.);
#6586=EDGE_CURVE('',#5235,#5295,#3222,.T.);
#6587=EDGE_CURVE('',#5268,#5295,#3223,.T.);
#6588=EDGE_CURVE('',#5296,#5248,#3224,.T.);
#6589=EDGE_CURVE('',#5297,#5296,#3225,.T.);
#6590=EDGE_CURVE('',#5249,#5297,#3226,.T.);
#6591=EDGE_CURVE('',#5298,#5297,#650,.T.);
#6592=EDGE_CURVE('',#5250,#5298,#3227,.T.);
#6593=EDGE_CURVE('',#5299,#5298,#3228,.T.);
#6594=EDGE_CURVE('',#5251,#5299,#3229,.T.);
#6595=EDGE_CURVE('',#5300,#5299,#651,.T.);
#6596=EDGE_CURVE('',#5252,#5300,#3230,.T.);
#6597=EDGE_CURVE('',#5301,#5300,#3231,.T.);
#6598=EDGE_CURVE('',#5253,#5301,#3232,.T.);
#6599=EDGE_CURVE('',#5037,#5301,#3233,.T.);
#6600=EDGE_CURVE('',#5302,#5254,#3234,.T.);
#6601=EDGE_CURVE('',#5245,#5302,#3235,.T.);
#6602=EDGE_CURVE('',#5303,#5302,#652,.T.);
#6603=EDGE_CURVE('',#5246,#5303,#3236,.T.);
#6604=EDGE_CURVE('',#5304,#5303,#3237,.T.);
#6605=EDGE_CURVE('',#5247,#5304,#3238,.T.);
#6606=EDGE_CURVE('',#5304,#5296,#3239,.T.);
#6607=EDGE_CURVE('',#5305,#5259,#3240,.T.);
#6608=EDGE_CURVE('',#5306,#5305,#3241,.T.);
#6609=EDGE_CURVE('',#5260,#5306,#3242,.T.);
#6610=EDGE_CURVE('',#5307,#5306,#653,.T.);
#6611=EDGE_CURVE('',#5261,#5307,#3243,.T.);
#6612=EDGE_CURVE('',#5308,#5307,#3244,.T.);
#6613=EDGE_CURVE('',#5262,#5308,#3245,.T.);
#6614=EDGE_CURVE('',#5309,#5308,#654,.T.);
#6615=EDGE_CURVE('',#5263,#5309,#3246,.T.);
#6616=EDGE_CURVE('',#5310,#5309,#3247,.T.);
#6617=EDGE_CURVE('',#5264,#5310,#3248,.T.);
#6618=EDGE_CURVE('',#5041,#5310,#3249,.T.);
#6619=EDGE_CURVE('',#5311,#5265,#3250,.T.);
#6620=EDGE_CURVE('',#5256,#5311,#3251,.T.);
#6621=EDGE_CURVE('',#5312,#5311,#655,.T.);
#6622=EDGE_CURVE('',#5257,#5312,#3252,.T.);
#6623=EDGE_CURVE('',#5313,#5312,#3253,.T.);
#6624=EDGE_CURVE('',#5258,#5313,#3254,.T.);
#6625=EDGE_CURVE('',#5313,#5305,#3255,.T.);
#6626=EDGE_CURVE('',#5314,#5314,#656,.T.);
#6627=EDGE_CURVE('',#5314,#5315,#3256,.T.);
#6628=EDGE_CURVE('',#5315,#5315,#657,.T.);
#6629=EDGE_CURVE('',#5274,#5316,#3257,.T.);
#6630=EDGE_CURVE('',#5316,#5267,#3258,.T.);
#6631=EDGE_CURVE('',#5316,#5045,#3259,.T.);
#6632=EDGE_CURVE('',#5100,#5317,#3260,.T.);
#6633=EDGE_CURVE('',#5318,#5317,#3261,.T.);
#6634=EDGE_CURVE('',#5101,#5318,#3262,.T.);
#6635=EDGE_CURVE('',#5099,#5319,#3263,.T.);
#6636=EDGE_CURVE('',#5317,#5319,#3264,.T.);
#6637=EDGE_CURVE('',#5320,#5320,#658,.T.);
#6638=EDGE_CURVE('',#5320,#5321,#3265,.T.);
#6639=EDGE_CURVE('',#5321,#5321,#659,.T.);
#6640=EDGE_CURVE('',#5322,#5318,#3266,.T.);
#6641=EDGE_CURVE('',#5102,#5322,#3267,.T.);
#6642=EDGE_CURVE('',#5319,#5322,#3268,.T.);
#6643=EDGE_CURVE('',#5047,#5323,#660,.T.);
#6644=EDGE_CURVE('',#5323,#5324,#3269,.T.);
#6645=EDGE_CURVE('',#5324,#5325,#661,.T.);
#6646=EDGE_CURVE('',#5325,#5326,#3270,.T.);
#6647=EDGE_CURVE('',#5327,#5326,#3271,.T.);
#6648=EDGE_CURVE('',#5327,#5328,#3272,.T.);
#6649=EDGE_CURVE('',#5328,#5329,#662,.T.);
#6650=EDGE_CURVE('',#5329,#5330,#3273,.T.);
#6651=EDGE_CURVE('',#5330,#5331,#663,.T.);
#6652=EDGE_CURVE('',#5331,#5332,#3274,.T.);
#6653=EDGE_CURVE('',#5332,#5048,#3275,.T.);
#6654=EDGE_CURVE('',#5333,#5046,#664,.T.);
#6655=EDGE_CURVE('',#5323,#5333,#3276,.T.);
#6656=EDGE_CURVE('',#5051,#5334,#665,.T.);
#6657=EDGE_CURVE('',#5334,#5335,#3277,.T.);
#6658=EDGE_CURVE('',#5335,#5336,#666,.T.);
#6659=EDGE_CURVE('',#5336,#5337,#3278,.T.);
#6660=EDGE_CURVE('',#5338,#5337,#3279,.T.);
#6661=EDGE_CURVE('',#5338,#5339,#3280,.T.);
#6662=EDGE_CURVE('',#5339,#5340,#667,.T.);
#6663=EDGE_CURVE('',#5340,#5341,#3281,.T.);
#6664=EDGE_CURVE('',#5341,#5342,#668,.T.);
#6665=EDGE_CURVE('',#5342,#5343,#3282,.T.);
#6666=EDGE_CURVE('',#5343,#5052,#3283,.T.);
#6667=EDGE_CURVE('',#5344,#5050,#669,.T.);
#6668=EDGE_CURVE('',#5334,#5344,#3284,.T.);
#6669=EDGE_CURVE('',#5055,#5345,#670,.T.);
#6670=EDGE_CURVE('',#5345,#5346,#3285,.T.);
#6671=EDGE_CURVE('',#5346,#5347,#671,.T.);
#6672=EDGE_CURVE('',#5347,#5348,#3286,.T.);
#6673=EDGE_CURVE('',#5349,#5348,#3287,.T.);
#6674=EDGE_CURVE('',#5349,#5350,#3288,.T.);
#6675=EDGE_CURVE('',#5350,#5351,#672,.T.);
#6676=EDGE_CURVE('',#5351,#5352,#3289,.T.);
#6677=EDGE_CURVE('',#5352,#5353,#673,.T.);
#6678=EDGE_CURVE('',#5353,#5354,#3290,.T.);
#6679=EDGE_CURVE('',#5354,#5056,#3291,.T.);
#6680=EDGE_CURVE('',#5355,#5054,#674,.T.);
#6681=EDGE_CURVE('',#5345,#5355,#3292,.T.);
#6682=EDGE_CURVE('',#5059,#5356,#675,.T.);
#6683=EDGE_CURVE('',#5356,#5357,#3293,.T.);
#6684=EDGE_CURVE('',#5357,#5358,#676,.T.);
#6685=EDGE_CURVE('',#5358,#5359,#3294,.T.);
#6686=EDGE_CURVE('',#5360,#5359,#3295,.T.);
#6687=EDGE_CURVE('',#5360,#5361,#3296,.T.);
#6688=EDGE_CURVE('',#5361,#5362,#677,.T.);
#6689=EDGE_CURVE('',#5362,#5363,#3297,.T.);
#6690=EDGE_CURVE('',#5363,#5364,#678,.T.);
#6691=EDGE_CURVE('',#5364,#5365,#3298,.T.);
#6692=EDGE_CURVE('',#5365,#5060,#3299,.T.);
#6693=EDGE_CURVE('',#5366,#5058,#679,.T.);
#6694=EDGE_CURVE('',#5356,#5366,#3300,.T.);
#6695=EDGE_CURVE('',#5063,#5367,#680,.T.);
#6696=EDGE_CURVE('',#5367,#5368,#3301,.T.);
#6697=EDGE_CURVE('',#5368,#5369,#681,.T.);
#6698=EDGE_CURVE('',#5369,#5370,#3302,.T.);
#6699=EDGE_CURVE('',#5371,#5370,#3303,.T.);
#6700=EDGE_CURVE('',#5371,#5372,#3304,.T.);
#6701=EDGE_CURVE('',#5372,#5373,#682,.T.);
#6702=EDGE_CURVE('',#5373,#5374,#3305,.T.);
#6703=EDGE_CURVE('',#5374,#5375,#683,.T.);
#6704=EDGE_CURVE('',#5375,#5376,#3306,.T.);
#6705=EDGE_CURVE('',#5376,#5064,#3307,.T.);
#6706=EDGE_CURVE('',#5377,#5062,#684,.T.);
#6707=EDGE_CURVE('',#5367,#5377,#3308,.T.);
#6708=EDGE_CURVE('',#5378,#5067,#3309,.T.);
#6709=EDGE_CURVE('',#5379,#5378,#3310,.T.);
#6710=EDGE_CURVE('',#5379,#5068,#3311,.T.);
#6711=EDGE_CURVE('',#5348,#5380,#3312,.T.);
#6712=EDGE_CURVE('',#5380,#5381,#3313,.T.);
#6713=EDGE_CURVE('',#5381,#5349,#3314,.T.);
#6714=EDGE_CURVE('',#5337,#5382,#3315,.T.);
#6715=EDGE_CURVE('',#5382,#5383,#3316,.T.);
#6716=EDGE_CURVE('',#5383,#5338,#3317,.T.);
#6717=EDGE_CURVE('',#5326,#5384,#3318,.T.);
#6718=EDGE_CURVE('',#5384,#5385,#3319,.T.);
#6719=EDGE_CURVE('',#5385,#5327,#3320,.T.);
#6720=EDGE_CURVE('',#5386,#5066,#3321,.T.);
#6721=EDGE_CURVE('',#5378,#5386,#3322,.T.);
#6722=EDGE_CURVE('',#5387,#5385,#3323,.T.);
#6723=EDGE_CURVE('',#5328,#5387,#3324,.T.);
#6724=EDGE_CURVE('',#5388,#5387,#685,.T.);
#6725=EDGE_CURVE('',#5329,#5388,#3325,.T.);
#6726=EDGE_CURVE('',#5389,#5388,#3326,.T.);
#6727=EDGE_CURVE('',#5330,#5389,#3327,.T.);
#6728=EDGE_CURVE('',#5390,#5389,#686,.T.);
#6729=EDGE_CURVE('',#5331,#5390,#3328,.T.);
#6730=EDGE_CURVE('',#5391,#5390,#3329,.T.);
#6731=EDGE_CURVE('',#5332,#5391,#3330,.T.);
#6732=EDGE_CURVE('',#5049,#5391,#3331,.T.);
#6733=EDGE_CURVE('',#5392,#5333,#3332,.T.);
#6734=EDGE_CURVE('',#5324,#5392,#3333,.T.);
#6735=EDGE_CURVE('',#5393,#5392,#687,.T.);
#6736=EDGE_CURVE('',#5325,#5393,#3334,.T.);
#6737=EDGE_CURVE('',#5384,#5393,#3335,.T.);
#6738=EDGE_CURVE('',#5394,#5383,#3336,.T.);
#6739=EDGE_CURVE('',#5339,#5394,#3337,.T.);
#6740=EDGE_CURVE('',#5395,#5394,#688,.T.);
#6741=EDGE_CURVE('',#5340,#5395,#3338,.T.);
#6742=EDGE_CURVE('',#5396,#5395,#3339,.T.);
#6743=EDGE_CURVE('',#5341,#5396,#3340,.T.);
#6744=EDGE_CURVE('',#5397,#5396,#689,.T.);
#6745=EDGE_CURVE('',#5342,#5397,#3341,.T.);
#6746=EDGE_CURVE('',#5398,#5397,#3342,.T.);
#6747=EDGE_CURVE('',#5343,#5398,#3343,.T.);
#6748=EDGE_CURVE('',#5053,#5398,#3344,.T.);
#6749=EDGE_CURVE('',#5399,#5344,#3345,.T.);
#6750=EDGE_CURVE('',#5335,#5399,#3346,.T.);
#6751=EDGE_CURVE('',#5400,#5399,#690,.T.);
#6752=EDGE_CURVE('',#5336,#5400,#3347,.T.);
#6753=EDGE_CURVE('',#5382,#5400,#3348,.T.);
#6754=EDGE_CURVE('',#5401,#5381,#3349,.T.);
#6755=EDGE_CURVE('',#5350,#5401,#3350,.T.);
#6756=EDGE_CURVE('',#5402,#5401,#691,.T.);
#6757=EDGE_CURVE('',#5351,#5402,#3351,.T.);
#6758=EDGE_CURVE('',#5403,#5402,#3352,.T.);
#6759=EDGE_CURVE('',#5352,#5403,#3353,.T.);
#6760=EDGE_CURVE('',#5404,#5403,#692,.T.);
#6761=EDGE_CURVE('',#5353,#5404,#3354,.T.);
#6762=EDGE_CURVE('',#5405,#5404,#3355,.T.);
#6763=EDGE_CURVE('',#5354,#5405,#3356,.T.);
#6764=EDGE_CURVE('',#5057,#5405,#3357,.T.);
#6765=EDGE_CURVE('',#5406,#5355,#3358,.T.);
#6766=EDGE_CURVE('',#5346,#5406,#3359,.T.);
#6767=EDGE_CURVE('',#5407,#5406,#693,.T.);
#6768=EDGE_CURVE('',#5347,#5407,#3360,.T.);
#6769=EDGE_CURVE('',#5380,#5407,#3361,.T.);
#6770=EDGE_CURVE('',#5408,#5360,#3362,.T.);
#6771=EDGE_CURVE('',#5409,#5408,#3363,.T.);
#6772=EDGE_CURVE('',#5361,#5409,#3364,.T.);
#6773=EDGE_CURVE('',#5410,#5409,#694,.T.);
#6774=EDGE_CURVE('',#5362,#5410,#3365,.T.);
#6775=EDGE_CURVE('',#5411,#5410,#3366,.T.);
#6776=EDGE_CURVE('',#5363,#5411,#3367,.T.);
#6777=EDGE_CURVE('',#5412,#5411,#695,.T.);
#6778=EDGE_CURVE('',#5364,#5412,#3368,.T.);
#6779=EDGE_CURVE('',#5413,#5412,#3369,.T.);
#6780=EDGE_CURVE('',#5365,#5413,#3370,.T.);
#6781=EDGE_CURVE('',#5061,#5413,#3371,.T.);
#6782=EDGE_CURVE('',#5414,#5366,#3372,.T.);
#6783=EDGE_CURVE('',#5357,#5414,#3373,.T.);
#6784=EDGE_CURVE('',#5415,#5414,#696,.T.);
#6785=EDGE_CURVE('',#5358,#5415,#3374,.T.);
#6786=EDGE_CURVE('',#5416,#5415,#3375,.T.);
#6787=EDGE_CURVE('',#5359,#5416,#3376,.T.);
#6788=EDGE_CURVE('',#5416,#5408,#3377,.T.);
#6789=EDGE_CURVE('',#5417,#5371,#3378,.T.);
#6790=EDGE_CURVE('',#5418,#5417,#3379,.T.);
#6791=EDGE_CURVE('',#5372,#5418,#3380,.T.);
#6792=EDGE_CURVE('',#5419,#5418,#697,.T.);
#6793=EDGE_CURVE('',#5373,#5419,#3381,.T.);
#6794=EDGE_CURVE('',#5420,#5419,#3382,.T.);
#6795=EDGE_CURVE('',#5374,#5420,#3383,.T.);
#6796=EDGE_CURVE('',#5421,#5420,#698,.T.);
#6797=EDGE_CURVE('',#5375,#5421,#3384,.T.);
#6798=EDGE_CURVE('',#5422,#5421,#3385,.T.);
#6799=EDGE_CURVE('',#5376,#5422,#3386,.T.);
#6800=EDGE_CURVE('',#5065,#5422,#3387,.T.);
#6801=EDGE_CURVE('',#5423,#5377,#3388,.T.);
#6802=EDGE_CURVE('',#5368,#5423,#3389,.T.);
#6803=EDGE_CURVE('',#5424,#5423,#699,.T.);
#6804=EDGE_CURVE('',#5369,#5424,#3390,.T.);
#6805=EDGE_CURVE('',#5425,#5424,#3391,.T.);
#6806=EDGE_CURVE('',#5370,#5425,#3392,.T.);
#6807=EDGE_CURVE('',#5425,#5417,#3393,.T.);
#6808=EDGE_CURVE('',#5426,#5426,#700,.T.);
#6809=EDGE_CURVE('',#5426,#5427,#3394,.T.);
#6810=EDGE_CURVE('',#5427,#5427,#701,.T.);
#6811=EDGE_CURVE('',#5386,#5428,#3395,.T.);
#6812=EDGE_CURVE('',#5428,#5379,#3396,.T.);
#6813=EDGE_CURVE('',#5428,#5069,#3397,.T.);
#6814=EDGE_CURVE('',#5429,#5430,#3398,.T.);
#6815=EDGE_CURVE('',#4958,#5429,#3399,.T.);
#6816=EDGE_CURVE('',#4957,#5430,#3400,.T.);
#6817=EDGE_CURVE('',#5430,#5431,#702,.T.);
#6818=EDGE_CURVE('',#4956,#5431,#3401,.T.);
#6819=EDGE_CURVE('',#5431,#5432,#3402,.T.);
#6820=EDGE_CURVE('',#4963,#5432,#3403,.T.);
#6821=EDGE_CURVE('',#5432,#5433,#703,.T.);
#6822=EDGE_CURVE('',#4962,#5433,#3404,.T.);
#6823=EDGE_CURVE('',#5433,#5434,#3405,.T.);
#6824=EDGE_CURVE('',#4961,#5434,#3406,.T.);
#6825=EDGE_CURVE('',#5434,#5435,#704,.T.);
#6826=EDGE_CURVE('',#4960,#5435,#3407,.T.);
#6827=EDGE_CURVE('',#5435,#5436,#3408,.T.);
#6828=EDGE_CURVE('',#4959,#5436,#3409,.T.);
#6829=EDGE_CURVE('',#5436,#5429,#705,.T.);
#6830=EDGE_CURVE('',#5437,#5438,#3410,.T.);
#6831=EDGE_CURVE('',#4988,#5437,#3411,.T.);
#6832=EDGE_CURVE('',#4987,#5438,#3412,.T.);
#6833=EDGE_CURVE('',#5438,#5439,#706,.T.);
#6834=EDGE_CURVE('',#4986,#5439,#3413,.T.);
#6835=EDGE_CURVE('',#5439,#5440,#3414,.T.);
#6836=EDGE_CURVE('',#4985,#5440,#3415,.T.);
#6837=EDGE_CURVE('',#5440,#5441,#707,.T.);
#6838=EDGE_CURVE('',#4984,#5441,#3416,.T.);
#6839=EDGE_CURVE('',#5441,#5442,#3417,.T.);
#6840=EDGE_CURVE('',#4983,#5442,#3418,.T.);
#6841=EDGE_CURVE('',#5442,#5443,#708,.T.);
#6842=EDGE_CURVE('',#4982,#5443,#3419,.T.);
#6843=EDGE_CURVE('',#5443,#5444,#3420,.T.);
#6844=EDGE_CURVE('',#4989,#5444,#3421,.T.);
#6845=EDGE_CURVE('',#5444,#5437,#709,.T.);
#6846=EDGE_CURVE('',#5445,#5446,#3422,.T.);
#6847=EDGE_CURVE('',#5015,#5445,#3423,.T.);
#6848=EDGE_CURVE('',#5014,#5446,#3424,.T.);
#6849=EDGE_CURVE('',#5446,#5447,#710,.T.);
#6850=EDGE_CURVE('',#4947,#5447,#3425,.T.);
#6851=EDGE_CURVE('',#5447,#5448,#3426,.T.);
#6852=EDGE_CURVE('',#4946,#5448,#3427,.T.);
#6853=EDGE_CURVE('',#5448,#5449,#711,.T.);
#6854=EDGE_CURVE('',#5017,#5449,#3428,.T.);
#6855=EDGE_CURVE('',#5449,#5450,#3429,.T.);
#6856=EDGE_CURVE('',#5016,#5450,#3430,.T.);
#6857=EDGE_CURVE('',#5450,#5451,#712,.T.);
#6858=EDGE_CURVE('',#4949,#5451,#3431,.T.);
#6859=EDGE_CURVE('',#5451,#5452,#3432,.T.);
#6860=EDGE_CURVE('',#4948,#5452,#3433,.T.);
#6861=EDGE_CURVE('',#5452,#5445,#713,.T.);
#6862=EDGE_CURVE('',#5453,#5454,#3434,.T.);
#6863=EDGE_CURVE('',#4978,#5453,#3435,.T.);
#6864=EDGE_CURVE('',#4977,#5454,#3436,.T.);
#6865=EDGE_CURVE('',#5454,#5455,#714,.T.);
#6866=EDGE_CURVE('',#4976,#5455,#3437,.T.);
#6867=EDGE_CURVE('',#5455,#5456,#3438,.T.);
#6868=EDGE_CURVE('',#4975,#5456,#3439,.T.);
#6869=EDGE_CURVE('',#5456,#5457,#715,.T.);
#6870=EDGE_CURVE('',#4974,#5457,#3440,.T.);
#6871=EDGE_CURVE('',#5457,#5458,#3441,.T.);
#6872=EDGE_CURVE('',#4973,#5458,#3442,.T.);
#6873=EDGE_CURVE('',#5458,#5459,#716,.T.);
#6874=EDGE_CURVE('',#4972,#5459,#3443,.T.);
#6875=EDGE_CURVE('',#5459,#5460,#3444,.T.);
#6876=EDGE_CURVE('',#4979,#5460,#3445,.T.);
#6877=EDGE_CURVE('',#5460,#5453,#717,.T.);
#6878=EDGE_CURVE('',#5461,#5461,#718,.T.);
#6879=EDGE_CURVE('',#5462,#5462,#719,.T.);
#6880=EDGE_CURVE('',#5463,#5463,#720,.T.);
#6881=EDGE_CURVE('',#5463,#5461,#3446,.T.);
#6882=EDGE_CURVE('',#5464,#5464,#721,.T.);
#6883=EDGE_CURVE('',#5465,#5465,#722,.T.);
#6884=EDGE_CURVE('',#5466,#5466,#723,.T.);
#6885=EDGE_CURVE('',#5466,#5464,#3447,.T.);
#6886=EDGE_CURVE('',#5467,#5467,#724,.T.);
#6887=EDGE_CURVE('',#5468,#5468,#725,.T.);
#6888=EDGE_CURVE('',#5469,#5469,#726,.T.);
#6889=EDGE_CURVE('',#5469,#5467,#3448,.T.);
#6890=EDGE_CURVE('',#5470,#5470,#727,.T.);
#6891=EDGE_CURVE('',#5471,#5471,#728,.T.);
#6892=EDGE_CURVE('',#5070,#5470,#3449,.T.);
#6893=EDGE_CURVE('',#5471,#5462,#3450,.T.);
#6894=EDGE_CURVE('',#5472,#5472,#729,.T.);
#6895=EDGE_CURVE('',#5473,#5473,#730,.T.);
#6896=EDGE_CURVE('',#5071,#5472,#3451,.T.);
#6897=EDGE_CURVE('',#5473,#5468,#3452,.T.);
#6898=EDGE_CURVE('',#5474,#5474,#731,.T.);
#6899=EDGE_CURVE('',#5475,#5475,#732,.T.);
#6900=EDGE_CURVE('',#5072,#5474,#3453,.T.);
#6901=EDGE_CURVE('',#5475,#5465,#3454,.T.);
#6902=EDGE_CURVE('',#5476,#5476,#733,.T.);
#6903=EDGE_CURVE('',#5477,#5477,#734,.T.);
#6904=EDGE_CURVE('',#5478,#5478,#735,.T.);
#6905=EDGE_CURVE('',#5478,#5476,#3455,.T.);
#6906=EDGE_CURVE('',#5479,#5479,#736,.T.);
#6907=EDGE_CURVE('',#5480,#5480,#737,.T.);
#6908=EDGE_CURVE('',#5481,#5481,#738,.T.);
#6909=EDGE_CURVE('',#5481,#5479,#3456,.T.);
#6910=EDGE_CURVE('',#5482,#5482,#739,.T.);
#6911=EDGE_CURVE('',#5483,#5483,#740,.T.);
#6912=EDGE_CURVE('',#5484,#5484,#741,.T.);
#6913=EDGE_CURVE('',#5484,#5482,#3457,.T.);
#6914=EDGE_CURVE('',#5485,#5485,#742,.T.);
#6915=EDGE_CURVE('',#5486,#5486,#743,.T.);
#6916=EDGE_CURVE('',#5487,#5487,#744,.T.);
#6917=EDGE_CURVE('',#5487,#5485,#3458,.T.);
#6918=EDGE_CURVE('',#5488,#5488,#745,.T.);
#6919=EDGE_CURVE('',#5489,#5489,#746,.T.);
#6920=EDGE_CURVE('',#5490,#5490,#747,.T.);
#6921=EDGE_CURVE('',#5490,#5488,#3459,.T.);
#6922=EDGE_CURVE('',#5491,#5491,#748,.T.);
#6923=EDGE_CURVE('',#5492,#5492,#749,.T.);
#6924=EDGE_CURVE('',#5493,#5493,#750,.T.);
#6925=EDGE_CURVE('',#5493,#5491,#3460,.T.);
#6926=EDGE_CURVE('',#5494,#5494,#751,.T.);
#6927=EDGE_CURVE('',#5495,#5495,#752,.T.);
#6928=EDGE_CURVE('',#5496,#5496,#753,.T.);
#6929=EDGE_CURVE('',#5496,#5494,#3461,.T.);
#6930=EDGE_CURVE('',#5497,#5497,#754,.T.);
#6931=EDGE_CURVE('',#5498,#5498,#755,.T.);
#6932=EDGE_CURVE('',#5499,#5499,#756,.T.);
#6933=EDGE_CURVE('',#5499,#5497,#3462,.T.);
#6934=EDGE_CURVE('',#5500,#5500,#757,.T.);
#6935=EDGE_CURVE('',#5501,#5501,#758,.T.);
#6936=EDGE_CURVE('',#5502,#5502,#759,.T.);
#6937=EDGE_CURVE('',#5502,#5500,#3463,.T.);
#6938=EDGE_CURVE('',#5503,#5503,#760,.T.);
#6939=EDGE_CURVE('',#5504,#5504,#761,.T.);
#6940=EDGE_CURVE('',#5505,#5505,#762,.T.);
#6941=EDGE_CURVE('',#5505,#5503,#3464,.T.);
#6942=EDGE_CURVE('',#5506,#5506,#763,.T.);
#6943=EDGE_CURVE('',#5507,#5507,#764,.T.);
#6944=EDGE_CURVE('',#5508,#5508,#765,.T.);
#6945=EDGE_CURVE('',#5508,#5506,#3465,.T.);
#6946=EDGE_CURVE('',#5509,#5509,#766,.T.);
#6947=EDGE_CURVE('',#5510,#5510,#767,.T.);
#6948=EDGE_CURVE('',#5511,#5511,#768,.T.);
#6949=EDGE_CURVE('',#5511,#5509,#3466,.T.);
#6950=EDGE_CURVE('',#5512,#5512,#769,.T.);
#6951=EDGE_CURVE('',#5513,#5513,#770,.T.);
#6952=EDGE_CURVE('',#5514,#5514,#771,.T.);
#6953=EDGE_CURVE('',#5514,#5512,#3467,.T.);
#6954=EDGE_CURVE('',#5515,#5515,#772,.T.);
#6955=EDGE_CURVE('',#5516,#5516,#773,.T.);
#6956=EDGE_CURVE('',#5517,#5517,#774,.T.);
#6957=EDGE_CURVE('',#5517,#5515,#3468,.T.);
#6958=EDGE_CURVE('',#5518,#5518,#775,.T.);
#6959=EDGE_CURVE('',#5519,#5519,#776,.T.);
#6960=EDGE_CURVE('',#5520,#5520,#777,.T.);
#6961=EDGE_CURVE('',#5520,#5518,#3469,.T.);
#6962=EDGE_CURVE('',#5521,#5521,#778,.T.);
#6963=EDGE_CURVE('',#5522,#5522,#779,.T.);
#6964=EDGE_CURVE('',#5523,#5523,#780,.T.);
#6965=EDGE_CURVE('',#5523,#5521,#3470,.T.);
#6966=EDGE_CURVE('',#5524,#5524,#781,.T.);
#6967=EDGE_CURVE('',#5525,#5525,#782,.T.);
#6968=EDGE_CURVE('',#5526,#5526,#783,.T.);
#6969=EDGE_CURVE('',#5526,#5524,#3471,.T.);
#6970=EDGE_CURVE('',#5527,#5527,#784,.T.);
#6971=EDGE_CURVE('',#5528,#5528,#785,.T.);
#6972=EDGE_CURVE('',#5529,#5529,#786,.T.);
#6973=EDGE_CURVE('',#5529,#5527,#3472,.T.);
#6974=EDGE_CURVE('',#5530,#5530,#787,.T.);
#6975=EDGE_CURVE('',#5531,#5531,#788,.T.);
#6976=EDGE_CURVE('',#5532,#5532,#789,.T.);
#6977=EDGE_CURVE('',#5532,#5530,#3473,.T.);
#6978=EDGE_CURVE('',#5533,#5533,#790,.T.);
#6979=EDGE_CURVE('',#5534,#5534,#791,.T.);
#6980=EDGE_CURVE('',#5535,#5535,#792,.T.);
#6981=EDGE_CURVE('',#5535,#5533,#3474,.T.);
#6982=EDGE_CURVE('',#5536,#5536,#793,.T.);
#6983=EDGE_CURVE('',#5537,#5537,#794,.T.);
#6984=EDGE_CURVE('',#5538,#5538,#795,.T.);
#6985=EDGE_CURVE('',#5538,#5536,#3475,.T.);
#6986=EDGE_CURVE('',#5539,#5539,#796,.T.);
#6987=EDGE_CURVE('',#5540,#5540,#797,.T.);
#6988=EDGE_CURVE('',#5541,#5541,#798,.T.);
#6989=EDGE_CURVE('',#5541,#5539,#3476,.T.);
#6990=EDGE_CURVE('',#5542,#5542,#799,.T.);
#6991=EDGE_CURVE('',#5543,#5543,#800,.T.);
#6992=EDGE_CURVE('',#5544,#5544,#801,.T.);
#6993=EDGE_CURVE('',#5544,#5542,#3477,.T.);
#6994=EDGE_CURVE('',#5545,#5545,#802,.T.);
#6995=EDGE_CURVE('',#5546,#5546,#803,.T.);
#6996=EDGE_CURVE('',#5547,#5547,#804,.T.);
#6997=EDGE_CURVE('',#5547,#5545,#3478,.T.);
#6998=EDGE_CURVE('',#5548,#5548,#805,.T.);
#6999=EDGE_CURVE('',#5549,#5549,#806,.T.);
#7000=EDGE_CURVE('',#5550,#5550,#807,.T.);
#7001=EDGE_CURVE('',#5550,#5548,#3479,.T.);
#7002=EDGE_CURVE('',#5551,#5551,#808,.T.);
#7003=EDGE_CURVE('',#5552,#5552,#809,.T.);
#7004=EDGE_CURVE('',#5553,#5553,#810,.T.);
#7005=EDGE_CURVE('',#5553,#5551,#3480,.T.);
#7006=EDGE_CURVE('',#5554,#5554,#811,.T.);
#7007=EDGE_CURVE('',#5555,#5555,#812,.T.);
#7008=EDGE_CURVE('',#5098,#5554,#3481,.T.);
#7009=EDGE_CURVE('',#5555,#5480,#3482,.T.);
#7010=EDGE_CURVE('',#5556,#5556,#813,.T.);
#7011=EDGE_CURVE('',#5557,#5557,#814,.T.);
#7012=EDGE_CURVE('',#5097,#5556,#3483,.T.);
#7013=EDGE_CURVE('',#5557,#5483,#3484,.T.);
#7014=EDGE_CURVE('',#5558,#5558,#815,.T.);
#7015=EDGE_CURVE('',#5559,#5559,#816,.T.);
#7016=EDGE_CURVE('',#5096,#5558,#3485,.T.);
#7017=EDGE_CURVE('',#5559,#5486,#3486,.T.);
#7018=EDGE_CURVE('',#5560,#5560,#817,.T.);
#7019=EDGE_CURVE('',#5561,#5561,#818,.T.);
#7020=EDGE_CURVE('',#5095,#5560,#3487,.T.);
#7021=EDGE_CURVE('',#5561,#5489,#3488,.T.);
#7022=EDGE_CURVE('',#5562,#5562,#819,.T.);
#7023=EDGE_CURVE('',#5563,#5563,#820,.T.);
#7024=EDGE_CURVE('',#5094,#5562,#3489,.T.);
#7025=EDGE_CURVE('',#5563,#5492,#3490,.T.);
#7026=EDGE_CURVE('',#5564,#5564,#821,.T.);
#7027=EDGE_CURVE('',#5565,#5565,#822,.T.);
#7028=EDGE_CURVE('',#5093,#5564,#3491,.T.);
#7029=EDGE_CURVE('',#5565,#5495,#3492,.T.);
#7030=EDGE_CURVE('',#5566,#5566,#823,.T.);
#7031=EDGE_CURVE('',#5567,#5567,#824,.T.);
#7032=EDGE_CURVE('',#5092,#5566,#3493,.T.);
#7033=EDGE_CURVE('',#5567,#5498,#3494,.T.);
#7034=EDGE_CURVE('',#5568,#5568,#825,.T.);
#7035=EDGE_CURVE('',#5569,#5569,#826,.T.);
#7036=EDGE_CURVE('',#5091,#5568,#3495,.T.);
#7037=EDGE_CURVE('',#5569,#5501,#3496,.T.);
#7038=EDGE_CURVE('',#5570,#5570,#827,.T.);
#7039=EDGE_CURVE('',#5571,#5571,#828,.T.);
#7040=EDGE_CURVE('',#5090,#5570,#3497,.T.);
#7041=EDGE_CURVE('',#5571,#5504,#3498,.T.);
#7042=EDGE_CURVE('',#5572,#5572,#829,.T.);
#7043=EDGE_CURVE('',#5573,#5573,#830,.T.);
#7044=EDGE_CURVE('',#5089,#5572,#3499,.T.);
#7045=EDGE_CURVE('',#5573,#5507,#3500,.T.);
#7046=EDGE_CURVE('',#5574,#5574,#831,.T.);
#7047=EDGE_CURVE('',#5575,#5575,#832,.T.);
#7048=EDGE_CURVE('',#5088,#5574,#3501,.T.);
#7049=EDGE_CURVE('',#5575,#5510,#3502,.T.);
#7050=EDGE_CURVE('',#5576,#5576,#833,.T.);
#7051=EDGE_CURVE('',#5577,#5577,#834,.T.);
#7052=EDGE_CURVE('',#5087,#5576,#3503,.T.);
#7053=EDGE_CURVE('',#5577,#5477,#3504,.T.);
#7054=EDGE_CURVE('',#5578,#5578,#835,.T.);
#7055=EDGE_CURVE('',#5579,#5579,#836,.T.);
#7056=EDGE_CURVE('',#5086,#5578,#3505,.T.);
#7057=EDGE_CURVE('',#5579,#5513,#3506,.T.);
#7058=EDGE_CURVE('',#5580,#5580,#837,.T.);
#7059=EDGE_CURVE('',#5581,#5581,#838,.T.);
#7060=EDGE_CURVE('',#5085,#5580,#3507,.T.);
#7061=EDGE_CURVE('',#5581,#5552,#3508,.T.);
#7062=EDGE_CURVE('',#5582,#5582,#839,.T.);
#7063=EDGE_CURVE('',#5583,#5583,#840,.T.);
#7064=EDGE_CURVE('',#5084,#5582,#3509,.T.);
#7065=EDGE_CURVE('',#5583,#5516,#3510,.T.);
#7066=EDGE_CURVE('',#5584,#5584,#841,.T.);
#7067=EDGE_CURVE('',#5585,#5585,#842,.T.);
#7068=EDGE_CURVE('',#5083,#5584,#3511,.T.);
#7069=EDGE_CURVE('',#5585,#5519,#3512,.T.);
#7070=EDGE_CURVE('',#5586,#5586,#843,.T.);
#7071=EDGE_CURVE('',#5587,#5587,#844,.T.);
#7072=EDGE_CURVE('',#5082,#5586,#3513,.T.);
#7073=EDGE_CURVE('',#5587,#5522,#3514,.T.);
#7074=EDGE_CURVE('',#5588,#5588,#845,.T.);
#7075=EDGE_CURVE('',#5589,#5589,#846,.T.);
#7076=EDGE_CURVE('',#5081,#5588,#3515,.T.);
#7077=EDGE_CURVE('',#5589,#5525,#3516,.T.);
#7078=EDGE_CURVE('',#5590,#5590,#847,.T.);
#7079=EDGE_CURVE('',#5591,#5591,#848,.T.);
#7080=EDGE_CURVE('',#5080,#5590,#3517,.T.);
#7081=EDGE_CURVE('',#5591,#5528,#3518,.T.);
#7082=EDGE_CURVE('',#5592,#5592,#849,.T.);
#7083=EDGE_CURVE('',#5593,#5593,#850,.T.);
#7084=EDGE_CURVE('',#5079,#5592,#3519,.T.);
#7085=EDGE_CURVE('',#5593,#5531,#3520,.T.);
#7086=EDGE_CURVE('',#5594,#5594,#851,.T.);
#7087=EDGE_CURVE('',#5595,#5595,#852,.T.);
#7088=EDGE_CURVE('',#5078,#5594,#3521,.T.);
#7089=EDGE_CURVE('',#5595,#5534,#3522,.T.);
#7090=EDGE_CURVE('',#5596,#5596,#853,.T.);
#7091=EDGE_CURVE('',#5597,#5597,#854,.T.);
#7092=EDGE_CURVE('',#5077,#5596,#3523,.T.);
#7093=EDGE_CURVE('',#5597,#5537,#3524,.T.);
#7094=EDGE_CURVE('',#5598,#5598,#855,.T.);
#7095=EDGE_CURVE('',#5599,#5599,#856,.T.);
#7096=EDGE_CURVE('',#5076,#5598,#3525,.T.);
#7097=EDGE_CURVE('',#5599,#5540,#3526,.T.);
#7098=EDGE_CURVE('',#5600,#5600,#857,.T.);
#7099=EDGE_CURVE('',#5601,#5601,#858,.T.);
#7100=EDGE_CURVE('',#5075,#5600,#3527,.T.);
#7101=EDGE_CURVE('',#5601,#5543,#3528,.T.);
#7102=EDGE_CURVE('',#5602,#5602,#859,.T.);
#7103=EDGE_CURVE('',#5603,#5603,#860,.T.);
#7104=EDGE_CURVE('',#5074,#5602,#3529,.T.);
#7105=EDGE_CURVE('',#5603,#5546,#3530,.T.);
#7106=EDGE_CURVE('',#5604,#5604,#861,.T.);
#7107=EDGE_CURVE('',#5605,#5605,#862,.T.);
#7108=EDGE_CURVE('',#5073,#5604,#3531,.T.);
#7109=EDGE_CURVE('',#5605,#5549,#3532,.T.);
#7110=EDGE_CURVE('',#5606,#5607,#3533,.T.);
#7111=EDGE_CURVE('',#5606,#4970,#3534,.T.);
#7112=EDGE_CURVE('',#5607,#4969,#3535,.T.);
#7113=EDGE_CURVE('',#5607,#5608,#3536,.T.);
#7114=EDGE_CURVE('',#5608,#4968,#3537,.T.);
#7115=EDGE_CURVE('',#5608,#5609,#3538,.T.);
#7116=EDGE_CURVE('',#5609,#4967,#3539,.T.);
#7117=EDGE_CURVE('',#5609,#5610,#3540,.T.);
#7118=EDGE_CURVE('',#5610,#4966,#3541,.T.);
#7119=EDGE_CURVE('',#5610,#5611,#3542,.T.);
#7120=EDGE_CURVE('',#5611,#4965,#3543,.T.);
#7121=EDGE_CURVE('',#5612,#5611,#3544,.T.);
#7122=EDGE_CURVE('',#4955,#4964,#3545,.T.);
#7123=EDGE_CURVE('',#5013,#4954,#3546,.T.);
#7124=EDGE_CURVE('',#5612,#5012,#3547,.T.);
#7125=EDGE_CURVE('',#5613,#4991,#3548,.T.);
#7126=EDGE_CURVE('',#5613,#5612,#3549,.T.);
#7127=EDGE_CURVE('',#5606,#5613,#3550,.T.);
#7128=EDGE_CURVE('',#5106,#5614,#3551,.T.);
#7129=EDGE_CURVE('',#5615,#5614,#3552,.T.);
#7130=EDGE_CURVE('',#5615,#5105,#3553,.T.);
#7131=EDGE_CURVE('',#5614,#4720,#863,.T.);
#7132=EDGE_CURVE('',#4822,#4955,#3554,.T.);
#7133=EDGE_CURVE('',#4719,#5615,#864,.T.);
#7134=EDGE_CURVE('',#4823,#4964,#3555,.T.);
#7135=EDGE_CURVE('',#4953,#5616,#3556,.T.);
#7136=EDGE_CURVE('',#5617,#5616,#3557,.T.);
#7137=EDGE_CURVE('',#5617,#4952,#3558,.T.);
#7138=EDGE_CURVE('',#5616,#4724,#865,.T.);
#7139=EDGE_CURVE('',#4824,#5013,#3559,.T.);
#7140=EDGE_CURVE('',#4723,#5617,#866,.T.);
#7141=EDGE_CURVE('',#4825,#4954,#3560,.T.);
#7142=ORIENTED_EDGE('',*,*,#5618,.F.);
#7143=ORIENTED_EDGE('',*,*,#5619,.T.);
#7144=ORIENTED_EDGE('',*,*,#5620,.F.);
#7145=ORIENTED_EDGE('',*,*,#5621,.F.);
#7146=ORIENTED_EDGE('',*,*,#5622,.F.);
#7147=ORIENTED_EDGE('',*,*,#5623,.F.);
#7148=ORIENTED_EDGE('',*,*,#5624,.T.);
#7149=ORIENTED_EDGE('',*,*,#5625,.F.);
#7150=ORIENTED_EDGE('',*,*,#5626,.F.);
#7151=ORIENTED_EDGE('',*,*,#5627,.T.);
#7152=ORIENTED_EDGE('',*,*,#5628,.T.);
#7153=ORIENTED_EDGE('',*,*,#5629,.T.);
#7154=ORIENTED_EDGE('',*,*,#5630,.F.);
#7155=ORIENTED_EDGE('',*,*,#5631,.F.);
#7156=ORIENTED_EDGE('',*,*,#5632,.T.);
#7157=ORIENTED_EDGE('',*,*,#5633,.T.);
#7158=ORIENTED_EDGE('',*,*,#5623,.T.);
#7159=ORIENTED_EDGE('',*,*,#5634,.F.);
#7160=ORIENTED_EDGE('',*,*,#5621,.T.);
#7161=ORIENTED_EDGE('',*,*,#5635,.F.);
#7162=ORIENTED_EDGE('',*,*,#5636,.F.);
#7163=ORIENTED_EDGE('',*,*,#5637,.F.);
#7164=ORIENTED_EDGE('',*,*,#5625,.T.);
#7165=ORIENTED_EDGE('',*,*,#5638,.T.);
#7166=ORIENTED_EDGE('',*,*,#5639,.T.);
#7167=ORIENTED_EDGE('',*,*,#5640,.F.);
#7168=ORIENTED_EDGE('',*,*,#5641,.F.);
#7169=ORIENTED_EDGE('',*,*,#5642,.T.);
#7170=ORIENTED_EDGE('',*,*,#5643,.T.);
#7171=ORIENTED_EDGE('',*,*,#5644,.T.);
#7172=ORIENTED_EDGE('',*,*,#5645,.F.);
#7173=ORIENTED_EDGE('',*,*,#5646,.F.);
#7174=ORIENTED_EDGE('',*,*,#5639,.F.);
#7175=ORIENTED_EDGE('',*,*,#5647,.F.);
#7176=ORIENTED_EDGE('',*,*,#5632,.F.);
#7177=ORIENTED_EDGE('',*,*,#5620,.T.);
#7178=ORIENTED_EDGE('',*,*,#5648,.T.);
#7179=ORIENTED_EDGE('',*,*,#5649,.T.);
#7180=ORIENTED_EDGE('',*,*,#5635,.T.);
#7181=ORIENTED_EDGE('',*,*,#5650,.F.);
#7182=ORIENTED_EDGE('',*,*,#5644,.F.);
#7183=ORIENTED_EDGE('',*,*,#5651,.F.);
#7184=ORIENTED_EDGE('',*,*,#5627,.F.);
#7185=ORIENTED_EDGE('',*,*,#5651,.T.);
#7186=ORIENTED_EDGE('',*,*,#5643,.F.);
#7187=ORIENTED_EDGE('',*,*,#5652,.F.);
#7188=ORIENTED_EDGE('',*,*,#5628,.F.);
#7189=ORIENTED_EDGE('',*,*,#5653,.F.);
#7190=ORIENTED_EDGE('',*,*,#5629,.F.);
#7191=ORIENTED_EDGE('',*,*,#5652,.T.);
#7192=ORIENTED_EDGE('',*,*,#5642,.F.);
#7193=ORIENTED_EDGE('',*,*,#5654,.F.);
#7194=ORIENTED_EDGE('',*,*,#5647,.T.);
#7195=ORIENTED_EDGE('',*,*,#5638,.F.);
#7196=ORIENTED_EDGE('',*,*,#5624,.F.);
#7197=ORIENTED_EDGE('',*,*,#5633,.F.);
#7198=ORIENTED_EDGE('',*,*,#5655,.F.);
#7199=ORIENTED_EDGE('',*,*,#5636,.T.);
#7200=ORIENTED_EDGE('',*,*,#5649,.F.);
#7201=ORIENTED_EDGE('',*,*,#5656,.F.);
#7202=ORIENTED_EDGE('',*,*,#5657,.F.);
#7203=ORIENTED_EDGE('',*,*,#5656,.T.);
#7204=ORIENTED_EDGE('',*,*,#5648,.F.);
#7205=ORIENTED_EDGE('',*,*,#5619,.F.);
#7206=ORIENTED_EDGE('',*,*,#5654,.T.);
#7207=ORIENTED_EDGE('',*,*,#5641,.T.);
#7208=ORIENTED_EDGE('',*,*,#5658,.T.);
#7209=ORIENTED_EDGE('',*,*,#5659,.T.);
#7210=ORIENTED_EDGE('',*,*,#5660,.F.);
#7211=ORIENTED_EDGE('',*,*,#5661,.T.);
#7212=ORIENTED_EDGE('',*,*,#5640,.T.);
#7213=ORIENTED_EDGE('',*,*,#5646,.T.);
#7214=ORIENTED_EDGE('',*,*,#5662,.F.);
#7215=ORIENTED_EDGE('',*,*,#5663,.F.);
#7216=ORIENTED_EDGE('',*,*,#5658,.F.);
#7217=ORIENTED_EDGE('',*,*,#5664,.F.);
#7218=ORIENTED_EDGE('',*,*,#5665,.F.);
#7219=ORIENTED_EDGE('',*,*,#5666,.F.);
#7220=ORIENTED_EDGE('',*,*,#5667,.T.);
#7221=ORIENTED_EDGE('',*,*,#5668,.F.);
#7222=ORIENTED_EDGE('',*,*,#5669,.F.);
#7223=ORIENTED_EDGE('',*,*,#5670,.F.);
#7224=ORIENTED_EDGE('',*,*,#5671,.F.);
#7225=ORIENTED_EDGE('',*,*,#5672,.F.);
#7226=ORIENTED_EDGE('',*,*,#5673,.F.);
#7227=ORIENTED_EDGE('',*,*,#5674,.T.);
#7228=ORIENTED_EDGE('',*,*,#5665,.T.);
#7229=ORIENTED_EDGE('',*,*,#5675,.F.);
#7230=ORIENTED_EDGE('',*,*,#5676,.F.);
#7231=ORIENTED_EDGE('',*,*,#5677,.F.);
#7232=ORIENTED_EDGE('',*,*,#5678,.F.);
#7233=ORIENTED_EDGE('',*,*,#5679,.F.);
#7234=ORIENTED_EDGE('',*,*,#5680,.F.);
#7235=ORIENTED_EDGE('',*,*,#5681,.T.);
#7236=ORIENTED_EDGE('',*,*,#5673,.T.);
#7237=ORIENTED_EDGE('',*,*,#5682,.F.);
#7238=ORIENTED_EDGE('',*,*,#5667,.F.);
#7239=ORIENTED_EDGE('',*,*,#5683,.T.);
#7240=ORIENTED_EDGE('',*,*,#5680,.T.);
#7241=ORIENTED_EDGE('',*,*,#5683,.F.);
#7242=ORIENTED_EDGE('',*,*,#5666,.T.);
#7243=ORIENTED_EDGE('',*,*,#5674,.F.);
#7244=ORIENTED_EDGE('',*,*,#5681,.F.);
#7245=ORIENTED_EDGE('',*,*,#5653,.T.);
#7246=ORIENTED_EDGE('',*,*,#5661,.F.);
#7247=ORIENTED_EDGE('',*,*,#5684,.F.);
#7248=ORIENTED_EDGE('',*,*,#5685,.F.);
#7249=ORIENTED_EDGE('',*,*,#5686,.F.);
#7250=ORIENTED_EDGE('',*,*,#5630,.T.);
#7251=ORIENTED_EDGE('',*,*,#5687,.F.);
#7252=ORIENTED_EDGE('',*,*,#5688,.T.);
#7253=ORIENTED_EDGE('',*,*,#5689,.T.);
#7254=ORIENTED_EDGE('',*,*,#5685,.T.);
#7255=ORIENTED_EDGE('',*,*,#5690,.F.);
#7256=ORIENTED_EDGE('',*,*,#5691,.F.);
#7257=ORIENTED_EDGE('',*,*,#5692,.F.);
#7258=ORIENTED_EDGE('',*,*,#5688,.F.);
#7259=ORIENTED_EDGE('',*,*,#5693,.F.);
#7260=ORIENTED_EDGE('',*,*,#5671,.T.);
#7261=ORIENTED_EDGE('',*,*,#5694,.T.);
#7262=ORIENTED_EDGE('',*,*,#5691,.T.);
#7263=ORIENTED_EDGE('',*,*,#5694,.F.);
#7264=ORIENTED_EDGE('',*,*,#5695,.F.);
#7265=ORIENTED_EDGE('',*,*,#5696,.F.);
#7266=ORIENTED_EDGE('',*,*,#5689,.F.);
#7267=ORIENTED_EDGE('',*,*,#5697,.F.);
#7268=ORIENTED_EDGE('',*,*,#5698,.F.);
#7269=ORIENTED_EDGE('',*,*,#5697,.T.);
#7270=ORIENTED_EDGE('',*,*,#5692,.T.);
#7271=ORIENTED_EDGE('',*,*,#5696,.T.);
#7272=ORIENTED_EDGE('',*,*,#5699,.T.);
#7273=ORIENTED_EDGE('',*,*,#5700,.F.);
#7274=ORIENTED_EDGE('',*,*,#5701,.F.);
#7275=ORIENTED_EDGE('',*,*,#5702,.F.);
#7276=ORIENTED_EDGE('',*,*,#5695,.T.);
#7277=ORIENTED_EDGE('',*,*,#5670,.T.);
#7278=ORIENTED_EDGE('',*,*,#5701,.T.);
#7279=ORIENTED_EDGE('',*,*,#5703,.T.);
#7280=ORIENTED_EDGE('',*,*,#5704,.F.);
#7281=ORIENTED_EDGE('',*,*,#5705,.T.);
#7282=ORIENTED_EDGE('',*,*,#5702,.T.);
#7283=ORIENTED_EDGE('',*,*,#5669,.T.);
#7284=ORIENTED_EDGE('',*,*,#5631,.T.);
#7285=ORIENTED_EDGE('',*,*,#5686,.T.);
#7286=ORIENTED_EDGE('',*,*,#5698,.T.);
#7287=ORIENTED_EDGE('',*,*,#5706,.T.);
#7288=ORIENTED_EDGE('',*,*,#5662,.T.);
#7289=ORIENTED_EDGE('',*,*,#5645,.T.);
#7290=ORIENTED_EDGE('',*,*,#5700,.T.);
#7291=ORIENTED_EDGE('',*,*,#5707,.T.);
#7292=ORIENTED_EDGE('',*,*,#5663,.T.);
#7293=ORIENTED_EDGE('',*,*,#5708,.T.);
#7294=ORIENTED_EDGE('',*,*,#5699,.F.);
#7295=ORIENTED_EDGE('',*,*,#5703,.F.);
#7296=ORIENTED_EDGE('',*,*,#5708,.F.);
#7297=ORIENTED_EDGE('',*,*,#5706,.F.);
#7298=ORIENTED_EDGE('',*,*,#5709,.F.);
#7299=ORIENTED_EDGE('',*,*,#5659,.F.);
#7300=ORIENTED_EDGE('',*,*,#5707,.F.);
#7301=ORIENTED_EDGE('',*,*,#5705,.F.);
#7302=ORIENTED_EDGE('',*,*,#5710,.F.);
#7303=ORIENTED_EDGE('',*,*,#5711,.T.);
#7304=ORIENTED_EDGE('',*,*,#5712,.F.);
#7305=ORIENTED_EDGE('',*,*,#5713,.F.);
#7306=ORIENTED_EDGE('',*,*,#5714,.F.);
#7307=ORIENTED_EDGE('',*,*,#5715,.T.);
#7308=ORIENTED_EDGE('',*,*,#5716,.T.);
#7309=ORIENTED_EDGE('',*,*,#5717,.T.);
#7310=ORIENTED_EDGE('',*,*,#5718,.T.);
#7311=ORIENTED_EDGE('',*,*,#5719,.F.);
#7312=ORIENTED_EDGE('',*,*,#5720,.T.);
#7313=ORIENTED_EDGE('',*,*,#5721,.T.);
#7314=ORIENTED_EDGE('',*,*,#5722,.T.);
#7315=ORIENTED_EDGE('',*,*,#5723,.F.);
#7316=ORIENTED_EDGE('',*,*,#5724,.F.);
#7317=ORIENTED_EDGE('',*,*,#5725,.T.);
#7318=ORIENTED_EDGE('',*,*,#5715,.F.);
#7319=ORIENTED_EDGE('',*,*,#5726,.F.);
#7320=ORIENTED_EDGE('',*,*,#5727,.T.);
#7321=ORIENTED_EDGE('',*,*,#5728,.T.);
#7322=ORIENTED_EDGE('',*,*,#5729,.T.);
#7323=ORIENTED_EDGE('',*,*,#5730,.T.);
#7324=ORIENTED_EDGE('',*,*,#5731,.T.);
#7325=ORIENTED_EDGE('',*,*,#5732,.T.);
#7326=ORIENTED_EDGE('',*,*,#5724,.T.);
#7327=ORIENTED_EDGE('',*,*,#5733,.F.);
#7328=ORIENTED_EDGE('',*,*,#5713,.T.);
#7329=ORIENTED_EDGE('',*,*,#5734,.F.);
#7330=ORIENTED_EDGE('',*,*,#5735,.F.);
#7331=ORIENTED_EDGE('',*,*,#5736,.F.);
#7332=ORIENTED_EDGE('',*,*,#5737,.F.);
#7333=ORIENTED_EDGE('',*,*,#5718,.F.);
#7334=ORIENTED_EDGE('',*,*,#5738,.F.);
#7335=ORIENTED_EDGE('',*,*,#5730,.F.);
#7336=ORIENTED_EDGE('',*,*,#5739,.T.);
#7337=ORIENTED_EDGE('',*,*,#5712,.T.);
#7338=ORIENTED_EDGE('',*,*,#5740,.T.);
#7339=ORIENTED_EDGE('',*,*,#5741,.T.);
#7340=ORIENTED_EDGE('',*,*,#5734,.T.);
#7341=ORIENTED_EDGE('',*,*,#5742,.F.);
#7342=ORIENTED_EDGE('',*,*,#5722,.F.);
#7343=ORIENTED_EDGE('',*,*,#5743,.F.);
#7344=ORIENTED_EDGE('',*,*,#5727,.F.);
#7345=ORIENTED_EDGE('',*,*,#5743,.T.);
#7346=ORIENTED_EDGE('',*,*,#5721,.F.);
#7347=ORIENTED_EDGE('',*,*,#5744,.F.);
#7348=ORIENTED_EDGE('',*,*,#5728,.F.);
#7349=ORIENTED_EDGE('',*,*,#5744,.T.);
#7350=ORIENTED_EDGE('',*,*,#5720,.F.);
#7351=ORIENTED_EDGE('',*,*,#5745,.F.);
#7352=ORIENTED_EDGE('',*,*,#5739,.F.);
#7353=ORIENTED_EDGE('',*,*,#5729,.F.);
#7354=ORIENTED_EDGE('',*,*,#5738,.T.);
#7355=ORIENTED_EDGE('',*,*,#5717,.F.);
#7356=ORIENTED_EDGE('',*,*,#5746,.F.);
#7357=ORIENTED_EDGE('',*,*,#5731,.F.);
#7358=ORIENTED_EDGE('',*,*,#5746,.T.);
#7359=ORIENTED_EDGE('',*,*,#5716,.F.);
#7360=ORIENTED_EDGE('',*,*,#5725,.F.);
#7361=ORIENTED_EDGE('',*,*,#5732,.F.);
#7362=ORIENTED_EDGE('',*,*,#5747,.F.);
#7363=ORIENTED_EDGE('',*,*,#5735,.T.);
#7364=ORIENTED_EDGE('',*,*,#5741,.F.);
#7365=ORIENTED_EDGE('',*,*,#5748,.F.);
#7366=ORIENTED_EDGE('',*,*,#5749,.F.);
#7367=ORIENTED_EDGE('',*,*,#5748,.T.);
#7368=ORIENTED_EDGE('',*,*,#5740,.F.);
#7369=ORIENTED_EDGE('',*,*,#5711,.F.);
#7370=ORIENTED_EDGE('',*,*,#5745,.T.);
#7371=ORIENTED_EDGE('',*,*,#5719,.T.);
#7372=ORIENTED_EDGE('',*,*,#5750,.F.);
#7373=ORIENTED_EDGE('',*,*,#5751,.F.);
#7374=ORIENTED_EDGE('',*,*,#5752,.F.);
#7375=ORIENTED_EDGE('',*,*,#5753,.F.);
#7376=ORIENTED_EDGE('',*,*,#5754,.T.);
#7377=ORIENTED_EDGE('',*,*,#5755,.T.);
#7378=ORIENTED_EDGE('',*,*,#5756,.T.);
#7379=ORIENTED_EDGE('',*,*,#5757,.T.);
#7380=ORIENTED_EDGE('',*,*,#5758,.T.);
#7381=ORIENTED_EDGE('',*,*,#5759,.T.);
#7382=ORIENTED_EDGE('',*,*,#5760,.T.);
#7383=ORIENTED_EDGE('',*,*,#5761,.T.);
#7384=ORIENTED_EDGE('',*,*,#5762,.F.);
#7385=ORIENTED_EDGE('',*,*,#5763,.T.);
#7386=ORIENTED_EDGE('',*,*,#5764,.T.);
#7387=ORIENTED_EDGE('',*,*,#5765,.T.);
#7388=ORIENTED_EDGE('',*,*,#5766,.F.);
#7389=ORIENTED_EDGE('',*,*,#5767,.T.);
#7390=ORIENTED_EDGE('',*,*,#5768,.F.);
#7391=ORIENTED_EDGE('',*,*,#5769,.T.);
#7392=ORIENTED_EDGE('',*,*,#5770,.T.);
#7393=ORIENTED_EDGE('',*,*,#5771,.T.);
#7394=ORIENTED_EDGE('',*,*,#5772,.F.);
#7395=ORIENTED_EDGE('',*,*,#5773,.F.);
#7396=ORIENTED_EDGE('',*,*,#5774,.T.);
#7397=ORIENTED_EDGE('',*,*,#5775,.T.);
#7398=ORIENTED_EDGE('',*,*,#5776,.F.);
#7399=ORIENTED_EDGE('',*,*,#5777,.F.);
#7400=ORIENTED_EDGE('',*,*,#5768,.T.);
#7401=ORIENTED_EDGE('',*,*,#5778,.T.);
#7402=ORIENTED_EDGE('',*,*,#5779,.F.);
#7403=ORIENTED_EDGE('',*,*,#5780,.T.);
#7404=ORIENTED_EDGE('',*,*,#5764,.F.);
#7405=ORIENTED_EDGE('',*,*,#5781,.T.);
#7406=ORIENTED_EDGE('',*,*,#5782,.T.);
#7407=ORIENTED_EDGE('',*,*,#5783,.T.);
#7408=ORIENTED_EDGE('',*,*,#5784,.F.);
#7409=ORIENTED_EDGE('',*,*,#5785,.F.);
#7410=ORIENTED_EDGE('',*,*,#5786,.F.);
#7411=ORIENTED_EDGE('',*,*,#5787,.F.);
#7412=ORIENTED_EDGE('',*,*,#5788,.T.);
#7413=ORIENTED_EDGE('',*,*,#5789,.F.);
#7414=ORIENTED_EDGE('',*,*,#5790,.T.);
#7415=ORIENTED_EDGE('',*,*,#5791,.F.);
#7416=ORIENTED_EDGE('',*,*,#5792,.F.);
#7417=ORIENTED_EDGE('',*,*,#5793,.T.);
#7418=ORIENTED_EDGE('',*,*,#5770,.F.);
#7419=ORIENTED_EDGE('',*,*,#5794,.T.);
#7420=ORIENTED_EDGE('',*,*,#5795,.T.);
#7421=ORIENTED_EDGE('',*,*,#5796,.T.);
#7422=ORIENTED_EDGE('',*,*,#5762,.T.);
#7423=ORIENTED_EDGE('',*,*,#5797,.T.);
#7424=ORIENTED_EDGE('',*,*,#5798,.F.);
#7425=ORIENTED_EDGE('',*,*,#5799,.F.);
#7426=ORIENTED_EDGE('',*,*,#5800,.F.);
#7427=ORIENTED_EDGE('',*,*,#5801,.F.);
#7428=ORIENTED_EDGE('',*,*,#5802,.F.);
#7429=ORIENTED_EDGE('',*,*,#5803,.F.);
#7430=ORIENTED_EDGE('',*,*,#5804,.F.);
#7431=ORIENTED_EDGE('',*,*,#5805,.F.);
#7432=ORIENTED_EDGE('',*,*,#5806,.F.);
#7433=ORIENTED_EDGE('',*,*,#5807,.F.);
#7434=ORIENTED_EDGE('',*,*,#5808,.F.);
#7435=ORIENTED_EDGE('',*,*,#5809,.F.);
#7436=ORIENTED_EDGE('',*,*,#5810,.F.);
#7437=ORIENTED_EDGE('',*,*,#5811,.F.);
#7438=ORIENTED_EDGE('',*,*,#5812,.F.);
#7439=ORIENTED_EDGE('',*,*,#5813,.F.);
#7440=ORIENTED_EDGE('',*,*,#5814,.F.);
#7441=ORIENTED_EDGE('',*,*,#5815,.F.);
#7442=ORIENTED_EDGE('',*,*,#5816,.F.);
#7443=ORIENTED_EDGE('',*,*,#5817,.F.);
#7444=ORIENTED_EDGE('',*,*,#5818,.F.);
#7445=ORIENTED_EDGE('',*,*,#5819,.F.);
#7446=ORIENTED_EDGE('',*,*,#5820,.F.);
#7447=ORIENTED_EDGE('',*,*,#5821,.F.);
#7448=ORIENTED_EDGE('',*,*,#5822,.F.);
#7449=ORIENTED_EDGE('',*,*,#5823,.F.);
#7450=ORIENTED_EDGE('',*,*,#5824,.F.);
#7451=ORIENTED_EDGE('',*,*,#5825,.F.);
#7452=ORIENTED_EDGE('',*,*,#5826,.F.);
#7453=ORIENTED_EDGE('',*,*,#5827,.F.);
#7454=ORIENTED_EDGE('',*,*,#5828,.F.);
#7455=ORIENTED_EDGE('',*,*,#5829,.F.);
#7456=ORIENTED_EDGE('',*,*,#5830,.F.);
#7457=ORIENTED_EDGE('',*,*,#5831,.F.);
#7458=ORIENTED_EDGE('',*,*,#5832,.F.);
#7459=ORIENTED_EDGE('',*,*,#5833,.F.);
#7460=ORIENTED_EDGE('',*,*,#5834,.F.);
#7461=ORIENTED_EDGE('',*,*,#5835,.F.);
#7462=ORIENTED_EDGE('',*,*,#5836,.F.);
#7463=ORIENTED_EDGE('',*,*,#5837,.F.);
#7464=ORIENTED_EDGE('',*,*,#5795,.F.);
#7465=ORIENTED_EDGE('',*,*,#5838,.T.);
#7466=ORIENTED_EDGE('',*,*,#5782,.F.);
#7467=ORIENTED_EDGE('',*,*,#5839,.T.);
#7468=ORIENTED_EDGE('',*,*,#5779,.T.);
#7469=ORIENTED_EDGE('',*,*,#5840,.T.);
#7470=ORIENTED_EDGE('',*,*,#5792,.T.);
#7471=ORIENTED_EDGE('',*,*,#5841,.T.);
#7472=ORIENTED_EDGE('',*,*,#5778,.F.);
#7473=ORIENTED_EDGE('',*,*,#5767,.F.);
#7474=ORIENTED_EDGE('',*,*,#5842,.F.);
#7475=ORIENTED_EDGE('',*,*,#5775,.F.);
#7476=ORIENTED_EDGE('',*,*,#5843,.F.);
#7477=ORIENTED_EDGE('',*,*,#5771,.F.);
#7478=ORIENTED_EDGE('',*,*,#5793,.F.);
#7479=ORIENTED_EDGE('',*,*,#5840,.F.);
#7480=ORIENTED_EDGE('',*,*,#5797,.F.);
#7481=ORIENTED_EDGE('',*,*,#5761,.F.);
#7482=ORIENTED_EDGE('',*,*,#5844,.F.);
#7483=ORIENTED_EDGE('',*,*,#5757,.F.);
#7484=ORIENTED_EDGE('',*,*,#5845,.F.);
#7485=ORIENTED_EDGE('',*,*,#5765,.F.);
#7486=ORIENTED_EDGE('',*,*,#5780,.F.);
#7487=ORIENTED_EDGE('',*,*,#5841,.F.);
#7488=ORIENTED_EDGE('',*,*,#5783,.F.);
#7489=ORIENTED_EDGE('',*,*,#5838,.F.);
#7490=ORIENTED_EDGE('',*,*,#5794,.F.);
#7491=ORIENTED_EDGE('',*,*,#5769,.F.);
#7492=ORIENTED_EDGE('',*,*,#5796,.F.);
#7493=ORIENTED_EDGE('',*,*,#5839,.F.);
#7494=ORIENTED_EDGE('',*,*,#5781,.F.);
#7495=ORIENTED_EDGE('',*,*,#5763,.F.);
#7496=ORIENTED_EDGE('',*,*,#5846,.F.);
#7497=ORIENTED_EDGE('',*,*,#5847,.F.);
#7498=ORIENTED_EDGE('',*,*,#5784,.T.);
#7499=ORIENTED_EDGE('',*,*,#5848,.F.);
#7500=ORIENTED_EDGE('',*,*,#5788,.F.);
#7501=ORIENTED_EDGE('',*,*,#5849,.F.);
#7502=ORIENTED_EDGE('',*,*,#5850,.T.);
#7503=ORIENTED_EDGE('',*,*,#5851,.F.);
#7504=ORIENTED_EDGE('',*,*,#5852,.T.);
#7505=ORIENTED_EDGE('',*,*,#5853,.F.);
#7506=ORIENTED_EDGE('',*,*,#5850,.F.);
#7507=ORIENTED_EDGE('',*,*,#5854,.F.);
#7508=ORIENTED_EDGE('',*,*,#5855,.F.);
#7509=ORIENTED_EDGE('',*,*,#5856,.F.);
#7510=ORIENTED_EDGE('',*,*,#5846,.T.);
#7511=ORIENTED_EDGE('',*,*,#5857,.F.);
#7512=ORIENTED_EDGE('',*,*,#5858,.F.);
#7513=ORIENTED_EDGE('',*,*,#5859,.F.);
#7514=ORIENTED_EDGE('',*,*,#5860,.F.);
#7515=ORIENTED_EDGE('',*,*,#5861,.F.);
#7516=ORIENTED_EDGE('',*,*,#5862,.F.);
#7517=ORIENTED_EDGE('',*,*,#5863,.F.);
#7518=ORIENTED_EDGE('',*,*,#5864,.F.);
#7519=ORIENTED_EDGE('',*,*,#5865,.F.);
#7520=ORIENTED_EDGE('',*,*,#5855,.T.);
#7521=ORIENTED_EDGE('',*,*,#5866,.F.);
#7522=ORIENTED_EDGE('',*,*,#5786,.T.);
#7523=ORIENTED_EDGE('',*,*,#5867,.F.);
#7524=ORIENTED_EDGE('',*,*,#5790,.F.);
#7525=ORIENTED_EDGE('',*,*,#5868,.F.);
#7526=ORIENTED_EDGE('',*,*,#5852,.F.);
#7527=ORIENTED_EDGE('',*,*,#5869,.F.);
#7528=ORIENTED_EDGE('',*,*,#5791,.T.);
#7529=ORIENTED_EDGE('',*,*,#5869,.T.);
#7530=ORIENTED_EDGE('',*,*,#5857,.T.);
#7531=ORIENTED_EDGE('',*,*,#5848,.T.);
#7532=ORIENTED_EDGE('',*,*,#5853,.T.);
#7533=ORIENTED_EDGE('',*,*,#5868,.T.);
#7534=ORIENTED_EDGE('',*,*,#5789,.T.);
#7535=ORIENTED_EDGE('',*,*,#5851,.T.);
#7536=ORIENTED_EDGE('',*,*,#5785,.T.);
#7537=ORIENTED_EDGE('',*,*,#5847,.T.);
#7538=ORIENTED_EDGE('',*,*,#5856,.T.);
#7539=ORIENTED_EDGE('',*,*,#5867,.T.);
#7540=ORIENTED_EDGE('',*,*,#5854,.T.);
#7541=ORIENTED_EDGE('',*,*,#5849,.T.);
#7542=ORIENTED_EDGE('',*,*,#5787,.T.);
#7543=ORIENTED_EDGE('',*,*,#5866,.T.);
#7544=ORIENTED_EDGE('',*,*,#5858,.T.);
#7545=ORIENTED_EDGE('',*,*,#5870,.F.);
#7546=ORIENTED_EDGE('',*,*,#5871,.F.);
#7547=ORIENTED_EDGE('',*,*,#5872,.T.);
#7548=ORIENTED_EDGE('',*,*,#5865,.T.);
#7549=ORIENTED_EDGE('',*,*,#5873,.F.);
#7550=ORIENTED_EDGE('',*,*,#5874,.F.);
#7551=ORIENTED_EDGE('',*,*,#5870,.T.);
#7552=ORIENTED_EDGE('',*,*,#5864,.T.);
#7553=ORIENTED_EDGE('',*,*,#5875,.F.);
#7554=ORIENTED_EDGE('',*,*,#5876,.F.);
#7555=ORIENTED_EDGE('',*,*,#5873,.T.);
#7556=ORIENTED_EDGE('',*,*,#5863,.T.);
#7557=ORIENTED_EDGE('',*,*,#5877,.F.);
#7558=ORIENTED_EDGE('',*,*,#5878,.F.);
#7559=ORIENTED_EDGE('',*,*,#5875,.T.);
#7560=ORIENTED_EDGE('',*,*,#5862,.T.);
#7561=ORIENTED_EDGE('',*,*,#5879,.F.);
#7562=ORIENTED_EDGE('',*,*,#5880,.F.);
#7563=ORIENTED_EDGE('',*,*,#5877,.T.);
#7564=ORIENTED_EDGE('',*,*,#5861,.T.);
#7565=ORIENTED_EDGE('',*,*,#5881,.F.);
#7566=ORIENTED_EDGE('',*,*,#5882,.F.);
#7567=ORIENTED_EDGE('',*,*,#5879,.T.);
#7568=ORIENTED_EDGE('',*,*,#5860,.T.);
#7569=ORIENTED_EDGE('',*,*,#5883,.F.);
#7570=ORIENTED_EDGE('',*,*,#5884,.F.);
#7571=ORIENTED_EDGE('',*,*,#5881,.T.);
#7572=ORIENTED_EDGE('',*,*,#5859,.T.);
#7573=ORIENTED_EDGE('',*,*,#5872,.F.);
#7574=ORIENTED_EDGE('',*,*,#5885,.F.);
#7575=ORIENTED_EDGE('',*,*,#5883,.T.);
#7576=ORIENTED_EDGE('',*,*,#5871,.T.);
#7577=ORIENTED_EDGE('',*,*,#5874,.T.);
#7578=ORIENTED_EDGE('',*,*,#5876,.T.);
#7579=ORIENTED_EDGE('',*,*,#5878,.T.);
#7580=ORIENTED_EDGE('',*,*,#5880,.T.);
#7581=ORIENTED_EDGE('',*,*,#5882,.T.);
#7582=ORIENTED_EDGE('',*,*,#5884,.T.);
#7583=ORIENTED_EDGE('',*,*,#5885,.T.);
#7584=ORIENTED_EDGE('',*,*,#5845,.T.);
#7585=ORIENTED_EDGE('',*,*,#5886,.T.);
#7586=ORIENTED_EDGE('',*,*,#5887,.T.);
#7587=ORIENTED_EDGE('',*,*,#5888,.T.);
#7588=ORIENTED_EDGE('',*,*,#5844,.T.);
#7589=ORIENTED_EDGE('',*,*,#5889,.T.);
#7590=ORIENTED_EDGE('',*,*,#5890,.T.);
#7591=ORIENTED_EDGE('',*,*,#5891,.T.);
#7592=ORIENTED_EDGE('',*,*,#5836,.T.);
#7593=ORIENTED_EDGE('',*,*,#5892,.T.);
#7594=ORIENTED_EDGE('',*,*,#5893,.T.);
#7595=ORIENTED_EDGE('',*,*,#5894,.T.);
#7596=ORIENTED_EDGE('',*,*,#5895,.T.);
#7597=ORIENTED_EDGE('',*,*,#5896,.T.);
#7598=ORIENTED_EDGE('',*,*,#5897,.T.);
#7599=ORIENTED_EDGE('',*,*,#5898,.F.);
#7600=ORIENTED_EDGE('',*,*,#5899,.F.);
#7601=ORIENTED_EDGE('',*,*,#5900,.T.);
#7602=ORIENTED_EDGE('',*,*,#5901,.T.);
#7603=ORIENTED_EDGE('',*,*,#5902,.T.);
#7604=ORIENTED_EDGE('',*,*,#5903,.T.);
#7605=ORIENTED_EDGE('',*,*,#5835,.T.);
#7606=ORIENTED_EDGE('',*,*,#5904,.F.);
#7607=ORIENTED_EDGE('',*,*,#5905,.T.);
#7608=ORIENTED_EDGE('',*,*,#5892,.F.);
#7609=ORIENTED_EDGE('',*,*,#5832,.T.);
#7610=ORIENTED_EDGE('',*,*,#5906,.T.);
#7611=ORIENTED_EDGE('',*,*,#5907,.T.);
#7612=ORIENTED_EDGE('',*,*,#5908,.T.);
#7613=ORIENTED_EDGE('',*,*,#5909,.T.);
#7614=ORIENTED_EDGE('',*,*,#5910,.T.);
#7615=ORIENTED_EDGE('',*,*,#5911,.T.);
#7616=ORIENTED_EDGE('',*,*,#5912,.F.);
#7617=ORIENTED_EDGE('',*,*,#5913,.F.);
#7618=ORIENTED_EDGE('',*,*,#5914,.T.);
#7619=ORIENTED_EDGE('',*,*,#5915,.T.);
#7620=ORIENTED_EDGE('',*,*,#5916,.T.);
#7621=ORIENTED_EDGE('',*,*,#5917,.T.);
#7622=ORIENTED_EDGE('',*,*,#5831,.T.);
#7623=ORIENTED_EDGE('',*,*,#5918,.F.);
#7624=ORIENTED_EDGE('',*,*,#5919,.T.);
#7625=ORIENTED_EDGE('',*,*,#5906,.F.);
#7626=ORIENTED_EDGE('',*,*,#5828,.T.);
#7627=ORIENTED_EDGE('',*,*,#5920,.T.);
#7628=ORIENTED_EDGE('',*,*,#5921,.T.);
#7629=ORIENTED_EDGE('',*,*,#5922,.T.);
#7630=ORIENTED_EDGE('',*,*,#5923,.T.);
#7631=ORIENTED_EDGE('',*,*,#5924,.T.);
#7632=ORIENTED_EDGE('',*,*,#5925,.T.);
#7633=ORIENTED_EDGE('',*,*,#5926,.F.);
#7634=ORIENTED_EDGE('',*,*,#5927,.F.);
#7635=ORIENTED_EDGE('',*,*,#5928,.T.);
#7636=ORIENTED_EDGE('',*,*,#5929,.T.);
#7637=ORIENTED_EDGE('',*,*,#5930,.T.);
#7638=ORIENTED_EDGE('',*,*,#5931,.T.);
#7639=ORIENTED_EDGE('',*,*,#5827,.T.);
#7640=ORIENTED_EDGE('',*,*,#5932,.F.);
#7641=ORIENTED_EDGE('',*,*,#5933,.T.);
#7642=ORIENTED_EDGE('',*,*,#5920,.F.);
#7643=ORIENTED_EDGE('',*,*,#5824,.T.);
#7644=ORIENTED_EDGE('',*,*,#5934,.T.);
#7645=ORIENTED_EDGE('',*,*,#5935,.T.);
#7646=ORIENTED_EDGE('',*,*,#5936,.T.);
#7647=ORIENTED_EDGE('',*,*,#5937,.T.);
#7648=ORIENTED_EDGE('',*,*,#5938,.T.);
#7649=ORIENTED_EDGE('',*,*,#5939,.T.);
#7650=ORIENTED_EDGE('',*,*,#5940,.F.);
#7651=ORIENTED_EDGE('',*,*,#5941,.F.);
#7652=ORIENTED_EDGE('',*,*,#5942,.T.);
#7653=ORIENTED_EDGE('',*,*,#5943,.T.);
#7654=ORIENTED_EDGE('',*,*,#5944,.T.);
#7655=ORIENTED_EDGE('',*,*,#5945,.T.);
#7656=ORIENTED_EDGE('',*,*,#5823,.T.);
#7657=ORIENTED_EDGE('',*,*,#5946,.F.);
#7658=ORIENTED_EDGE('',*,*,#5947,.T.);
#7659=ORIENTED_EDGE('',*,*,#5934,.F.);
#7660=ORIENTED_EDGE('',*,*,#5820,.T.);
#7661=ORIENTED_EDGE('',*,*,#5948,.T.);
#7662=ORIENTED_EDGE('',*,*,#5949,.T.);
#7663=ORIENTED_EDGE('',*,*,#5950,.T.);
#7664=ORIENTED_EDGE('',*,*,#5951,.T.);
#7665=ORIENTED_EDGE('',*,*,#5952,.T.);
#7666=ORIENTED_EDGE('',*,*,#5953,.T.);
#7667=ORIENTED_EDGE('',*,*,#5954,.F.);
#7668=ORIENTED_EDGE('',*,*,#5955,.F.);
#7669=ORIENTED_EDGE('',*,*,#5956,.T.);
#7670=ORIENTED_EDGE('',*,*,#5957,.T.);
#7671=ORIENTED_EDGE('',*,*,#5958,.T.);
#7672=ORIENTED_EDGE('',*,*,#5959,.T.);
#7673=ORIENTED_EDGE('',*,*,#5819,.T.);
#7674=ORIENTED_EDGE('',*,*,#5960,.F.);
#7675=ORIENTED_EDGE('',*,*,#5961,.T.);
#7676=ORIENTED_EDGE('',*,*,#5948,.F.);
#7677=ORIENTED_EDGE('',*,*,#5816,.T.);
#7678=ORIENTED_EDGE('',*,*,#5962,.T.);
#7679=ORIENTED_EDGE('',*,*,#5963,.T.);
#7680=ORIENTED_EDGE('',*,*,#5964,.T.);
#7681=ORIENTED_EDGE('',*,*,#5965,.T.);
#7682=ORIENTED_EDGE('',*,*,#5966,.T.);
#7683=ORIENTED_EDGE('',*,*,#5967,.T.);
#7684=ORIENTED_EDGE('',*,*,#5968,.F.);
#7685=ORIENTED_EDGE('',*,*,#5969,.F.);
#7686=ORIENTED_EDGE('',*,*,#5970,.T.);
#7687=ORIENTED_EDGE('',*,*,#5971,.T.);
#7688=ORIENTED_EDGE('',*,*,#5972,.T.);
#7689=ORIENTED_EDGE('',*,*,#5973,.T.);
#7690=ORIENTED_EDGE('',*,*,#5815,.T.);
#7691=ORIENTED_EDGE('',*,*,#5974,.F.);
#7692=ORIENTED_EDGE('',*,*,#5975,.T.);
#7693=ORIENTED_EDGE('',*,*,#5962,.F.);
#7694=ORIENTED_EDGE('',*,*,#5812,.T.);
#7695=ORIENTED_EDGE('',*,*,#5976,.T.);
#7696=ORIENTED_EDGE('',*,*,#5977,.T.);
#7697=ORIENTED_EDGE('',*,*,#5978,.T.);
#7698=ORIENTED_EDGE('',*,*,#5979,.T.);
#7699=ORIENTED_EDGE('',*,*,#5980,.T.);
#7700=ORIENTED_EDGE('',*,*,#5981,.T.);
#7701=ORIENTED_EDGE('',*,*,#5982,.F.);
#7702=ORIENTED_EDGE('',*,*,#5983,.F.);
#7703=ORIENTED_EDGE('',*,*,#5984,.T.);
#7704=ORIENTED_EDGE('',*,*,#5985,.T.);
#7705=ORIENTED_EDGE('',*,*,#5986,.T.);
#7706=ORIENTED_EDGE('',*,*,#5987,.T.);
#7707=ORIENTED_EDGE('',*,*,#5811,.T.);
#7708=ORIENTED_EDGE('',*,*,#5988,.F.);
#7709=ORIENTED_EDGE('',*,*,#5989,.T.);
#7710=ORIENTED_EDGE('',*,*,#5976,.F.);
#7711=ORIENTED_EDGE('',*,*,#5808,.T.);
#7712=ORIENTED_EDGE('',*,*,#5990,.T.);
#7713=ORIENTED_EDGE('',*,*,#5991,.T.);
#7714=ORIENTED_EDGE('',*,*,#5992,.T.);
#7715=ORIENTED_EDGE('',*,*,#5993,.T.);
#7716=ORIENTED_EDGE('',*,*,#5994,.T.);
#7717=ORIENTED_EDGE('',*,*,#5995,.T.);
#7718=ORIENTED_EDGE('',*,*,#5996,.F.);
#7719=ORIENTED_EDGE('',*,*,#5997,.F.);
#7720=ORIENTED_EDGE('',*,*,#5998,.T.);
#7721=ORIENTED_EDGE('',*,*,#5999,.T.);
#7722=ORIENTED_EDGE('',*,*,#6000,.T.);
#7723=ORIENTED_EDGE('',*,*,#6001,.T.);
#7724=ORIENTED_EDGE('',*,*,#5807,.T.);
#7725=ORIENTED_EDGE('',*,*,#6002,.F.);
#7726=ORIENTED_EDGE('',*,*,#6003,.T.);
#7727=ORIENTED_EDGE('',*,*,#5990,.F.);
#7728=ORIENTED_EDGE('',*,*,#5804,.T.);
#7729=ORIENTED_EDGE('',*,*,#6004,.T.);
#7730=ORIENTED_EDGE('',*,*,#6005,.T.);
#7731=ORIENTED_EDGE('',*,*,#6006,.T.);
#7732=ORIENTED_EDGE('',*,*,#6007,.T.);
#7733=ORIENTED_EDGE('',*,*,#6008,.T.);
#7734=ORIENTED_EDGE('',*,*,#6009,.T.);
#7735=ORIENTED_EDGE('',*,*,#6010,.F.);
#7736=ORIENTED_EDGE('',*,*,#6011,.F.);
#7737=ORIENTED_EDGE('',*,*,#6012,.T.);
#7738=ORIENTED_EDGE('',*,*,#6013,.T.);
#7739=ORIENTED_EDGE('',*,*,#6014,.T.);
#7740=ORIENTED_EDGE('',*,*,#6015,.T.);
#7741=ORIENTED_EDGE('',*,*,#5803,.T.);
#7742=ORIENTED_EDGE('',*,*,#6016,.F.);
#7743=ORIENTED_EDGE('',*,*,#6017,.T.);
#7744=ORIENTED_EDGE('',*,*,#6004,.F.);
#7745=ORIENTED_EDGE('',*,*,#5800,.T.);
#7746=ORIENTED_EDGE('',*,*,#6018,.T.);
#7747=ORIENTED_EDGE('',*,*,#6019,.T.);
#7748=ORIENTED_EDGE('',*,*,#6020,.T.);
#7749=ORIENTED_EDGE('',*,*,#6021,.T.);
#7750=ORIENTED_EDGE('',*,*,#6022,.T.);
#7751=ORIENTED_EDGE('',*,*,#6023,.T.);
#7752=ORIENTED_EDGE('',*,*,#6024,.F.);
#7753=ORIENTED_EDGE('',*,*,#6025,.F.);
#7754=ORIENTED_EDGE('',*,*,#6026,.T.);
#7755=ORIENTED_EDGE('',*,*,#6027,.T.);
#7756=ORIENTED_EDGE('',*,*,#6028,.T.);
#7757=ORIENTED_EDGE('',*,*,#6029,.T.);
#7758=ORIENTED_EDGE('',*,*,#5799,.T.);
#7759=ORIENTED_EDGE('',*,*,#6030,.F.);
#7760=ORIENTED_EDGE('',*,*,#6031,.T.);
#7761=ORIENTED_EDGE('',*,*,#6018,.F.);
#7762=ORIENTED_EDGE('',*,*,#6032,.T.);
#7763=ORIENTED_EDGE('',*,*,#6033,.T.);
#7764=ORIENTED_EDGE('',*,*,#6034,.T.);
#7765=ORIENTED_EDGE('',*,*,#6035,.F.);
#7766=ORIENTED_EDGE('',*,*,#6036,.T.);
#7767=ORIENTED_EDGE('',*,*,#6037,.T.);
#7768=ORIENTED_EDGE('',*,*,#6038,.T.);
#7769=ORIENTED_EDGE('',*,*,#6034,.F.);
#7770=ORIENTED_EDGE('',*,*,#6039,.F.);
#7771=ORIENTED_EDGE('',*,*,#6040,.T.);
#7772=ORIENTED_EDGE('',*,*,#6037,.F.);
#7773=ORIENTED_EDGE('',*,*,#6041,.F.);
#7774=ORIENTED_EDGE('',*,*,#6042,.T.);
#7775=ORIENTED_EDGE('',*,*,#6043,.T.);
#7776=ORIENTED_EDGE('',*,*,#6044,.T.);
#7777=ORIENTED_EDGE('',*,*,#6045,.T.);
#7778=ORIENTED_EDGE('',*,*,#6046,.T.);
#7779=ORIENTED_EDGE('',*,*,#6047,.T.);
#7780=ORIENTED_EDGE('',*,*,#6048,.T.);
#7781=ORIENTED_EDGE('',*,*,#6049,.T.);
#7782=ORIENTED_EDGE('',*,*,#6050,.T.);
#7783=ORIENTED_EDGE('',*,*,#6051,.T.);
#7784=ORIENTED_EDGE('',*,*,#6052,.T.);
#7785=ORIENTED_EDGE('',*,*,#6053,.T.);
#7786=ORIENTED_EDGE('',*,*,#6054,.T.);
#7787=ORIENTED_EDGE('',*,*,#6055,.T.);
#7788=ORIENTED_EDGE('',*,*,#6056,.T.);
#7789=ORIENTED_EDGE('',*,*,#6057,.T.);
#7790=ORIENTED_EDGE('',*,*,#6058,.T.);
#7791=ORIENTED_EDGE('',*,*,#6059,.T.);
#7792=ORIENTED_EDGE('',*,*,#6060,.T.);
#7793=ORIENTED_EDGE('',*,*,#6061,.T.);
#7794=ORIENTED_EDGE('',*,*,#6062,.T.);
#7795=ORIENTED_EDGE('',*,*,#6063,.T.);
#7796=ORIENTED_EDGE('',*,*,#6064,.T.);
#7797=ORIENTED_EDGE('',*,*,#6065,.T.);
#7798=ORIENTED_EDGE('',*,*,#6066,.T.);
#7799=ORIENTED_EDGE('',*,*,#6067,.T.);
#7800=ORIENTED_EDGE('',*,*,#6068,.T.);
#7801=ORIENTED_EDGE('',*,*,#6069,.T.);
#7802=ORIENTED_EDGE('',*,*,#6070,.T.);
#7803=ORIENTED_EDGE('',*,*,#6071,.T.);
#7804=ORIENTED_EDGE('',*,*,#6072,.T.);
#7805=ORIENTED_EDGE('',*,*,#6073,.T.);
#7806=ORIENTED_EDGE('',*,*,#6074,.T.);
#7807=ORIENTED_EDGE('',*,*,#6075,.T.);
#7808=ORIENTED_EDGE('',*,*,#6076,.T.);
#7809=ORIENTED_EDGE('',*,*,#6077,.T.);
#7810=ORIENTED_EDGE('',*,*,#6078,.T.);
#7811=ORIENTED_EDGE('',*,*,#6079,.T.);
#7812=ORIENTED_EDGE('',*,*,#6080,.T.);
#7813=ORIENTED_EDGE('',*,*,#5898,.T.);
#7814=ORIENTED_EDGE('',*,*,#6081,.T.);
#7815=ORIENTED_EDGE('',*,*,#6082,.T.);
#7816=ORIENTED_EDGE('',*,*,#6083,.T.);
#7817=ORIENTED_EDGE('',*,*,#5912,.T.);
#7818=ORIENTED_EDGE('',*,*,#6084,.T.);
#7819=ORIENTED_EDGE('',*,*,#6085,.T.);
#7820=ORIENTED_EDGE('',*,*,#6086,.T.);
#7821=ORIENTED_EDGE('',*,*,#5926,.T.);
#7822=ORIENTED_EDGE('',*,*,#6087,.T.);
#7823=ORIENTED_EDGE('',*,*,#6088,.T.);
#7824=ORIENTED_EDGE('',*,*,#6089,.T.);
#7825=ORIENTED_EDGE('',*,*,#5940,.T.);
#7826=ORIENTED_EDGE('',*,*,#6090,.T.);
#7827=ORIENTED_EDGE('',*,*,#6091,.T.);
#7828=ORIENTED_EDGE('',*,*,#6092,.T.);
#7829=ORIENTED_EDGE('',*,*,#5954,.T.);
#7830=ORIENTED_EDGE('',*,*,#6093,.T.);
#7831=ORIENTED_EDGE('',*,*,#6094,.T.);
#7832=ORIENTED_EDGE('',*,*,#6095,.T.);
#7833=ORIENTED_EDGE('',*,*,#5968,.T.);
#7834=ORIENTED_EDGE('',*,*,#6096,.T.);
#7835=ORIENTED_EDGE('',*,*,#6097,.T.);
#7836=ORIENTED_EDGE('',*,*,#6098,.T.);
#7837=ORIENTED_EDGE('',*,*,#5982,.T.);
#7838=ORIENTED_EDGE('',*,*,#6099,.T.);
#7839=ORIENTED_EDGE('',*,*,#6100,.T.);
#7840=ORIENTED_EDGE('',*,*,#6101,.T.);
#7841=ORIENTED_EDGE('',*,*,#5996,.T.);
#7842=ORIENTED_EDGE('',*,*,#6102,.T.);
#7843=ORIENTED_EDGE('',*,*,#6103,.T.);
#7844=ORIENTED_EDGE('',*,*,#6104,.T.);
#7845=ORIENTED_EDGE('',*,*,#6010,.T.);
#7846=ORIENTED_EDGE('',*,*,#6105,.T.);
#7847=ORIENTED_EDGE('',*,*,#6106,.T.);
#7848=ORIENTED_EDGE('',*,*,#6107,.T.);
#7849=ORIENTED_EDGE('',*,*,#6024,.T.);
#7850=ORIENTED_EDGE('',*,*,#6108,.T.);
#7851=ORIENTED_EDGE('',*,*,#6109,.T.);
#7852=ORIENTED_EDGE('',*,*,#6110,.T.);
#7853=ORIENTED_EDGE('',*,*,#6111,.T.);
#7854=ORIENTED_EDGE('',*,*,#6112,.T.);
#7855=ORIENTED_EDGE('',*,*,#6113,.T.);
#7856=ORIENTED_EDGE('',*,*,#6114,.T.);
#7857=ORIENTED_EDGE('',*,*,#6115,.T.);
#7858=ORIENTED_EDGE('',*,*,#6116,.T.);
#7859=ORIENTED_EDGE('',*,*,#6117,.T.);
#7860=ORIENTED_EDGE('',*,*,#6118,.T.);
#7861=ORIENTED_EDGE('',*,*,#6119,.T.);
#7862=ORIENTED_EDGE('',*,*,#5664,.T.);
#7863=ORIENTED_EDGE('',*,*,#5693,.T.);
#7864=ORIENTED_EDGE('',*,*,#5690,.T.);
#7865=ORIENTED_EDGE('',*,*,#5687,.T.);
#7866=ORIENTED_EDGE('',*,*,#5684,.T.);
#7867=ORIENTED_EDGE('',*,*,#5660,.T.);
#7868=ORIENTED_EDGE('',*,*,#5709,.T.);
#7869=ORIENTED_EDGE('',*,*,#5704,.T.);
#7870=ORIENTED_EDGE('',*,*,#5668,.T.);
#7871=ORIENTED_EDGE('',*,*,#5682,.T.);
#7872=ORIENTED_EDGE('',*,*,#5679,.T.);
#7873=ORIENTED_EDGE('',*,*,#6120,.T.);
#7874=ORIENTED_EDGE('',*,*,#6121,.T.);
#7875=ORIENTED_EDGE('',*,*,#6122,.T.);
#7876=ORIENTED_EDGE('',*,*,#5752,.T.);
#7877=ORIENTED_EDGE('',*,*,#6123,.T.);
#7878=ORIENTED_EDGE('',*,*,#6124,.T.);
#7879=ORIENTED_EDGE('',*,*,#6125,.T.);
#7880=ORIENTED_EDGE('',*,*,#5675,.T.);
#7881=ORIENTED_EDGE('',*,*,#5672,.T.);
#7882=ORIENTED_EDGE('',*,*,#5710,.T.);
#7883=ORIENTED_EDGE('',*,*,#5733,.T.);
#7884=ORIENTED_EDGE('',*,*,#5747,.T.);
#7885=ORIENTED_EDGE('',*,*,#5749,.T.);
#7886=ORIENTED_EDGE('',*,*,#5726,.T.);
#7887=ORIENTED_EDGE('',*,*,#5723,.T.);
#7888=ORIENTED_EDGE('',*,*,#5714,.T.);
#7889=ORIENTED_EDGE('',*,*,#5742,.T.);
#7890=ORIENTED_EDGE('',*,*,#6126,.T.);
#7891=ORIENTED_EDGE('',*,*,#6127,.T.);
#7892=ORIENTED_EDGE('',*,*,#6128,.T.);
#7893=ORIENTED_EDGE('',*,*,#6129,.T.);
#7894=ORIENTED_EDGE('',*,*,#6130,.T.);
#7895=ORIENTED_EDGE('',*,*,#6131,.T.);
#7896=ORIENTED_EDGE('',*,*,#6132,.T.);
#7897=ORIENTED_EDGE('',*,*,#6133,.T.);
#7898=ORIENTED_EDGE('',*,*,#6134,.T.);
#7899=ORIENTED_EDGE('',*,*,#6135,.T.);
#7900=ORIENTED_EDGE('',*,*,#6136,.T.);
#7901=ORIENTED_EDGE('',*,*,#6137,.T.);
#7902=ORIENTED_EDGE('',*,*,#6138,.T.);
#7903=ORIENTED_EDGE('',*,*,#6139,.T.);
#7904=ORIENTED_EDGE('',*,*,#6140,.T.);
#7905=ORIENTED_EDGE('',*,*,#6141,.T.);
#7906=ORIENTED_EDGE('',*,*,#6142,.T.);
#7907=ORIENTED_EDGE('',*,*,#6143,.T.);
#7908=ORIENTED_EDGE('',*,*,#6144,.T.);
#7909=ORIENTED_EDGE('',*,*,#6145,.T.);
#7910=ORIENTED_EDGE('',*,*,#6146,.T.);
#7911=ORIENTED_EDGE('',*,*,#6147,.T.);
#7912=ORIENTED_EDGE('',*,*,#6148,.T.);
#7913=ORIENTED_EDGE('',*,*,#6149,.T.);
#7914=ORIENTED_EDGE('',*,*,#6150,.T.);
#7915=ORIENTED_EDGE('',*,*,#6151,.T.);
#7916=ORIENTED_EDGE('',*,*,#6152,.T.);
#7917=ORIENTED_EDGE('',*,*,#6153,.T.);
#7918=ORIENTED_EDGE('',*,*,#6154,.T.);
#7919=ORIENTED_EDGE('',*,*,#6155,.T.);
#7920=ORIENTED_EDGE('',*,*,#6156,.T.);
#7921=ORIENTED_EDGE('',*,*,#6157,.T.);
#7922=ORIENTED_EDGE('',*,*,#6158,.T.);
#7923=ORIENTED_EDGE('',*,*,#6159,.T.);
#7924=ORIENTED_EDGE('',*,*,#6160,.T.);
#7925=ORIENTED_EDGE('',*,*,#6161,.T.);
#7926=ORIENTED_EDGE('',*,*,#6162,.T.);
#7927=ORIENTED_EDGE('',*,*,#6163,.T.);
#7928=ORIENTED_EDGE('',*,*,#6164,.T.);
#7929=ORIENTED_EDGE('',*,*,#6165,.T.);
#7930=ORIENTED_EDGE('',*,*,#6166,.T.);
#7931=ORIENTED_EDGE('',*,*,#6167,.T.);
#7932=ORIENTED_EDGE('',*,*,#6168,.T.);
#7933=ORIENTED_EDGE('',*,*,#6169,.T.);
#7934=ORIENTED_EDGE('',*,*,#6170,.T.);
#7935=ORIENTED_EDGE('',*,*,#6171,.T.);
#7936=ORIENTED_EDGE('',*,*,#6172,.T.);
#7937=ORIENTED_EDGE('',*,*,#6173,.T.);
#7938=ORIENTED_EDGE('',*,*,#6174,.T.);
#7939=ORIENTED_EDGE('',*,*,#6175,.T.);
#7940=ORIENTED_EDGE('',*,*,#6176,.T.);
#7941=ORIENTED_EDGE('',*,*,#6177,.T.);
#7942=ORIENTED_EDGE('',*,*,#6178,.T.);
#7943=ORIENTED_EDGE('',*,*,#6179,.T.);
#7944=ORIENTED_EDGE('',*,*,#6180,.T.);
#7945=ORIENTED_EDGE('',*,*,#6181,.T.);
#7946=ORIENTED_EDGE('',*,*,#6182,.T.);
#7947=ORIENTED_EDGE('',*,*,#6183,.T.);
#7948=ORIENTED_EDGE('',*,*,#6184,.T.);
#7949=ORIENTED_EDGE('',*,*,#6185,.T.);
#7950=ORIENTED_EDGE('',*,*,#6186,.T.);
#7951=ORIENTED_EDGE('',*,*,#6187,.T.);
#7952=ORIENTED_EDGE('',*,*,#6188,.T.);
#7953=ORIENTED_EDGE('',*,*,#6189,.T.);
#7954=ORIENTED_EDGE('',*,*,#6190,.T.);
#7955=ORIENTED_EDGE('',*,*,#6191,.T.);
#7956=ORIENTED_EDGE('',*,*,#6192,.T.);
#7957=ORIENTED_EDGE('',*,*,#6193,.T.);
#7958=ORIENTED_EDGE('',*,*,#6194,.T.);
#7959=ORIENTED_EDGE('',*,*,#6195,.T.);
#7960=ORIENTED_EDGE('',*,*,#6196,.T.);
#7961=ORIENTED_EDGE('',*,*,#6197,.T.);
#7962=ORIENTED_EDGE('',*,*,#6198,.T.);
#7963=ORIENTED_EDGE('',*,*,#6199,.T.);
#7964=ORIENTED_EDGE('',*,*,#6200,.T.);
#7965=ORIENTED_EDGE('',*,*,#6201,.T.);
#7966=ORIENTED_EDGE('',*,*,#6202,.T.);
#7967=ORIENTED_EDGE('',*,*,#6203,.T.);
#7968=ORIENTED_EDGE('',*,*,#6204,.T.);
#7969=ORIENTED_EDGE('',*,*,#6205,.T.);
#7970=ORIENTED_EDGE('',*,*,#6206,.T.);
#7971=ORIENTED_EDGE('',*,*,#5626,.T.);
#7972=ORIENTED_EDGE('',*,*,#5622,.T.);
#7973=ORIENTED_EDGE('',*,*,#5637,.T.);
#7974=ORIENTED_EDGE('',*,*,#5650,.T.);
#7975=ORIENTED_EDGE('',*,*,#5618,.T.);
#7976=ORIENTED_EDGE('',*,*,#5634,.T.);
#7977=ORIENTED_EDGE('',*,*,#5655,.T.);
#7978=ORIENTED_EDGE('',*,*,#5657,.T.);
#7979=ORIENTED_EDGE('',*,*,#6207,.T.);
#7980=ORIENTED_EDGE('',*,*,#6208,.T.);
#7981=ORIENTED_EDGE('',*,*,#6209,.T.);
#7982=ORIENTED_EDGE('',*,*,#6210,.F.);
#7983=ORIENTED_EDGE('',*,*,#6211,.T.);
#7984=ORIENTED_EDGE('',*,*,#6212,.T.);
#7985=ORIENTED_EDGE('',*,*,#6213,.T.);
#7986=ORIENTED_EDGE('',*,*,#6209,.F.);
#7987=ORIENTED_EDGE('',*,*,#6214,.F.);
#7988=ORIENTED_EDGE('',*,*,#6215,.T.);
#7989=ORIENTED_EDGE('',*,*,#6212,.F.);
#7990=ORIENTED_EDGE('',*,*,#6216,.F.);
#7991=ORIENTED_EDGE('',*,*,#6217,.F.);
#7992=ORIENTED_EDGE('',*,*,#6218,.F.);
#7993=ORIENTED_EDGE('',*,*,#6219,.F.);
#7994=ORIENTED_EDGE('',*,*,#6220,.F.);
#7995=ORIENTED_EDGE('',*,*,#6221,.T.);
#7996=ORIENTED_EDGE('',*,*,#6219,.T.);
#7997=ORIENTED_EDGE('',*,*,#6222,.T.);
#7998=ORIENTED_EDGE('',*,*,#5777,.T.);
#7999=ORIENTED_EDGE('',*,*,#6223,.T.);
#8000=ORIENTED_EDGE('',*,*,#6224,.T.);
#8001=ORIENTED_EDGE('',*,*,#6225,.F.);
#8002=ORIENTED_EDGE('',*,*,#6226,.F.);
#8003=ORIENTED_EDGE('',*,*,#6227,.T.);
#8004=ORIENTED_EDGE('',*,*,#6228,.F.);
#8005=ORIENTED_EDGE('',*,*,#6229,.F.);
#8006=ORIENTED_EDGE('',*,*,#6060,.F.);
#8007=ORIENTED_EDGE('',*,*,#6223,.F.);
#8008=ORIENTED_EDGE('',*,*,#6230,.T.);
#8009=ORIENTED_EDGE('',*,*,#5766,.T.);
#8010=ORIENTED_EDGE('',*,*,#6222,.F.);
#8011=ORIENTED_EDGE('',*,*,#6218,.T.);
#8012=ORIENTED_EDGE('',*,*,#6231,.F.);
#8013=ORIENTED_EDGE('',*,*,#6232,.F.);
#8014=ORIENTED_EDGE('',*,*,#6233,.F.);
#8015=ORIENTED_EDGE('',*,*,#6234,.F.);
#8016=ORIENTED_EDGE('',*,*,#6235,.T.);
#8017=ORIENTED_EDGE('',*,*,#6233,.T.);
#8018=ORIENTED_EDGE('',*,*,#6236,.T.);
#8019=ORIENTED_EDGE('',*,*,#5773,.T.);
#8020=ORIENTED_EDGE('',*,*,#6237,.T.);
#8021=ORIENTED_EDGE('',*,*,#6238,.T.);
#8022=ORIENTED_EDGE('',*,*,#6239,.F.);
#8023=ORIENTED_EDGE('',*,*,#6240,.F.);
#8024=ORIENTED_EDGE('',*,*,#6241,.T.);
#8025=ORIENTED_EDGE('',*,*,#6242,.F.);
#8026=ORIENTED_EDGE('',*,*,#6243,.F.);
#8027=ORIENTED_EDGE('',*,*,#6070,.F.);
#8028=ORIENTED_EDGE('',*,*,#6237,.F.);
#8029=ORIENTED_EDGE('',*,*,#6244,.F.);
#8030=ORIENTED_EDGE('',*,*,#5774,.F.);
#8031=ORIENTED_EDGE('',*,*,#6236,.F.);
#8032=ORIENTED_EDGE('',*,*,#6232,.T.);
#8033=ORIENTED_EDGE('',*,*,#6245,.T.);
#8034=ORIENTED_EDGE('',*,*,#6229,.T.);
#8035=ORIENTED_EDGE('',*,*,#6246,.T.);
#8036=ORIENTED_EDGE('',*,*,#6247,.F.);
#8037=ORIENTED_EDGE('',*,*,#6228,.T.);
#8038=ORIENTED_EDGE('',*,*,#6248,.T.);
#8039=ORIENTED_EDGE('',*,*,#6249,.T.);
#8040=ORIENTED_EDGE('',*,*,#6246,.F.);
#8041=ORIENTED_EDGE('',*,*,#6217,.T.);
#8042=ORIENTED_EDGE('',*,*,#6250,.T.);
#8043=ORIENTED_EDGE('',*,*,#6248,.F.);
#8044=ORIENTED_EDGE('',*,*,#6227,.F.);
#8045=ORIENTED_EDGE('',*,*,#6225,.T.);
#8046=ORIENTED_EDGE('',*,*,#6068,.F.);
#8047=ORIENTED_EDGE('',*,*,#6247,.T.);
#8048=ORIENTED_EDGE('',*,*,#6249,.F.);
#8049=ORIENTED_EDGE('',*,*,#6250,.F.);
#8050=ORIENTED_EDGE('',*,*,#6220,.T.);
#8051=ORIENTED_EDGE('',*,*,#6221,.F.);
#8052=ORIENTED_EDGE('',*,*,#5776,.T.);
#8053=ORIENTED_EDGE('',*,*,#6251,.T.);
#8054=ORIENTED_EDGE('',*,*,#5842,.T.);
#8055=ORIENTED_EDGE('',*,*,#6230,.F.);
#8056=ORIENTED_EDGE('',*,*,#6226,.T.);
#8057=ORIENTED_EDGE('',*,*,#6251,.F.);
#8058=ORIENTED_EDGE('',*,*,#6252,.T.);
#8059=ORIENTED_EDGE('',*,*,#6243,.T.);
#8060=ORIENTED_EDGE('',*,*,#6253,.T.);
#8061=ORIENTED_EDGE('',*,*,#6254,.F.);
#8062=ORIENTED_EDGE('',*,*,#6242,.T.);
#8063=ORIENTED_EDGE('',*,*,#6255,.T.);
#8064=ORIENTED_EDGE('',*,*,#6256,.T.);
#8065=ORIENTED_EDGE('',*,*,#6253,.F.);
#8066=ORIENTED_EDGE('',*,*,#6231,.T.);
#8067=ORIENTED_EDGE('',*,*,#6257,.T.);
#8068=ORIENTED_EDGE('',*,*,#6255,.F.);
#8069=ORIENTED_EDGE('',*,*,#6241,.F.);
#8070=ORIENTED_EDGE('',*,*,#6239,.T.);
#8071=ORIENTED_EDGE('',*,*,#6078,.F.);
#8072=ORIENTED_EDGE('',*,*,#6254,.T.);
#8073=ORIENTED_EDGE('',*,*,#6256,.F.);
#8074=ORIENTED_EDGE('',*,*,#6257,.F.);
#8075=ORIENTED_EDGE('',*,*,#6234,.T.);
#8076=ORIENTED_EDGE('',*,*,#6235,.F.);
#8077=ORIENTED_EDGE('',*,*,#5772,.T.);
#8078=ORIENTED_EDGE('',*,*,#6258,.T.);
#8079=ORIENTED_EDGE('',*,*,#5843,.T.);
#8080=ORIENTED_EDGE('',*,*,#6244,.T.);
#8081=ORIENTED_EDGE('',*,*,#6240,.T.);
#8082=ORIENTED_EDGE('',*,*,#6258,.F.);
#8083=ORIENTED_EDGE('',*,*,#6259,.F.);
#8084=ORIENTED_EDGE('',*,*,#6260,.F.);
#8085=ORIENTED_EDGE('',*,*,#6261,.T.);
#8086=ORIENTED_EDGE('',*,*,#5900,.F.);
#8087=ORIENTED_EDGE('',*,*,#5834,.T.);
#8088=ORIENTED_EDGE('',*,*,#6262,.T.);
#8089=ORIENTED_EDGE('',*,*,#6263,.T.);
#8090=ORIENTED_EDGE('',*,*,#6264,.T.);
#8091=ORIENTED_EDGE('',*,*,#6260,.T.);
#8092=ORIENTED_EDGE('',*,*,#6265,.F.);
#8093=ORIENTED_EDGE('',*,*,#6082,.F.);
#8094=ORIENTED_EDGE('',*,*,#6266,.T.);
#8095=ORIENTED_EDGE('',*,*,#6267,.T.);
#8096=ORIENTED_EDGE('',*,*,#6268,.T.);
#8097=ORIENTED_EDGE('',*,*,#6269,.T.);
#8098=ORIENTED_EDGE('',*,*,#6270,.T.);
#8099=ORIENTED_EDGE('',*,*,#5904,.T.);
#8100=ORIENTED_EDGE('',*,*,#6271,.F.);
#8101=ORIENTED_EDGE('',*,*,#5895,.F.);
#8102=ORIENTED_EDGE('',*,*,#6272,.F.);
#8103=ORIENTED_EDGE('',*,*,#6268,.F.);
#8104=ORIENTED_EDGE('',*,*,#6272,.T.);
#8105=ORIENTED_EDGE('',*,*,#5894,.F.);
#8106=ORIENTED_EDGE('',*,*,#6273,.F.);
#8107=ORIENTED_EDGE('',*,*,#6269,.F.);
#8108=ORIENTED_EDGE('',*,*,#6273,.T.);
#8109=ORIENTED_EDGE('',*,*,#5893,.F.);
#8110=ORIENTED_EDGE('',*,*,#5905,.F.);
#8111=ORIENTED_EDGE('',*,*,#6270,.F.);
#8112=ORIENTED_EDGE('',*,*,#5837,.T.);
#8113=ORIENTED_EDGE('',*,*,#5903,.F.);
#8114=ORIENTED_EDGE('',*,*,#6274,.F.);
#8115=ORIENTED_EDGE('',*,*,#6262,.F.);
#8116=ORIENTED_EDGE('',*,*,#6274,.T.);
#8117=ORIENTED_EDGE('',*,*,#5902,.F.);
#8118=ORIENTED_EDGE('',*,*,#6275,.F.);
#8119=ORIENTED_EDGE('',*,*,#6263,.F.);
#8120=ORIENTED_EDGE('',*,*,#6275,.T.);
#8121=ORIENTED_EDGE('',*,*,#5901,.F.);
#8122=ORIENTED_EDGE('',*,*,#6261,.F.);
#8123=ORIENTED_EDGE('',*,*,#6264,.F.);
#8124=ORIENTED_EDGE('',*,*,#6081,.F.);
#8125=ORIENTED_EDGE('',*,*,#5897,.F.);
#8126=ORIENTED_EDGE('',*,*,#6276,.F.);
#8127=ORIENTED_EDGE('',*,*,#6266,.F.);
#8128=ORIENTED_EDGE('',*,*,#6276,.T.);
#8129=ORIENTED_EDGE('',*,*,#5896,.F.);
#8130=ORIENTED_EDGE('',*,*,#6271,.T.);
#8131=ORIENTED_EDGE('',*,*,#6267,.F.);
#8132=ORIENTED_EDGE('',*,*,#6277,.F.);
#8133=ORIENTED_EDGE('',*,*,#6278,.F.);
#8134=ORIENTED_EDGE('',*,*,#6279,.T.);
#8135=ORIENTED_EDGE('',*,*,#5914,.F.);
#8136=ORIENTED_EDGE('',*,*,#5830,.T.);
#8137=ORIENTED_EDGE('',*,*,#6280,.T.);
#8138=ORIENTED_EDGE('',*,*,#6281,.T.);
#8139=ORIENTED_EDGE('',*,*,#6282,.T.);
#8140=ORIENTED_EDGE('',*,*,#6278,.T.);
#8141=ORIENTED_EDGE('',*,*,#6283,.F.);
#8142=ORIENTED_EDGE('',*,*,#6085,.F.);
#8143=ORIENTED_EDGE('',*,*,#6284,.T.);
#8144=ORIENTED_EDGE('',*,*,#6285,.T.);
#8145=ORIENTED_EDGE('',*,*,#6286,.T.);
#8146=ORIENTED_EDGE('',*,*,#6287,.T.);
#8147=ORIENTED_EDGE('',*,*,#6288,.T.);
#8148=ORIENTED_EDGE('',*,*,#5918,.T.);
#8149=ORIENTED_EDGE('',*,*,#6289,.F.);
#8150=ORIENTED_EDGE('',*,*,#5909,.F.);
#8151=ORIENTED_EDGE('',*,*,#6290,.F.);
#8152=ORIENTED_EDGE('',*,*,#6286,.F.);
#8153=ORIENTED_EDGE('',*,*,#6290,.T.);
#8154=ORIENTED_EDGE('',*,*,#5908,.F.);
#8155=ORIENTED_EDGE('',*,*,#6291,.F.);
#8156=ORIENTED_EDGE('',*,*,#6287,.F.);
#8157=ORIENTED_EDGE('',*,*,#6291,.T.);
#8158=ORIENTED_EDGE('',*,*,#5907,.F.);
#8159=ORIENTED_EDGE('',*,*,#5919,.F.);
#8160=ORIENTED_EDGE('',*,*,#6288,.F.);
#8161=ORIENTED_EDGE('',*,*,#5833,.T.);
#8162=ORIENTED_EDGE('',*,*,#5917,.F.);
#8163=ORIENTED_EDGE('',*,*,#6292,.F.);
#8164=ORIENTED_EDGE('',*,*,#6280,.F.);
#8165=ORIENTED_EDGE('',*,*,#6292,.T.);
#8166=ORIENTED_EDGE('',*,*,#5916,.F.);
#8167=ORIENTED_EDGE('',*,*,#6293,.F.);
#8168=ORIENTED_EDGE('',*,*,#6281,.F.);
#8169=ORIENTED_EDGE('',*,*,#6293,.T.);
#8170=ORIENTED_EDGE('',*,*,#5915,.F.);
#8171=ORIENTED_EDGE('',*,*,#6279,.F.);
#8172=ORIENTED_EDGE('',*,*,#6282,.F.);
#8173=ORIENTED_EDGE('',*,*,#6084,.F.);
#8174=ORIENTED_EDGE('',*,*,#5911,.F.);
#8175=ORIENTED_EDGE('',*,*,#6294,.F.);
#8176=ORIENTED_EDGE('',*,*,#6284,.F.);
#8177=ORIENTED_EDGE('',*,*,#6294,.T.);
#8178=ORIENTED_EDGE('',*,*,#5910,.F.);
#8179=ORIENTED_EDGE('',*,*,#6289,.T.);
#8180=ORIENTED_EDGE('',*,*,#6285,.F.);
#8181=ORIENTED_EDGE('',*,*,#6295,.F.);
#8182=ORIENTED_EDGE('',*,*,#6296,.F.);
#8183=ORIENTED_EDGE('',*,*,#6297,.T.);
#8184=ORIENTED_EDGE('',*,*,#5928,.F.);
#8185=ORIENTED_EDGE('',*,*,#5826,.T.);
#8186=ORIENTED_EDGE('',*,*,#6298,.T.);
#8187=ORIENTED_EDGE('',*,*,#6299,.T.);
#8188=ORIENTED_EDGE('',*,*,#6300,.T.);
#8189=ORIENTED_EDGE('',*,*,#6296,.T.);
#8190=ORIENTED_EDGE('',*,*,#6301,.F.);
#8191=ORIENTED_EDGE('',*,*,#6088,.F.);
#8192=ORIENTED_EDGE('',*,*,#6302,.T.);
#8193=ORIENTED_EDGE('',*,*,#6303,.T.);
#8194=ORIENTED_EDGE('',*,*,#6304,.T.);
#8195=ORIENTED_EDGE('',*,*,#6305,.T.);
#8196=ORIENTED_EDGE('',*,*,#6306,.T.);
#8197=ORIENTED_EDGE('',*,*,#5932,.T.);
#8198=ORIENTED_EDGE('',*,*,#6307,.F.);
#8199=ORIENTED_EDGE('',*,*,#5923,.F.);
#8200=ORIENTED_EDGE('',*,*,#6308,.F.);
#8201=ORIENTED_EDGE('',*,*,#6304,.F.);
#8202=ORIENTED_EDGE('',*,*,#6308,.T.);
#8203=ORIENTED_EDGE('',*,*,#5922,.F.);
#8204=ORIENTED_EDGE('',*,*,#6309,.F.);
#8205=ORIENTED_EDGE('',*,*,#6305,.F.);
#8206=ORIENTED_EDGE('',*,*,#6309,.T.);
#8207=ORIENTED_EDGE('',*,*,#5921,.F.);
#8208=ORIENTED_EDGE('',*,*,#5933,.F.);
#8209=ORIENTED_EDGE('',*,*,#6306,.F.);
#8210=ORIENTED_EDGE('',*,*,#5829,.T.);
#8211=ORIENTED_EDGE('',*,*,#5931,.F.);
#8212=ORIENTED_EDGE('',*,*,#6310,.F.);
#8213=ORIENTED_EDGE('',*,*,#6298,.F.);
#8214=ORIENTED_EDGE('',*,*,#6310,.T.);
#8215=ORIENTED_EDGE('',*,*,#5930,.F.);
#8216=ORIENTED_EDGE('',*,*,#6311,.F.);
#8217=ORIENTED_EDGE('',*,*,#6299,.F.);
#8218=ORIENTED_EDGE('',*,*,#6311,.T.);
#8219=ORIENTED_EDGE('',*,*,#5929,.F.);
#8220=ORIENTED_EDGE('',*,*,#6297,.F.);
#8221=ORIENTED_EDGE('',*,*,#6300,.F.);
#8222=ORIENTED_EDGE('',*,*,#6087,.F.);
#8223=ORIENTED_EDGE('',*,*,#5925,.F.);
#8224=ORIENTED_EDGE('',*,*,#6312,.F.);
#8225=ORIENTED_EDGE('',*,*,#6302,.F.);
#8226=ORIENTED_EDGE('',*,*,#6312,.T.);
#8227=ORIENTED_EDGE('',*,*,#5924,.F.);
#8228=ORIENTED_EDGE('',*,*,#6307,.T.);
#8229=ORIENTED_EDGE('',*,*,#6303,.F.);
#8230=ORIENTED_EDGE('',*,*,#6313,.F.);
#8231=ORIENTED_EDGE('',*,*,#6314,.F.);
#8232=ORIENTED_EDGE('',*,*,#6315,.T.);
#8233=ORIENTED_EDGE('',*,*,#5942,.F.);
#8234=ORIENTED_EDGE('',*,*,#5822,.T.);
#8235=ORIENTED_EDGE('',*,*,#6316,.T.);
#8236=ORIENTED_EDGE('',*,*,#6317,.T.);
#8237=ORIENTED_EDGE('',*,*,#6318,.T.);
#8238=ORIENTED_EDGE('',*,*,#6314,.T.);
#8239=ORIENTED_EDGE('',*,*,#6319,.F.);
#8240=ORIENTED_EDGE('',*,*,#6091,.F.);
#8241=ORIENTED_EDGE('',*,*,#6320,.T.);
#8242=ORIENTED_EDGE('',*,*,#6321,.T.);
#8243=ORIENTED_EDGE('',*,*,#6322,.T.);
#8244=ORIENTED_EDGE('',*,*,#6323,.T.);
#8245=ORIENTED_EDGE('',*,*,#6324,.T.);
#8246=ORIENTED_EDGE('',*,*,#5946,.T.);
#8247=ORIENTED_EDGE('',*,*,#6325,.F.);
#8248=ORIENTED_EDGE('',*,*,#5937,.F.);
#8249=ORIENTED_EDGE('',*,*,#6326,.F.);
#8250=ORIENTED_EDGE('',*,*,#6322,.F.);
#8251=ORIENTED_EDGE('',*,*,#6326,.T.);
#8252=ORIENTED_EDGE('',*,*,#5936,.F.);
#8253=ORIENTED_EDGE('',*,*,#6327,.F.);
#8254=ORIENTED_EDGE('',*,*,#6323,.F.);
#8255=ORIENTED_EDGE('',*,*,#6327,.T.);
#8256=ORIENTED_EDGE('',*,*,#5935,.F.);
#8257=ORIENTED_EDGE('',*,*,#5947,.F.);
#8258=ORIENTED_EDGE('',*,*,#6324,.F.);
#8259=ORIENTED_EDGE('',*,*,#5825,.T.);
#8260=ORIENTED_EDGE('',*,*,#5945,.F.);
#8261=ORIENTED_EDGE('',*,*,#6328,.F.);
#8262=ORIENTED_EDGE('',*,*,#6316,.F.);
#8263=ORIENTED_EDGE('',*,*,#6328,.T.);
#8264=ORIENTED_EDGE('',*,*,#5944,.F.);
#8265=ORIENTED_EDGE('',*,*,#6329,.F.);
#8266=ORIENTED_EDGE('',*,*,#6317,.F.);
#8267=ORIENTED_EDGE('',*,*,#6329,.T.);
#8268=ORIENTED_EDGE('',*,*,#5943,.F.);
#8269=ORIENTED_EDGE('',*,*,#6315,.F.);
#8270=ORIENTED_EDGE('',*,*,#6318,.F.);
#8271=ORIENTED_EDGE('',*,*,#6090,.F.);
#8272=ORIENTED_EDGE('',*,*,#5939,.F.);
#8273=ORIENTED_EDGE('',*,*,#6330,.F.);
#8274=ORIENTED_EDGE('',*,*,#6320,.F.);
#8275=ORIENTED_EDGE('',*,*,#6330,.T.);
#8276=ORIENTED_EDGE('',*,*,#5938,.F.);
#8277=ORIENTED_EDGE('',*,*,#6325,.T.);
#8278=ORIENTED_EDGE('',*,*,#6321,.F.);
#8279=ORIENTED_EDGE('',*,*,#6331,.F.);
#8280=ORIENTED_EDGE('',*,*,#6332,.F.);
#8281=ORIENTED_EDGE('',*,*,#6333,.T.);
#8282=ORIENTED_EDGE('',*,*,#5956,.F.);
#8283=ORIENTED_EDGE('',*,*,#5818,.T.);
#8284=ORIENTED_EDGE('',*,*,#6334,.T.);
#8285=ORIENTED_EDGE('',*,*,#6335,.T.);
#8286=ORIENTED_EDGE('',*,*,#6336,.T.);
#8287=ORIENTED_EDGE('',*,*,#6332,.T.);
#8288=ORIENTED_EDGE('',*,*,#6337,.F.);
#8289=ORIENTED_EDGE('',*,*,#6094,.F.);
#8290=ORIENTED_EDGE('',*,*,#6338,.T.);
#8291=ORIENTED_EDGE('',*,*,#6339,.T.);
#8292=ORIENTED_EDGE('',*,*,#6340,.T.);
#8293=ORIENTED_EDGE('',*,*,#6341,.T.);
#8294=ORIENTED_EDGE('',*,*,#6342,.T.);
#8295=ORIENTED_EDGE('',*,*,#5960,.T.);
#8296=ORIENTED_EDGE('',*,*,#6343,.F.);
#8297=ORIENTED_EDGE('',*,*,#5951,.F.);
#8298=ORIENTED_EDGE('',*,*,#6344,.F.);
#8299=ORIENTED_EDGE('',*,*,#6340,.F.);
#8300=ORIENTED_EDGE('',*,*,#6344,.T.);
#8301=ORIENTED_EDGE('',*,*,#5950,.F.);
#8302=ORIENTED_EDGE('',*,*,#6345,.F.);
#8303=ORIENTED_EDGE('',*,*,#6341,.F.);
#8304=ORIENTED_EDGE('',*,*,#6345,.T.);
#8305=ORIENTED_EDGE('',*,*,#5949,.F.);
#8306=ORIENTED_EDGE('',*,*,#5961,.F.);
#8307=ORIENTED_EDGE('',*,*,#6342,.F.);
#8308=ORIENTED_EDGE('',*,*,#5821,.T.);
#8309=ORIENTED_EDGE('',*,*,#5959,.F.);
#8310=ORIENTED_EDGE('',*,*,#6346,.F.);
#8311=ORIENTED_EDGE('',*,*,#6334,.F.);
#8312=ORIENTED_EDGE('',*,*,#6346,.T.);
#8313=ORIENTED_EDGE('',*,*,#5958,.F.);
#8314=ORIENTED_EDGE('',*,*,#6347,.F.);
#8315=ORIENTED_EDGE('',*,*,#6335,.F.);
#8316=ORIENTED_EDGE('',*,*,#6347,.T.);
#8317=ORIENTED_EDGE('',*,*,#5957,.F.);
#8318=ORIENTED_EDGE('',*,*,#6333,.F.);
#8319=ORIENTED_EDGE('',*,*,#6336,.F.);
#8320=ORIENTED_EDGE('',*,*,#6093,.F.);
#8321=ORIENTED_EDGE('',*,*,#5953,.F.);
#8322=ORIENTED_EDGE('',*,*,#6348,.F.);
#8323=ORIENTED_EDGE('',*,*,#6338,.F.);
#8324=ORIENTED_EDGE('',*,*,#6348,.T.);
#8325=ORIENTED_EDGE('',*,*,#5952,.F.);
#8326=ORIENTED_EDGE('',*,*,#6343,.T.);
#8327=ORIENTED_EDGE('',*,*,#6339,.F.);
#8328=ORIENTED_EDGE('',*,*,#6349,.F.);
#8329=ORIENTED_EDGE('',*,*,#6350,.F.);
#8330=ORIENTED_EDGE('',*,*,#6351,.T.);
#8331=ORIENTED_EDGE('',*,*,#5970,.F.);
#8332=ORIENTED_EDGE('',*,*,#5814,.T.);
#8333=ORIENTED_EDGE('',*,*,#6352,.T.);
#8334=ORIENTED_EDGE('',*,*,#6353,.T.);
#8335=ORIENTED_EDGE('',*,*,#6354,.T.);
#8336=ORIENTED_EDGE('',*,*,#6350,.T.);
#8337=ORIENTED_EDGE('',*,*,#6355,.F.);
#8338=ORIENTED_EDGE('',*,*,#6097,.F.);
#8339=ORIENTED_EDGE('',*,*,#6356,.T.);
#8340=ORIENTED_EDGE('',*,*,#6357,.T.);
#8341=ORIENTED_EDGE('',*,*,#6358,.T.);
#8342=ORIENTED_EDGE('',*,*,#6359,.T.);
#8343=ORIENTED_EDGE('',*,*,#6360,.T.);
#8344=ORIENTED_EDGE('',*,*,#5974,.T.);
#8345=ORIENTED_EDGE('',*,*,#6361,.F.);
#8346=ORIENTED_EDGE('',*,*,#5965,.F.);
#8347=ORIENTED_EDGE('',*,*,#6362,.F.);
#8348=ORIENTED_EDGE('',*,*,#6358,.F.);
#8349=ORIENTED_EDGE('',*,*,#6362,.T.);
#8350=ORIENTED_EDGE('',*,*,#5964,.F.);
#8351=ORIENTED_EDGE('',*,*,#6363,.F.);
#8352=ORIENTED_EDGE('',*,*,#6359,.F.);
#8353=ORIENTED_EDGE('',*,*,#6363,.T.);
#8354=ORIENTED_EDGE('',*,*,#5963,.F.);
#8355=ORIENTED_EDGE('',*,*,#5975,.F.);
#8356=ORIENTED_EDGE('',*,*,#6360,.F.);
#8357=ORIENTED_EDGE('',*,*,#5817,.T.);
#8358=ORIENTED_EDGE('',*,*,#5973,.F.);
#8359=ORIENTED_EDGE('',*,*,#6364,.F.);
#8360=ORIENTED_EDGE('',*,*,#6352,.F.);
#8361=ORIENTED_EDGE('',*,*,#6364,.T.);
#8362=ORIENTED_EDGE('',*,*,#5972,.F.);
#8363=ORIENTED_EDGE('',*,*,#6365,.F.);
#8364=ORIENTED_EDGE('',*,*,#6353,.F.);
#8365=ORIENTED_EDGE('',*,*,#6365,.T.);
#8366=ORIENTED_EDGE('',*,*,#5971,.F.);
#8367=ORIENTED_EDGE('',*,*,#6351,.F.);
#8368=ORIENTED_EDGE('',*,*,#6354,.F.);
#8369=ORIENTED_EDGE('',*,*,#6096,.F.);
#8370=ORIENTED_EDGE('',*,*,#5967,.F.);
#8371=ORIENTED_EDGE('',*,*,#6366,.F.);
#8372=ORIENTED_EDGE('',*,*,#6356,.F.);
#8373=ORIENTED_EDGE('',*,*,#6366,.T.);
#8374=ORIENTED_EDGE('',*,*,#5966,.F.);
#8375=ORIENTED_EDGE('',*,*,#6361,.T.);
#8376=ORIENTED_EDGE('',*,*,#6357,.F.);
#8377=ORIENTED_EDGE('',*,*,#6367,.F.);
#8378=ORIENTED_EDGE('',*,*,#6368,.F.);
#8379=ORIENTED_EDGE('',*,*,#6369,.T.);
#8380=ORIENTED_EDGE('',*,*,#5984,.F.);
#8381=ORIENTED_EDGE('',*,*,#5810,.T.);
#8382=ORIENTED_EDGE('',*,*,#6370,.T.);
#8383=ORIENTED_EDGE('',*,*,#6371,.T.);
#8384=ORIENTED_EDGE('',*,*,#6372,.T.);
#8385=ORIENTED_EDGE('',*,*,#6368,.T.);
#8386=ORIENTED_EDGE('',*,*,#6373,.F.);
#8387=ORIENTED_EDGE('',*,*,#6100,.F.);
#8388=ORIENTED_EDGE('',*,*,#6374,.T.);
#8389=ORIENTED_EDGE('',*,*,#6375,.T.);
#8390=ORIENTED_EDGE('',*,*,#6376,.T.);
#8391=ORIENTED_EDGE('',*,*,#6377,.T.);
#8392=ORIENTED_EDGE('',*,*,#6378,.T.);
#8393=ORIENTED_EDGE('',*,*,#5988,.T.);
#8394=ORIENTED_EDGE('',*,*,#6379,.F.);
#8395=ORIENTED_EDGE('',*,*,#5979,.F.);
#8396=ORIENTED_EDGE('',*,*,#6380,.F.);
#8397=ORIENTED_EDGE('',*,*,#6376,.F.);
#8398=ORIENTED_EDGE('',*,*,#6380,.T.);
#8399=ORIENTED_EDGE('',*,*,#5978,.F.);
#8400=ORIENTED_EDGE('',*,*,#6381,.F.);
#8401=ORIENTED_EDGE('',*,*,#6377,.F.);
#8402=ORIENTED_EDGE('',*,*,#6381,.T.);
#8403=ORIENTED_EDGE('',*,*,#5977,.F.);
#8404=ORIENTED_EDGE('',*,*,#5989,.F.);
#8405=ORIENTED_EDGE('',*,*,#6378,.F.);
#8406=ORIENTED_EDGE('',*,*,#5813,.T.);
#8407=ORIENTED_EDGE('',*,*,#5987,.F.);
#8408=ORIENTED_EDGE('',*,*,#6382,.F.);
#8409=ORIENTED_EDGE('',*,*,#6370,.F.);
#8410=ORIENTED_EDGE('',*,*,#6382,.T.);
#8411=ORIENTED_EDGE('',*,*,#5986,.F.);
#8412=ORIENTED_EDGE('',*,*,#6383,.F.);
#8413=ORIENTED_EDGE('',*,*,#6371,.F.);
#8414=ORIENTED_EDGE('',*,*,#6383,.T.);
#8415=ORIENTED_EDGE('',*,*,#5985,.F.);
#8416=ORIENTED_EDGE('',*,*,#6369,.F.);
#8417=ORIENTED_EDGE('',*,*,#6372,.F.);
#8418=ORIENTED_EDGE('',*,*,#6099,.F.);
#8419=ORIENTED_EDGE('',*,*,#5981,.F.);
#8420=ORIENTED_EDGE('',*,*,#6384,.F.);
#8421=ORIENTED_EDGE('',*,*,#6374,.F.);
#8422=ORIENTED_EDGE('',*,*,#6384,.T.);
#8423=ORIENTED_EDGE('',*,*,#5980,.F.);
#8424=ORIENTED_EDGE('',*,*,#6379,.T.);
#8425=ORIENTED_EDGE('',*,*,#6375,.F.);
#8426=ORIENTED_EDGE('',*,*,#6385,.F.);
#8427=ORIENTED_EDGE('',*,*,#6386,.F.);
#8428=ORIENTED_EDGE('',*,*,#6387,.T.);
#8429=ORIENTED_EDGE('',*,*,#5998,.F.);
#8430=ORIENTED_EDGE('',*,*,#5806,.T.);
#8431=ORIENTED_EDGE('',*,*,#6388,.T.);
#8432=ORIENTED_EDGE('',*,*,#6389,.T.);
#8433=ORIENTED_EDGE('',*,*,#6390,.T.);
#8434=ORIENTED_EDGE('',*,*,#6386,.T.);
#8435=ORIENTED_EDGE('',*,*,#6391,.F.);
#8436=ORIENTED_EDGE('',*,*,#6103,.F.);
#8437=ORIENTED_EDGE('',*,*,#6392,.T.);
#8438=ORIENTED_EDGE('',*,*,#6393,.T.);
#8439=ORIENTED_EDGE('',*,*,#6394,.T.);
#8440=ORIENTED_EDGE('',*,*,#6395,.T.);
#8441=ORIENTED_EDGE('',*,*,#6396,.T.);
#8442=ORIENTED_EDGE('',*,*,#6002,.T.);
#8443=ORIENTED_EDGE('',*,*,#6397,.F.);
#8444=ORIENTED_EDGE('',*,*,#5993,.F.);
#8445=ORIENTED_EDGE('',*,*,#6398,.F.);
#8446=ORIENTED_EDGE('',*,*,#6394,.F.);
#8447=ORIENTED_EDGE('',*,*,#6398,.T.);
#8448=ORIENTED_EDGE('',*,*,#5992,.F.);
#8449=ORIENTED_EDGE('',*,*,#6399,.F.);
#8450=ORIENTED_EDGE('',*,*,#6395,.F.);
#8451=ORIENTED_EDGE('',*,*,#6399,.T.);
#8452=ORIENTED_EDGE('',*,*,#5991,.F.);
#8453=ORIENTED_EDGE('',*,*,#6003,.F.);
#8454=ORIENTED_EDGE('',*,*,#6396,.F.);
#8455=ORIENTED_EDGE('',*,*,#5809,.T.);
#8456=ORIENTED_EDGE('',*,*,#6001,.F.);
#8457=ORIENTED_EDGE('',*,*,#6400,.F.);
#8458=ORIENTED_EDGE('',*,*,#6388,.F.);
#8459=ORIENTED_EDGE('',*,*,#6400,.T.);
#8460=ORIENTED_EDGE('',*,*,#6000,.F.);
#8461=ORIENTED_EDGE('',*,*,#6401,.F.);
#8462=ORIENTED_EDGE('',*,*,#6389,.F.);
#8463=ORIENTED_EDGE('',*,*,#6401,.T.);
#8464=ORIENTED_EDGE('',*,*,#5999,.F.);
#8465=ORIENTED_EDGE('',*,*,#6387,.F.);
#8466=ORIENTED_EDGE('',*,*,#6390,.F.);
#8467=ORIENTED_EDGE('',*,*,#6102,.F.);
#8468=ORIENTED_EDGE('',*,*,#5995,.F.);
#8469=ORIENTED_EDGE('',*,*,#6402,.F.);
#8470=ORIENTED_EDGE('',*,*,#6392,.F.);
#8471=ORIENTED_EDGE('',*,*,#6402,.T.);
#8472=ORIENTED_EDGE('',*,*,#5994,.F.);
#8473=ORIENTED_EDGE('',*,*,#6397,.T.);
#8474=ORIENTED_EDGE('',*,*,#6393,.F.);
#8475=ORIENTED_EDGE('',*,*,#6403,.F.);
#8476=ORIENTED_EDGE('',*,*,#6404,.F.);
#8477=ORIENTED_EDGE('',*,*,#6405,.T.);
#8478=ORIENTED_EDGE('',*,*,#6012,.F.);
#8479=ORIENTED_EDGE('',*,*,#5802,.T.);
#8480=ORIENTED_EDGE('',*,*,#6406,.T.);
#8481=ORIENTED_EDGE('',*,*,#6407,.T.);
#8482=ORIENTED_EDGE('',*,*,#6408,.T.);
#8483=ORIENTED_EDGE('',*,*,#6404,.T.);
#8484=ORIENTED_EDGE('',*,*,#6409,.F.);
#8485=ORIENTED_EDGE('',*,*,#6106,.F.);
#8486=ORIENTED_EDGE('',*,*,#6410,.T.);
#8487=ORIENTED_EDGE('',*,*,#6411,.T.);
#8488=ORIENTED_EDGE('',*,*,#6412,.T.);
#8489=ORIENTED_EDGE('',*,*,#6413,.T.);
#8490=ORIENTED_EDGE('',*,*,#6414,.T.);
#8491=ORIENTED_EDGE('',*,*,#6016,.T.);
#8492=ORIENTED_EDGE('',*,*,#6415,.F.);
#8493=ORIENTED_EDGE('',*,*,#6007,.F.);
#8494=ORIENTED_EDGE('',*,*,#6416,.F.);
#8495=ORIENTED_EDGE('',*,*,#6412,.F.);
#8496=ORIENTED_EDGE('',*,*,#6416,.T.);
#8497=ORIENTED_EDGE('',*,*,#6006,.F.);
#8498=ORIENTED_EDGE('',*,*,#6417,.F.);
#8499=ORIENTED_EDGE('',*,*,#6413,.F.);
#8500=ORIENTED_EDGE('',*,*,#6417,.T.);
#8501=ORIENTED_EDGE('',*,*,#6005,.F.);
#8502=ORIENTED_EDGE('',*,*,#6017,.F.);
#8503=ORIENTED_EDGE('',*,*,#6414,.F.);
#8504=ORIENTED_EDGE('',*,*,#5805,.T.);
#8505=ORIENTED_EDGE('',*,*,#6015,.F.);
#8506=ORIENTED_EDGE('',*,*,#6418,.F.);
#8507=ORIENTED_EDGE('',*,*,#6406,.F.);
#8508=ORIENTED_EDGE('',*,*,#6418,.T.);
#8509=ORIENTED_EDGE('',*,*,#6014,.F.);
#8510=ORIENTED_EDGE('',*,*,#6419,.F.);
#8511=ORIENTED_EDGE('',*,*,#6407,.F.);
#8512=ORIENTED_EDGE('',*,*,#6419,.T.);
#8513=ORIENTED_EDGE('',*,*,#6013,.F.);
#8514=ORIENTED_EDGE('',*,*,#6405,.F.);
#8515=ORIENTED_EDGE('',*,*,#6408,.F.);
#8516=ORIENTED_EDGE('',*,*,#6105,.F.);
#8517=ORIENTED_EDGE('',*,*,#6009,.F.);
#8518=ORIENTED_EDGE('',*,*,#6420,.F.);
#8519=ORIENTED_EDGE('',*,*,#6410,.F.);
#8520=ORIENTED_EDGE('',*,*,#6420,.T.);
#8521=ORIENTED_EDGE('',*,*,#6008,.F.);
#8522=ORIENTED_EDGE('',*,*,#6415,.T.);
#8523=ORIENTED_EDGE('',*,*,#6411,.F.);
#8524=ORIENTED_EDGE('',*,*,#6421,.F.);
#8525=ORIENTED_EDGE('',*,*,#6422,.F.);
#8526=ORIENTED_EDGE('',*,*,#6423,.T.);
#8527=ORIENTED_EDGE('',*,*,#6026,.F.);
#8528=ORIENTED_EDGE('',*,*,#5798,.T.);
#8529=ORIENTED_EDGE('',*,*,#6424,.T.);
#8530=ORIENTED_EDGE('',*,*,#6425,.T.);
#8531=ORIENTED_EDGE('',*,*,#6426,.T.);
#8532=ORIENTED_EDGE('',*,*,#6422,.T.);
#8533=ORIENTED_EDGE('',*,*,#6427,.F.);
#8534=ORIENTED_EDGE('',*,*,#6109,.F.);
#8535=ORIENTED_EDGE('',*,*,#6428,.T.);
#8536=ORIENTED_EDGE('',*,*,#6429,.T.);
#8537=ORIENTED_EDGE('',*,*,#6430,.T.);
#8538=ORIENTED_EDGE('',*,*,#6431,.T.);
#8539=ORIENTED_EDGE('',*,*,#6432,.T.);
#8540=ORIENTED_EDGE('',*,*,#6030,.T.);
#8541=ORIENTED_EDGE('',*,*,#6433,.F.);
#8542=ORIENTED_EDGE('',*,*,#6021,.F.);
#8543=ORIENTED_EDGE('',*,*,#6434,.F.);
#8544=ORIENTED_EDGE('',*,*,#6430,.F.);
#8545=ORIENTED_EDGE('',*,*,#6434,.T.);
#8546=ORIENTED_EDGE('',*,*,#6020,.F.);
#8547=ORIENTED_EDGE('',*,*,#6435,.F.);
#8548=ORIENTED_EDGE('',*,*,#6431,.F.);
#8549=ORIENTED_EDGE('',*,*,#6435,.T.);
#8550=ORIENTED_EDGE('',*,*,#6019,.F.);
#8551=ORIENTED_EDGE('',*,*,#6031,.F.);
#8552=ORIENTED_EDGE('',*,*,#6432,.F.);
#8553=ORIENTED_EDGE('',*,*,#5801,.T.);
#8554=ORIENTED_EDGE('',*,*,#6029,.F.);
#8555=ORIENTED_EDGE('',*,*,#6436,.F.);
#8556=ORIENTED_EDGE('',*,*,#6424,.F.);
#8557=ORIENTED_EDGE('',*,*,#6436,.T.);
#8558=ORIENTED_EDGE('',*,*,#6028,.F.);
#8559=ORIENTED_EDGE('',*,*,#6437,.F.);
#8560=ORIENTED_EDGE('',*,*,#6425,.F.);
#8561=ORIENTED_EDGE('',*,*,#6437,.T.);
#8562=ORIENTED_EDGE('',*,*,#6027,.F.);
#8563=ORIENTED_EDGE('',*,*,#6423,.F.);
#8564=ORIENTED_EDGE('',*,*,#6426,.F.);
#8565=ORIENTED_EDGE('',*,*,#6108,.F.);
#8566=ORIENTED_EDGE('',*,*,#6023,.F.);
#8567=ORIENTED_EDGE('',*,*,#6438,.F.);
#8568=ORIENTED_EDGE('',*,*,#6428,.F.);
#8569=ORIENTED_EDGE('',*,*,#6438,.T.);
#8570=ORIENTED_EDGE('',*,*,#6022,.F.);
#8571=ORIENTED_EDGE('',*,*,#6433,.T.);
#8572=ORIENTED_EDGE('',*,*,#6429,.F.);
#8573=ORIENTED_EDGE('',*,*,#6125,.F.);
#8574=ORIENTED_EDGE('',*,*,#6439,.T.);
#8575=ORIENTED_EDGE('',*,*,#6440,.T.);
#8576=ORIENTED_EDGE('',*,*,#5676,.T.);
#8577=ORIENTED_EDGE('',*,*,#6124,.F.);
#8578=ORIENTED_EDGE('',*,*,#6441,.F.);
#8579=ORIENTED_EDGE('',*,*,#6442,.F.);
#8580=ORIENTED_EDGE('',*,*,#6439,.F.);
#8581=ORIENTED_EDGE('',*,*,#6123,.F.);
#8582=ORIENTED_EDGE('',*,*,#5751,.T.);
#8583=ORIENTED_EDGE('',*,*,#6443,.T.);
#8584=ORIENTED_EDGE('',*,*,#6441,.T.);
#8585=ORIENTED_EDGE('',*,*,#6443,.F.);
#8586=ORIENTED_EDGE('',*,*,#6444,.F.);
#8587=ORIENTED_EDGE('',*,*,#6445,.F.);
#8588=ORIENTED_EDGE('',*,*,#6440,.F.);
#8589=ORIENTED_EDGE('',*,*,#6446,.F.);
#8590=ORIENTED_EDGE('',*,*,#6447,.F.);
#8591=ORIENTED_EDGE('',*,*,#6446,.T.);
#8592=ORIENTED_EDGE('',*,*,#6442,.T.);
#8593=ORIENTED_EDGE('',*,*,#6445,.T.);
#8594=ORIENTED_EDGE('',*,*,#6448,.T.);
#8595=ORIENTED_EDGE('',*,*,#6449,.F.);
#8596=ORIENTED_EDGE('',*,*,#6450,.F.);
#8597=ORIENTED_EDGE('',*,*,#6451,.F.);
#8598=ORIENTED_EDGE('',*,*,#6444,.T.);
#8599=ORIENTED_EDGE('',*,*,#5750,.T.);
#8600=ORIENTED_EDGE('',*,*,#5737,.T.);
#8601=ORIENTED_EDGE('',*,*,#6450,.T.);
#8602=ORIENTED_EDGE('',*,*,#6452,.T.);
#8603=ORIENTED_EDGE('',*,*,#6122,.F.);
#8604=ORIENTED_EDGE('',*,*,#6453,.T.);
#8605=ORIENTED_EDGE('',*,*,#6451,.T.);
#8606=ORIENTED_EDGE('',*,*,#5736,.T.);
#8607=ORIENTED_EDGE('',*,*,#5753,.T.);
#8608=ORIENTED_EDGE('',*,*,#6454,.F.);
#8609=ORIENTED_EDGE('',*,*,#6455,.F.);
#8610=ORIENTED_EDGE('',*,*,#6456,.F.);
#8611=ORIENTED_EDGE('',*,*,#6447,.T.);
#8612=ORIENTED_EDGE('',*,*,#6457,.T.);
#8613=ORIENTED_EDGE('',*,*,#6455,.T.);
#8614=ORIENTED_EDGE('',*,*,#5677,.T.);
#8615=ORIENTED_EDGE('',*,*,#6449,.T.);
#8616=ORIENTED_EDGE('',*,*,#6458,.T.);
#8617=ORIENTED_EDGE('',*,*,#6456,.T.);
#8618=ORIENTED_EDGE('',*,*,#6459,.T.);
#8619=ORIENTED_EDGE('',*,*,#6120,.F.);
#8620=ORIENTED_EDGE('',*,*,#5678,.T.);
#8621=ORIENTED_EDGE('',*,*,#6454,.T.);
#8622=ORIENTED_EDGE('',*,*,#6460,.T.);
#8623=ORIENTED_EDGE('',*,*,#6448,.F.);
#8624=ORIENTED_EDGE('',*,*,#6452,.F.);
#8625=ORIENTED_EDGE('',*,*,#6459,.F.);
#8626=ORIENTED_EDGE('',*,*,#6457,.F.);
#8627=ORIENTED_EDGE('',*,*,#6121,.F.);
#8628=ORIENTED_EDGE('',*,*,#6460,.F.);
#8629=ORIENTED_EDGE('',*,*,#6458,.F.);
#8630=ORIENTED_EDGE('',*,*,#6453,.F.);
#8631=ORIENTED_EDGE('',*,*,#6127,.F.);
#8632=ORIENTED_EDGE('',*,*,#6461,.T.);
#8633=ORIENTED_EDGE('',*,*,#6462,.T.);
#8634=ORIENTED_EDGE('',*,*,#6463,.T.);
#8635=ORIENTED_EDGE('',*,*,#6464,.T.);
#8636=ORIENTED_EDGE('',*,*,#6465,.F.);
#8637=ORIENTED_EDGE('',*,*,#6466,.T.);
#8638=ORIENTED_EDGE('',*,*,#6467,.T.);
#8639=ORIENTED_EDGE('',*,*,#6468,.T.);
#8640=ORIENTED_EDGE('',*,*,#6469,.T.);
#8641=ORIENTED_EDGE('',*,*,#6470,.T.);
#8642=ORIENTED_EDGE('',*,*,#6471,.T.);
#8643=ORIENTED_EDGE('',*,*,#6126,.F.);
#8644=ORIENTED_EDGE('',*,*,#6472,.F.);
#8645=ORIENTED_EDGE('',*,*,#6473,.F.);
#8646=ORIENTED_EDGE('',*,*,#6461,.F.);
#8647=ORIENTED_EDGE('',*,*,#6131,.F.);
#8648=ORIENTED_EDGE('',*,*,#6474,.T.);
#8649=ORIENTED_EDGE('',*,*,#6475,.T.);
#8650=ORIENTED_EDGE('',*,*,#6476,.T.);
#8651=ORIENTED_EDGE('',*,*,#6477,.T.);
#8652=ORIENTED_EDGE('',*,*,#6478,.F.);
#8653=ORIENTED_EDGE('',*,*,#6479,.T.);
#8654=ORIENTED_EDGE('',*,*,#6480,.T.);
#8655=ORIENTED_EDGE('',*,*,#6481,.T.);
#8656=ORIENTED_EDGE('',*,*,#6482,.T.);
#8657=ORIENTED_EDGE('',*,*,#6483,.T.);
#8658=ORIENTED_EDGE('',*,*,#6484,.T.);
#8659=ORIENTED_EDGE('',*,*,#6130,.F.);
#8660=ORIENTED_EDGE('',*,*,#6485,.F.);
#8661=ORIENTED_EDGE('',*,*,#6486,.F.);
#8662=ORIENTED_EDGE('',*,*,#6474,.F.);
#8663=ORIENTED_EDGE('',*,*,#6135,.F.);
#8664=ORIENTED_EDGE('',*,*,#6487,.T.);
#8665=ORIENTED_EDGE('',*,*,#6488,.T.);
#8666=ORIENTED_EDGE('',*,*,#6489,.T.);
#8667=ORIENTED_EDGE('',*,*,#6490,.T.);
#8668=ORIENTED_EDGE('',*,*,#6491,.F.);
#8669=ORIENTED_EDGE('',*,*,#6492,.T.);
#8670=ORIENTED_EDGE('',*,*,#6493,.T.);
#8671=ORIENTED_EDGE('',*,*,#6494,.T.);
#8672=ORIENTED_EDGE('',*,*,#6495,.T.);
#8673=ORIENTED_EDGE('',*,*,#6496,.T.);
#8674=ORIENTED_EDGE('',*,*,#6497,.T.);
#8675=ORIENTED_EDGE('',*,*,#6134,.F.);
#8676=ORIENTED_EDGE('',*,*,#6498,.F.);
#8677=ORIENTED_EDGE('',*,*,#6499,.F.);
#8678=ORIENTED_EDGE('',*,*,#6487,.F.);
#8679=ORIENTED_EDGE('',*,*,#6139,.F.);
#8680=ORIENTED_EDGE('',*,*,#6500,.T.);
#8681=ORIENTED_EDGE('',*,*,#6501,.T.);
#8682=ORIENTED_EDGE('',*,*,#6502,.T.);
#8683=ORIENTED_EDGE('',*,*,#6503,.T.);
#8684=ORIENTED_EDGE('',*,*,#6504,.F.);
#8685=ORIENTED_EDGE('',*,*,#6505,.T.);
#8686=ORIENTED_EDGE('',*,*,#6506,.T.);
#8687=ORIENTED_EDGE('',*,*,#6507,.T.);
#8688=ORIENTED_EDGE('',*,*,#6508,.T.);
#8689=ORIENTED_EDGE('',*,*,#6509,.T.);
#8690=ORIENTED_EDGE('',*,*,#6510,.T.);
#8691=ORIENTED_EDGE('',*,*,#6138,.F.);
#8692=ORIENTED_EDGE('',*,*,#6511,.F.);
#8693=ORIENTED_EDGE('',*,*,#6512,.F.);
#8694=ORIENTED_EDGE('',*,*,#6500,.F.);
#8695=ORIENTED_EDGE('',*,*,#6143,.F.);
#8696=ORIENTED_EDGE('',*,*,#6513,.T.);
#8697=ORIENTED_EDGE('',*,*,#6514,.T.);
#8698=ORIENTED_EDGE('',*,*,#6515,.T.);
#8699=ORIENTED_EDGE('',*,*,#6516,.T.);
#8700=ORIENTED_EDGE('',*,*,#6517,.F.);
#8701=ORIENTED_EDGE('',*,*,#6518,.T.);
#8702=ORIENTED_EDGE('',*,*,#6519,.T.);
#8703=ORIENTED_EDGE('',*,*,#6520,.T.);
#8704=ORIENTED_EDGE('',*,*,#6521,.T.);
#8705=ORIENTED_EDGE('',*,*,#6522,.T.);
#8706=ORIENTED_EDGE('',*,*,#6523,.T.);
#8707=ORIENTED_EDGE('',*,*,#6142,.F.);
#8708=ORIENTED_EDGE('',*,*,#6524,.F.);
#8709=ORIENTED_EDGE('',*,*,#6525,.F.);
#8710=ORIENTED_EDGE('',*,*,#6513,.F.);
#8711=ORIENTED_EDGE('',*,*,#6147,.F.);
#8712=ORIENTED_EDGE('',*,*,#6526,.F.);
#8713=ORIENTED_EDGE('',*,*,#6527,.F.);
#8714=ORIENTED_EDGE('',*,*,#6528,.T.);
#8715=ORIENTED_EDGE('',*,*,#6529,.T.);
#8716=ORIENTED_EDGE('',*,*,#6530,.T.);
#8717=ORIENTED_EDGE('',*,*,#6531,.T.);
#8718=ORIENTED_EDGE('',*,*,#6491,.T.);
#8719=ORIENTED_EDGE('',*,*,#6532,.T.);
#8720=ORIENTED_EDGE('',*,*,#6533,.T.);
#8721=ORIENTED_EDGE('',*,*,#6534,.T.);
#8722=ORIENTED_EDGE('',*,*,#6478,.T.);
#8723=ORIENTED_EDGE('',*,*,#6535,.T.);
#8724=ORIENTED_EDGE('',*,*,#6536,.T.);
#8725=ORIENTED_EDGE('',*,*,#6537,.T.);
#8726=ORIENTED_EDGE('',*,*,#6465,.T.);
#8727=ORIENTED_EDGE('',*,*,#6146,.F.);
#8728=ORIENTED_EDGE('',*,*,#6538,.F.);
#8729=ORIENTED_EDGE('',*,*,#6539,.F.);
#8730=ORIENTED_EDGE('',*,*,#6526,.T.);
#8731=ORIENTED_EDGE('',*,*,#6466,.F.);
#8732=ORIENTED_EDGE('',*,*,#6537,.F.);
#8733=ORIENTED_EDGE('',*,*,#6540,.F.);
#8734=ORIENTED_EDGE('',*,*,#6541,.F.);
#8735=ORIENTED_EDGE('',*,*,#6467,.F.);
#8736=ORIENTED_EDGE('',*,*,#6541,.T.);
#8737=ORIENTED_EDGE('',*,*,#6542,.F.);
#8738=ORIENTED_EDGE('',*,*,#6543,.F.);
#8739=ORIENTED_EDGE('',*,*,#6468,.F.);
#8740=ORIENTED_EDGE('',*,*,#6543,.T.);
#8741=ORIENTED_EDGE('',*,*,#6544,.F.);
#8742=ORIENTED_EDGE('',*,*,#6545,.F.);
#8743=ORIENTED_EDGE('',*,*,#6469,.F.);
#8744=ORIENTED_EDGE('',*,*,#6545,.T.);
#8745=ORIENTED_EDGE('',*,*,#6546,.F.);
#8746=ORIENTED_EDGE('',*,*,#6547,.F.);
#8747=ORIENTED_EDGE('',*,*,#6470,.F.);
#8748=ORIENTED_EDGE('',*,*,#6547,.T.);
#8749=ORIENTED_EDGE('',*,*,#6548,.F.);
#8750=ORIENTED_EDGE('',*,*,#6549,.F.);
#8751=ORIENTED_EDGE('',*,*,#6128,.F.);
#8752=ORIENTED_EDGE('',*,*,#6471,.F.);
#8753=ORIENTED_EDGE('',*,*,#6549,.T.);
#8754=ORIENTED_EDGE('',*,*,#6550,.F.);
#8755=ORIENTED_EDGE('',*,*,#6462,.F.);
#8756=ORIENTED_EDGE('',*,*,#6473,.T.);
#8757=ORIENTED_EDGE('',*,*,#6551,.F.);
#8758=ORIENTED_EDGE('',*,*,#6552,.F.);
#8759=ORIENTED_EDGE('',*,*,#6463,.F.);
#8760=ORIENTED_EDGE('',*,*,#6552,.T.);
#8761=ORIENTED_EDGE('',*,*,#6553,.F.);
#8762=ORIENTED_EDGE('',*,*,#6554,.F.);
#8763=ORIENTED_EDGE('',*,*,#6464,.F.);
#8764=ORIENTED_EDGE('',*,*,#6554,.T.);
#8765=ORIENTED_EDGE('',*,*,#6555,.F.);
#8766=ORIENTED_EDGE('',*,*,#6535,.F.);
#8767=ORIENTED_EDGE('',*,*,#6129,.F.);
#8768=ORIENTED_EDGE('',*,*,#6550,.T.);
#8769=ORIENTED_EDGE('',*,*,#6548,.T.);
#8770=ORIENTED_EDGE('',*,*,#6546,.T.);
#8771=ORIENTED_EDGE('',*,*,#6544,.T.);
#8772=ORIENTED_EDGE('',*,*,#6542,.T.);
#8773=ORIENTED_EDGE('',*,*,#6540,.T.);
#8774=ORIENTED_EDGE('',*,*,#6536,.F.);
#8775=ORIENTED_EDGE('',*,*,#6555,.T.);
#8776=ORIENTED_EDGE('',*,*,#6553,.T.);
#8777=ORIENTED_EDGE('',*,*,#6551,.T.);
#8778=ORIENTED_EDGE('',*,*,#6472,.T.);
#8779=ORIENTED_EDGE('',*,*,#6479,.F.);
#8780=ORIENTED_EDGE('',*,*,#6534,.F.);
#8781=ORIENTED_EDGE('',*,*,#6556,.F.);
#8782=ORIENTED_EDGE('',*,*,#6557,.F.);
#8783=ORIENTED_EDGE('',*,*,#6480,.F.);
#8784=ORIENTED_EDGE('',*,*,#6557,.T.);
#8785=ORIENTED_EDGE('',*,*,#6558,.F.);
#8786=ORIENTED_EDGE('',*,*,#6559,.F.);
#8787=ORIENTED_EDGE('',*,*,#6481,.F.);
#8788=ORIENTED_EDGE('',*,*,#6559,.T.);
#8789=ORIENTED_EDGE('',*,*,#6560,.F.);
#8790=ORIENTED_EDGE('',*,*,#6561,.F.);
#8791=ORIENTED_EDGE('',*,*,#6482,.F.);
#8792=ORIENTED_EDGE('',*,*,#6561,.T.);
#8793=ORIENTED_EDGE('',*,*,#6562,.F.);
#8794=ORIENTED_EDGE('',*,*,#6563,.F.);
#8795=ORIENTED_EDGE('',*,*,#6483,.F.);
#8796=ORIENTED_EDGE('',*,*,#6563,.T.);
#8797=ORIENTED_EDGE('',*,*,#6564,.F.);
#8798=ORIENTED_EDGE('',*,*,#6565,.F.);
#8799=ORIENTED_EDGE('',*,*,#6132,.F.);
#8800=ORIENTED_EDGE('',*,*,#6484,.F.);
#8801=ORIENTED_EDGE('',*,*,#6565,.T.);
#8802=ORIENTED_EDGE('',*,*,#6566,.F.);
#8803=ORIENTED_EDGE('',*,*,#6475,.F.);
#8804=ORIENTED_EDGE('',*,*,#6486,.T.);
#8805=ORIENTED_EDGE('',*,*,#6567,.F.);
#8806=ORIENTED_EDGE('',*,*,#6568,.F.);
#8807=ORIENTED_EDGE('',*,*,#6476,.F.);
#8808=ORIENTED_EDGE('',*,*,#6568,.T.);
#8809=ORIENTED_EDGE('',*,*,#6569,.F.);
#8810=ORIENTED_EDGE('',*,*,#6570,.F.);
#8811=ORIENTED_EDGE('',*,*,#6477,.F.);
#8812=ORIENTED_EDGE('',*,*,#6570,.T.);
#8813=ORIENTED_EDGE('',*,*,#6571,.F.);
#8814=ORIENTED_EDGE('',*,*,#6532,.F.);
#8815=ORIENTED_EDGE('',*,*,#6133,.F.);
#8816=ORIENTED_EDGE('',*,*,#6566,.T.);
#8817=ORIENTED_EDGE('',*,*,#6564,.T.);
#8818=ORIENTED_EDGE('',*,*,#6562,.T.);
#8819=ORIENTED_EDGE('',*,*,#6560,.T.);
#8820=ORIENTED_EDGE('',*,*,#6558,.T.);
#8821=ORIENTED_EDGE('',*,*,#6556,.T.);
#8822=ORIENTED_EDGE('',*,*,#6533,.F.);
#8823=ORIENTED_EDGE('',*,*,#6571,.T.);
#8824=ORIENTED_EDGE('',*,*,#6569,.T.);
#8825=ORIENTED_EDGE('',*,*,#6567,.T.);
#8826=ORIENTED_EDGE('',*,*,#6485,.T.);
#8827=ORIENTED_EDGE('',*,*,#6492,.F.);
#8828=ORIENTED_EDGE('',*,*,#6531,.F.);
#8829=ORIENTED_EDGE('',*,*,#6572,.F.);
#8830=ORIENTED_EDGE('',*,*,#6573,.F.);
#8831=ORIENTED_EDGE('',*,*,#6493,.F.);
#8832=ORIENTED_EDGE('',*,*,#6573,.T.);
#8833=ORIENTED_EDGE('',*,*,#6574,.F.);
#8834=ORIENTED_EDGE('',*,*,#6575,.F.);
#8835=ORIENTED_EDGE('',*,*,#6494,.F.);
#8836=ORIENTED_EDGE('',*,*,#6575,.T.);
#8837=ORIENTED_EDGE('',*,*,#6576,.F.);
#8838=ORIENTED_EDGE('',*,*,#6577,.F.);
#8839=ORIENTED_EDGE('',*,*,#6495,.F.);
#8840=ORIENTED_EDGE('',*,*,#6577,.T.);
#8841=ORIENTED_EDGE('',*,*,#6578,.F.);
#8842=ORIENTED_EDGE('',*,*,#6579,.F.);
#8843=ORIENTED_EDGE('',*,*,#6496,.F.);
#8844=ORIENTED_EDGE('',*,*,#6579,.T.);
#8845=ORIENTED_EDGE('',*,*,#6580,.F.);
#8846=ORIENTED_EDGE('',*,*,#6581,.F.);
#8847=ORIENTED_EDGE('',*,*,#6136,.F.);
#8848=ORIENTED_EDGE('',*,*,#6497,.F.);
#8849=ORIENTED_EDGE('',*,*,#6581,.T.);
#8850=ORIENTED_EDGE('',*,*,#6582,.F.);
#8851=ORIENTED_EDGE('',*,*,#6488,.F.);
#8852=ORIENTED_EDGE('',*,*,#6499,.T.);
#8853=ORIENTED_EDGE('',*,*,#6583,.F.);
#8854=ORIENTED_EDGE('',*,*,#6584,.F.);
#8855=ORIENTED_EDGE('',*,*,#6489,.F.);
#8856=ORIENTED_EDGE('',*,*,#6584,.T.);
#8857=ORIENTED_EDGE('',*,*,#6585,.F.);
#8858=ORIENTED_EDGE('',*,*,#6586,.F.);
#8859=ORIENTED_EDGE('',*,*,#6490,.F.);
#8860=ORIENTED_EDGE('',*,*,#6586,.T.);
#8861=ORIENTED_EDGE('',*,*,#6587,.F.);
#8862=ORIENTED_EDGE('',*,*,#6529,.F.);
#8863=ORIENTED_EDGE('',*,*,#6137,.F.);
#8864=ORIENTED_EDGE('',*,*,#6582,.T.);
#8865=ORIENTED_EDGE('',*,*,#6580,.T.);
#8866=ORIENTED_EDGE('',*,*,#6578,.T.);
#8867=ORIENTED_EDGE('',*,*,#6576,.T.);
#8868=ORIENTED_EDGE('',*,*,#6574,.T.);
#8869=ORIENTED_EDGE('',*,*,#6572,.T.);
#8870=ORIENTED_EDGE('',*,*,#6530,.F.);
#8871=ORIENTED_EDGE('',*,*,#6587,.T.);
#8872=ORIENTED_EDGE('',*,*,#6585,.T.);
#8873=ORIENTED_EDGE('',*,*,#6583,.T.);
#8874=ORIENTED_EDGE('',*,*,#6498,.T.);
#8875=ORIENTED_EDGE('',*,*,#6505,.F.);
#8876=ORIENTED_EDGE('',*,*,#6588,.F.);
#8877=ORIENTED_EDGE('',*,*,#6589,.F.);
#8878=ORIENTED_EDGE('',*,*,#6590,.F.);
#8879=ORIENTED_EDGE('',*,*,#6506,.F.);
#8880=ORIENTED_EDGE('',*,*,#6590,.T.);
#8881=ORIENTED_EDGE('',*,*,#6591,.F.);
#8882=ORIENTED_EDGE('',*,*,#6592,.F.);
#8883=ORIENTED_EDGE('',*,*,#6507,.F.);
#8884=ORIENTED_EDGE('',*,*,#6592,.T.);
#8885=ORIENTED_EDGE('',*,*,#6593,.F.);
#8886=ORIENTED_EDGE('',*,*,#6594,.F.);
#8887=ORIENTED_EDGE('',*,*,#6508,.F.);
#8888=ORIENTED_EDGE('',*,*,#6594,.T.);
#8889=ORIENTED_EDGE('',*,*,#6595,.F.);
#8890=ORIENTED_EDGE('',*,*,#6596,.F.);
#8891=ORIENTED_EDGE('',*,*,#6509,.F.);
#8892=ORIENTED_EDGE('',*,*,#6596,.T.);
#8893=ORIENTED_EDGE('',*,*,#6597,.F.);
#8894=ORIENTED_EDGE('',*,*,#6598,.F.);
#8895=ORIENTED_EDGE('',*,*,#6140,.F.);
#8896=ORIENTED_EDGE('',*,*,#6510,.F.);
#8897=ORIENTED_EDGE('',*,*,#6598,.T.);
#8898=ORIENTED_EDGE('',*,*,#6599,.F.);
#8899=ORIENTED_EDGE('',*,*,#6501,.F.);
#8900=ORIENTED_EDGE('',*,*,#6512,.T.);
#8901=ORIENTED_EDGE('',*,*,#6600,.F.);
#8902=ORIENTED_EDGE('',*,*,#6601,.F.);
#8903=ORIENTED_EDGE('',*,*,#6502,.F.);
#8904=ORIENTED_EDGE('',*,*,#6601,.T.);
#8905=ORIENTED_EDGE('',*,*,#6602,.F.);
#8906=ORIENTED_EDGE('',*,*,#6603,.F.);
#8907=ORIENTED_EDGE('',*,*,#6503,.F.);
#8908=ORIENTED_EDGE('',*,*,#6603,.T.);
#8909=ORIENTED_EDGE('',*,*,#6604,.F.);
#8910=ORIENTED_EDGE('',*,*,#6605,.F.);
#8911=ORIENTED_EDGE('',*,*,#6141,.F.);
#8912=ORIENTED_EDGE('',*,*,#6599,.T.);
#8913=ORIENTED_EDGE('',*,*,#6597,.T.);
#8914=ORIENTED_EDGE('',*,*,#6595,.T.);
#8915=ORIENTED_EDGE('',*,*,#6593,.T.);
#8916=ORIENTED_EDGE('',*,*,#6591,.T.);
#8917=ORIENTED_EDGE('',*,*,#6589,.T.);
#8918=ORIENTED_EDGE('',*,*,#6606,.F.);
#8919=ORIENTED_EDGE('',*,*,#6604,.T.);
#8920=ORIENTED_EDGE('',*,*,#6602,.T.);
#8921=ORIENTED_EDGE('',*,*,#6600,.T.);
#8922=ORIENTED_EDGE('',*,*,#6511,.T.);
#8923=ORIENTED_EDGE('',*,*,#6518,.F.);
#8924=ORIENTED_EDGE('',*,*,#6607,.F.);
#8925=ORIENTED_EDGE('',*,*,#6608,.F.);
#8926=ORIENTED_EDGE('',*,*,#6609,.F.);
#8927=ORIENTED_EDGE('',*,*,#6519,.F.);
#8928=ORIENTED_EDGE('',*,*,#6609,.T.);
#8929=ORIENTED_EDGE('',*,*,#6610,.F.);
#8930=ORIENTED_EDGE('',*,*,#6611,.F.);
#8931=ORIENTED_EDGE('',*,*,#6520,.F.);
#8932=ORIENTED_EDGE('',*,*,#6611,.T.);
#8933=ORIENTED_EDGE('',*,*,#6612,.F.);
#8934=ORIENTED_EDGE('',*,*,#6613,.F.);
#8935=ORIENTED_EDGE('',*,*,#6521,.F.);
#8936=ORIENTED_EDGE('',*,*,#6613,.T.);
#8937=ORIENTED_EDGE('',*,*,#6614,.F.);
#8938=ORIENTED_EDGE('',*,*,#6615,.F.);
#8939=ORIENTED_EDGE('',*,*,#6522,.F.);
#8940=ORIENTED_EDGE('',*,*,#6615,.T.);
#8941=ORIENTED_EDGE('',*,*,#6616,.F.);
#8942=ORIENTED_EDGE('',*,*,#6617,.F.);
#8943=ORIENTED_EDGE('',*,*,#6144,.F.);
#8944=ORIENTED_EDGE('',*,*,#6523,.F.);
#8945=ORIENTED_EDGE('',*,*,#6617,.T.);
#8946=ORIENTED_EDGE('',*,*,#6618,.F.);
#8947=ORIENTED_EDGE('',*,*,#6514,.F.);
#8948=ORIENTED_EDGE('',*,*,#6525,.T.);
#8949=ORIENTED_EDGE('',*,*,#6619,.F.);
#8950=ORIENTED_EDGE('',*,*,#6620,.F.);
#8951=ORIENTED_EDGE('',*,*,#6515,.F.);
#8952=ORIENTED_EDGE('',*,*,#6620,.T.);
#8953=ORIENTED_EDGE('',*,*,#6621,.F.);
#8954=ORIENTED_EDGE('',*,*,#6622,.F.);
#8955=ORIENTED_EDGE('',*,*,#6516,.F.);
#8956=ORIENTED_EDGE('',*,*,#6622,.T.);
#8957=ORIENTED_EDGE('',*,*,#6623,.F.);
#8958=ORIENTED_EDGE('',*,*,#6624,.F.);
#8959=ORIENTED_EDGE('',*,*,#6145,.F.);
#8960=ORIENTED_EDGE('',*,*,#6618,.T.);
#8961=ORIENTED_EDGE('',*,*,#6616,.T.);
#8962=ORIENTED_EDGE('',*,*,#6614,.T.);
#8963=ORIENTED_EDGE('',*,*,#6612,.T.);
#8964=ORIENTED_EDGE('',*,*,#6610,.T.);
#8965=ORIENTED_EDGE('',*,*,#6608,.T.);
#8966=ORIENTED_EDGE('',*,*,#6625,.F.);
#8967=ORIENTED_EDGE('',*,*,#6623,.T.);
#8968=ORIENTED_EDGE('',*,*,#6621,.T.);
#8969=ORIENTED_EDGE('',*,*,#6619,.T.);
#8970=ORIENTED_EDGE('',*,*,#6524,.T.);
#8971=ORIENTED_EDGE('',*,*,#6626,.T.);
#8972=ORIENTED_EDGE('',*,*,#6627,.T.);
#8973=ORIENTED_EDGE('',*,*,#6628,.F.);
#8974=ORIENTED_EDGE('',*,*,#6627,.F.);
#8975=ORIENTED_EDGE('',*,*,#6626,.F.);
#8976=ORIENTED_EDGE('',*,*,#6629,.T.);
#8977=ORIENTED_EDGE('',*,*,#6630,.T.);
#8978=ORIENTED_EDGE('',*,*,#6527,.T.);
#8979=ORIENTED_EDGE('',*,*,#6539,.T.);
#8980=ORIENTED_EDGE('',*,*,#6628,.T.);
#8981=ORIENTED_EDGE('',*,*,#6148,.F.);
#8982=ORIENTED_EDGE('',*,*,#6528,.F.);
#8983=ORIENTED_EDGE('',*,*,#6630,.F.);
#8984=ORIENTED_EDGE('',*,*,#6631,.T.);
#8985=ORIENTED_EDGE('',*,*,#6149,.F.);
#8986=ORIENTED_EDGE('',*,*,#6631,.F.);
#8987=ORIENTED_EDGE('',*,*,#6629,.F.);
#8988=ORIENTED_EDGE('',*,*,#6538,.T.);
#8989=ORIENTED_EDGE('',*,*,#6605,.T.);
#8990=ORIENTED_EDGE('',*,*,#6606,.T.);
#8991=ORIENTED_EDGE('',*,*,#6588,.T.);
#8992=ORIENTED_EDGE('',*,*,#6504,.T.);
#8993=ORIENTED_EDGE('',*,*,#6624,.T.);
#8994=ORIENTED_EDGE('',*,*,#6625,.T.);
#8995=ORIENTED_EDGE('',*,*,#6607,.T.);
#8996=ORIENTED_EDGE('',*,*,#6517,.T.);
#8997=ORIENTED_EDGE('',*,*,#6204,.F.);
#8998=ORIENTED_EDGE('',*,*,#6632,.T.);
#8999=ORIENTED_EDGE('',*,*,#6633,.F.);
#9000=ORIENTED_EDGE('',*,*,#6634,.F.);
#9001=ORIENTED_EDGE('',*,*,#6203,.F.);
#9002=ORIENTED_EDGE('',*,*,#6635,.T.);
#9003=ORIENTED_EDGE('',*,*,#6636,.F.);
#9004=ORIENTED_EDGE('',*,*,#6632,.F.);
#9005=ORIENTED_EDGE('',*,*,#6637,.F.);
#9006=ORIENTED_EDGE('',*,*,#6638,.T.);
#9007=ORIENTED_EDGE('',*,*,#6639,.T.);
#9008=ORIENTED_EDGE('',*,*,#6638,.F.);
#9009=ORIENTED_EDGE('',*,*,#6639,.F.);
#9010=ORIENTED_EDGE('',*,*,#6205,.F.);
#9011=ORIENTED_EDGE('',*,*,#6634,.T.);
#9012=ORIENTED_EDGE('',*,*,#6640,.F.);
#9013=ORIENTED_EDGE('',*,*,#6641,.F.);
#9014=ORIENTED_EDGE('',*,*,#6206,.F.);
#9015=ORIENTED_EDGE('',*,*,#6641,.T.);
#9016=ORIENTED_EDGE('',*,*,#6642,.F.);
#9017=ORIENTED_EDGE('',*,*,#6635,.F.);
#9018=ORIENTED_EDGE('',*,*,#6642,.T.);
#9019=ORIENTED_EDGE('',*,*,#6640,.T.);
#9020=ORIENTED_EDGE('',*,*,#6633,.T.);
#9021=ORIENTED_EDGE('',*,*,#6636,.T.);
#9022=ORIENTED_EDGE('',*,*,#6637,.T.);
#9023=ORIENTED_EDGE('',*,*,#6151,.F.);
#9024=ORIENTED_EDGE('',*,*,#6643,.T.);
#9025=ORIENTED_EDGE('',*,*,#6644,.T.);
#9026=ORIENTED_EDGE('',*,*,#6645,.T.);
#9027=ORIENTED_EDGE('',*,*,#6646,.T.);
#9028=ORIENTED_EDGE('',*,*,#6647,.F.);
#9029=ORIENTED_EDGE('',*,*,#6648,.T.);
#9030=ORIENTED_EDGE('',*,*,#6649,.T.);
#9031=ORIENTED_EDGE('',*,*,#6650,.T.);
#9032=ORIENTED_EDGE('',*,*,#6651,.T.);
#9033=ORIENTED_EDGE('',*,*,#6652,.T.);
#9034=ORIENTED_EDGE('',*,*,#6653,.T.);
#9035=ORIENTED_EDGE('',*,*,#6150,.F.);
#9036=ORIENTED_EDGE('',*,*,#6654,.F.);
#9037=ORIENTED_EDGE('',*,*,#6655,.F.);
#9038=ORIENTED_EDGE('',*,*,#6643,.F.);
#9039=ORIENTED_EDGE('',*,*,#6155,.F.);
#9040=ORIENTED_EDGE('',*,*,#6656,.T.);
#9041=ORIENTED_EDGE('',*,*,#6657,.T.);
#9042=ORIENTED_EDGE('',*,*,#6658,.T.);
#9043=ORIENTED_EDGE('',*,*,#6659,.T.);
#9044=ORIENTED_EDGE('',*,*,#6660,.F.);
#9045=ORIENTED_EDGE('',*,*,#6661,.T.);
#9046=ORIENTED_EDGE('',*,*,#6662,.T.);
#9047=ORIENTED_EDGE('',*,*,#6663,.T.);
#9048=ORIENTED_EDGE('',*,*,#6664,.T.);
#9049=ORIENTED_EDGE('',*,*,#6665,.T.);
#9050=ORIENTED_EDGE('',*,*,#6666,.T.);
#9051=ORIENTED_EDGE('',*,*,#6154,.F.);
#9052=ORIENTED_EDGE('',*,*,#6667,.F.);
#9053=ORIENTED_EDGE('',*,*,#6668,.F.);
#9054=ORIENTED_EDGE('',*,*,#6656,.F.);
#9055=ORIENTED_EDGE('',*,*,#6159,.F.);
#9056=ORIENTED_EDGE('',*,*,#6669,.T.);
#9057=ORIENTED_EDGE('',*,*,#6670,.T.);
#9058=ORIENTED_EDGE('',*,*,#6671,.T.);
#9059=ORIENTED_EDGE('',*,*,#6672,.T.);
#9060=ORIENTED_EDGE('',*,*,#6673,.F.);
#9061=ORIENTED_EDGE('',*,*,#6674,.T.);
#9062=ORIENTED_EDGE('',*,*,#6675,.T.);
#9063=ORIENTED_EDGE('',*,*,#6676,.T.);
#9064=ORIENTED_EDGE('',*,*,#6677,.T.);
#9065=ORIENTED_EDGE('',*,*,#6678,.T.);
#9066=ORIENTED_EDGE('',*,*,#6679,.T.);
#9067=ORIENTED_EDGE('',*,*,#6158,.F.);
#9068=ORIENTED_EDGE('',*,*,#6680,.F.);
#9069=ORIENTED_EDGE('',*,*,#6681,.F.);
#9070=ORIENTED_EDGE('',*,*,#6669,.F.);
#9071=ORIENTED_EDGE('',*,*,#6163,.F.);
#9072=ORIENTED_EDGE('',*,*,#6682,.T.);
#9073=ORIENTED_EDGE('',*,*,#6683,.T.);
#9074=ORIENTED_EDGE('',*,*,#6684,.T.);
#9075=ORIENTED_EDGE('',*,*,#6685,.T.);
#9076=ORIENTED_EDGE('',*,*,#6686,.F.);
#9077=ORIENTED_EDGE('',*,*,#6687,.T.);
#9078=ORIENTED_EDGE('',*,*,#6688,.T.);
#9079=ORIENTED_EDGE('',*,*,#6689,.T.);
#9080=ORIENTED_EDGE('',*,*,#6690,.T.);
#9081=ORIENTED_EDGE('',*,*,#6691,.T.);
#9082=ORIENTED_EDGE('',*,*,#6692,.T.);
#9083=ORIENTED_EDGE('',*,*,#6162,.F.);
#9084=ORIENTED_EDGE('',*,*,#6693,.F.);
#9085=ORIENTED_EDGE('',*,*,#6694,.F.);
#9086=ORIENTED_EDGE('',*,*,#6682,.F.);
#9087=ORIENTED_EDGE('',*,*,#6167,.F.);
#9088=ORIENTED_EDGE('',*,*,#6695,.T.);
#9089=ORIENTED_EDGE('',*,*,#6696,.T.);
#9090=ORIENTED_EDGE('',*,*,#6697,.T.);
#9091=ORIENTED_EDGE('',*,*,#6698,.T.);
#9092=ORIENTED_EDGE('',*,*,#6699,.F.);
#9093=ORIENTED_EDGE('',*,*,#6700,.T.);
#9094=ORIENTED_EDGE('',*,*,#6701,.T.);
#9095=ORIENTED_EDGE('',*,*,#6702,.T.);
#9096=ORIENTED_EDGE('',*,*,#6703,.T.);
#9097=ORIENTED_EDGE('',*,*,#6704,.T.);
#9098=ORIENTED_EDGE('',*,*,#6705,.T.);
#9099=ORIENTED_EDGE('',*,*,#6166,.F.);
#9100=ORIENTED_EDGE('',*,*,#6706,.F.);
#9101=ORIENTED_EDGE('',*,*,#6707,.F.);
#9102=ORIENTED_EDGE('',*,*,#6695,.F.);
#9103=ORIENTED_EDGE('',*,*,#6171,.F.);
#9104=ORIENTED_EDGE('',*,*,#6708,.F.);
#9105=ORIENTED_EDGE('',*,*,#6709,.F.);
#9106=ORIENTED_EDGE('',*,*,#6710,.T.);
#9107=ORIENTED_EDGE('',*,*,#6711,.T.);
#9108=ORIENTED_EDGE('',*,*,#6712,.T.);
#9109=ORIENTED_EDGE('',*,*,#6713,.T.);
#9110=ORIENTED_EDGE('',*,*,#6673,.T.);
#9111=ORIENTED_EDGE('',*,*,#6714,.T.);
#9112=ORIENTED_EDGE('',*,*,#6715,.T.);
#9113=ORIENTED_EDGE('',*,*,#6716,.T.);
#9114=ORIENTED_EDGE('',*,*,#6660,.T.);
#9115=ORIENTED_EDGE('',*,*,#6717,.T.);
#9116=ORIENTED_EDGE('',*,*,#6718,.T.);
#9117=ORIENTED_EDGE('',*,*,#6719,.T.);
#9118=ORIENTED_EDGE('',*,*,#6647,.T.);
#9119=ORIENTED_EDGE('',*,*,#6170,.F.);
#9120=ORIENTED_EDGE('',*,*,#6720,.F.);
#9121=ORIENTED_EDGE('',*,*,#6721,.F.);
#9122=ORIENTED_EDGE('',*,*,#6708,.T.);
#9123=ORIENTED_EDGE('',*,*,#6648,.F.);
#9124=ORIENTED_EDGE('',*,*,#6719,.F.);
#9125=ORIENTED_EDGE('',*,*,#6722,.F.);
#9126=ORIENTED_EDGE('',*,*,#6723,.F.);
#9127=ORIENTED_EDGE('',*,*,#6649,.F.);
#9128=ORIENTED_EDGE('',*,*,#6723,.T.);
#9129=ORIENTED_EDGE('',*,*,#6724,.F.);
#9130=ORIENTED_EDGE('',*,*,#6725,.F.);
#9131=ORIENTED_EDGE('',*,*,#6650,.F.);
#9132=ORIENTED_EDGE('',*,*,#6725,.T.);
#9133=ORIENTED_EDGE('',*,*,#6726,.F.);
#9134=ORIENTED_EDGE('',*,*,#6727,.F.);
#9135=ORIENTED_EDGE('',*,*,#6651,.F.);
#9136=ORIENTED_EDGE('',*,*,#6727,.T.);
#9137=ORIENTED_EDGE('',*,*,#6728,.F.);
#9138=ORIENTED_EDGE('',*,*,#6729,.F.);
#9139=ORIENTED_EDGE('',*,*,#6652,.F.);
#9140=ORIENTED_EDGE('',*,*,#6729,.T.);
#9141=ORIENTED_EDGE('',*,*,#6730,.F.);
#9142=ORIENTED_EDGE('',*,*,#6731,.F.);
#9143=ORIENTED_EDGE('',*,*,#6152,.F.);
#9144=ORIENTED_EDGE('',*,*,#6653,.F.);
#9145=ORIENTED_EDGE('',*,*,#6731,.T.);
#9146=ORIENTED_EDGE('',*,*,#6732,.F.);
#9147=ORIENTED_EDGE('',*,*,#6644,.F.);
#9148=ORIENTED_EDGE('',*,*,#6655,.T.);
#9149=ORIENTED_EDGE('',*,*,#6733,.F.);
#9150=ORIENTED_EDGE('',*,*,#6734,.F.);
#9151=ORIENTED_EDGE('',*,*,#6645,.F.);
#9152=ORIENTED_EDGE('',*,*,#6734,.T.);
#9153=ORIENTED_EDGE('',*,*,#6735,.F.);
#9154=ORIENTED_EDGE('',*,*,#6736,.F.);
#9155=ORIENTED_EDGE('',*,*,#6646,.F.);
#9156=ORIENTED_EDGE('',*,*,#6736,.T.);
#9157=ORIENTED_EDGE('',*,*,#6737,.F.);
#9158=ORIENTED_EDGE('',*,*,#6717,.F.);
#9159=ORIENTED_EDGE('',*,*,#6153,.F.);
#9160=ORIENTED_EDGE('',*,*,#6732,.T.);
#9161=ORIENTED_EDGE('',*,*,#6730,.T.);
#9162=ORIENTED_EDGE('',*,*,#6728,.T.);
#9163=ORIENTED_EDGE('',*,*,#6726,.T.);
#9164=ORIENTED_EDGE('',*,*,#6724,.T.);
#9165=ORIENTED_EDGE('',*,*,#6722,.T.);
#9166=ORIENTED_EDGE('',*,*,#6718,.F.);
#9167=ORIENTED_EDGE('',*,*,#6737,.T.);
#9168=ORIENTED_EDGE('',*,*,#6735,.T.);
#9169=ORIENTED_EDGE('',*,*,#6733,.T.);
#9170=ORIENTED_EDGE('',*,*,#6654,.T.);
#9171=ORIENTED_EDGE('',*,*,#6661,.F.);
#9172=ORIENTED_EDGE('',*,*,#6716,.F.);
#9173=ORIENTED_EDGE('',*,*,#6738,.F.);
#9174=ORIENTED_EDGE('',*,*,#6739,.F.);
#9175=ORIENTED_EDGE('',*,*,#6662,.F.);
#9176=ORIENTED_EDGE('',*,*,#6739,.T.);
#9177=ORIENTED_EDGE('',*,*,#6740,.F.);
#9178=ORIENTED_EDGE('',*,*,#6741,.F.);
#9179=ORIENTED_EDGE('',*,*,#6663,.F.);
#9180=ORIENTED_EDGE('',*,*,#6741,.T.);
#9181=ORIENTED_EDGE('',*,*,#6742,.F.);
#9182=ORIENTED_EDGE('',*,*,#6743,.F.);
#9183=ORIENTED_EDGE('',*,*,#6664,.F.);
#9184=ORIENTED_EDGE('',*,*,#6743,.T.);
#9185=ORIENTED_EDGE('',*,*,#6744,.F.);
#9186=ORIENTED_EDGE('',*,*,#6745,.F.);
#9187=ORIENTED_EDGE('',*,*,#6665,.F.);
#9188=ORIENTED_EDGE('',*,*,#6745,.T.);
#9189=ORIENTED_EDGE('',*,*,#6746,.F.);
#9190=ORIENTED_EDGE('',*,*,#6747,.F.);
#9191=ORIENTED_EDGE('',*,*,#6156,.F.);
#9192=ORIENTED_EDGE('',*,*,#6666,.F.);
#9193=ORIENTED_EDGE('',*,*,#6747,.T.);
#9194=ORIENTED_EDGE('',*,*,#6748,.F.);
#9195=ORIENTED_EDGE('',*,*,#6657,.F.);
#9196=ORIENTED_EDGE('',*,*,#6668,.T.);
#9197=ORIENTED_EDGE('',*,*,#6749,.F.);
#9198=ORIENTED_EDGE('',*,*,#6750,.F.);
#9199=ORIENTED_EDGE('',*,*,#6658,.F.);
#9200=ORIENTED_EDGE('',*,*,#6750,.T.);
#9201=ORIENTED_EDGE('',*,*,#6751,.F.);
#9202=ORIENTED_EDGE('',*,*,#6752,.F.);
#9203=ORIENTED_EDGE('',*,*,#6659,.F.);
#9204=ORIENTED_EDGE('',*,*,#6752,.T.);
#9205=ORIENTED_EDGE('',*,*,#6753,.F.);
#9206=ORIENTED_EDGE('',*,*,#6714,.F.);
#9207=ORIENTED_EDGE('',*,*,#6157,.F.);
#9208=ORIENTED_EDGE('',*,*,#6748,.T.);
#9209=ORIENTED_EDGE('',*,*,#6746,.T.);
#9210=ORIENTED_EDGE('',*,*,#6744,.T.);
#9211=ORIENTED_EDGE('',*,*,#6742,.T.);
#9212=ORIENTED_EDGE('',*,*,#6740,.T.);
#9213=ORIENTED_EDGE('',*,*,#6738,.T.);
#9214=ORIENTED_EDGE('',*,*,#6715,.F.);
#9215=ORIENTED_EDGE('',*,*,#6753,.T.);
#9216=ORIENTED_EDGE('',*,*,#6751,.T.);
#9217=ORIENTED_EDGE('',*,*,#6749,.T.);
#9218=ORIENTED_EDGE('',*,*,#6667,.T.);
#9219=ORIENTED_EDGE('',*,*,#6674,.F.);
#9220=ORIENTED_EDGE('',*,*,#6713,.F.);
#9221=ORIENTED_EDGE('',*,*,#6754,.F.);
#9222=ORIENTED_EDGE('',*,*,#6755,.F.);
#9223=ORIENTED_EDGE('',*,*,#6675,.F.);
#9224=ORIENTED_EDGE('',*,*,#6755,.T.);
#9225=ORIENTED_EDGE('',*,*,#6756,.F.);
#9226=ORIENTED_EDGE('',*,*,#6757,.F.);
#9227=ORIENTED_EDGE('',*,*,#6676,.F.);
#9228=ORIENTED_EDGE('',*,*,#6757,.T.);
#9229=ORIENTED_EDGE('',*,*,#6758,.F.);
#9230=ORIENTED_EDGE('',*,*,#6759,.F.);
#9231=ORIENTED_EDGE('',*,*,#6677,.F.);
#9232=ORIENTED_EDGE('',*,*,#6759,.T.);
#9233=ORIENTED_EDGE('',*,*,#6760,.F.);
#9234=ORIENTED_EDGE('',*,*,#6761,.F.);
#9235=ORIENTED_EDGE('',*,*,#6678,.F.);
#9236=ORIENTED_EDGE('',*,*,#6761,.T.);
#9237=ORIENTED_EDGE('',*,*,#6762,.F.);
#9238=ORIENTED_EDGE('',*,*,#6763,.F.);
#9239=ORIENTED_EDGE('',*,*,#6160,.F.);
#9240=ORIENTED_EDGE('',*,*,#6679,.F.);
#9241=ORIENTED_EDGE('',*,*,#6763,.T.);
#9242=ORIENTED_EDGE('',*,*,#6764,.F.);
#9243=ORIENTED_EDGE('',*,*,#6670,.F.);
#9244=ORIENTED_EDGE('',*,*,#6681,.T.);
#9245=ORIENTED_EDGE('',*,*,#6765,.F.);
#9246=ORIENTED_EDGE('',*,*,#6766,.F.);
#9247=ORIENTED_EDGE('',*,*,#6671,.F.);
#9248=ORIENTED_EDGE('',*,*,#6766,.T.);
#9249=ORIENTED_EDGE('',*,*,#6767,.F.);
#9250=ORIENTED_EDGE('',*,*,#6768,.F.);
#9251=ORIENTED_EDGE('',*,*,#6672,.F.);
#9252=ORIENTED_EDGE('',*,*,#6768,.T.);
#9253=ORIENTED_EDGE('',*,*,#6769,.F.);
#9254=ORIENTED_EDGE('',*,*,#6711,.F.);
#9255=ORIENTED_EDGE('',*,*,#6161,.F.);
#9256=ORIENTED_EDGE('',*,*,#6764,.T.);
#9257=ORIENTED_EDGE('',*,*,#6762,.T.);
#9258=ORIENTED_EDGE('',*,*,#6760,.T.);
#9259=ORIENTED_EDGE('',*,*,#6758,.T.);
#9260=ORIENTED_EDGE('',*,*,#6756,.T.);
#9261=ORIENTED_EDGE('',*,*,#6754,.T.);
#9262=ORIENTED_EDGE('',*,*,#6712,.F.);
#9263=ORIENTED_EDGE('',*,*,#6769,.T.);
#9264=ORIENTED_EDGE('',*,*,#6767,.T.);
#9265=ORIENTED_EDGE('',*,*,#6765,.T.);
#9266=ORIENTED_EDGE('',*,*,#6680,.T.);
#9267=ORIENTED_EDGE('',*,*,#6687,.F.);
#9268=ORIENTED_EDGE('',*,*,#6770,.F.);
#9269=ORIENTED_EDGE('',*,*,#6771,.F.);
#9270=ORIENTED_EDGE('',*,*,#6772,.F.);
#9271=ORIENTED_EDGE('',*,*,#6688,.F.);
#9272=ORIENTED_EDGE('',*,*,#6772,.T.);
#9273=ORIENTED_EDGE('',*,*,#6773,.F.);
#9274=ORIENTED_EDGE('',*,*,#6774,.F.);
#9275=ORIENTED_EDGE('',*,*,#6689,.F.);
#9276=ORIENTED_EDGE('',*,*,#6774,.T.);
#9277=ORIENTED_EDGE('',*,*,#6775,.F.);
#9278=ORIENTED_EDGE('',*,*,#6776,.F.);
#9279=ORIENTED_EDGE('',*,*,#6690,.F.);
#9280=ORIENTED_EDGE('',*,*,#6776,.T.);
#9281=ORIENTED_EDGE('',*,*,#6777,.F.);
#9282=ORIENTED_EDGE('',*,*,#6778,.F.);
#9283=ORIENTED_EDGE('',*,*,#6691,.F.);
#9284=ORIENTED_EDGE('',*,*,#6778,.T.);
#9285=ORIENTED_EDGE('',*,*,#6779,.F.);
#9286=ORIENTED_EDGE('',*,*,#6780,.F.);
#9287=ORIENTED_EDGE('',*,*,#6164,.F.);
#9288=ORIENTED_EDGE('',*,*,#6692,.F.);
#9289=ORIENTED_EDGE('',*,*,#6780,.T.);
#9290=ORIENTED_EDGE('',*,*,#6781,.F.);
#9291=ORIENTED_EDGE('',*,*,#6683,.F.);
#9292=ORIENTED_EDGE('',*,*,#6694,.T.);
#9293=ORIENTED_EDGE('',*,*,#6782,.F.);
#9294=ORIENTED_EDGE('',*,*,#6783,.F.);
#9295=ORIENTED_EDGE('',*,*,#6684,.F.);
#9296=ORIENTED_EDGE('',*,*,#6783,.T.);
#9297=ORIENTED_EDGE('',*,*,#6784,.F.);
#9298=ORIENTED_EDGE('',*,*,#6785,.F.);
#9299=ORIENTED_EDGE('',*,*,#6685,.F.);
#9300=ORIENTED_EDGE('',*,*,#6785,.T.);
#9301=ORIENTED_EDGE('',*,*,#6786,.F.);
#9302=ORIENTED_EDGE('',*,*,#6787,.F.);
#9303=ORIENTED_EDGE('',*,*,#6165,.F.);
#9304=ORIENTED_EDGE('',*,*,#6781,.T.);
#9305=ORIENTED_EDGE('',*,*,#6779,.T.);
#9306=ORIENTED_EDGE('',*,*,#6777,.T.);
#9307=ORIENTED_EDGE('',*,*,#6775,.T.);
#9308=ORIENTED_EDGE('',*,*,#6773,.T.);
#9309=ORIENTED_EDGE('',*,*,#6771,.T.);
#9310=ORIENTED_EDGE('',*,*,#6788,.F.);
#9311=ORIENTED_EDGE('',*,*,#6786,.T.);
#9312=ORIENTED_EDGE('',*,*,#6784,.T.);
#9313=ORIENTED_EDGE('',*,*,#6782,.T.);
#9314=ORIENTED_EDGE('',*,*,#6693,.T.);
#9315=ORIENTED_EDGE('',*,*,#6700,.F.);
#9316=ORIENTED_EDGE('',*,*,#6789,.F.);
#9317=ORIENTED_EDGE('',*,*,#6790,.F.);
#9318=ORIENTED_EDGE('',*,*,#6791,.F.);
#9319=ORIENTED_EDGE('',*,*,#6701,.F.);
#9320=ORIENTED_EDGE('',*,*,#6791,.T.);
#9321=ORIENTED_EDGE('',*,*,#6792,.F.);
#9322=ORIENTED_EDGE('',*,*,#6793,.F.);
#9323=ORIENTED_EDGE('',*,*,#6702,.F.);
#9324=ORIENTED_EDGE('',*,*,#6793,.T.);
#9325=ORIENTED_EDGE('',*,*,#6794,.F.);
#9326=ORIENTED_EDGE('',*,*,#6795,.F.);
#9327=ORIENTED_EDGE('',*,*,#6703,.F.);
#9328=ORIENTED_EDGE('',*,*,#6795,.T.);
#9329=ORIENTED_EDGE('',*,*,#6796,.F.);
#9330=ORIENTED_EDGE('',*,*,#6797,.F.);
#9331=ORIENTED_EDGE('',*,*,#6704,.F.);
#9332=ORIENTED_EDGE('',*,*,#6797,.T.);
#9333=ORIENTED_EDGE('',*,*,#6798,.F.);
#9334=ORIENTED_EDGE('',*,*,#6799,.F.);
#9335=ORIENTED_EDGE('',*,*,#6168,.F.);
#9336=ORIENTED_EDGE('',*,*,#6705,.F.);
#9337=ORIENTED_EDGE('',*,*,#6799,.T.);
#9338=ORIENTED_EDGE('',*,*,#6800,.F.);
#9339=ORIENTED_EDGE('',*,*,#6696,.F.);
#9340=ORIENTED_EDGE('',*,*,#6707,.T.);
#9341=ORIENTED_EDGE('',*,*,#6801,.F.);
#9342=ORIENTED_EDGE('',*,*,#6802,.F.);
#9343=ORIENTED_EDGE('',*,*,#6697,.F.);
#9344=ORIENTED_EDGE('',*,*,#6802,.T.);
#9345=ORIENTED_EDGE('',*,*,#6803,.F.);
#9346=ORIENTED_EDGE('',*,*,#6804,.F.);
#9347=ORIENTED_EDGE('',*,*,#6698,.F.);
#9348=ORIENTED_EDGE('',*,*,#6804,.T.);
#9349=ORIENTED_EDGE('',*,*,#6805,.F.);
#9350=ORIENTED_EDGE('',*,*,#6806,.F.);
#9351=ORIENTED_EDGE('',*,*,#6169,.F.);
#9352=ORIENTED_EDGE('',*,*,#6800,.T.);
#9353=ORIENTED_EDGE('',*,*,#6798,.T.);
#9354=ORIENTED_EDGE('',*,*,#6796,.T.);
#9355=ORIENTED_EDGE('',*,*,#6794,.T.);
#9356=ORIENTED_EDGE('',*,*,#6792,.T.);
#9357=ORIENTED_EDGE('',*,*,#6790,.T.);
#9358=ORIENTED_EDGE('',*,*,#6807,.F.);
#9359=ORIENTED_EDGE('',*,*,#6805,.T.);
#9360=ORIENTED_EDGE('',*,*,#6803,.T.);
#9361=ORIENTED_EDGE('',*,*,#6801,.T.);
#9362=ORIENTED_EDGE('',*,*,#6706,.T.);
#9363=ORIENTED_EDGE('',*,*,#6808,.T.);
#9364=ORIENTED_EDGE('',*,*,#6809,.T.);
#9365=ORIENTED_EDGE('',*,*,#6810,.F.);
#9366=ORIENTED_EDGE('',*,*,#6809,.F.);
#9367=ORIENTED_EDGE('',*,*,#6808,.F.);
#9368=ORIENTED_EDGE('',*,*,#6811,.T.);
#9369=ORIENTED_EDGE('',*,*,#6812,.T.);
#9370=ORIENTED_EDGE('',*,*,#6709,.T.);
#9371=ORIENTED_EDGE('',*,*,#6721,.T.);
#9372=ORIENTED_EDGE('',*,*,#6810,.T.);
#9373=ORIENTED_EDGE('',*,*,#6172,.F.);
#9374=ORIENTED_EDGE('',*,*,#6710,.F.);
#9375=ORIENTED_EDGE('',*,*,#6812,.F.);
#9376=ORIENTED_EDGE('',*,*,#6813,.T.);
#9377=ORIENTED_EDGE('',*,*,#6173,.F.);
#9378=ORIENTED_EDGE('',*,*,#6813,.F.);
#9379=ORIENTED_EDGE('',*,*,#6811,.F.);
#9380=ORIENTED_EDGE('',*,*,#6720,.T.);
#9381=ORIENTED_EDGE('',*,*,#6787,.T.);
#9382=ORIENTED_EDGE('',*,*,#6788,.T.);
#9383=ORIENTED_EDGE('',*,*,#6770,.T.);
#9384=ORIENTED_EDGE('',*,*,#6686,.T.);
#9385=ORIENTED_EDGE('',*,*,#6806,.T.);
#9386=ORIENTED_EDGE('',*,*,#6807,.T.);
#9387=ORIENTED_EDGE('',*,*,#6789,.T.);
#9388=ORIENTED_EDGE('',*,*,#6699,.T.);
#9389=ORIENTED_EDGE('',*,*,#6814,.F.);
#9390=ORIENTED_EDGE('',*,*,#6815,.F.);
#9391=ORIENTED_EDGE('',*,*,#6046,.F.);
#9392=ORIENTED_EDGE('',*,*,#6816,.T.);
#9393=ORIENTED_EDGE('',*,*,#6817,.F.);
#9394=ORIENTED_EDGE('',*,*,#6816,.F.);
#9395=ORIENTED_EDGE('',*,*,#6045,.F.);
#9396=ORIENTED_EDGE('',*,*,#6818,.T.);
#9397=ORIENTED_EDGE('',*,*,#6819,.F.);
#9398=ORIENTED_EDGE('',*,*,#6818,.F.);
#9399=ORIENTED_EDGE('',*,*,#6207,.F.);
#9400=ORIENTED_EDGE('',*,*,#6820,.T.);
#9401=ORIENTED_EDGE('',*,*,#6821,.F.);
#9402=ORIENTED_EDGE('',*,*,#6820,.F.);
#9403=ORIENTED_EDGE('',*,*,#6051,.F.);
#9404=ORIENTED_EDGE('',*,*,#6822,.T.);
#9405=ORIENTED_EDGE('',*,*,#6823,.F.);
#9406=ORIENTED_EDGE('',*,*,#6822,.F.);
#9407=ORIENTED_EDGE('',*,*,#6050,.F.);
#9408=ORIENTED_EDGE('',*,*,#6824,.T.);
#9409=ORIENTED_EDGE('',*,*,#6825,.F.);
#9410=ORIENTED_EDGE('',*,*,#6824,.F.);
#9411=ORIENTED_EDGE('',*,*,#6049,.F.);
#9412=ORIENTED_EDGE('',*,*,#6826,.T.);
#9413=ORIENTED_EDGE('',*,*,#6827,.F.);
#9414=ORIENTED_EDGE('',*,*,#6826,.F.);
#9415=ORIENTED_EDGE('',*,*,#6048,.F.);
#9416=ORIENTED_EDGE('',*,*,#6828,.T.);
#9417=ORIENTED_EDGE('',*,*,#6829,.F.);
#9418=ORIENTED_EDGE('',*,*,#6828,.F.);
#9419=ORIENTED_EDGE('',*,*,#6047,.F.);
#9420=ORIENTED_EDGE('',*,*,#6815,.T.);
#9421=ORIENTED_EDGE('',*,*,#6830,.F.);
#9422=ORIENTED_EDGE('',*,*,#6831,.F.);
#9423=ORIENTED_EDGE('',*,*,#6076,.F.);
#9424=ORIENTED_EDGE('',*,*,#6832,.T.);
#9425=ORIENTED_EDGE('',*,*,#6833,.F.);
#9426=ORIENTED_EDGE('',*,*,#6832,.F.);
#9427=ORIENTED_EDGE('',*,*,#6075,.F.);
#9428=ORIENTED_EDGE('',*,*,#6834,.T.);
#9429=ORIENTED_EDGE('',*,*,#6835,.F.);
#9430=ORIENTED_EDGE('',*,*,#6834,.F.);
#9431=ORIENTED_EDGE('',*,*,#6074,.F.);
#9432=ORIENTED_EDGE('',*,*,#6836,.T.);
#9433=ORIENTED_EDGE('',*,*,#6837,.F.);
#9434=ORIENTED_EDGE('',*,*,#6836,.F.);
#9435=ORIENTED_EDGE('',*,*,#6073,.F.);
#9436=ORIENTED_EDGE('',*,*,#6838,.T.);
#9437=ORIENTED_EDGE('',*,*,#6839,.F.);
#9438=ORIENTED_EDGE('',*,*,#6838,.F.);
#9439=ORIENTED_EDGE('',*,*,#6072,.F.);
#9440=ORIENTED_EDGE('',*,*,#6840,.T.);
#9441=ORIENTED_EDGE('',*,*,#6841,.F.);
#9442=ORIENTED_EDGE('',*,*,#6840,.F.);
#9443=ORIENTED_EDGE('',*,*,#6071,.F.);
#9444=ORIENTED_EDGE('',*,*,#6842,.T.);
#9445=ORIENTED_EDGE('',*,*,#6843,.F.);
#9446=ORIENTED_EDGE('',*,*,#6842,.F.);
#9447=ORIENTED_EDGE('',*,*,#6252,.F.);
#9448=ORIENTED_EDGE('',*,*,#6844,.T.);
#9449=ORIENTED_EDGE('',*,*,#6845,.F.);
#9450=ORIENTED_EDGE('',*,*,#6844,.F.);
#9451=ORIENTED_EDGE('',*,*,#6077,.F.);
#9452=ORIENTED_EDGE('',*,*,#6831,.T.);
#9453=ORIENTED_EDGE('',*,*,#6846,.F.);
#9454=ORIENTED_EDGE('',*,*,#6847,.F.);
#9455=ORIENTED_EDGE('',*,*,#6114,.F.);
#9456=ORIENTED_EDGE('',*,*,#6848,.T.);
#9457=ORIENTED_EDGE('',*,*,#6849,.F.);
#9458=ORIENTED_EDGE('',*,*,#6848,.F.);
#9459=ORIENTED_EDGE('',*,*,#6113,.F.);
#9460=ORIENTED_EDGE('',*,*,#6850,.T.);
#9461=ORIENTED_EDGE('',*,*,#6851,.F.);
#9462=ORIENTED_EDGE('',*,*,#6850,.F.);
#9463=ORIENTED_EDGE('',*,*,#6032,.F.);
#9464=ORIENTED_EDGE('',*,*,#6852,.T.);
#9465=ORIENTED_EDGE('',*,*,#6853,.F.);
#9466=ORIENTED_EDGE('',*,*,#6852,.F.);
#9467=ORIENTED_EDGE('',*,*,#6119,.F.);
#9468=ORIENTED_EDGE('',*,*,#6854,.T.);
#9469=ORIENTED_EDGE('',*,*,#6855,.F.);
#9470=ORIENTED_EDGE('',*,*,#6854,.F.);
#9471=ORIENTED_EDGE('',*,*,#6118,.F.);
#9472=ORIENTED_EDGE('',*,*,#6856,.T.);
#9473=ORIENTED_EDGE('',*,*,#6857,.F.);
#9474=ORIENTED_EDGE('',*,*,#6856,.F.);
#9475=ORIENTED_EDGE('',*,*,#6117,.F.);
#9476=ORIENTED_EDGE('',*,*,#6858,.T.);
#9477=ORIENTED_EDGE('',*,*,#6859,.F.);
#9478=ORIENTED_EDGE('',*,*,#6858,.F.);
#9479=ORIENTED_EDGE('',*,*,#6116,.F.);
#9480=ORIENTED_EDGE('',*,*,#6860,.T.);
#9481=ORIENTED_EDGE('',*,*,#6861,.F.);
#9482=ORIENTED_EDGE('',*,*,#6860,.F.);
#9483=ORIENTED_EDGE('',*,*,#6115,.F.);
#9484=ORIENTED_EDGE('',*,*,#6847,.T.);
#9485=ORIENTED_EDGE('',*,*,#6862,.F.);
#9486=ORIENTED_EDGE('',*,*,#6863,.F.);
#9487=ORIENTED_EDGE('',*,*,#6066,.F.);
#9488=ORIENTED_EDGE('',*,*,#6864,.T.);
#9489=ORIENTED_EDGE('',*,*,#6865,.F.);
#9490=ORIENTED_EDGE('',*,*,#6864,.F.);
#9491=ORIENTED_EDGE('',*,*,#6065,.F.);
#9492=ORIENTED_EDGE('',*,*,#6866,.T.);
#9493=ORIENTED_EDGE('',*,*,#6867,.F.);
#9494=ORIENTED_EDGE('',*,*,#6866,.F.);
#9495=ORIENTED_EDGE('',*,*,#6064,.F.);
#9496=ORIENTED_EDGE('',*,*,#6868,.T.);
#9497=ORIENTED_EDGE('',*,*,#6869,.F.);
#9498=ORIENTED_EDGE('',*,*,#6868,.F.);
#9499=ORIENTED_EDGE('',*,*,#6063,.F.);
#9500=ORIENTED_EDGE('',*,*,#6870,.T.);
#9501=ORIENTED_EDGE('',*,*,#6871,.F.);
#9502=ORIENTED_EDGE('',*,*,#6870,.F.);
#9503=ORIENTED_EDGE('',*,*,#6062,.F.);
#9504=ORIENTED_EDGE('',*,*,#6872,.T.);
#9505=ORIENTED_EDGE('',*,*,#6873,.F.);
#9506=ORIENTED_EDGE('',*,*,#6872,.F.);
#9507=ORIENTED_EDGE('',*,*,#6061,.F.);
#9508=ORIENTED_EDGE('',*,*,#6874,.T.);
#9509=ORIENTED_EDGE('',*,*,#6875,.F.);
#9510=ORIENTED_EDGE('',*,*,#6874,.F.);
#9511=ORIENTED_EDGE('',*,*,#6245,.F.);
#9512=ORIENTED_EDGE('',*,*,#6876,.T.);
#9513=ORIENTED_EDGE('',*,*,#6877,.F.);
#9514=ORIENTED_EDGE('',*,*,#6876,.F.);
#9515=ORIENTED_EDGE('',*,*,#6067,.F.);
#9516=ORIENTED_EDGE('',*,*,#6863,.T.);
#9517=ORIENTED_EDGE('',*,*,#6878,.F.);
#9518=ORIENTED_EDGE('',*,*,#6879,.F.);
#9519=ORIENTED_EDGE('',*,*,#6880,.F.);
#9520=ORIENTED_EDGE('',*,*,#6881,.T.);
#9521=ORIENTED_EDGE('',*,*,#6878,.T.);
#9522=ORIENTED_EDGE('',*,*,#6881,.F.);
#9523=ORIENTED_EDGE('',*,*,#6882,.F.);
#9524=ORIENTED_EDGE('',*,*,#6883,.F.);
#9525=ORIENTED_EDGE('',*,*,#6884,.F.);
#9526=ORIENTED_EDGE('',*,*,#6885,.T.);
#9527=ORIENTED_EDGE('',*,*,#6882,.T.);
#9528=ORIENTED_EDGE('',*,*,#6885,.F.);
#9529=ORIENTED_EDGE('',*,*,#6886,.F.);
#9530=ORIENTED_EDGE('',*,*,#6887,.F.);
#9531=ORIENTED_EDGE('',*,*,#6888,.F.);
#9532=ORIENTED_EDGE('',*,*,#6889,.T.);
#9533=ORIENTED_EDGE('',*,*,#6886,.T.);
#9534=ORIENTED_EDGE('',*,*,#6889,.F.);
#9535=ORIENTED_EDGE('',*,*,#6890,.F.);
#9536=ORIENTED_EDGE('',*,*,#6891,.T.);
#9537=ORIENTED_EDGE('',*,*,#6174,.F.);
#9538=ORIENTED_EDGE('',*,*,#6892,.T.);
#9539=ORIENTED_EDGE('',*,*,#6890,.T.);
#9540=ORIENTED_EDGE('',*,*,#6892,.F.);
#9541=ORIENTED_EDGE('',*,*,#6891,.F.);
#9542=ORIENTED_EDGE('',*,*,#6893,.T.);
#9543=ORIENTED_EDGE('',*,*,#6879,.T.);
#9544=ORIENTED_EDGE('',*,*,#6893,.F.);
#9545=ORIENTED_EDGE('',*,*,#6894,.F.);
#9546=ORIENTED_EDGE('',*,*,#6895,.T.);
#9547=ORIENTED_EDGE('',*,*,#6175,.F.);
#9548=ORIENTED_EDGE('',*,*,#6896,.T.);
#9549=ORIENTED_EDGE('',*,*,#6894,.T.);
#9550=ORIENTED_EDGE('',*,*,#6896,.F.);
#9551=ORIENTED_EDGE('',*,*,#6895,.F.);
#9552=ORIENTED_EDGE('',*,*,#6897,.T.);
#9553=ORIENTED_EDGE('',*,*,#6887,.T.);
#9554=ORIENTED_EDGE('',*,*,#6897,.F.);
#9555=ORIENTED_EDGE('',*,*,#6898,.F.);
#9556=ORIENTED_EDGE('',*,*,#6899,.T.);
#9557=ORIENTED_EDGE('',*,*,#6176,.F.);
#9558=ORIENTED_EDGE('',*,*,#6900,.T.);
#9559=ORIENTED_EDGE('',*,*,#6898,.T.);
#9560=ORIENTED_EDGE('',*,*,#6900,.F.);
#9561=ORIENTED_EDGE('',*,*,#6899,.F.);
#9562=ORIENTED_EDGE('',*,*,#6901,.T.);
#9563=ORIENTED_EDGE('',*,*,#6883,.T.);
#9564=ORIENTED_EDGE('',*,*,#6901,.F.);
#9565=ORIENTED_EDGE('',*,*,#6902,.F.);
#9566=ORIENTED_EDGE('',*,*,#6903,.F.);
#9567=ORIENTED_EDGE('',*,*,#6904,.F.);
#9568=ORIENTED_EDGE('',*,*,#6905,.T.);
#9569=ORIENTED_EDGE('',*,*,#6902,.T.);
#9570=ORIENTED_EDGE('',*,*,#6905,.F.);
#9571=ORIENTED_EDGE('',*,*,#6906,.F.);
#9572=ORIENTED_EDGE('',*,*,#6907,.F.);
#9573=ORIENTED_EDGE('',*,*,#6908,.F.);
#9574=ORIENTED_EDGE('',*,*,#6909,.T.);
#9575=ORIENTED_EDGE('',*,*,#6906,.T.);
#9576=ORIENTED_EDGE('',*,*,#6909,.F.);
#9577=ORIENTED_EDGE('',*,*,#6910,.F.);
#9578=ORIENTED_EDGE('',*,*,#6911,.F.);
#9579=ORIENTED_EDGE('',*,*,#6912,.F.);
#9580=ORIENTED_EDGE('',*,*,#6913,.T.);
#9581=ORIENTED_EDGE('',*,*,#6910,.T.);
#9582=ORIENTED_EDGE('',*,*,#6913,.F.);
#9583=ORIENTED_EDGE('',*,*,#6914,.F.);
#9584=ORIENTED_EDGE('',*,*,#6915,.F.);
#9585=ORIENTED_EDGE('',*,*,#6916,.F.);
#9586=ORIENTED_EDGE('',*,*,#6917,.T.);
#9587=ORIENTED_EDGE('',*,*,#6914,.T.);
#9588=ORIENTED_EDGE('',*,*,#6917,.F.);
#9589=ORIENTED_EDGE('',*,*,#6918,.F.);
#9590=ORIENTED_EDGE('',*,*,#6919,.F.);
#9591=ORIENTED_EDGE('',*,*,#6920,.F.);
#9592=ORIENTED_EDGE('',*,*,#6921,.T.);
#9593=ORIENTED_EDGE('',*,*,#6918,.T.);
#9594=ORIENTED_EDGE('',*,*,#6921,.F.);
#9595=ORIENTED_EDGE('',*,*,#6922,.F.);
#9596=ORIENTED_EDGE('',*,*,#6923,.F.);
#9597=ORIENTED_EDGE('',*,*,#6924,.F.);
#9598=ORIENTED_EDGE('',*,*,#6925,.T.);
#9599=ORIENTED_EDGE('',*,*,#6922,.T.);
#9600=ORIENTED_EDGE('',*,*,#6925,.F.);
#9601=ORIENTED_EDGE('',*,*,#6926,.F.);
#9602=ORIENTED_EDGE('',*,*,#6927,.F.);
#9603=ORIENTED_EDGE('',*,*,#6928,.F.);
#9604=ORIENTED_EDGE('',*,*,#6929,.T.);
#9605=ORIENTED_EDGE('',*,*,#6926,.T.);
#9606=ORIENTED_EDGE('',*,*,#6929,.F.);
#9607=ORIENTED_EDGE('',*,*,#6930,.F.);
#9608=ORIENTED_EDGE('',*,*,#6931,.F.);
#9609=ORIENTED_EDGE('',*,*,#6932,.F.);
#9610=ORIENTED_EDGE('',*,*,#6933,.T.);
#9611=ORIENTED_EDGE('',*,*,#6930,.T.);
#9612=ORIENTED_EDGE('',*,*,#6933,.F.);
#9613=ORIENTED_EDGE('',*,*,#6934,.F.);
#9614=ORIENTED_EDGE('',*,*,#6935,.F.);
#9615=ORIENTED_EDGE('',*,*,#6936,.F.);
#9616=ORIENTED_EDGE('',*,*,#6937,.T.);
#9617=ORIENTED_EDGE('',*,*,#6934,.T.);
#9618=ORIENTED_EDGE('',*,*,#6937,.F.);
#9619=ORIENTED_EDGE('',*,*,#6938,.F.);
#9620=ORIENTED_EDGE('',*,*,#6939,.F.);
#9621=ORIENTED_EDGE('',*,*,#6940,.F.);
#9622=ORIENTED_EDGE('',*,*,#6941,.T.);
#9623=ORIENTED_EDGE('',*,*,#6938,.T.);
#9624=ORIENTED_EDGE('',*,*,#6941,.F.);
#9625=ORIENTED_EDGE('',*,*,#6942,.F.);
#9626=ORIENTED_EDGE('',*,*,#6943,.F.);
#9627=ORIENTED_EDGE('',*,*,#6944,.F.);
#9628=ORIENTED_EDGE('',*,*,#6945,.T.);
#9629=ORIENTED_EDGE('',*,*,#6942,.T.);
#9630=ORIENTED_EDGE('',*,*,#6945,.F.);
#9631=ORIENTED_EDGE('',*,*,#6946,.F.);
#9632=ORIENTED_EDGE('',*,*,#6947,.F.);
#9633=ORIENTED_EDGE('',*,*,#6948,.F.);
#9634=ORIENTED_EDGE('',*,*,#6949,.T.);
#9635=ORIENTED_EDGE('',*,*,#6946,.T.);
#9636=ORIENTED_EDGE('',*,*,#6949,.F.);
#9637=ORIENTED_EDGE('',*,*,#6950,.F.);
#9638=ORIENTED_EDGE('',*,*,#6951,.F.);
#9639=ORIENTED_EDGE('',*,*,#6952,.F.);
#9640=ORIENTED_EDGE('',*,*,#6953,.T.);
#9641=ORIENTED_EDGE('',*,*,#6950,.T.);
#9642=ORIENTED_EDGE('',*,*,#6953,.F.);
#9643=ORIENTED_EDGE('',*,*,#6954,.F.);
#9644=ORIENTED_EDGE('',*,*,#6955,.F.);
#9645=ORIENTED_EDGE('',*,*,#6956,.F.);
#9646=ORIENTED_EDGE('',*,*,#6957,.T.);
#9647=ORIENTED_EDGE('',*,*,#6954,.T.);
#9648=ORIENTED_EDGE('',*,*,#6957,.F.);
#9649=ORIENTED_EDGE('',*,*,#6958,.F.);
#9650=ORIENTED_EDGE('',*,*,#6959,.F.);
#9651=ORIENTED_EDGE('',*,*,#6960,.F.);
#9652=ORIENTED_EDGE('',*,*,#6961,.T.);
#9653=ORIENTED_EDGE('',*,*,#6958,.T.);
#9654=ORIENTED_EDGE('',*,*,#6961,.F.);
#9655=ORIENTED_EDGE('',*,*,#6962,.F.);
#9656=ORIENTED_EDGE('',*,*,#6963,.F.);
#9657=ORIENTED_EDGE('',*,*,#6964,.F.);
#9658=ORIENTED_EDGE('',*,*,#6965,.T.);
#9659=ORIENTED_EDGE('',*,*,#6962,.T.);
#9660=ORIENTED_EDGE('',*,*,#6965,.F.);
#9661=ORIENTED_EDGE('',*,*,#6966,.F.);
#9662=ORIENTED_EDGE('',*,*,#6967,.F.);
#9663=ORIENTED_EDGE('',*,*,#6968,.F.);
#9664=ORIENTED_EDGE('',*,*,#6969,.T.);
#9665=ORIENTED_EDGE('',*,*,#6966,.T.);
#9666=ORIENTED_EDGE('',*,*,#6969,.F.);
#9667=ORIENTED_EDGE('',*,*,#6970,.F.);
#9668=ORIENTED_EDGE('',*,*,#6971,.F.);
#9669=ORIENTED_EDGE('',*,*,#6972,.F.);
#9670=ORIENTED_EDGE('',*,*,#6973,.T.);
#9671=ORIENTED_EDGE('',*,*,#6970,.T.);
#9672=ORIENTED_EDGE('',*,*,#6973,.F.);
#9673=ORIENTED_EDGE('',*,*,#6974,.F.);
#9674=ORIENTED_EDGE('',*,*,#6975,.F.);
#9675=ORIENTED_EDGE('',*,*,#6976,.F.);
#9676=ORIENTED_EDGE('',*,*,#6977,.T.);
#9677=ORIENTED_EDGE('',*,*,#6974,.T.);
#9678=ORIENTED_EDGE('',*,*,#6977,.F.);
#9679=ORIENTED_EDGE('',*,*,#6978,.F.);
#9680=ORIENTED_EDGE('',*,*,#6979,.F.);
#9681=ORIENTED_EDGE('',*,*,#6980,.F.);
#9682=ORIENTED_EDGE('',*,*,#6981,.T.);
#9683=ORIENTED_EDGE('',*,*,#6978,.T.);
#9684=ORIENTED_EDGE('',*,*,#6981,.F.);
#9685=ORIENTED_EDGE('',*,*,#6982,.F.);
#9686=ORIENTED_EDGE('',*,*,#6983,.F.);
#9687=ORIENTED_EDGE('',*,*,#6984,.F.);
#9688=ORIENTED_EDGE('',*,*,#6985,.T.);
#9689=ORIENTED_EDGE('',*,*,#6982,.T.);
#9690=ORIENTED_EDGE('',*,*,#6985,.F.);
#9691=ORIENTED_EDGE('',*,*,#6986,.F.);
#9692=ORIENTED_EDGE('',*,*,#6987,.F.);
#9693=ORIENTED_EDGE('',*,*,#6988,.F.);
#9694=ORIENTED_EDGE('',*,*,#6989,.T.);
#9695=ORIENTED_EDGE('',*,*,#6986,.T.);
#9696=ORIENTED_EDGE('',*,*,#6989,.F.);
#9697=ORIENTED_EDGE('',*,*,#6990,.F.);
#9698=ORIENTED_EDGE('',*,*,#6991,.F.);
#9699=ORIENTED_EDGE('',*,*,#6992,.F.);
#9700=ORIENTED_EDGE('',*,*,#6993,.T.);
#9701=ORIENTED_EDGE('',*,*,#6990,.T.);
#9702=ORIENTED_EDGE('',*,*,#6993,.F.);
#9703=ORIENTED_EDGE('',*,*,#6994,.F.);
#9704=ORIENTED_EDGE('',*,*,#6995,.F.);
#9705=ORIENTED_EDGE('',*,*,#6996,.F.);
#9706=ORIENTED_EDGE('',*,*,#6997,.T.);
#9707=ORIENTED_EDGE('',*,*,#6994,.T.);
#9708=ORIENTED_EDGE('',*,*,#6997,.F.);
#9709=ORIENTED_EDGE('',*,*,#6998,.F.);
#9710=ORIENTED_EDGE('',*,*,#6999,.F.);
#9711=ORIENTED_EDGE('',*,*,#7000,.F.);
#9712=ORIENTED_EDGE('',*,*,#7001,.T.);
#9713=ORIENTED_EDGE('',*,*,#6998,.T.);
#9714=ORIENTED_EDGE('',*,*,#7001,.F.);
#9715=ORIENTED_EDGE('',*,*,#7002,.F.);
#9716=ORIENTED_EDGE('',*,*,#7003,.F.);
#9717=ORIENTED_EDGE('',*,*,#7004,.F.);
#9718=ORIENTED_EDGE('',*,*,#7005,.T.);
#9719=ORIENTED_EDGE('',*,*,#7002,.T.);
#9720=ORIENTED_EDGE('',*,*,#7005,.F.);
#9721=ORIENTED_EDGE('',*,*,#7006,.F.);
#9722=ORIENTED_EDGE('',*,*,#7007,.T.);
#9723=ORIENTED_EDGE('',*,*,#6202,.F.);
#9724=ORIENTED_EDGE('',*,*,#7008,.T.);
#9725=ORIENTED_EDGE('',*,*,#7006,.T.);
#9726=ORIENTED_EDGE('',*,*,#7008,.F.);
#9727=ORIENTED_EDGE('',*,*,#7007,.F.);
#9728=ORIENTED_EDGE('',*,*,#7009,.T.);
#9729=ORIENTED_EDGE('',*,*,#6907,.T.);
#9730=ORIENTED_EDGE('',*,*,#7009,.F.);
#9731=ORIENTED_EDGE('',*,*,#7010,.F.);
#9732=ORIENTED_EDGE('',*,*,#7011,.T.);
#9733=ORIENTED_EDGE('',*,*,#6201,.F.);
#9734=ORIENTED_EDGE('',*,*,#7012,.T.);
#9735=ORIENTED_EDGE('',*,*,#7010,.T.);
#9736=ORIENTED_EDGE('',*,*,#7012,.F.);
#9737=ORIENTED_EDGE('',*,*,#7011,.F.);
#9738=ORIENTED_EDGE('',*,*,#7013,.T.);
#9739=ORIENTED_EDGE('',*,*,#6911,.T.);
#9740=ORIENTED_EDGE('',*,*,#7013,.F.);
#9741=ORIENTED_EDGE('',*,*,#7014,.F.);
#9742=ORIENTED_EDGE('',*,*,#7015,.T.);
#9743=ORIENTED_EDGE('',*,*,#6200,.F.);
#9744=ORIENTED_EDGE('',*,*,#7016,.T.);
#9745=ORIENTED_EDGE('',*,*,#7014,.T.);
#9746=ORIENTED_EDGE('',*,*,#7016,.F.);
#9747=ORIENTED_EDGE('',*,*,#7015,.F.);
#9748=ORIENTED_EDGE('',*,*,#7017,.T.);
#9749=ORIENTED_EDGE('',*,*,#6915,.T.);
#9750=ORIENTED_EDGE('',*,*,#7017,.F.);
#9751=ORIENTED_EDGE('',*,*,#7018,.F.);
#9752=ORIENTED_EDGE('',*,*,#7019,.T.);
#9753=ORIENTED_EDGE('',*,*,#6199,.F.);
#9754=ORIENTED_EDGE('',*,*,#7020,.T.);
#9755=ORIENTED_EDGE('',*,*,#7018,.T.);
#9756=ORIENTED_EDGE('',*,*,#7020,.F.);
#9757=ORIENTED_EDGE('',*,*,#7019,.F.);
#9758=ORIENTED_EDGE('',*,*,#7021,.T.);
#9759=ORIENTED_EDGE('',*,*,#6919,.T.);
#9760=ORIENTED_EDGE('',*,*,#7021,.F.);
#9761=ORIENTED_EDGE('',*,*,#7022,.F.);
#9762=ORIENTED_EDGE('',*,*,#7023,.T.);
#9763=ORIENTED_EDGE('',*,*,#6198,.F.);
#9764=ORIENTED_EDGE('',*,*,#7024,.T.);
#9765=ORIENTED_EDGE('',*,*,#7022,.T.);
#9766=ORIENTED_EDGE('',*,*,#7024,.F.);
#9767=ORIENTED_EDGE('',*,*,#7023,.F.);
#9768=ORIENTED_EDGE('',*,*,#7025,.T.);
#9769=ORIENTED_EDGE('',*,*,#6923,.T.);
#9770=ORIENTED_EDGE('',*,*,#7025,.F.);
#9771=ORIENTED_EDGE('',*,*,#7026,.F.);
#9772=ORIENTED_EDGE('',*,*,#7027,.T.);
#9773=ORIENTED_EDGE('',*,*,#6197,.F.);
#9774=ORIENTED_EDGE('',*,*,#7028,.T.);
#9775=ORIENTED_EDGE('',*,*,#7026,.T.);
#9776=ORIENTED_EDGE('',*,*,#7028,.F.);
#9777=ORIENTED_EDGE('',*,*,#7027,.F.);
#9778=ORIENTED_EDGE('',*,*,#7029,.T.);
#9779=ORIENTED_EDGE('',*,*,#6927,.T.);
#9780=ORIENTED_EDGE('',*,*,#7029,.F.);
#9781=ORIENTED_EDGE('',*,*,#7030,.F.);
#9782=ORIENTED_EDGE('',*,*,#7031,.T.);
#9783=ORIENTED_EDGE('',*,*,#6196,.F.);
#9784=ORIENTED_EDGE('',*,*,#7032,.T.);
#9785=ORIENTED_EDGE('',*,*,#7030,.T.);
#9786=ORIENTED_EDGE('',*,*,#7032,.F.);
#9787=ORIENTED_EDGE('',*,*,#7031,.F.);
#9788=ORIENTED_EDGE('',*,*,#7033,.T.);
#9789=ORIENTED_EDGE('',*,*,#6931,.T.);
#9790=ORIENTED_EDGE('',*,*,#7033,.F.);
#9791=ORIENTED_EDGE('',*,*,#7034,.F.);
#9792=ORIENTED_EDGE('',*,*,#7035,.T.);
#9793=ORIENTED_EDGE('',*,*,#6195,.F.);
#9794=ORIENTED_EDGE('',*,*,#7036,.T.);
#9795=ORIENTED_EDGE('',*,*,#7034,.T.);
#9796=ORIENTED_EDGE('',*,*,#7036,.F.);
#9797=ORIENTED_EDGE('',*,*,#7035,.F.);
#9798=ORIENTED_EDGE('',*,*,#7037,.T.);
#9799=ORIENTED_EDGE('',*,*,#6935,.T.);
#9800=ORIENTED_EDGE('',*,*,#7037,.F.);
#9801=ORIENTED_EDGE('',*,*,#7038,.F.);
#9802=ORIENTED_EDGE('',*,*,#7039,.T.);
#9803=ORIENTED_EDGE('',*,*,#6194,.F.);
#9804=ORIENTED_EDGE('',*,*,#7040,.T.);
#9805=ORIENTED_EDGE('',*,*,#7038,.T.);
#9806=ORIENTED_EDGE('',*,*,#7040,.F.);
#9807=ORIENTED_EDGE('',*,*,#7039,.F.);
#9808=ORIENTED_EDGE('',*,*,#7041,.T.);
#9809=ORIENTED_EDGE('',*,*,#6939,.T.);
#9810=ORIENTED_EDGE('',*,*,#7041,.F.);
#9811=ORIENTED_EDGE('',*,*,#7042,.F.);
#9812=ORIENTED_EDGE('',*,*,#7043,.T.);
#9813=ORIENTED_EDGE('',*,*,#6193,.F.);
#9814=ORIENTED_EDGE('',*,*,#7044,.T.);
#9815=ORIENTED_EDGE('',*,*,#7042,.T.);
#9816=ORIENTED_EDGE('',*,*,#7044,.F.);
#9817=ORIENTED_EDGE('',*,*,#7043,.F.);
#9818=ORIENTED_EDGE('',*,*,#7045,.T.);
#9819=ORIENTED_EDGE('',*,*,#6943,.T.);
#9820=ORIENTED_EDGE('',*,*,#7045,.F.);
#9821=ORIENTED_EDGE('',*,*,#7046,.F.);
#9822=ORIENTED_EDGE('',*,*,#7047,.T.);
#9823=ORIENTED_EDGE('',*,*,#6192,.F.);
#9824=ORIENTED_EDGE('',*,*,#7048,.T.);
#9825=ORIENTED_EDGE('',*,*,#7046,.T.);
#9826=ORIENTED_EDGE('',*,*,#7048,.F.);
#9827=ORIENTED_EDGE('',*,*,#7047,.F.);
#9828=ORIENTED_EDGE('',*,*,#7049,.T.);
#9829=ORIENTED_EDGE('',*,*,#6947,.T.);
#9830=ORIENTED_EDGE('',*,*,#7049,.F.);
#9831=ORIENTED_EDGE('',*,*,#7050,.F.);
#9832=ORIENTED_EDGE('',*,*,#7051,.T.);
#9833=ORIENTED_EDGE('',*,*,#6191,.F.);
#9834=ORIENTED_EDGE('',*,*,#7052,.T.);
#9835=ORIENTED_EDGE('',*,*,#7050,.T.);
#9836=ORIENTED_EDGE('',*,*,#7052,.F.);
#9837=ORIENTED_EDGE('',*,*,#7051,.F.);
#9838=ORIENTED_EDGE('',*,*,#7053,.T.);
#9839=ORIENTED_EDGE('',*,*,#6903,.T.);
#9840=ORIENTED_EDGE('',*,*,#7053,.F.);
#9841=ORIENTED_EDGE('',*,*,#7054,.F.);
#9842=ORIENTED_EDGE('',*,*,#7055,.T.);
#9843=ORIENTED_EDGE('',*,*,#6190,.F.);
#9844=ORIENTED_EDGE('',*,*,#7056,.T.);
#9845=ORIENTED_EDGE('',*,*,#7054,.T.);
#9846=ORIENTED_EDGE('',*,*,#7056,.F.);
#9847=ORIENTED_EDGE('',*,*,#7055,.F.);
#9848=ORIENTED_EDGE('',*,*,#7057,.T.);
#9849=ORIENTED_EDGE('',*,*,#6951,.T.);
#9850=ORIENTED_EDGE('',*,*,#7057,.F.);
#9851=ORIENTED_EDGE('',*,*,#7058,.F.);
#9852=ORIENTED_EDGE('',*,*,#7059,.T.);
#9853=ORIENTED_EDGE('',*,*,#6189,.F.);
#9854=ORIENTED_EDGE('',*,*,#7060,.T.);
#9855=ORIENTED_EDGE('',*,*,#7058,.T.);
#9856=ORIENTED_EDGE('',*,*,#7060,.F.);
#9857=ORIENTED_EDGE('',*,*,#7059,.F.);
#9858=ORIENTED_EDGE('',*,*,#7061,.T.);
#9859=ORIENTED_EDGE('',*,*,#7003,.T.);
#9860=ORIENTED_EDGE('',*,*,#7061,.F.);
#9861=ORIENTED_EDGE('',*,*,#7062,.F.);
#9862=ORIENTED_EDGE('',*,*,#7063,.T.);
#9863=ORIENTED_EDGE('',*,*,#6188,.F.);
#9864=ORIENTED_EDGE('',*,*,#7064,.T.);
#9865=ORIENTED_EDGE('',*,*,#7062,.T.);
#9866=ORIENTED_EDGE('',*,*,#7064,.F.);
#9867=ORIENTED_EDGE('',*,*,#7063,.F.);
#9868=ORIENTED_EDGE('',*,*,#7065,.T.);
#9869=ORIENTED_EDGE('',*,*,#6955,.T.);
#9870=ORIENTED_EDGE('',*,*,#7065,.F.);
#9871=ORIENTED_EDGE('',*,*,#7066,.F.);
#9872=ORIENTED_EDGE('',*,*,#7067,.T.);
#9873=ORIENTED_EDGE('',*,*,#6187,.F.);
#9874=ORIENTED_EDGE('',*,*,#7068,.T.);
#9875=ORIENTED_EDGE('',*,*,#7066,.T.);
#9876=ORIENTED_EDGE('',*,*,#7068,.F.);
#9877=ORIENTED_EDGE('',*,*,#7067,.F.);
#9878=ORIENTED_EDGE('',*,*,#7069,.T.);
#9879=ORIENTED_EDGE('',*,*,#6959,.T.);
#9880=ORIENTED_EDGE('',*,*,#7069,.F.);
#9881=ORIENTED_EDGE('',*,*,#7070,.F.);
#9882=ORIENTED_EDGE('',*,*,#7071,.T.);
#9883=ORIENTED_EDGE('',*,*,#6186,.F.);
#9884=ORIENTED_EDGE('',*,*,#7072,.T.);
#9885=ORIENTED_EDGE('',*,*,#7070,.T.);
#9886=ORIENTED_EDGE('',*,*,#7072,.F.);
#9887=ORIENTED_EDGE('',*,*,#7071,.F.);
#9888=ORIENTED_EDGE('',*,*,#7073,.T.);
#9889=ORIENTED_EDGE('',*,*,#6963,.T.);
#9890=ORIENTED_EDGE('',*,*,#7073,.F.);
#9891=ORIENTED_EDGE('',*,*,#7074,.F.);
#9892=ORIENTED_EDGE('',*,*,#7075,.T.);
#9893=ORIENTED_EDGE('',*,*,#6185,.F.);
#9894=ORIENTED_EDGE('',*,*,#7076,.T.);
#9895=ORIENTED_EDGE('',*,*,#7074,.T.);
#9896=ORIENTED_EDGE('',*,*,#7076,.F.);
#9897=ORIENTED_EDGE('',*,*,#7075,.F.);
#9898=ORIENTED_EDGE('',*,*,#7077,.T.);
#9899=ORIENTED_EDGE('',*,*,#6967,.T.);
#9900=ORIENTED_EDGE('',*,*,#7077,.F.);
#9901=ORIENTED_EDGE('',*,*,#7078,.F.);
#9902=ORIENTED_EDGE('',*,*,#7079,.T.);
#9903=ORIENTED_EDGE('',*,*,#6184,.F.);
#9904=ORIENTED_EDGE('',*,*,#7080,.T.);
#9905=ORIENTED_EDGE('',*,*,#7078,.T.);
#9906=ORIENTED_EDGE('',*,*,#7080,.F.);
#9907=ORIENTED_EDGE('',*,*,#7079,.F.);
#9908=ORIENTED_EDGE('',*,*,#7081,.T.);
#9909=ORIENTED_EDGE('',*,*,#6971,.T.);
#9910=ORIENTED_EDGE('',*,*,#7081,.F.);
#9911=ORIENTED_EDGE('',*,*,#7082,.F.);
#9912=ORIENTED_EDGE('',*,*,#7083,.T.);
#9913=ORIENTED_EDGE('',*,*,#6183,.F.);
#9914=ORIENTED_EDGE('',*,*,#7084,.T.);
#9915=ORIENTED_EDGE('',*,*,#7082,.T.);
#9916=ORIENTED_EDGE('',*,*,#7084,.F.);
#9917=ORIENTED_EDGE('',*,*,#7083,.F.);
#9918=ORIENTED_EDGE('',*,*,#7085,.T.);
#9919=ORIENTED_EDGE('',*,*,#6975,.T.);
#9920=ORIENTED_EDGE('',*,*,#7085,.F.);
#9921=ORIENTED_EDGE('',*,*,#7086,.F.);
#9922=ORIENTED_EDGE('',*,*,#7087,.T.);
#9923=ORIENTED_EDGE('',*,*,#6182,.F.);
#9924=ORIENTED_EDGE('',*,*,#7088,.T.);
#9925=ORIENTED_EDGE('',*,*,#7086,.T.);
#9926=ORIENTED_EDGE('',*,*,#7088,.F.);
#9927=ORIENTED_EDGE('',*,*,#7087,.F.);
#9928=ORIENTED_EDGE('',*,*,#7089,.T.);
#9929=ORIENTED_EDGE('',*,*,#6979,.T.);
#9930=ORIENTED_EDGE('',*,*,#7089,.F.);
#9931=ORIENTED_EDGE('',*,*,#7090,.F.);
#9932=ORIENTED_EDGE('',*,*,#7091,.T.);
#9933=ORIENTED_EDGE('',*,*,#6181,.F.);
#9934=ORIENTED_EDGE('',*,*,#7092,.T.);
#9935=ORIENTED_EDGE('',*,*,#7090,.T.);
#9936=ORIENTED_EDGE('',*,*,#7092,.F.);
#9937=ORIENTED_EDGE('',*,*,#7091,.F.);
#9938=ORIENTED_EDGE('',*,*,#7093,.T.);
#9939=ORIENTED_EDGE('',*,*,#6983,.T.);
#9940=ORIENTED_EDGE('',*,*,#7093,.F.);
#9941=ORIENTED_EDGE('',*,*,#7094,.F.);
#9942=ORIENTED_EDGE('',*,*,#7095,.T.);
#9943=ORIENTED_EDGE('',*,*,#6180,.F.);
#9944=ORIENTED_EDGE('',*,*,#7096,.T.);
#9945=ORIENTED_EDGE('',*,*,#7094,.T.);
#9946=ORIENTED_EDGE('',*,*,#7096,.F.);
#9947=ORIENTED_EDGE('',*,*,#7095,.F.);
#9948=ORIENTED_EDGE('',*,*,#7097,.T.);
#9949=ORIENTED_EDGE('',*,*,#6987,.T.);
#9950=ORIENTED_EDGE('',*,*,#7097,.F.);
#9951=ORIENTED_EDGE('',*,*,#7098,.F.);
#9952=ORIENTED_EDGE('',*,*,#7099,.T.);
#9953=ORIENTED_EDGE('',*,*,#6179,.F.);
#9954=ORIENTED_EDGE('',*,*,#7100,.T.);
#9955=ORIENTED_EDGE('',*,*,#7098,.T.);
#9956=ORIENTED_EDGE('',*,*,#7100,.F.);
#9957=ORIENTED_EDGE('',*,*,#7099,.F.);
#9958=ORIENTED_EDGE('',*,*,#7101,.T.);
#9959=ORIENTED_EDGE('',*,*,#6991,.T.);
#9960=ORIENTED_EDGE('',*,*,#7101,.F.);
#9961=ORIENTED_EDGE('',*,*,#7102,.F.);
#9962=ORIENTED_EDGE('',*,*,#7103,.T.);
#9963=ORIENTED_EDGE('',*,*,#6178,.F.);
#9964=ORIENTED_EDGE('',*,*,#7104,.T.);
#9965=ORIENTED_EDGE('',*,*,#7102,.T.);
#9966=ORIENTED_EDGE('',*,*,#7104,.F.);
#9967=ORIENTED_EDGE('',*,*,#7103,.F.);
#9968=ORIENTED_EDGE('',*,*,#7105,.T.);
#9969=ORIENTED_EDGE('',*,*,#6995,.T.);
#9970=ORIENTED_EDGE('',*,*,#7105,.F.);
#9971=ORIENTED_EDGE('',*,*,#7106,.F.);
#9972=ORIENTED_EDGE('',*,*,#7107,.T.);
#9973=ORIENTED_EDGE('',*,*,#6177,.F.);
#9974=ORIENTED_EDGE('',*,*,#7108,.T.);
#9975=ORIENTED_EDGE('',*,*,#7106,.T.);
#9976=ORIENTED_EDGE('',*,*,#7108,.F.);
#9977=ORIENTED_EDGE('',*,*,#7107,.F.);
#9978=ORIENTED_EDGE('',*,*,#7109,.T.);
#9979=ORIENTED_EDGE('',*,*,#6999,.T.);
#9980=ORIENTED_EDGE('',*,*,#7109,.F.);
#9981=ORIENTED_EDGE('',*,*,#7110,.F.);
#9982=ORIENTED_EDGE('',*,*,#7111,.T.);
#9983=ORIENTED_EDGE('',*,*,#6058,.F.);
#9984=ORIENTED_EDGE('',*,*,#7112,.F.);
#9985=ORIENTED_EDGE('',*,*,#7113,.F.);
#9986=ORIENTED_EDGE('',*,*,#7112,.T.);
#9987=ORIENTED_EDGE('',*,*,#6057,.F.);
#9988=ORIENTED_EDGE('',*,*,#7114,.F.);
#9989=ORIENTED_EDGE('',*,*,#7115,.F.);
#9990=ORIENTED_EDGE('',*,*,#7114,.T.);
#9991=ORIENTED_EDGE('',*,*,#6056,.F.);
#9992=ORIENTED_EDGE('',*,*,#7116,.F.);
#9993=ORIENTED_EDGE('',*,*,#7117,.F.);
#9994=ORIENTED_EDGE('',*,*,#7116,.T.);
#9995=ORIENTED_EDGE('',*,*,#6055,.F.);
#9996=ORIENTED_EDGE('',*,*,#7118,.F.);
#9997=ORIENTED_EDGE('',*,*,#7119,.F.);
#9998=ORIENTED_EDGE('',*,*,#7118,.T.);
#9999=ORIENTED_EDGE('',*,*,#6054,.F.);
#10000=ORIENTED_EDGE('',*,*,#7120,.F.);
#10001=ORIENTED_EDGE('',*,*,#7121,.T.);
#10002=ORIENTED_EDGE('',*,*,#7120,.T.);
#10003=ORIENTED_EDGE('',*,*,#6053,.F.);
#10004=ORIENTED_EDGE('',*,*,#7122,.F.);
#10005=ORIENTED_EDGE('',*,*,#6043,.F.);
#10006=ORIENTED_EDGE('',*,*,#7123,.F.);
#10007=ORIENTED_EDGE('',*,*,#6111,.F.);
#10008=ORIENTED_EDGE('',*,*,#7124,.F.);
#10009=ORIENTED_EDGE('',*,*,#5899,.T.);
#10010=ORIENTED_EDGE('',*,*,#6080,.F.);
#10011=ORIENTED_EDGE('',*,*,#7125,.F.);
#10012=ORIENTED_EDGE('',*,*,#7126,.T.);
#10013=ORIENTED_EDGE('',*,*,#7124,.T.);
#10014=ORIENTED_EDGE('',*,*,#6110,.F.);
#10015=ORIENTED_EDGE('',*,*,#6427,.T.);
#10016=ORIENTED_EDGE('',*,*,#6421,.T.);
#10017=ORIENTED_EDGE('',*,*,#6025,.T.);
#10018=ORIENTED_EDGE('',*,*,#6107,.F.);
#10019=ORIENTED_EDGE('',*,*,#6409,.T.);
#10020=ORIENTED_EDGE('',*,*,#6403,.T.);
#10021=ORIENTED_EDGE('',*,*,#6011,.T.);
#10022=ORIENTED_EDGE('',*,*,#6104,.F.);
#10023=ORIENTED_EDGE('',*,*,#6391,.T.);
#10024=ORIENTED_EDGE('',*,*,#6385,.T.);
#10025=ORIENTED_EDGE('',*,*,#5997,.T.);
#10026=ORIENTED_EDGE('',*,*,#6101,.F.);
#10027=ORIENTED_EDGE('',*,*,#6373,.T.);
#10028=ORIENTED_EDGE('',*,*,#6367,.T.);
#10029=ORIENTED_EDGE('',*,*,#5983,.T.);
#10030=ORIENTED_EDGE('',*,*,#6098,.F.);
#10031=ORIENTED_EDGE('',*,*,#6355,.T.);
#10032=ORIENTED_EDGE('',*,*,#6349,.T.);
#10033=ORIENTED_EDGE('',*,*,#5969,.T.);
#10034=ORIENTED_EDGE('',*,*,#6095,.F.);
#10035=ORIENTED_EDGE('',*,*,#6337,.T.);
#10036=ORIENTED_EDGE('',*,*,#6331,.T.);
#10037=ORIENTED_EDGE('',*,*,#5955,.T.);
#10038=ORIENTED_EDGE('',*,*,#6092,.F.);
#10039=ORIENTED_EDGE('',*,*,#6319,.T.);
#10040=ORIENTED_EDGE('',*,*,#6313,.T.);
#10041=ORIENTED_EDGE('',*,*,#5941,.T.);
#10042=ORIENTED_EDGE('',*,*,#6089,.F.);
#10043=ORIENTED_EDGE('',*,*,#6301,.T.);
#10044=ORIENTED_EDGE('',*,*,#6295,.T.);
#10045=ORIENTED_EDGE('',*,*,#5927,.T.);
#10046=ORIENTED_EDGE('',*,*,#6086,.F.);
#10047=ORIENTED_EDGE('',*,*,#6283,.T.);
#10048=ORIENTED_EDGE('',*,*,#6277,.T.);
#10049=ORIENTED_EDGE('',*,*,#5913,.T.);
#10050=ORIENTED_EDGE('',*,*,#6083,.F.);
#10051=ORIENTED_EDGE('',*,*,#6265,.T.);
#10052=ORIENTED_EDGE('',*,*,#6259,.T.);
#10053=ORIENTED_EDGE('',*,*,#7127,.T.);
#10054=ORIENTED_EDGE('',*,*,#7125,.T.);
#10055=ORIENTED_EDGE('',*,*,#6079,.F.);
#10056=ORIENTED_EDGE('',*,*,#6238,.F.);
#10057=ORIENTED_EDGE('',*,*,#6069,.F.);
#10058=ORIENTED_EDGE('',*,*,#6224,.F.);
#10059=ORIENTED_EDGE('',*,*,#6059,.F.);
#10060=ORIENTED_EDGE('',*,*,#7111,.F.);
#10061=ORIENTED_EDGE('',*,*,#7127,.F.);
#10062=ORIENTED_EDGE('',*,*,#7110,.T.);
#10063=ORIENTED_EDGE('',*,*,#7113,.T.);
#10064=ORIENTED_EDGE('',*,*,#7115,.T.);
#10065=ORIENTED_EDGE('',*,*,#7117,.T.);
#10066=ORIENTED_EDGE('',*,*,#7119,.T.);
#10067=ORIENTED_EDGE('',*,*,#7121,.F.);
#10068=ORIENTED_EDGE('',*,*,#7126,.F.);
#10069=ORIENTED_EDGE('',*,*,#6880,.T.);
#10070=ORIENTED_EDGE('',*,*,#6884,.T.);
#10071=ORIENTED_EDGE('',*,*,#6888,.T.);
#10072=ORIENTED_EDGE('',*,*,#6904,.T.);
#10073=ORIENTED_EDGE('',*,*,#6908,.T.);
#10074=ORIENTED_EDGE('',*,*,#6912,.T.);
#10075=ORIENTED_EDGE('',*,*,#6916,.T.);
#10076=ORIENTED_EDGE('',*,*,#6920,.T.);
#10077=ORIENTED_EDGE('',*,*,#6924,.T.);
#10078=ORIENTED_EDGE('',*,*,#6928,.T.);
#10079=ORIENTED_EDGE('',*,*,#6932,.T.);
#10080=ORIENTED_EDGE('',*,*,#6936,.T.);
#10081=ORIENTED_EDGE('',*,*,#6940,.T.);
#10082=ORIENTED_EDGE('',*,*,#6944,.T.);
#10083=ORIENTED_EDGE('',*,*,#6948,.T.);
#10084=ORIENTED_EDGE('',*,*,#6952,.T.);
#10085=ORIENTED_EDGE('',*,*,#6956,.T.);
#10086=ORIENTED_EDGE('',*,*,#6960,.T.);
#10087=ORIENTED_EDGE('',*,*,#6964,.T.);
#10088=ORIENTED_EDGE('',*,*,#6968,.T.);
#10089=ORIENTED_EDGE('',*,*,#6972,.T.);
#10090=ORIENTED_EDGE('',*,*,#6976,.T.);
#10091=ORIENTED_EDGE('',*,*,#6980,.T.);
#10092=ORIENTED_EDGE('',*,*,#6984,.T.);
#10093=ORIENTED_EDGE('',*,*,#6988,.T.);
#10094=ORIENTED_EDGE('',*,*,#6992,.T.);
#10095=ORIENTED_EDGE('',*,*,#6996,.T.);
#10096=ORIENTED_EDGE('',*,*,#7000,.T.);
#10097=ORIENTED_EDGE('',*,*,#7004,.T.);
#10098=ORIENTED_EDGE('',*,*,#6871,.T.);
#10099=ORIENTED_EDGE('',*,*,#6873,.T.);
#10100=ORIENTED_EDGE('',*,*,#6875,.T.);
#10101=ORIENTED_EDGE('',*,*,#6877,.T.);
#10102=ORIENTED_EDGE('',*,*,#6862,.T.);
#10103=ORIENTED_EDGE('',*,*,#6865,.T.);
#10104=ORIENTED_EDGE('',*,*,#6867,.T.);
#10105=ORIENTED_EDGE('',*,*,#6869,.T.);
#10106=ORIENTED_EDGE('',*,*,#6855,.T.);
#10107=ORIENTED_EDGE('',*,*,#6857,.T.);
#10108=ORIENTED_EDGE('',*,*,#6859,.T.);
#10109=ORIENTED_EDGE('',*,*,#6861,.T.);
#10110=ORIENTED_EDGE('',*,*,#6846,.T.);
#10111=ORIENTED_EDGE('',*,*,#6849,.T.);
#10112=ORIENTED_EDGE('',*,*,#6851,.T.);
#10113=ORIENTED_EDGE('',*,*,#6853,.T.);
#10114=ORIENTED_EDGE('',*,*,#6839,.T.);
#10115=ORIENTED_EDGE('',*,*,#6841,.T.);
#10116=ORIENTED_EDGE('',*,*,#6843,.T.);
#10117=ORIENTED_EDGE('',*,*,#6845,.T.);
#10118=ORIENTED_EDGE('',*,*,#6830,.T.);
#10119=ORIENTED_EDGE('',*,*,#6833,.T.);
#10120=ORIENTED_EDGE('',*,*,#6835,.T.);
#10121=ORIENTED_EDGE('',*,*,#6837,.T.);
#10122=ORIENTED_EDGE('',*,*,#6823,.T.);
#10123=ORIENTED_EDGE('',*,*,#6825,.T.);
#10124=ORIENTED_EDGE('',*,*,#6827,.T.);
#10125=ORIENTED_EDGE('',*,*,#6829,.T.);
#10126=ORIENTED_EDGE('',*,*,#6814,.T.);
#10127=ORIENTED_EDGE('',*,*,#6817,.T.);
#10128=ORIENTED_EDGE('',*,*,#6819,.T.);
#10129=ORIENTED_EDGE('',*,*,#6821,.T.);
#10130=ORIENTED_EDGE('',*,*,#6214,.T.);
#10131=ORIENTED_EDGE('',*,*,#7128,.T.);
#10132=ORIENTED_EDGE('',*,*,#7129,.F.);
#10133=ORIENTED_EDGE('',*,*,#7130,.T.);
#10134=ORIENTED_EDGE('',*,*,#5756,.F.);
#10135=ORIENTED_EDGE('',*,*,#7131,.F.);
#10136=ORIENTED_EDGE('',*,*,#7128,.F.);
#10137=ORIENTED_EDGE('',*,*,#6216,.T.);
#10138=ORIENTED_EDGE('',*,*,#6211,.F.);
#10139=ORIENTED_EDGE('',*,*,#6208,.F.);
#10140=ORIENTED_EDGE('',*,*,#6044,.F.);
#10141=ORIENTED_EDGE('',*,*,#7132,.F.);
#10142=ORIENTED_EDGE('',*,*,#5886,.F.);
#10143=ORIENTED_EDGE('',*,*,#7133,.T.);
#10144=ORIENTED_EDGE('',*,*,#7129,.T.);
#10145=ORIENTED_EDGE('',*,*,#7131,.T.);
#10146=ORIENTED_EDGE('',*,*,#5755,.F.);
#10147=ORIENTED_EDGE('',*,*,#7130,.F.);
#10148=ORIENTED_EDGE('',*,*,#7133,.F.);
#10149=ORIENTED_EDGE('',*,*,#5754,.F.);
#10150=ORIENTED_EDGE('',*,*,#5888,.F.);
#10151=ORIENTED_EDGE('',*,*,#7134,.T.);
#10152=ORIENTED_EDGE('',*,*,#6052,.F.);
#10153=ORIENTED_EDGE('',*,*,#6210,.T.);
#10154=ORIENTED_EDGE('',*,*,#6213,.F.);
#10155=ORIENTED_EDGE('',*,*,#6215,.F.);
#10156=ORIENTED_EDGE('',*,*,#5887,.F.);
#10157=ORIENTED_EDGE('',*,*,#7132,.T.);
#10158=ORIENTED_EDGE('',*,*,#7122,.T.);
#10159=ORIENTED_EDGE('',*,*,#7134,.F.);
#10160=ORIENTED_EDGE('',*,*,#6039,.T.);
#10161=ORIENTED_EDGE('',*,*,#7135,.T.);
#10162=ORIENTED_EDGE('',*,*,#7136,.F.);
#10163=ORIENTED_EDGE('',*,*,#7137,.T.);
#10164=ORIENTED_EDGE('',*,*,#5760,.F.);
#10165=ORIENTED_EDGE('',*,*,#7138,.F.);
#10166=ORIENTED_EDGE('',*,*,#7135,.F.);
#10167=ORIENTED_EDGE('',*,*,#6041,.T.);
#10168=ORIENTED_EDGE('',*,*,#6036,.F.);
#10169=ORIENTED_EDGE('',*,*,#6033,.F.);
#10170=ORIENTED_EDGE('',*,*,#6112,.F.);
#10171=ORIENTED_EDGE('',*,*,#7139,.F.);
#10172=ORIENTED_EDGE('',*,*,#5889,.F.);
#10173=ORIENTED_EDGE('',*,*,#7140,.T.);
#10174=ORIENTED_EDGE('',*,*,#7136,.T.);
#10175=ORIENTED_EDGE('',*,*,#7138,.T.);
#10176=ORIENTED_EDGE('',*,*,#5759,.F.);
#10177=ORIENTED_EDGE('',*,*,#7137,.F.);
#10178=ORIENTED_EDGE('',*,*,#7140,.F.);
#10179=ORIENTED_EDGE('',*,*,#5758,.F.);
#10180=ORIENTED_EDGE('',*,*,#5891,.F.);
#10181=ORIENTED_EDGE('',*,*,#7141,.T.);
#10182=ORIENTED_EDGE('',*,*,#6042,.F.);
#10183=ORIENTED_EDGE('',*,*,#6035,.T.);
#10184=ORIENTED_EDGE('',*,*,#6038,.F.);
#10185=ORIENTED_EDGE('',*,*,#6040,.F.);
#10186=ORIENTED_EDGE('',*,*,#5890,.F.);
#10187=ORIENTED_EDGE('',*,*,#7139,.T.);
#10188=ORIENTED_EDGE('',*,*,#7123,.T.);
#10189=ORIENTED_EDGE('',*,*,#7141,.F.);
#10190=PLANE('',#11122);
#10191=PLANE('',#11123);
#10192=PLANE('',#11124);
#10193=PLANE('',#11128);
#10194=PLANE('',#11129);
#10195=PLANE('',#11133);
#10196=PLANE('',#11135);
#10197=PLANE('',#11136);
#10198=PLANE('',#11138);
#10199=PLANE('',#11141);
#10200=PLANE('',#11142);
#10201=PLANE('',#11149);
#10202=PLANE('',#11150);
#10203=PLANE('',#11151);
#10204=PLANE('',#11152);
#10205=PLANE('',#11153);
#10206=PLANE('',#11154);
#10207=PLANE('',#11158);
#10208=PLANE('',#11178);
#10209=PLANE('',#11179);
#10210=PLANE('',#11180);
#10211=PLANE('',#11181);
#10212=PLANE('',#11184);
#10213=PLANE('',#11185);
#10214=PLANE('',#11188);
#10215=PLANE('',#11189);
#10216=PLANE('',#11190);
#10217=PLANE('',#11191);
#10218=PLANE('',#11193);
#10219=PLANE('',#11194);
#10220=PLANE('',#11196);
#10221=PLANE('',#11197);
#10222=PLANE('',#11198);
#10223=PLANE('',#11199);
#10224=PLANE('',#11200);
#10225=PLANE('',#11201);
#10226=PLANE('',#11210);
#10227=PLANE('',#11215);
#10228=PLANE('',#11216);
#10229=PLANE('',#11221);
#10230=PLANE('',#11222);
#10231=PLANE('',#11223);
#10232=PLANE('',#11232);
#10233=PLANE('',#11233);
#10234=PLANE('',#11238);
#10235=PLANE('',#11241);
#10236=PLANE('',#11244);
#10237=PLANE('',#11247);
#10238=PLANE('',#11250);
#10239=PLANE('',#11251);
#10240=PLANE('',#11252);
#10241=PLANE('',#11253);
#10242=PLANE('',#11258);
#10243=PLANE('',#11259);
#10244=PLANE('',#11264);
#10245=PLANE('',#11265);
#10246=PLANE('',#11270);
#10247=PLANE('',#11271);
#10248=PLANE('',#11276);
#10249=PLANE('',#11277);
#10250=PLANE('',#11282);
#10251=PLANE('',#11283);
#10252=PLANE('',#11288);
#10253=PLANE('',#11289);
#10254=PLANE('',#11294);
#10255=PLANE('',#11295);
#10256=PLANE('',#11300);
#10257=PLANE('',#11301);
#10258=PLANE('',#11306);
#10259=PLANE('',#11307);
#10260=PLANE('',#11312);
#10261=PLANE('',#11313);
#10262=PLANE('',#11317);
#10263=PLANE('',#11318);
#10264=PLANE('',#11368);
#10265=PLANE('',#11372);
#10266=PLANE('',#11373);
#10267=PLANE('',#11377);
#10268=PLANE('',#11378);
#10269=PLANE('',#11380);
#10270=PLANE('',#11384);
#10271=PLANE('',#11385);
#10272=PLANE('',#11387);
#10273=PLANE('',#11390);
#10274=PLANE('',#11391);
#10275=PLANE('',#11392);
#10276=PLANE('',#11393);
#10277=PLANE('',#11396);
#10278=PLANE('',#11397);
#10279=PLANE('',#11398);
#10280=PLANE('',#11401);
#10281=PLANE('',#11406);
#10282=PLANE('',#11408);
#10283=PLANE('',#11410);
#10284=PLANE('',#11411);
#10285=PLANE('',#11412);
#10286=PLANE('',#11415);
#10287=PLANE('',#11420);
#10288=PLANE('',#11422);
#10289=PLANE('',#11424);
#10290=PLANE('',#11425);
#10291=PLANE('',#11426);
#10292=PLANE('',#11429);
#10293=PLANE('',#11434);
#10294=PLANE('',#11436);
#10295=PLANE('',#11438);
#10296=PLANE('',#11439);
#10297=PLANE('',#11440);
#10298=PLANE('',#11443);
#10299=PLANE('',#11448);
#10300=PLANE('',#11450);
#10301=PLANE('',#11452);
#10302=PLANE('',#11453);
#10303=PLANE('',#11454);
#10304=PLANE('',#11457);
#10305=PLANE('',#11462);
#10306=PLANE('',#11464);
#10307=PLANE('',#11466);
#10308=PLANE('',#11467);
#10309=PLANE('',#11468);
#10310=PLANE('',#11471);
#10311=PLANE('',#11476);
#10312=PLANE('',#11478);
#10313=PLANE('',#11480);
#10314=PLANE('',#11481);
#10315=PLANE('',#11482);
#10316=PLANE('',#11485);
#10317=PLANE('',#11490);
#10318=PLANE('',#11492);
#10319=PLANE('',#11494);
#10320=PLANE('',#11495);
#10321=PLANE('',#11496);
#10322=PLANE('',#11499);
#10323=PLANE('',#11504);
#10324=PLANE('',#11506);
#10325=PLANE('',#11508);
#10326=PLANE('',#11509);
#10327=PLANE('',#11510);
#10328=PLANE('',#11513);
#10329=PLANE('',#11518);
#10330=PLANE('',#11520);
#10331=PLANE('',#11522);
#10332=PLANE('',#11523);
#10333=PLANE('',#11524);
#10334=PLANE('',#11527);
#10335=PLANE('',#11532);
#10336=PLANE('',#11534);
#10337=PLANE('',#11536);
#10338=PLANE('',#11537);
#10339=PLANE('',#11538);
#10340=PLANE('',#11541);
#10341=PLANE('',#11564);
#10342=PLANE('',#11565);
#10343=PLANE('',#11566);
#10344=PLANE('',#11573);
#10345=PLANE('',#11580);
#10346=PLANE('',#11587);
#10347=PLANE('',#11594);
#10348=PLANE('',#11601);
#10349=PLANE('',#11602);
#10350=PLANE('',#11603);
#10351=PLANE('',#11606);
#10352=PLANE('',#11609);
#10353=PLANE('',#11610);
#10354=PLANE('',#11611);
#10355=PLANE('',#11614);
#10356=PLANE('',#11615);
#10357=PLANE('',#11616);
#10358=PLANE('',#11619);
#10359=PLANE('',#11622);
#10360=PLANE('',#11623);
#10361=PLANE('',#11624);
#10362=PLANE('',#11627);
#10363=PLANE('',#11628);
#10364=PLANE('',#11629);
#10365=PLANE('',#11632);
#10366=PLANE('',#11635);
#10367=PLANE('',#11636);
#10368=PLANE('',#11637);
#10369=PLANE('',#11640);
#10370=PLANE('',#11641);
#10371=PLANE('',#11642);
#10372=PLANE('',#11645);
#10373=PLANE('',#11648);
#10374=PLANE('',#11649);
#10375=PLANE('',#11650);
#10376=PLANE('',#11653);
#10377=PLANE('',#11654);
#10378=PLANE('',#11655);
#10379=PLANE('',#11658);
#10380=PLANE('',#11661);
#10381=PLANE('',#11662);
#10382=PLANE('',#11663);
#10383=PLANE('',#11666);
#10384=PLANE('',#11667);
#10385=PLANE('',#11671);
#10386=PLANE('',#11672);
#10387=PLANE('',#11673);
#10388=PLANE('',#11674);
#10389=PLANE('',#11675);
#10390=PLANE('',#11676);
#10391=PLANE('',#11680);
#10392=PLANE('',#11681);
#10393=PLANE('',#11682);
#10394=PLANE('',#11683);
#10395=PLANE('',#11684);
#10396=PLANE('',#11691);
#10397=PLANE('',#11698);
#10398=PLANE('',#11705);
#10399=PLANE('',#11712);
#10400=PLANE('',#11719);
#10401=PLANE('',#11720);
#10402=PLANE('',#11721);
#10403=PLANE('',#11724);
#10404=PLANE('',#11727);
#10405=PLANE('',#11728);
#10406=PLANE('',#11729);
#10407=PLANE('',#11732);
#10408=PLANE('',#11733);
#10409=PLANE('',#11734);
#10410=PLANE('',#11737);
#10411=PLANE('',#11740);
#10412=PLANE('',#11741);
#10413=PLANE('',#11742);
#10414=PLANE('',#11745);
#10415=PLANE('',#11746);
#10416=PLANE('',#11747);
#10417=PLANE('',#11750);
#10418=PLANE('',#11753);
#10419=PLANE('',#11754);
#10420=PLANE('',#11755);
#10421=PLANE('',#11758);
#10422=PLANE('',#11759);
#10423=PLANE('',#11760);
#10424=PLANE('',#11763);
#10425=PLANE('',#11766);
#10426=PLANE('',#11767);
#10427=PLANE('',#11768);
#10428=PLANE('',#11771);
#10429=PLANE('',#11772);
#10430=PLANE('',#11773);
#10431=PLANE('',#11776);
#10432=PLANE('',#11779);
#10433=PLANE('',#11780);
#10434=PLANE('',#11781);
#10435=PLANE('',#11784);
#10436=PLANE('',#11785);
#10437=PLANE('',#11789);
#10438=PLANE('',#11790);
#10439=PLANE('',#11791);
#10440=PLANE('',#11792);
#10441=PLANE('',#11793);
#10442=PLANE('',#11796);
#10443=PLANE('',#11799);
#10444=PLANE('',#11802);
#10445=PLANE('',#11805);
#10446=PLANE('',#11808);
#10447=PLANE('',#11811);
#10448=PLANE('',#11814);
#10449=PLANE('',#11817);
#10450=PLANE('',#11820);
#10451=PLANE('',#11823);
#10452=PLANE('',#11826);
#10453=PLANE('',#11829);
#10454=PLANE('',#11832);
#10455=PLANE('',#11835);
#10456=PLANE('',#11838);
#10457=PLANE('',#11841);
#10458=PLANE('',#11846);
#10459=PLANE('',#11851);
#10460=PLANE('',#11856);
#10461=PLANE('',#11861);
#10462=PLANE('',#11866);
#10463=PLANE('',#11871);
#10464=PLANE('',#11876);
#10465=PLANE('',#11881);
#10466=PLANE('',#11886);
#10467=PLANE('',#11891);
#10468=PLANE('',#11896);
#10469=PLANE('',#11901);
#10470=PLANE('',#11906);
#10471=PLANE('',#11911);
#10472=PLANE('',#11916);
#10473=PLANE('',#11921);
#10474=PLANE('',#11926);
#10475=PLANE('',#11931);
#10476=PLANE('',#11936);
#10477=PLANE('',#11941);
#10478=PLANE('',#11946);
#10479=PLANE('',#11951);
#10480=PLANE('',#11956);
#10481=PLANE('',#11961);
#10482=PLANE('',#11966);
#10483=PLANE('',#11971);
#10484=PLANE('',#11976);
#10485=PLANE('',#11981);
#10486=PLANE('',#11986);
#10487=PLANE('',#11991);
#10488=PLANE('',#11996);
#10489=PLANE('',#12001);
#10490=PLANE('',#12006);
#10491=PLANE('',#12011);
#10492=PLANE('',#12016);
#10493=PLANE('',#12021);
#10494=PLANE('',#12026);
#10495=PLANE('',#12031);
#10496=PLANE('',#12036);
#10497=PLANE('',#12041);
#10498=PLANE('',#12046);
#10499=PLANE('',#12051);
#10500=PLANE('',#12056);
#10501=PLANE('',#12061);
#10502=PLANE('',#12066);
#10503=PLANE('',#12071);
#10504=PLANE('',#12076);
#10505=PLANE('',#12081);
#10506=PLANE('',#12086);
#10507=PLANE('',#12091);
#10508=PLANE('',#12096);
#10509=PLANE('',#12101);
#10510=PLANE('',#12106);
#10511=PLANE('',#12111);
#10512=PLANE('',#12116);
#10513=PLANE('',#12121);
#10514=PLANE('',#12126);
#10515=PLANE('',#12131);
#10516=PLANE('',#12132);
#10517=PLANE('',#12133);
#10518=PLANE('',#12134);
#10519=PLANE('',#12135);
#10520=PLANE('',#12136);
#10521=PLANE('',#12137);
#10522=PLANE('',#12138);
#10523=PLANE('',#12139);
#10524=PLANE('',#12140);
#10525=PLANE('',#12141);
#10526=PLANE('',#12145);
#10527=PLANE('',#12146);
#10528=PLANE('',#12147);
#10529=PLANE('',#12148);
#10530=PLANE('',#12152);
#10531=PLANE('',#12153);
#10532=ADVANCED_FACE('',(#1178),#10190,.T.);
#10533=ADVANCED_FACE('',(#1179),#10191,.T.);
#10534=ADVANCED_FACE('',(#1180),#10192,.F.);
#10535=ADVANCED_FACE('',(#1181),#10193,.F.);
#10536=ADVANCED_FACE('',(#1182),#10194,.T.);
#10537=ADVANCED_FACE('',(#1183),#10195,.T.);
#10538=ADVANCED_FACE('',(#1184),#10196,.T.);
#10539=ADVANCED_FACE('',(#1185),#10197,.T.);
#10540=ADVANCED_FACE('',(#1186),#185,.F.);
#10541=ADVANCED_FACE('',(#1187),#10198,.T.);
#10542=ADVANCED_FACE('',(#1188),#186,.T.);
#10543=ADVANCED_FACE('',(#1189),#10199,.T.);
#10544=ADVANCED_FACE('',(#1190),#10200,.T.);
#10545=ADVANCED_FACE('',(#1191),#187,.T.);
#10546=ADVANCED_FACE('',(#1192),#177,.T.);
#10547=ADVANCED_FACE('',(#1193),#10201,.T.);
#10548=ADVANCED_FACE('',(#1194),#10202,.T.);
#10549=ADVANCED_FACE('',(#1195),#10203,.T.);
#10550=ADVANCED_FACE('',(#1196),#10204,.T.);
#10551=ADVANCED_FACE('',(#1197),#10205,.F.);
#10552=ADVANCED_FACE('',(#1198),#10206,.T.);
#10553=ADVANCED_FACE('',(#1199),#188,.T.);
#10554=ADVANCED_FACE('',(#1200),#10207,.T.);
#10555=ADVANCED_FACE('',(#1201),#189,.T.);
#10556=ADVANCED_FACE('',(#1202),#178,.T.);
#10557=ADVANCED_FACE('',(#1203),#179,.T.);
#10558=ADVANCED_FACE('',(#1204),#190,.T.);
#10559=ADVANCED_FACE('',(#1205),#180,.T.);
#10560=ADVANCED_FACE('',(#1206),#191,.T.);
#10561=ADVANCED_FACE('',(#1207),#192,.T.);
#10562=ADVANCED_FACE('',(#1208),#193,.T.);
#10563=ADVANCED_FACE('',(#1209),#194,.T.);
#10564=ADVANCED_FACE('',(#1210),#10208,.F.);
#10565=ADVANCED_FACE('',(#1211),#10209,.T.);
#10566=ADVANCED_FACE('',(#1212),#10210,.T.);
#10567=ADVANCED_FACE('',(#1213),#10211,.T.);
#10568=ADVANCED_FACE('',(#1214),#10212,.T.);
#10569=ADVANCED_FACE('',(#1215),#10213,.F.);
#10570=ADVANCED_FACE('',(#1216),#10214,.F.);
#10571=ADVANCED_FACE('',(#1217),#10215,.T.);
#10572=ADVANCED_FACE('',(#1218),#10216,.T.);
#10573=ADVANCED_FACE('',(#1219),#10217,.T.);
#10574=ADVANCED_FACE('',(#1220),#195,.F.);
#10575=ADVANCED_FACE('',(#1221),#10218,.T.);
#10576=ADVANCED_FACE('',(#1222),#10219,.T.);
#10577=ADVANCED_FACE('',(#1223),#196,.T.);
#10578=ADVANCED_FACE('',(#1224),#10220,.T.);
#10579=ADVANCED_FACE('',(#1225),#10221,.T.);
#10580=ADVANCED_FACE('',(#1226),#10222,.T.);
#10581=ADVANCED_FACE('',(#1227),#10223,.T.);
#10582=ADVANCED_FACE('',(#1228),#10224,.T.);
#10583=ADVANCED_FACE('',(#1229,#14),#10225,.T.);
#10584=ADVANCED_FACE('',(#1230,#15,#16,#17,#18,#19,#20,#21,#22,#23,#24),
#10226,.T.);
#10585=ADVANCED_FACE('',(#1231),#10227,.T.);
#10586=ADVANCED_FACE('',(#1232),#10228,.F.);
#10587=ADVANCED_FACE('',(#1233),#197,.T.);
#10588=ADVANCED_FACE('',(#1234),#198,.T.);
#10589=ADVANCED_FACE('',(#1235),#199,.T.);
#10590=ADVANCED_FACE('',(#1236),#200,.T.);
#10591=ADVANCED_FACE('',(#1237),#10229,.F.);
#10592=ADVANCED_FACE('',(#1238),#10230,.F.);
#10593=ADVANCED_FACE('',(#1239,#25),#10231,.F.);
#10594=ADVANCED_FACE('',(#1240),#10232,.F.);
#10595=ADVANCED_FACE('',(#1241),#10233,.T.);
#10596=ADVANCED_FACE('',(#1242),#201,.F.);
#10597=ADVANCED_FACE('',(#1243),#202,.F.);
#10598=ADVANCED_FACE('',(#1244),#203,.F.);
#10599=ADVANCED_FACE('',(#1245),#204,.F.);
#10600=ADVANCED_FACE('',(#1246),#10234,.F.);
#10601=ADVANCED_FACE('',(#1247),#205,.T.);
#10602=ADVANCED_FACE('',(#1248),#10235,.F.);
#10603=ADVANCED_FACE('',(#1249),#206,.T.);
#10604=ADVANCED_FACE('',(#1250),#10236,.F.);
#10605=ADVANCED_FACE('',(#1251),#207,.T.);
#10606=ADVANCED_FACE('',(#1252),#10237,.F.);
#10607=ADVANCED_FACE('',(#1253),#208,.T.);
#10608=ADVANCED_FACE('',(#1254),#10238,.T.);
#10609=ADVANCED_FACE('',(#1255),#10239,.F.);
#10610=ADVANCED_FACE('',(#1256),#10240,.F.);
#10611=ADVANCED_FACE('',(#1257),#10241,.T.);
#10612=ADVANCED_FACE('',(#1258),#10242,.T.);
#10613=ADVANCED_FACE('',(#1259),#10243,.T.);
#10614=ADVANCED_FACE('',(#1260),#10244,.T.);
#10615=ADVANCED_FACE('',(#1261),#10245,.T.);
#10616=ADVANCED_FACE('',(#1262),#10246,.T.);
#10617=ADVANCED_FACE('',(#1263),#10247,.T.);
#10618=ADVANCED_FACE('',(#1264),#10248,.T.);
#10619=ADVANCED_FACE('',(#1265),#10249,.T.);
#10620=ADVANCED_FACE('',(#1266),#10250,.T.);
#10621=ADVANCED_FACE('',(#1267),#10251,.T.);
#10622=ADVANCED_FACE('',(#1268),#10252,.T.);
#10623=ADVANCED_FACE('',(#1269),#10253,.T.);
#10624=ADVANCED_FACE('',(#1270),#10254,.T.);
#10625=ADVANCED_FACE('',(#1271),#10255,.T.);
#10626=ADVANCED_FACE('',(#1272),#10256,.T.);
#10627=ADVANCED_FACE('',(#1273),#10257,.T.);
#10628=ADVANCED_FACE('',(#1274),#10258,.T.);
#10629=ADVANCED_FACE('',(#1275),#10259,.T.);
#10630=ADVANCED_FACE('',(#1276),#10260,.T.);
#10631=ADVANCED_FACE('',(#1277),#10261,.T.);
#10632=ADVANCED_FACE('',(#1278),#209,.T.);
#10633=ADVANCED_FACE('',(#1279),#10262,.T.);
#10634=ADVANCED_FACE('',(#1280,#26,#27,#28,#29,#30,#31,#32,#33,#34,#35,
#36,#37,#38,#39,#40,#41,#42,#43,#44,#45,#46,#47,#48,#49,#50,#51,#52,#53,
#54,#55,#56,#57,#58,#59,#60,#61,#62,#63,#64,#65,#66,#67,#68,#69,#70,#71,
#72),#10263,.T.);
#10635=ADVANCED_FACE('',(#1281),#10264,.T.);
#10636=ADVANCED_FACE('',(#1282),#210,.T.);
#10637=ADVANCED_FACE('',(#1283),#10265,.T.);
#10638=ADVANCED_FACE('',(#1284),#10266,.F.);
#10639=ADVANCED_FACE('',(#1285),#211,.T.);
#10640=ADVANCED_FACE('',(#1286),#10267,.F.);
#10641=ADVANCED_FACE('',(#1287),#10268,.F.);
#10642=ADVANCED_FACE('',(#1288),#10269,.F.);
#10643=ADVANCED_FACE('',(#1289),#212,.T.);
#10644=ADVANCED_FACE('',(#1290),#10270,.F.);
#10645=ADVANCED_FACE('',(#1291),#10271,.F.);
#10646=ADVANCED_FACE('',(#1292),#10272,.F.);
#10647=ADVANCED_FACE('',(#1293),#213,.T.);
#10648=ADVANCED_FACE('',(#1294),#10273,.F.);
#10649=ADVANCED_FACE('',(#1295),#10274,.F.);
#10650=ADVANCED_FACE('',(#1296),#10275,.T.);
#10651=ADVANCED_FACE('',(#1297),#10276,.F.);
#10652=ADVANCED_FACE('',(#1298),#214,.T.);
#10653=ADVANCED_FACE('',(#1299),#10277,.F.);
#10654=ADVANCED_FACE('',(#1300),#10278,.F.);
#10655=ADVANCED_FACE('',(#1301),#10279,.T.);
#10656=ADVANCED_FACE('',(#1302),#215,.T.);
#10657=ADVANCED_FACE('',(#1303),#10280,.F.);
#10658=ADVANCED_FACE('',(#1304),#216,.F.);
#10659=ADVANCED_FACE('',(#1305),#10281,.T.);
#10660=ADVANCED_FACE('',(#1306),#217,.T.);
#10661=ADVANCED_FACE('',(#1307),#10282,.T.);
#10662=ADVANCED_FACE('',(#1308),#218,.F.);
#10663=ADVANCED_FACE('',(#1309),#10283,.T.);
#10664=ADVANCED_FACE('',(#1310),#10284,.T.);
#10665=ADVANCED_FACE('',(#1311),#10285,.T.);
#10666=ADVANCED_FACE('',(#1312),#219,.T.);
#10667=ADVANCED_FACE('',(#1313),#10286,.F.);
#10668=ADVANCED_FACE('',(#1314),#220,.F.);
#10669=ADVANCED_FACE('',(#1315),#10287,.T.);
#10670=ADVANCED_FACE('',(#1316),#221,.T.);
#10671=ADVANCED_FACE('',(#1317),#10288,.T.);
#10672=ADVANCED_FACE('',(#1318),#222,.F.);
#10673=ADVANCED_FACE('',(#1319),#10289,.T.);
#10674=ADVANCED_FACE('',(#1320),#10290,.T.);
#10675=ADVANCED_FACE('',(#1321),#10291,.T.);
#10676=ADVANCED_FACE('',(#1322),#223,.T.);
#10677=ADVANCED_FACE('',(#1323),#10292,.F.);
#10678=ADVANCED_FACE('',(#1324),#224,.F.);
#10679=ADVANCED_FACE('',(#1325),#10293,.T.);
#10680=ADVANCED_FACE('',(#1326),#225,.T.);
#10681=ADVANCED_FACE('',(#1327),#10294,.T.);
#10682=ADVANCED_FACE('',(#1328),#226,.F.);
#10683=ADVANCED_FACE('',(#1329),#10295,.T.);
#10684=ADVANCED_FACE('',(#1330),#10296,.T.);
#10685=ADVANCED_FACE('',(#1331),#10297,.T.);
#10686=ADVANCED_FACE('',(#1332),#227,.T.);
#10687=ADVANCED_FACE('',(#1333),#10298,.F.);
#10688=ADVANCED_FACE('',(#1334),#228,.F.);
#10689=ADVANCED_FACE('',(#1335),#10299,.T.);
#10690=ADVANCED_FACE('',(#1336),#229,.T.);
#10691=ADVANCED_FACE('',(#1337),#10300,.T.);
#10692=ADVANCED_FACE('',(#1338),#230,.F.);
#10693=ADVANCED_FACE('',(#1339),#10301,.T.);
#10694=ADVANCED_FACE('',(#1340),#10302,.T.);
#10695=ADVANCED_FACE('',(#1341),#10303,.T.);
#10696=ADVANCED_FACE('',(#1342),#231,.T.);
#10697=ADVANCED_FACE('',(#1343),#10304,.F.);
#10698=ADVANCED_FACE('',(#1344),#232,.F.);
#10699=ADVANCED_FACE('',(#1345),#10305,.T.);
#10700=ADVANCED_FACE('',(#1346),#233,.T.);
#10701=ADVANCED_FACE('',(#1347),#10306,.T.);
#10702=ADVANCED_FACE('',(#1348),#234,.F.);
#10703=ADVANCED_FACE('',(#1349),#10307,.T.);
#10704=ADVANCED_FACE('',(#1350),#10308,.T.);
#10705=ADVANCED_FACE('',(#1351),#10309,.T.);
#10706=ADVANCED_FACE('',(#1352),#235,.T.);
#10707=ADVANCED_FACE('',(#1353),#10310,.F.);
#10708=ADVANCED_FACE('',(#1354),#236,.F.);
#10709=ADVANCED_FACE('',(#1355),#10311,.T.);
#10710=ADVANCED_FACE('',(#1356),#237,.T.);
#10711=ADVANCED_FACE('',(#1357),#10312,.T.);
#10712=ADVANCED_FACE('',(#1358),#238,.F.);
#10713=ADVANCED_FACE('',(#1359),#10313,.T.);
#10714=ADVANCED_FACE('',(#1360),#10314,.T.);
#10715=ADVANCED_FACE('',(#1361),#10315,.T.);
#10716=ADVANCED_FACE('',(#1362),#239,.T.);
#10717=ADVANCED_FACE('',(#1363),#10316,.F.);
#10718=ADVANCED_FACE('',(#1364),#240,.F.);
#10719=ADVANCED_FACE('',(#1365),#10317,.T.);
#10720=ADVANCED_FACE('',(#1366),#241,.T.);
#10721=ADVANCED_FACE('',(#1367),#10318,.T.);
#10722=ADVANCED_FACE('',(#1368),#242,.F.);
#10723=ADVANCED_FACE('',(#1369),#10319,.T.);
#10724=ADVANCED_FACE('',(#1370),#10320,.T.);
#10725=ADVANCED_FACE('',(#1371),#10321,.T.);
#10726=ADVANCED_FACE('',(#1372),#243,.T.);
#10727=ADVANCED_FACE('',(#1373),#10322,.F.);
#10728=ADVANCED_FACE('',(#1374),#244,.F.);
#10729=ADVANCED_FACE('',(#1375),#10323,.T.);
#10730=ADVANCED_FACE('',(#1376),#245,.T.);
#10731=ADVANCED_FACE('',(#1377),#10324,.T.);
#10732=ADVANCED_FACE('',(#1378),#246,.F.);
#10733=ADVANCED_FACE('',(#1379),#10325,.T.);
#10734=ADVANCED_FACE('',(#1380),#10326,.T.);
#10735=ADVANCED_FACE('',(#1381),#10327,.T.);
#10736=ADVANCED_FACE('',(#1382),#247,.T.);
#10737=ADVANCED_FACE('',(#1383),#10328,.F.);
#10738=ADVANCED_FACE('',(#1384),#248,.F.);
#10739=ADVANCED_FACE('',(#1385),#10329,.T.);
#10740=ADVANCED_FACE('',(#1386),#249,.T.);
#10741=ADVANCED_FACE('',(#1387),#10330,.T.);
#10742=ADVANCED_FACE('',(#1388),#250,.F.);
#10743=ADVANCED_FACE('',(#1389),#10331,.T.);
#10744=ADVANCED_FACE('',(#1390),#10332,.T.);
#10745=ADVANCED_FACE('',(#1391),#10333,.T.);
#10746=ADVANCED_FACE('',(#1392),#251,.T.);
#10747=ADVANCED_FACE('',(#1393),#10334,.F.);
#10748=ADVANCED_FACE('',(#1394),#252,.F.);
#10749=ADVANCED_FACE('',(#1395),#10335,.T.);
#10750=ADVANCED_FACE('',(#1396),#253,.T.);
#10751=ADVANCED_FACE('',(#1397),#10336,.T.);
#10752=ADVANCED_FACE('',(#1398),#254,.F.);
#10753=ADVANCED_FACE('',(#1399),#10337,.T.);
#10754=ADVANCED_FACE('',(#1400),#10338,.T.);
#10755=ADVANCED_FACE('',(#1401),#10339,.T.);
#10756=ADVANCED_FACE('',(#1402),#255,.T.);
#10757=ADVANCED_FACE('',(#1403),#10340,.T.);
#10758=ADVANCED_FACE('',(#1404),#256,.T.);
#10759=ADVANCED_FACE('',(#1405),#181,.T.);
#10760=ADVANCED_FACE('',(#1406),#182,.T.);
#10761=ADVANCED_FACE('',(#1407),#257,.T.);
#10762=ADVANCED_FACE('',(#1408),#183,.T.);
#10763=ADVANCED_FACE('',(#1409),#258,.T.);
#10764=ADVANCED_FACE('',(#1410),#259,.T.);
#10765=ADVANCED_FACE('',(#1411),#184,.T.);
#10766=ADVANCED_FACE('',(#1412),#260,.T.);
#10767=ADVANCED_FACE('',(#1413),#261,.T.);
#10768=ADVANCED_FACE('',(#1414),#262,.T.);
#10769=ADVANCED_FACE('',(#1415),#10341,.F.);
#10770=ADVANCED_FACE('',(#1416),#10342,.T.);
#10771=ADVANCED_FACE('',(#1417),#10343,.T.);
#10772=ADVANCED_FACE('',(#1418),#263,.T.);
#10773=ADVANCED_FACE('',(#1419),#10344,.T.);
#10774=ADVANCED_FACE('',(#1420),#264,.T.);
#10775=ADVANCED_FACE('',(#1421),#10345,.T.);
#10776=ADVANCED_FACE('',(#1422),#265,.T.);
#10777=ADVANCED_FACE('',(#1423),#10346,.T.);
#10778=ADVANCED_FACE('',(#1424),#266,.T.);
#10779=ADVANCED_FACE('',(#1425),#10347,.T.);
#10780=ADVANCED_FACE('',(#1426),#267,.T.);
#10781=ADVANCED_FACE('',(#1427,#73,#74,#75),#10348,.F.);
#10782=ADVANCED_FACE('',(#1428),#10349,.F.);
#10783=ADVANCED_FACE('',(#1429),#10350,.T.);
#10784=ADVANCED_FACE('',(#1430),#268,.T.);
#10785=ADVANCED_FACE('',(#1431),#10351,.T.);
#10786=ADVANCED_FACE('',(#1432),#269,.F.);
#10787=ADVANCED_FACE('',(#1433),#10352,.T.);
#10788=ADVANCED_FACE('',(#1434),#10353,.T.);
#10789=ADVANCED_FACE('',(#1435),#10354,.T.);
#10790=ADVANCED_FACE('',(#1436),#270,.F.);
#10791=ADVANCED_FACE('',(#1437),#10355,.T.);
#10792=ADVANCED_FACE('',(#1438),#10356,.F.);
#10793=ADVANCED_FACE('',(#1439),#10357,.T.);
#10794=ADVANCED_FACE('',(#1440),#271,.T.);
#10795=ADVANCED_FACE('',(#1441),#10358,.T.);
#10796=ADVANCED_FACE('',(#1442),#272,.F.);
#10797=ADVANCED_FACE('',(#1443),#10359,.T.);
#10798=ADVANCED_FACE('',(#1444),#10360,.T.);
#10799=ADVANCED_FACE('',(#1445),#10361,.T.);
#10800=ADVANCED_FACE('',(#1446),#273,.F.);
#10801=ADVANCED_FACE('',(#1447),#10362,.T.);
#10802=ADVANCED_FACE('',(#1448),#10363,.F.);
#10803=ADVANCED_FACE('',(#1449),#10364,.T.);
#10804=ADVANCED_FACE('',(#1450),#274,.T.);
#10805=ADVANCED_FACE('',(#1451),#10365,.T.);
#10806=ADVANCED_FACE('',(#1452),#275,.F.);
#10807=ADVANCED_FACE('',(#1453),#10366,.T.);
#10808=ADVANCED_FACE('',(#1454),#10367,.T.);
#10809=ADVANCED_FACE('',(#1455),#10368,.T.);
#10810=ADVANCED_FACE('',(#1456),#276,.F.);
#10811=ADVANCED_FACE('',(#1457),#10369,.T.);
#10812=ADVANCED_FACE('',(#1458),#10370,.F.);
#10813=ADVANCED_FACE('',(#1459),#10371,.T.);
#10814=ADVANCED_FACE('',(#1460),#277,.T.);
#10815=ADVANCED_FACE('',(#1461),#10372,.T.);
#10816=ADVANCED_FACE('',(#1462),#278,.F.);
#10817=ADVANCED_FACE('',(#1463),#10373,.T.);
#10818=ADVANCED_FACE('',(#1464),#10374,.T.);
#10819=ADVANCED_FACE('',(#1465),#10375,.T.);
#10820=ADVANCED_FACE('',(#1466),#279,.F.);
#10821=ADVANCED_FACE('',(#1467),#10376,.T.);
#10822=ADVANCED_FACE('',(#1468),#10377,.F.);
#10823=ADVANCED_FACE('',(#1469),#10378,.T.);
#10824=ADVANCED_FACE('',(#1470),#280,.T.);
#10825=ADVANCED_FACE('',(#1471),#10379,.T.);
#10826=ADVANCED_FACE('',(#1472),#281,.F.);
#10827=ADVANCED_FACE('',(#1473),#10380,.T.);
#10828=ADVANCED_FACE('',(#1474),#10381,.T.);
#10829=ADVANCED_FACE('',(#1475),#10382,.T.);
#10830=ADVANCED_FACE('',(#1476),#282,.F.);
#10831=ADVANCED_FACE('',(#1477),#10383,.T.);
#10832=ADVANCED_FACE('',(#1478),#10384,.F.);
#10833=ADVANCED_FACE('',(#1479),#283,.F.);
#10834=ADVANCED_FACE('',(#1480),#10385,.F.);
#10835=ADVANCED_FACE('',(#1481,#76),#10386,.T.);
#10836=ADVANCED_FACE('',(#1482),#10387,.F.);
#10837=ADVANCED_FACE('',(#1483,#77,#78),#10388,.F.);
#10838=ADVANCED_FACE('',(#1484),#10389,.T.);
#10839=ADVANCED_FACE('',(#1485),#10390,.T.);
#10840=ADVANCED_FACE('',(#1486),#284,.F.);
#10841=ADVANCED_FACE('',(#1487),#10391,.F.);
#10842=ADVANCED_FACE('',(#1488),#10392,.T.);
#10843=ADVANCED_FACE('',(#1489),#10393,.T.);
#10844=ADVANCED_FACE('',(#1490,#79),#10394,.T.);
#10845=ADVANCED_FACE('',(#1491),#10395,.T.);
#10846=ADVANCED_FACE('',(#1492),#285,.T.);
#10847=ADVANCED_FACE('',(#1493),#10396,.T.);
#10848=ADVANCED_FACE('',(#1494),#286,.T.);
#10849=ADVANCED_FACE('',(#1495),#10397,.T.);
#10850=ADVANCED_FACE('',(#1496),#287,.T.);
#10851=ADVANCED_FACE('',(#1497),#10398,.T.);
#10852=ADVANCED_FACE('',(#1498),#288,.T.);
#10853=ADVANCED_FACE('',(#1499),#10399,.T.);
#10854=ADVANCED_FACE('',(#1500),#289,.T.);
#10855=ADVANCED_FACE('',(#1501,#80,#81,#82),#10400,.F.);
#10856=ADVANCED_FACE('',(#1502),#10401,.F.);
#10857=ADVANCED_FACE('',(#1503),#10402,.T.);
#10858=ADVANCED_FACE('',(#1504),#290,.T.);
#10859=ADVANCED_FACE('',(#1505),#10403,.T.);
#10860=ADVANCED_FACE('',(#1506),#291,.F.);
#10861=ADVANCED_FACE('',(#1507),#10404,.T.);
#10862=ADVANCED_FACE('',(#1508),#10405,.T.);
#10863=ADVANCED_FACE('',(#1509),#10406,.T.);
#10864=ADVANCED_FACE('',(#1510),#292,.F.);
#10865=ADVANCED_FACE('',(#1511),#10407,.T.);
#10866=ADVANCED_FACE('',(#1512),#10408,.F.);
#10867=ADVANCED_FACE('',(#1513),#10409,.T.);
#10868=ADVANCED_FACE('',(#1514),#293,.T.);
#10869=ADVANCED_FACE('',(#1515),#10410,.T.);
#10870=ADVANCED_FACE('',(#1516),#294,.F.);
#10871=ADVANCED_FACE('',(#1517),#10411,.T.);
#10872=ADVANCED_FACE('',(#1518),#10412,.T.);
#10873=ADVANCED_FACE('',(#1519),#10413,.T.);
#10874=ADVANCED_FACE('',(#1520),#295,.F.);
#10875=ADVANCED_FACE('',(#1521),#10414,.T.);
#10876=ADVANCED_FACE('',(#1522),#10415,.F.);
#10877=ADVANCED_FACE('',(#1523),#10416,.T.);
#10878=ADVANCED_FACE('',(#1524),#296,.T.);
#10879=ADVANCED_FACE('',(#1525),#10417,.T.);
#10880=ADVANCED_FACE('',(#1526),#297,.F.);
#10881=ADVANCED_FACE('',(#1527),#10418,.T.);
#10882=ADVANCED_FACE('',(#1528),#10419,.T.);
#10883=ADVANCED_FACE('',(#1529),#10420,.T.);
#10884=ADVANCED_FACE('',(#1530),#298,.F.);
#10885=ADVANCED_FACE('',(#1531),#10421,.T.);
#10886=ADVANCED_FACE('',(#1532),#10422,.F.);
#10887=ADVANCED_FACE('',(#1533),#10423,.T.);
#10888=ADVANCED_FACE('',(#1534),#299,.T.);
#10889=ADVANCED_FACE('',(#1535),#10424,.T.);
#10890=ADVANCED_FACE('',(#1536),#300,.F.);
#10891=ADVANCED_FACE('',(#1537),#10425,.T.);
#10892=ADVANCED_FACE('',(#1538),#10426,.T.);
#10893=ADVANCED_FACE('',(#1539),#10427,.T.);
#10894=ADVANCED_FACE('',(#1540),#301,.F.);
#10895=ADVANCED_FACE('',(#1541),#10428,.T.);
#10896=ADVANCED_FACE('',(#1542),#10429,.F.);
#10897=ADVANCED_FACE('',(#1543),#10430,.T.);
#10898=ADVANCED_FACE('',(#1544),#302,.T.);
#10899=ADVANCED_FACE('',(#1545),#10431,.T.);
#10900=ADVANCED_FACE('',(#1546),#303,.F.);
#10901=ADVANCED_FACE('',(#1547),#10432,.T.);
#10902=ADVANCED_FACE('',(#1548),#10433,.T.);
#10903=ADVANCED_FACE('',(#1549),#10434,.T.);
#10904=ADVANCED_FACE('',(#1550),#304,.F.);
#10905=ADVANCED_FACE('',(#1551),#10435,.T.);
#10906=ADVANCED_FACE('',(#1552),#10436,.F.);
#10907=ADVANCED_FACE('',(#1553),#305,.F.);
#10908=ADVANCED_FACE('',(#1554),#10437,.F.);
#10909=ADVANCED_FACE('',(#1555,#83),#10438,.T.);
#10910=ADVANCED_FACE('',(#1556),#10439,.F.);
#10911=ADVANCED_FACE('',(#1557,#84,#85),#10440,.F.);
#10912=ADVANCED_FACE('',(#1558),#10441,.F.);
#10913=ADVANCED_FACE('',(#1559),#306,.F.);
#10914=ADVANCED_FACE('',(#1560),#10442,.F.);
#10915=ADVANCED_FACE('',(#1561),#307,.F.);
#10916=ADVANCED_FACE('',(#1562),#10443,.F.);
#10917=ADVANCED_FACE('',(#1563),#308,.F.);
#10918=ADVANCED_FACE('',(#1564),#10444,.F.);
#10919=ADVANCED_FACE('',(#1565),#309,.F.);
#10920=ADVANCED_FACE('',(#1566),#10445,.F.);
#10921=ADVANCED_FACE('',(#1567),#310,.F.);
#10922=ADVANCED_FACE('',(#1568),#10446,.F.);
#10923=ADVANCED_FACE('',(#1569),#311,.F.);
#10924=ADVANCED_FACE('',(#1570),#10447,.F.);
#10925=ADVANCED_FACE('',(#1571),#312,.F.);
#10926=ADVANCED_FACE('',(#1572),#10448,.F.);
#10927=ADVANCED_FACE('',(#1573),#313,.F.);
#10928=ADVANCED_FACE('',(#1574),#10449,.F.);
#10929=ADVANCED_FACE('',(#1575),#314,.F.);
#10930=ADVANCED_FACE('',(#1576),#10450,.F.);
#10931=ADVANCED_FACE('',(#1577),#315,.F.);
#10932=ADVANCED_FACE('',(#1578),#10451,.F.);
#10933=ADVANCED_FACE('',(#1579),#316,.F.);
#10934=ADVANCED_FACE('',(#1580),#10452,.F.);
#10935=ADVANCED_FACE('',(#1581),#317,.F.);
#10936=ADVANCED_FACE('',(#1582),#10453,.F.);
#10937=ADVANCED_FACE('',(#1583),#318,.F.);
#10938=ADVANCED_FACE('',(#1584),#10454,.F.);
#10939=ADVANCED_FACE('',(#1585),#319,.F.);
#10940=ADVANCED_FACE('',(#1586),#10455,.F.);
#10941=ADVANCED_FACE('',(#1587),#320,.F.);
#10942=ADVANCED_FACE('',(#1588),#10456,.F.);
#10943=ADVANCED_FACE('',(#1589),#321,.F.);
#10944=ADVANCED_FACE('',(#1590,#86),#10457,.F.);
#10945=ADVANCED_FACE('',(#1591),#322,.F.);
#10946=ADVANCED_FACE('',(#1592,#87),#10458,.F.);
#10947=ADVANCED_FACE('',(#1593),#323,.F.);
#10948=ADVANCED_FACE('',(#1594,#88),#10459,.F.);
#10949=ADVANCED_FACE('',(#1595),#324,.F.);
#10950=ADVANCED_FACE('',(#1596,#89),#10460,.F.);
#10951=ADVANCED_FACE('',(#1597),#325,.F.);
#10952=ADVANCED_FACE('',(#1598),#326,.F.);
#10953=ADVANCED_FACE('',(#1599,#90),#10461,.F.);
#10954=ADVANCED_FACE('',(#1600),#327,.F.);
#10955=ADVANCED_FACE('',(#1601),#328,.F.);
#10956=ADVANCED_FACE('',(#1602,#91),#10462,.F.);
#10957=ADVANCED_FACE('',(#1603),#329,.F.);
#10958=ADVANCED_FACE('',(#1604),#330,.F.);
#10959=ADVANCED_FACE('',(#1605,#92),#10463,.F.);
#10960=ADVANCED_FACE('',(#1606),#331,.F.);
#10961=ADVANCED_FACE('',(#1607,#93),#10464,.F.);
#10962=ADVANCED_FACE('',(#1608),#332,.F.);
#10963=ADVANCED_FACE('',(#1609,#94),#10465,.F.);
#10964=ADVANCED_FACE('',(#1610),#333,.F.);
#10965=ADVANCED_FACE('',(#1611,#95),#10466,.F.);
#10966=ADVANCED_FACE('',(#1612),#334,.F.);
#10967=ADVANCED_FACE('',(#1613,#96),#10467,.F.);
#10968=ADVANCED_FACE('',(#1614),#335,.F.);
#10969=ADVANCED_FACE('',(#1615,#97),#10468,.F.);
#10970=ADVANCED_FACE('',(#1616),#336,.F.);
#10971=ADVANCED_FACE('',(#1617,#98),#10469,.F.);
#10972=ADVANCED_FACE('',(#1618),#337,.F.);
#10973=ADVANCED_FACE('',(#1619,#99),#10470,.F.);
#10974=ADVANCED_FACE('',(#1620),#338,.F.);
#10975=ADVANCED_FACE('',(#1621,#100),#10471,.F.);
#10976=ADVANCED_FACE('',(#1622),#339,.F.);
#10977=ADVANCED_FACE('',(#1623,#101),#10472,.F.);
#10978=ADVANCED_FACE('',(#1624),#340,.F.);
#10979=ADVANCED_FACE('',(#1625,#102),#10473,.F.);
#10980=ADVANCED_FACE('',(#1626),#341,.F.);
#10981=ADVANCED_FACE('',(#1627,#103),#10474,.F.);
#10982=ADVANCED_FACE('',(#1628),#342,.F.);
#10983=ADVANCED_FACE('',(#1629,#104),#10475,.F.);
#10984=ADVANCED_FACE('',(#1630),#343,.F.);
#10985=ADVANCED_FACE('',(#1631,#105),#10476,.F.);
#10986=ADVANCED_FACE('',(#1632),#344,.F.);
#10987=ADVANCED_FACE('',(#1633,#106),#10477,.F.);
#10988=ADVANCED_FACE('',(#1634),#345,.F.);
#10989=ADVANCED_FACE('',(#1635,#107),#10478,.F.);
#10990=ADVANCED_FACE('',(#1636),#346,.F.);
#10991=ADVANCED_FACE('',(#1637,#108),#10479,.F.);
#10992=ADVANCED_FACE('',(#1638),#347,.F.);
#10993=ADVANCED_FACE('',(#1639,#109),#10480,.F.);
#10994=ADVANCED_FACE('',(#1640),#348,.F.);
#10995=ADVANCED_FACE('',(#1641,#110),#10481,.F.);
#10996=ADVANCED_FACE('',(#1642),#349,.F.);
#10997=ADVANCED_FACE('',(#1643,#111),#10482,.F.);
#10998=ADVANCED_FACE('',(#1644),#350,.F.);
#10999=ADVANCED_FACE('',(#1645,#112),#10483,.F.);
#11000=ADVANCED_FACE('',(#1646),#351,.F.);
#11001=ADVANCED_FACE('',(#1647,#113),#10484,.F.);
#11002=ADVANCED_FACE('',(#1648),#352,.F.);
#11003=ADVANCED_FACE('',(#1649,#114),#10485,.F.);
#11004=ADVANCED_FACE('',(#1650),#353,.F.);
#11005=ADVANCED_FACE('',(#1651,#115),#10486,.F.);
#11006=ADVANCED_FACE('',(#1652),#354,.F.);
#11007=ADVANCED_FACE('',(#1653,#116),#10487,.F.);
#11008=ADVANCED_FACE('',(#1654),#355,.F.);
#11009=ADVANCED_FACE('',(#1655,#117),#10488,.F.);
#11010=ADVANCED_FACE('',(#1656),#356,.F.);
#11011=ADVANCED_FACE('',(#1657,#118),#10489,.F.);
#11012=ADVANCED_FACE('',(#1658),#357,.F.);
#11013=ADVANCED_FACE('',(#1659),#358,.F.);
#11014=ADVANCED_FACE('',(#1660,#119),#10490,.F.);
#11015=ADVANCED_FACE('',(#1661),#359,.F.);
#11016=ADVANCED_FACE('',(#1662),#360,.F.);
#11017=ADVANCED_FACE('',(#1663,#120),#10491,.F.);
#11018=ADVANCED_FACE('',(#1664),#361,.F.);
#11019=ADVANCED_FACE('',(#1665),#362,.F.);
#11020=ADVANCED_FACE('',(#1666,#121),#10492,.F.);
#11021=ADVANCED_FACE('',(#1667),#363,.F.);
#11022=ADVANCED_FACE('',(#1668),#364,.F.);
#11023=ADVANCED_FACE('',(#1669,#122),#10493,.F.);
#11024=ADVANCED_FACE('',(#1670),#365,.F.);
#11025=ADVANCED_FACE('',(#1671),#366,.F.);
#11026=ADVANCED_FACE('',(#1672,#123),#10494,.F.);
#11027=ADVANCED_FACE('',(#1673),#367,.F.);
#11028=ADVANCED_FACE('',(#1674),#368,.F.);
#11029=ADVANCED_FACE('',(#1675,#124),#10495,.F.);
#11030=ADVANCED_FACE('',(#1676),#369,.F.);
#11031=ADVANCED_FACE('',(#1677),#370,.F.);
#11032=ADVANCED_FACE('',(#1678,#125),#10496,.F.);
#11033=ADVANCED_FACE('',(#1679),#371,.F.);
#11034=ADVANCED_FACE('',(#1680),#372,.F.);
#11035=ADVANCED_FACE('',(#1681,#126),#10497,.F.);
#11036=ADVANCED_FACE('',(#1682),#373,.F.);
#11037=ADVANCED_FACE('',(#1683),#374,.F.);
#11038=ADVANCED_FACE('',(#1684,#127),#10498,.F.);
#11039=ADVANCED_FACE('',(#1685),#375,.F.);
#11040=ADVANCED_FACE('',(#1686),#376,.F.);
#11041=ADVANCED_FACE('',(#1687,#128),#10499,.F.);
#11042=ADVANCED_FACE('',(#1688),#377,.F.);
#11043=ADVANCED_FACE('',(#1689),#378,.F.);
#11044=ADVANCED_FACE('',(#1690,#129),#10500,.F.);
#11045=ADVANCED_FACE('',(#1691),#379,.F.);
#11046=ADVANCED_FACE('',(#1692),#380,.F.);
#11047=ADVANCED_FACE('',(#1693,#130),#10501,.F.);
#11048=ADVANCED_FACE('',(#1694),#381,.F.);
#11049=ADVANCED_FACE('',(#1695),#382,.F.);
#11050=ADVANCED_FACE('',(#1696,#131),#10502,.F.);
#11051=ADVANCED_FACE('',(#1697),#383,.F.);
#11052=ADVANCED_FACE('',(#1698),#384,.F.);
#11053=ADVANCED_FACE('',(#1699,#132),#10503,.F.);
#11054=ADVANCED_FACE('',(#1700),#385,.F.);
#11055=ADVANCED_FACE('',(#1701),#386,.F.);
#11056=ADVANCED_FACE('',(#1702,#133),#10504,.F.);
#11057=ADVANCED_FACE('',(#1703),#387,.F.);
#11058=ADVANCED_FACE('',(#1704),#388,.F.);
#11059=ADVANCED_FACE('',(#1705,#134),#10505,.F.);
#11060=ADVANCED_FACE('',(#1706),#389,.F.);
#11061=ADVANCED_FACE('',(#1707),#390,.F.);
#11062=ADVANCED_FACE('',(#1708,#135),#10506,.F.);
#11063=ADVANCED_FACE('',(#1709),#391,.F.);
#11064=ADVANCED_FACE('',(#1710),#392,.F.);
#11065=ADVANCED_FACE('',(#1711,#136),#10507,.F.);
#11066=ADVANCED_FACE('',(#1712),#393,.F.);
#11067=ADVANCED_FACE('',(#1713),#394,.F.);
#11068=ADVANCED_FACE('',(#1714,#137),#10508,.F.);
#11069=ADVANCED_FACE('',(#1715),#395,.F.);
#11070=ADVANCED_FACE('',(#1716),#396,.F.);
#11071=ADVANCED_FACE('',(#1717,#138),#10509,.F.);
#11072=ADVANCED_FACE('',(#1718),#397,.F.);
#11073=ADVANCED_FACE('',(#1719),#398,.F.);
#11074=ADVANCED_FACE('',(#1720,#139),#10510,.F.);
#11075=ADVANCED_FACE('',(#1721),#399,.F.);
#11076=ADVANCED_FACE('',(#1722),#400,.F.);
#11077=ADVANCED_FACE('',(#1723,#140),#10511,.F.);
#11078=ADVANCED_FACE('',(#1724),#401,.F.);
#11079=ADVANCED_FACE('',(#1725),#402,.F.);
#11080=ADVANCED_FACE('',(#1726,#141),#10512,.F.);
#11081=ADVANCED_FACE('',(#1727),#403,.F.);
#11082=ADVANCED_FACE('',(#1728),#404,.F.);
#11083=ADVANCED_FACE('',(#1729,#142),#10513,.F.);
#11084=ADVANCED_FACE('',(#1730),#405,.F.);
#11085=ADVANCED_FACE('',(#1731),#406,.F.);
#11086=ADVANCED_FACE('',(#1732,#143),#10514,.F.);
#11087=ADVANCED_FACE('',(#1733),#407,.F.);
#11088=ADVANCED_FACE('',(#1734),#408,.F.);
#11089=ADVANCED_FACE('',(#1735),#10515,.T.);
#11090=ADVANCED_FACE('',(#1736),#10516,.T.);
#11091=ADVANCED_FACE('',(#1737),#10517,.T.);
#11092=ADVANCED_FACE('',(#1738),#10518,.T.);
#11093=ADVANCED_FACE('',(#1739),#10519,.T.);
#11094=ADVANCED_FACE('',(#1740),#10520,.T.);
#11095=ADVANCED_FACE('',(#1741),#10521,.T.);
#11096=ADVANCED_FACE('',(#1742),#10522,.T.);
#11097=ADVANCED_FACE('',(#1743,#144,#145,#146,#147,#148,#149,#150,#151,
#152,#153,#154,#155,#156,#157,#158,#159,#160,#161,#162,#163,#164,#165,#166,
#167,#168,#169,#170,#171,#172,#173,#174,#175,#176),#10523,.F.);
#11098=ADVANCED_FACE('',(#1744),#10524,.T.);
#11099=ADVANCED_FACE('',(#1745),#10525,.T.);
#11100=ADVANCED_FACE('',(#1746),#409,.T.);
#11101=ADVANCED_FACE('',(#1747),#10526,.T.);
#11102=ADVANCED_FACE('',(#1748),#10527,.T.);
#11103=ADVANCED_FACE('',(#1749),#10528,.T.);
#11104=ADVANCED_FACE('',(#1750),#10529,.T.);
#11105=ADVANCED_FACE('',(#1751),#410,.T.);
#11106=ADVANCED_FACE('',(#1752),#10530,.T.);
#11107=ADVANCED_FACE('',(#1753),#10531,.T.);
#11108=CLOSED_SHELL('',(#10532,#10533,#10534,#10535,#10536,#10537,#10538,
#10539,#10540,#10541,#10542,#10543,#10544,#10545,#10546,#10547,#10548,#10549,
#10550,#10551,#10552,#10553,#10554,#10555,#10556,#10557,#10558,#10559,#10560,
#10561,#10562,#10563,#10564,#10565,#10566,#10567,#10568,#10569,#10570,#10571,
#10572,#10573,#10574,#10575,#10576,#10577,#10578,#10579,#10580,#10581,#10582,
#10583,#10584,#10585,#10586,#10587,#10588,#10589,#10590,#10591,#10592,#10593,
#10594,#10595,#10596,#10597,#10598,#10599,#10600,#10601,#10602,#10603,#10604,
#10605,#10606,#10607,#10608,#10609,#10610,#10611,#10612,#10613,#10614,#10615,
#10616,#10617,#10618,#10619,#10620,#10621,#10622,#10623,#10624,#10625,#10626,
#10627,#10628,#10629,#10630,#10631,#10632,#10633,#10634,#10635,#10636,#10637,
#10638,#10639,#10640,#10641,#10642,#10643,#10644,#10645,#10646,#10647,#10648,
#10649,#10650,#10651,#10652,#10653,#10654,#10655,#10656,#10657,#10658,#10659,
#10660,#10661,#10662,#10663,#10664,#10665,#10666,#10667,#10668,#10669,#10670,
#10671,#10672,#10673,#10674,#10675,#10676,#10677,#10678,#10679,#10680,#10681,
#10682,#10683,#10684,#10685,#10686,#10687,#10688,#10689,#10690,#10691,#10692,
#10693,#10694,#10695,#10696,#10697,#10698,#10699,#10700,#10701,#10702,#10703,
#10704,#10705,#10706,#10707,#10708,#10709,#10710,#10711,#10712,#10713,#10714,
#10715,#10716,#10717,#10718,#10719,#10720,#10721,#10722,#10723,#10724,#10725,
#10726,#10727,#10728,#10729,#10730,#10731,#10732,#10733,#10734,#10735,#10736,
#10737,#10738,#10739,#10740,#10741,#10742,#10743,#10744,#10745,#10746,#10747,
#10748,#10749,#10750,#10751,#10752,#10753,#10754,#10755,#10756,#10757,#10758,
#10759,#10760,#10761,#10762,#10763,#10764,#10765,#10766,#10767,#10768,#10769,
#10770,#10771,#10772,#10773,#10774,#10775,#10776,#10777,#10778,#10779,#10780,
#10781,#10782,#10783,#10784,#10785,#10786,#10787,#10788,#10789,#10790,#10791,
#10792,#10793,#10794,#10795,#10796,#10797,#10798,#10799,#10800,#10801,#10802,
#10803,#10804,#10805,#10806,#10807,#10808,#10809,#10810,#10811,#10812,#10813,
#10814,#10815,#10816,#10817,#10818,#10819,#10820,#10821,#10822,#10823,#10824,
#10825,#10826,#10827,#10828,#10829,#10830,#10831,#10832,#10833,#10834,#10835,
#10836,#10837,#10838,#10839,#10840,#10841,#10842,#10843,#10844,#10845,#10846,
#10847,#10848,#10849,#10850,#10851,#10852,#10853,#10854,#10855,#10856,#10857,
#10858,#10859,#10860,#10861,#10862,#10863,#10864,#10865,#10866,#10867,#10868,
#10869,#10870,#10871,#10872,#10873,#10874,#10875,#10876,#10877,#10878,#10879,
#10880,#10881,#10882,#10883,#10884,#10885,#10886,#10887,#10888,#10889,#10890,
#10891,#10892,#10893,#10894,#10895,#10896,#10897,#10898,#10899,#10900,#10901,
#10902,#10903,#10904,#10905,#10906,#10907,#10908,#10909,#10910,#10911,#10912,
#10913,#10914,#10915,#10916,#10917,#10918,#10919,#10920,#10921,#10922,#10923,
#10924,#10925,#10926,#10927,#10928,#10929,#10930,#10931,#10932,#10933,#10934,
#10935,#10936,#10937,#10938,#10939,#10940,#10941,#10942,#10943,#10944,#10945,
#10946,#10947,#10948,#10949,#10950,#10951,#10952,#10953,#10954,#10955,#10956,
#10957,#10958,#10959,#10960,#10961,#10962,#10963,#10964,#10965,#10966,#10967,
#10968,#10969,#10970,#10971,#10972,#10973,#10974,#10975,#10976,#10977,#10978,
#10979,#10980,#10981,#10982,#10983,#10984,#10985,#10986,#10987,#10988,#10989,
#10990,#10991,#10992,#10993,#10994,#10995,#10996,#10997,#10998,#10999,#11000,
#11001,#11002,#11003,#11004,#11005,#11006,#11007,#11008,#11009,#11010,#11011,
#11012,#11013,#11014,#11015,#11016,#11017,#11018,#11019,#11020,#11021,#11022,
#11023,#11024,#11025,#11026,#11027,#11028,#11029,#11030,#11031,#11032,#11033,
#11034,#11035,#11036,#11037,#11038,#11039,#11040,#11041,#11042,#11043,#11044,
#11045,#11046,#11047,#11048,#11049,#11050,#11051,#11052,#11053,#11054,#11055,
#11056,#11057,#11058,#11059,#11060,#11061,#11062,#11063,#11064,#11065,#11066,
#11067,#11068,#11069,#11070,#11071,#11072,#11073,#11074,#11075,#11076,#11077,
#11078,#11079,#11080,#11081,#11082,#11083,#11084,#11085,#11086,#11087,#11088,
#11089,#11090,#11091,#11092,#11093,#11094,#11095,#11096,#11097,#11098,#11099,
#11100,#11101,#11102,#11103,#11104,#11105,#11106,#11107));
#11109=DERIVED_UNIT_ELEMENT(#11111,1.);
#11110=DERIVED_UNIT_ELEMENT(#18383,-3.);
#11111=(
MASS_UNIT()
NAMED_UNIT(*)
SI_UNIT(.KILO.,.GRAM.)
);
#11112=DERIVED_UNIT((#11109,#11110));
#11113=MEASURE_REPRESENTATION_ITEM('density measure',
POSITIVE_RATIO_MEASURE(952.),#11112);
#11114=PROPERTY_DEFINITION_REPRESENTATION(#11119,#11116);
#11115=PROPERTY_DEFINITION_REPRESENTATION(#11120,#11117);
#11116=REPRESENTATION('material name',(#11118),#18380);
#11117=REPRESENTATION('density',(#11113),#18380);
#11118=DESCRIPTIVE_REPRESENTATION_ITEM('Plastique, blanc opaque',
'Plastique, blanc opaque');
#11119=PROPERTY_DEFINITION('material property','material name',#18390);
#11120=PROPERTY_DEFINITION('material property','density of part',#18390);
#11121=AXIS2_PLACEMENT_3D('',#15288,#12154,#12155);
#11122=AXIS2_PLACEMENT_3D('',#15289,#12156,#12157);
#11123=AXIS2_PLACEMENT_3D('',#15298,#12162,#12163);
#11124=AXIS2_PLACEMENT_3D('',#15307,#12168,#12169);
#11125=AXIS2_PLACEMENT_3D('',#15313,#12172,#12173);
#11126=AXIS2_PLACEMENT_3D('',#15319,#12176,#12177);
#11127=AXIS2_PLACEMENT_3D('',#15322,#12179,#12180);
#11128=AXIS2_PLACEMENT_3D('',#15323,#12181,#12182);
#11129=AXIS2_PLACEMENT_3D('',#15329,#12186,#12187);
#11130=AXIS2_PLACEMENT_3D('',#15333,#12189,#12190);
#11131=AXIS2_PLACEMENT_3D('',#15337,#12192,#12193);
#11132=AXIS2_PLACEMENT_3D('',#15343,#12196,#12197);
#11133=AXIS2_PLACEMENT_3D('',#15345,#12199,#12200);
#11134=AXIS2_PLACEMENT_3D('',#15348,#12202,#12203);
#11135=AXIS2_PLACEMENT_3D('',#15350,#12205,#12206);
#11136=AXIS2_PLACEMENT_3D('',#15354,#12209,#12210);
#11137=AXIS2_PLACEMENT_3D('',#15357,#12213,#12214);
#11138=AXIS2_PLACEMENT_3D('',#15359,#12216,#12217);
#11139=AXIS2_PLACEMENT_3D('',#15362,#12219,#12220);
#11140=AXIS2_PLACEMENT_3D('',#15363,#12221,#12222);
#11141=AXIS2_PLACEMENT_3D('',#15364,#12223,#12224);
#11142=AXIS2_PLACEMENT_3D('',#15368,#12227,#12228);
#11143=AXIS2_PLACEMENT_3D('',#15370,#12230,#12231);
#11144=AXIS2_PLACEMENT_3D('',#15372,#12232,#12233);
#11145=AXIS2_PLACEMENT_3D('',#15376,#12235,#12236);
#11146=AXIS2_PLACEMENT_3D('',#15378,#12238,#12239);
#11147=AXIS2_PLACEMENT_3D('',#15380,#12240,#12241);
#11148=AXIS2_PLACEMENT_3D('',#15381,#12242,#12243);
#11149=AXIS2_PLACEMENT_3D('',#15382,#12244,#12245);
#11150=AXIS2_PLACEMENT_3D('',#15399,#12254,#12255);
#11151=AXIS2_PLACEMENT_3D('',#15405,#12259,#12260);
#11152=AXIS2_PLACEMENT_3D('',#15419,#12268,#12269);
#11153=AXIS2_PLACEMENT_3D('',#15422,#12272,#12273);
#11154=AXIS2_PLACEMENT_3D('',#15423,#12274,#12275);
#11155=AXIS2_PLACEMENT_3D('',#15429,#12279,#12280);
#11156=AXIS2_PLACEMENT_3D('',#15431,#12281,#12282);
#11157=AXIS2_PLACEMENT_3D('',#15434,#12284,#12285);
#11158=AXIS2_PLACEMENT_3D('',#15435,#12286,#12287);
#11159=AXIS2_PLACEMENT_3D('',#15441,#12291,#12292);
#11160=AXIS2_PLACEMENT_3D('',#15442,#12293,#12294);
#11161=AXIS2_PLACEMENT_3D('',#15443,#12295,#12296);
#11162=AXIS2_PLACEMENT_3D('',#15444,#12297,#12298);
#11163=AXIS2_PLACEMENT_3D('',#15446,#12299,#12300);
#11164=AXIS2_PLACEMENT_3D('',#15447,#12301,#12302);
#11165=AXIS2_PLACEMENT_3D('',#15448,#12303,#12304);
#11166=AXIS2_PLACEMENT_3D('',#15450,#12305,#12306);
#11167=AXIS2_PLACEMENT_3D('',#15451,#12307,#12308);
#11168=AXIS2_PLACEMENT_3D('',#15452,#12309,#12310);
#11169=AXIS2_PLACEMENT_3D('',#15454,#12312,#12313);
#11170=AXIS2_PLACEMENT_3D('',#15457,#12314,#12315);
#11171=AXIS2_PLACEMENT_3D('',#15458,#12316,#12317);
#11172=AXIS2_PLACEMENT_3D('',#15459,#12318,#12319);
#11173=AXIS2_PLACEMENT_3D('',#15460,#12320,#12321);
#11174=AXIS2_PLACEMENT_3D('',#15462,#12323,#12324);
#11175=AXIS2_PLACEMENT_3D('',#15464,#12325,#12326);
#11176=AXIS2_PLACEMENT_3D('',#15466,#12328,#12329);
#11177=AXIS2_PLACEMENT_3D('',#15468,#12331,#12332);
#11178=AXIS2_PLACEMENT_3D('',#15471,#12335,#12336);
#11179=AXIS2_PLACEMENT_3D('',#15472,#12337,#12338);
#11180=AXIS2_PLACEMENT_3D('',#15474,#12340,#12341);
#11181=AXIS2_PLACEMENT_3D('',#15483,#12346,#12347);
#11182=AXIS2_PLACEMENT_3D('',#15490,#12350,#12351);
#11183=AXIS2_PLACEMENT_3D('',#15500,#12356,#12357);
#11184=AXIS2_PLACEMENT_3D('',#15502,#12359,#12360);
#11185=AXIS2_PLACEMENT_3D('',#15508,#12364,#12365);
#11186=AXIS2_PLACEMENT_3D('',#15514,#12368,#12369);
#11187=AXIS2_PLACEMENT_3D('',#15521,#12373,#12374);
#11188=AXIS2_PLACEMENT_3D('',#15522,#12375,#12376);
#11189=AXIS2_PLACEMENT_3D('',#15528,#12380,#12381);
#11190=AXIS2_PLACEMENT_3D('',#15535,#12386,#12387);
#11191=AXIS2_PLACEMENT_3D('',#15539,#12390,#12391);
#11192=AXIS2_PLACEMENT_3D('',#15542,#12394,#12395);
#11193=AXIS2_PLACEMENT_3D('',#15544,#12397,#12398);
#11194=AXIS2_PLACEMENT_3D('',#15546,#12400,#12401);
#11195=AXIS2_PLACEMENT_3D('',#15548,#12403,#12404);
#11196=AXIS2_PLACEMENT_3D('',#15549,#12405,#12406);
#11197=AXIS2_PLACEMENT_3D('',#15553,#12409,#12410);
#11198=AXIS2_PLACEMENT_3D('',#15555,#12412,#12413);
#11199=AXIS2_PLACEMENT_3D('',#15563,#12418,#12419);
#11200=AXIS2_PLACEMENT_3D('',#15588,#12432,#12433);
#11201=AXIS2_PLACEMENT_3D('',#15613,#12446,#12447);
#11202=AXIS2_PLACEMENT_3D('',#15615,#12448,#12449);
#11203=AXIS2_PLACEMENT_3D('',#15618,#12451,#12452);
#11204=AXIS2_PLACEMENT_3D('',#15620,#12453,#12454);
#11205=AXIS2_PLACEMENT_3D('',#15623,#12456,#12457);
#11206=AXIS2_PLACEMENT_3D('',#15628,#12459,#12460);
#11207=AXIS2_PLACEMENT_3D('',#15632,#12462,#12463);
#11208=AXIS2_PLACEMENT_3D('',#15636,#12465,#12466);
#11209=AXIS2_PLACEMENT_3D('',#15639,#12468,#12469);
#11210=AXIS2_PLACEMENT_3D('',#15640,#12470,#12471);
#11211=AXIS2_PLACEMENT_3D('',#15644,#12473,#12474);
#11212=AXIS2_PLACEMENT_3D('',#15646,#12475,#12476);
#11213=AXIS2_PLACEMENT_3D('',#15649,#12478,#12479);
#11214=AXIS2_PLACEMENT_3D('',#15650,#12480,#12481);
#11215=AXIS2_PLACEMENT_3D('',#15731,#12522,#12523);
#11216=AXIS2_PLACEMENT_3D('',#15734,#12526,#12527);
#11217=AXIS2_PLACEMENT_3D('',#15737,#12530,#12531);
#11218=AXIS2_PLACEMENT_3D('',#15740,#12534,#12535);
#11219=AXIS2_PLACEMENT_3D('',#15743,#12538,#12539);
#11220=AXIS2_PLACEMENT_3D('',#15744,#12540,#12541);
#11221=AXIS2_PLACEMENT_3D('',#15745,#12542,#12543);
#11222=AXIS2_PLACEMENT_3D('',#15751,#12547,#12548);
#11223=AXIS2_PLACEMENT_3D('',#15757,#12552,#12553);
#11224=AXIS2_PLACEMENT_3D('',#15761,#12555,#12556);
#11225=AXIS2_PLACEMENT_3D('',#15763,#12557,#12558);
#11226=AXIS2_PLACEMENT_3D('',#15766,#12560,#12561);
#11227=AXIS2_PLACEMENT_3D('',#15767,#12562,#12563);
#11228=AXIS2_PLACEMENT_3D('',#15772,#12565,#12566);
#11229=AXIS2_PLACEMENT_3D('',#15776,#12568,#12569);
#11230=AXIS2_PLACEMENT_3D('',#15780,#12571,#12572);
#11231=AXIS2_PLACEMENT_3D('',#15783,#12574,#12575);
#11232=AXIS2_PLACEMENT_3D('',#15784,#12576,#12577);
#11233=AXIS2_PLACEMENT_3D('',#15787,#12580,#12581);
#11234=AXIS2_PLACEMENT_3D('',#15790,#12584,#12585);
#11235=AXIS2_PLACEMENT_3D('',#15791,#12586,#12587);
#11236=AXIS2_PLACEMENT_3D('',#15792,#12588,#12589);
#11237=AXIS2_PLACEMENT_3D('',#15793,#12590,#12591);
#11238=AXIS2_PLACEMENT_3D('',#15794,#12592,#12593);
#11239=AXIS2_PLACEMENT_3D('',#15800,#12597,#12598);
#11240=AXIS2_PLACEMENT_3D('',#15803,#12600,#12601);
#11241=AXIS2_PLACEMENT_3D('',#15804,#12602,#12603);
#11242=AXIS2_PLACEMENT_3D('',#15808,#12606,#12607);
#11243=AXIS2_PLACEMENT_3D('',#15811,#12609,#12610);
#11244=AXIS2_PLACEMENT_3D('',#15812,#12611,#12612);
#11245=AXIS2_PLACEMENT_3D('',#15816,#12615,#12616);
#11246=AXIS2_PLACEMENT_3D('',#15819,#12618,#12619);
#11247=AXIS2_PLACEMENT_3D('',#15820,#12620,#12621);
#11248=AXIS2_PLACEMENT_3D('',#15824,#12624,#12625);
#11249=AXIS2_PLACEMENT_3D('',#15825,#12626,#12627);
#11250=AXIS2_PLACEMENT_3D('',#15826,#12628,#12629);
#11251=AXIS2_PLACEMENT_3D('',#15827,#12630,#12631);
#11252=AXIS2_PLACEMENT_3D('',#15833,#12635,#12636);
#11253=AXIS2_PLACEMENT_3D('',#15839,#12640,#12641);
#11254=AXIS2_PLACEMENT_3D('',#15843,#12643,#12644);
#11255=AXIS2_PLACEMENT_3D('',#15847,#12646,#12647);
#11256=AXIS2_PLACEMENT_3D('',#15857,#12652,#12653);
#11257=AXIS2_PLACEMENT_3D('',#15861,#12655,#12656);
#11258=AXIS2_PLACEMENT_3D('',#15863,#12658,#12659);
#11259=AXIS2_PLACEMENT_3D('',#15867,#12662,#12663);
#11260=AXIS2_PLACEMENT_3D('',#15871,#12665,#12666);
#11261=AXIS2_PLACEMENT_3D('',#15875,#12668,#12669);
#11262=AXIS2_PLACEMENT_3D('',#15885,#12674,#12675);
#11263=AXIS2_PLACEMENT_3D('',#15889,#12677,#12678);
#11264=AXIS2_PLACEMENT_3D('',#15891,#12680,#12681);
#11265=AXIS2_PLACEMENT_3D('',#15895,#12684,#12685);
#11266=AXIS2_PLACEMENT_3D('',#15899,#12687,#12688);
#11267=AXIS2_PLACEMENT_3D('',#15903,#12690,#12691);
#11268=AXIS2_PLACEMENT_3D('',#15913,#12696,#12697);
#11269=AXIS2_PLACEMENT_3D('',#15917,#12699,#12700);
#11270=AXIS2_PLACEMENT_3D('',#15919,#12702,#12703);
#11271=AXIS2_PLACEMENT_3D('',#15923,#12706,#12707);
#11272=AXIS2_PLACEMENT_3D('',#15927,#12709,#12710);
#11273=AXIS2_PLACEMENT_3D('',#15931,#12712,#12713);
#11274=AXIS2_PLACEMENT_3D('',#15941,#12718,#12719);
#11275=AXIS2_PLACEMENT_3D('',#15945,#12721,#12722);
#11276=AXIS2_PLACEMENT_3D('',#15947,#12724,#12725);
#11277=AXIS2_PLACEMENT_3D('',#15951,#12728,#12729);
#11278=AXIS2_PLACEMENT_3D('',#15955,#12731,#12732);
#11279=AXIS2_PLACEMENT_3D('',#15959,#12734,#12735);
#11280=AXIS2_PLACEMENT_3D('',#15969,#12740,#12741);
#11281=AXIS2_PLACEMENT_3D('',#15973,#12743,#12744);
#11282=AXIS2_PLACEMENT_3D('',#15975,#12746,#12747);
#11283=AXIS2_PLACEMENT_3D('',#15979,#12750,#12751);
#11284=AXIS2_PLACEMENT_3D('',#15983,#12753,#12754);
#11285=AXIS2_PLACEMENT_3D('',#15987,#12756,#12757);
#11286=AXIS2_PLACEMENT_3D('',#15997,#12762,#12763);
#11287=AXIS2_PLACEMENT_3D('',#16001,#12765,#12766);
#11288=AXIS2_PLACEMENT_3D('',#16003,#12768,#12769);
#11289=AXIS2_PLACEMENT_3D('',#16007,#12772,#12773);
#11290=AXIS2_PLACEMENT_3D('',#16011,#12775,#12776);
#11291=AXIS2_PLACEMENT_3D('',#16015,#12778,#12779);
#11292=AXIS2_PLACEMENT_3D('',#16025,#12784,#12785);
#11293=AXIS2_PLACEMENT_3D('',#16029,#12787,#12788);
#11294=AXIS2_PLACEMENT_3D('',#16031,#12790,#12791);
#11295=AXIS2_PLACEMENT_3D('',#16035,#12794,#12795);
#11296=AXIS2_PLACEMENT_3D('',#16039,#12797,#12798);
#11297=AXIS2_PLACEMENT_3D('',#16043,#12800,#12801);
#11298=AXIS2_PLACEMENT_3D('',#16053,#12806,#12807);
#11299=AXIS2_PLACEMENT_3D('',#16057,#12809,#12810);
#11300=AXIS2_PLACEMENT_3D('',#16059,#12812,#12813);
#11301=AXIS2_PLACEMENT_3D('',#16063,#12816,#12817);
#11302=AXIS2_PLACEMENT_3D('',#16067,#12819,#12820);
#11303=AXIS2_PLACEMENT_3D('',#16071,#12822,#12823);
#11304=AXIS2_PLACEMENT_3D('',#16081,#12828,#12829);
#11305=AXIS2_PLACEMENT_3D('',#16085,#12831,#12832);
#11306=AXIS2_PLACEMENT_3D('',#16087,#12834,#12835);
#11307=AXIS2_PLACEMENT_3D('',#16091,#12838,#12839);
#11308=AXIS2_PLACEMENT_3D('',#16095,#12841,#12842);
#11309=AXIS2_PLACEMENT_3D('',#16099,#12844,#12845);
#11310=AXIS2_PLACEMENT_3D('',#16109,#12850,#12851);
#11311=AXIS2_PLACEMENT_3D('',#16113,#12853,#12854);
#11312=AXIS2_PLACEMENT_3D('',#16115,#12856,#12857);
#11313=AXIS2_PLACEMENT_3D('',#16119,#12860,#12861);
#11314=AXIS2_PLACEMENT_3D('',#16128,#12866,#12867);
#11315=AXIS2_PLACEMENT_3D('',#16130,#12868,#12869);
#11316=AXIS2_PLACEMENT_3D('',#16133,#12871,#12872);
#11317=AXIS2_PLACEMENT_3D('',#16134,#12873,#12874);
#11318=AXIS2_PLACEMENT_3D('',#16140,#12878,#12879);
#11319=AXIS2_PLACEMENT_3D('',#16148,#12883,#12884);
#11320=AXIS2_PLACEMENT_3D('',#16152,#12886,#12887);
#11321=AXIS2_PLACEMENT_3D('',#16156,#12889,#12890);
#11322=AXIS2_PLACEMENT_3D('',#16160,#12892,#12893);
#11323=AXIS2_PLACEMENT_3D('',#16180,#12903,#12904);
#11324=AXIS2_PLACEMENT_3D('',#16184,#12906,#12907);
#11325=AXIS2_PLACEMENT_3D('',#16188,#12909,#12910);
#11326=AXIS2_PLACEMENT_3D('',#16192,#12912,#12913);
#11327=AXIS2_PLACEMENT_3D('',#16200,#12917,#12918);
#11328=AXIS2_PLACEMENT_3D('',#16204,#12920,#12921);
#11329=AXIS2_PLACEMENT_3D('',#16208,#12923,#12924);
#11330=AXIS2_PLACEMENT_3D('',#16212,#12926,#12927);
#11331=AXIS2_PLACEMENT_3D('',#16273,#12963,#12964);
#11332=AXIS2_PLACEMENT_3D('',#16276,#12966,#12967);
#11333=AXIS2_PLACEMENT_3D('',#16279,#12969,#12970);
#11334=AXIS2_PLACEMENT_3D('',#16282,#12972,#12973);
#11335=AXIS2_PLACEMENT_3D('',#16284,#12974,#12975);
#11336=AXIS2_PLACEMENT_3D('',#16287,#12977,#12978);
#11337=AXIS2_PLACEMENT_3D('',#16289,#12979,#12980);
#11338=AXIS2_PLACEMENT_3D('',#16292,#12982,#12983);
#11339=AXIS2_PLACEMENT_3D('',#16390,#13032,#13033);
#11340=AXIS2_PLACEMENT_3D('',#16392,#13034,#13035);
#11341=AXIS2_PLACEMENT_3D('',#16394,#13036,#13037);
#11342=AXIS2_PLACEMENT_3D('',#16396,#13038,#13039);
#11343=AXIS2_PLACEMENT_3D('',#16398,#13040,#13041);
#11344=AXIS2_PLACEMENT_3D('',#16400,#13042,#13043);
#11345=AXIS2_PLACEMENT_3D('',#16402,#13044,#13045);
#11346=AXIS2_PLACEMENT_3D('',#16404,#13046,#13047);
#11347=AXIS2_PLACEMENT_3D('',#16406,#13048,#13049);
#11348=AXIS2_PLACEMENT_3D('',#16408,#13050,#13051);
#11349=AXIS2_PLACEMENT_3D('',#16410,#13052,#13053);
#11350=AXIS2_PLACEMENT_3D('',#16412,#13054,#13055);
#11351=AXIS2_PLACEMENT_3D('',#16414,#13056,#13057);
#11352=AXIS2_PLACEMENT_3D('',#16416,#13058,#13059);
#11353=AXIS2_PLACEMENT_3D('',#16418,#13060,#13061);
#11354=AXIS2_PLACEMENT_3D('',#16420,#13062,#13063);
#11355=AXIS2_PLACEMENT_3D('',#16422,#13064,#13065);
#11356=AXIS2_PLACEMENT_3D('',#16424,#13066,#13067);
#11357=AXIS2_PLACEMENT_3D('',#16426,#13068,#13069);
#11358=AXIS2_PLACEMENT_3D('',#16428,#13070,#13071);
#11359=AXIS2_PLACEMENT_3D('',#16430,#13072,#13073);
#11360=AXIS2_PLACEMENT_3D('',#16432,#13074,#13075);
#11361=AXIS2_PLACEMENT_3D('',#16434,#13076,#13077);
#11362=AXIS2_PLACEMENT_3D('',#16436,#13078,#13079);
#11363=AXIS2_PLACEMENT_3D('',#16438,#13080,#13081);
#11364=AXIS2_PLACEMENT_3D('',#16440,#13082,#13083);
#11365=AXIS2_PLACEMENT_3D('',#16442,#13084,#13085);
#11366=AXIS2_PLACEMENT_3D('',#16444,#13086,#13087);
#11367=AXIS2_PLACEMENT_3D('',#16446,#13088,#13089);
#11368=AXIS2_PLACEMENT_3D('',#16455,#13094,#13095);
#11369=AXIS2_PLACEMENT_3D('',#16460,#13100,#13101);
#11370=AXIS2_PLACEMENT_3D('',#16462,#13102,#13103);
#11371=AXIS2_PLACEMENT_3D('',#16465,#13105,#13106);
#11372=AXIS2_PLACEMENT_3D('',#16466,#13107,#13108);
#11373=AXIS2_PLACEMENT_3D('',#16472,#13112,#13113);
#11374=AXIS2_PLACEMENT_3D('',#16481,#13118,#13119);
#11375=AXIS2_PLACEMENT_3D('',#16482,#13120,#13121);
#11376=AXIS2_PLACEMENT_3D('',#16483,#13122,#13123);
#11377=AXIS2_PLACEMENT_3D('',#16484,#13124,#13125);
#11378=AXIS2_PLACEMENT_3D('',#16491,#13130,#13131);
#11379=AXIS2_PLACEMENT_3D('',#16494,#13133,#13134);
#11380=AXIS2_PLACEMENT_3D('',#16497,#13137,#13138);
#11381=AXIS2_PLACEMENT_3D('',#16506,#13143,#13144);
#11382=AXIS2_PLACEMENT_3D('',#16507,#13145,#13146);
#11383=AXIS2_PLACEMENT_3D('',#16508,#13147,#13148);
#11384=AXIS2_PLACEMENT_3D('',#16509,#13149,#13150);
#11385=AXIS2_PLACEMENT_3D('',#16516,#13155,#13156);
#11386=AXIS2_PLACEMENT_3D('',#16519,#13158,#13159);
#11387=AXIS2_PLACEMENT_3D('',#16522,#13162,#13163);
#11388=AXIS2_PLACEMENT_3D('',#16526,#13167,#13168);
#11389=AXIS2_PLACEMENT_3D('',#16529,#13170,#13171);
#11390=AXIS2_PLACEMENT_3D('',#16530,#13172,#13173);
#11391=AXIS2_PLACEMENT_3D('',#16532,#13175,#13176);
#11392=AXIS2_PLACEMENT_3D('',#16534,#13178,#13179);
#11393=AXIS2_PLACEMENT_3D('',#16535,#13180,#13181);
#11394=AXIS2_PLACEMENT_3D('',#16539,#13185,#13186);
#11395=AXIS2_PLACEMENT_3D('',#16542,#13188,#13189);
#11396=AXIS2_PLACEMENT_3D('',#16543,#13190,#13191);
#11397=AXIS2_PLACEMENT_3D('',#16545,#13193,#13194);
#11398=AXIS2_PLACEMENT_3D('',#16547,#13196,#13197);
#11399=AXIS2_PLACEMENT_3D('',#16548,#13198,#13199);
#11400=AXIS2_PLACEMENT_3D('',#16552,#13201,#13202);
#11401=AXIS2_PLACEMENT_3D('',#16554,#13204,#13205);
#11402=AXIS2_PLACEMENT_3D('',#16558,#13207,#13208);
#11403=AXIS2_PLACEMENT_3D('',#16566,#13213,#13214);
#11404=AXIS2_PLACEMENT_3D('',#16569,#13216,#13217);
#11405=AXIS2_PLACEMENT_3D('',#16570,#13218,#13219);
#11406=AXIS2_PLACEMENT_3D('',#16573,#13222,#13223);
#11407=AXIS2_PLACEMENT_3D('',#16575,#13225,#13226);
#11408=AXIS2_PLACEMENT_3D('',#16576,#13227,#13228);
#11409=AXIS2_PLACEMENT_3D('',#16578,#13230,#13231);
#11410=AXIS2_PLACEMENT_3D('',#16580,#13233,#13234);
#11411=AXIS2_PLACEMENT_3D('',#16581,#13235,#13236);
#11412=AXIS2_PLACEMENT_3D('',#16583,#13238,#13239);
#11413=AXIS2_PLACEMENT_3D('',#16584,#13240,#13241);
#11414=AXIS2_PLACEMENT_3D('',#16588,#13243,#13244);
#11415=AXIS2_PLACEMENT_3D('',#16590,#13246,#13247);
#11416=AXIS2_PLACEMENT_3D('',#16594,#13249,#13250);
#11417=AXIS2_PLACEMENT_3D('',#16602,#13255,#13256);
#11418=AXIS2_PLACEMENT_3D('',#16605,#13258,#13259);
#11419=AXIS2_PLACEMENT_3D('',#16606,#13260,#13261);
#11420=AXIS2_PLACEMENT_3D('',#16609,#13264,#13265);
#11421=AXIS2_PLACEMENT_3D('',#16611,#13267,#13268);
#11422=AXIS2_PLACEMENT_3D('',#16612,#13269,#13270);
#11423=AXIS2_PLACEMENT_3D('',#16614,#13272,#13273);
#11424=AXIS2_PLACEMENT_3D('',#16616,#13275,#13276);
#11425=AXIS2_PLACEMENT_3D('',#16617,#13277,#13278);
#11426=AXIS2_PLACEMENT_3D('',#16619,#13280,#13281);
#11427=AXIS2_PLACEMENT_3D('',#16620,#13282,#13283);
#11428=AXIS2_PLACEMENT_3D('',#16624,#13285,#13286);
#11429=AXIS2_PLACEMENT_3D('',#16626,#13288,#13289);
#11430=AXIS2_PLACEMENT_3D('',#16630,#13291,#13292);
#11431=AXIS2_PLACEMENT_3D('',#16638,#13297,#13298);
#11432=AXIS2_PLACEMENT_3D('',#16641,#13300,#13301);
#11433=AXIS2_PLACEMENT_3D('',#16642,#13302,#13303);
#11434=AXIS2_PLACEMENT_3D('',#16645,#13306,#13307);
#11435=AXIS2_PLACEMENT_3D('',#16647,#13309,#13310);
#11436=AXIS2_PLACEMENT_3D('',#16648,#13311,#13312);
#11437=AXIS2_PLACEMENT_3D('',#16650,#13314,#13315);
#11438=AXIS2_PLACEMENT_3D('',#16652,#13317,#13318);
#11439=AXIS2_PLACEMENT_3D('',#16653,#13319,#13320);
#11440=AXIS2_PLACEMENT_3D('',#16655,#13322,#13323);
#11441=AXIS2_PLACEMENT_3D('',#16656,#13324,#13325);
#11442=AXIS2_PLACEMENT_3D('',#16660,#13327,#13328);
#11443=AXIS2_PLACEMENT_3D('',#16662,#13330,#13331);
#11444=AXIS2_PLACEMENT_3D('',#16666,#13333,#13334);
#11445=AXIS2_PLACEMENT_3D('',#16674,#13339,#13340);
#11446=AXIS2_PLACEMENT_3D('',#16677,#13342,#13343);
#11447=AXIS2_PLACEMENT_3D('',#16678,#13344,#13345);
#11448=AXIS2_PLACEMENT_3D('',#16681,#13348,#13349);
#11449=AXIS2_PLACEMENT_3D('',#16683,#13351,#13352);
#11450=AXIS2_PLACEMENT_3D('',#16684,#13353,#13354);
#11451=AXIS2_PLACEMENT_3D('',#16686,#13356,#13357);
#11452=AXIS2_PLACEMENT_3D('',#16688,#13359,#13360);
#11453=AXIS2_PLACEMENT_3D('',#16689,#13361,#13362);
#11454=AXIS2_PLACEMENT_3D('',#16691,#13364,#13365);
#11455=AXIS2_PLACEMENT_3D('',#16692,#13366,#13367);
#11456=AXIS2_PLACEMENT_3D('',#16696,#13369,#13370);
#11457=AXIS2_PLACEMENT_3D('',#16698,#13372,#13373);
#11458=AXIS2_PLACEMENT_3D('',#16702,#13375,#13376);
#11459=AXIS2_PLACEMENT_3D('',#16710,#13381,#13382);
#11460=AXIS2_PLACEMENT_3D('',#16713,#13384,#13385);
#11461=AXIS2_PLACEMENT_3D('',#16714,#13386,#13387);
#11462=AXIS2_PLACEMENT_3D('',#16717,#13390,#13391);
#11463=AXIS2_PLACEMENT_3D('',#16719,#13393,#13394);
#11464=AXIS2_PLACEMENT_3D('',#16720,#13395,#13396);
#11465=AXIS2_PLACEMENT_3D('',#16722,#13398,#13399);
#11466=AXIS2_PLACEMENT_3D('',#16724,#13401,#13402);
#11467=AXIS2_PLACEMENT_3D('',#16725,#13403,#13404);
#11468=AXIS2_PLACEMENT_3D('',#16727,#13406,#13407);
#11469=AXIS2_PLACEMENT_3D('',#16728,#13408,#13409);
#11470=AXIS2_PLACEMENT_3D('',#16732,#13411,#13412);
#11471=AXIS2_PLACEMENT_3D('',#16734,#13414,#13415);
#11472=AXIS2_PLACEMENT_3D('',#16738,#13417,#13418);
#11473=AXIS2_PLACEMENT_3D('',#16746,#13423,#13424);
#11474=AXIS2_PLACEMENT_3D('',#16749,#13426,#13427);
#11475=AXIS2_PLACEMENT_3D('',#16750,#13428,#13429);
#11476=AXIS2_PLACEMENT_3D('',#16753,#13432,#13433);
#11477=AXIS2_PLACEMENT_3D('',#16755,#13435,#13436);
#11478=AXIS2_PLACEMENT_3D('',#16756,#13437,#13438);
#11479=AXIS2_PLACEMENT_3D('',#16758,#13440,#13441);
#11480=AXIS2_PLACEMENT_3D('',#16760,#13443,#13444);
#11481=AXIS2_PLACEMENT_3D('',#16761,#13445,#13446);
#11482=AXIS2_PLACEMENT_3D('',#16763,#13448,#13449);
#11483=AXIS2_PLACEMENT_3D('',#16764,#13450,#13451);
#11484=AXIS2_PLACEMENT_3D('',#16768,#13453,#13454);
#11485=AXIS2_PLACEMENT_3D('',#16770,#13456,#13457);
#11486=AXIS2_PLACEMENT_3D('',#16774,#13459,#13460);
#11487=AXIS2_PLACEMENT_3D('',#16782,#13465,#13466);
#11488=AXIS2_PLACEMENT_3D('',#16785,#13468,#13469);
#11489=AXIS2_PLACEMENT_3D('',#16786,#13470,#13471);
#11490=AXIS2_PLACEMENT_3D('',#16789,#13474,#13475);
#11491=AXIS2_PLACEMENT_3D('',#16791,#13477,#13478);
#11492=AXIS2_PLACEMENT_3D('',#16792,#13479,#13480);
#11493=AXIS2_PLACEMENT_3D('',#16794,#13482,#13483);
#11494=AXIS2_PLACEMENT_3D('',#16796,#13485,#13486);
#11495=AXIS2_PLACEMENT_3D('',#16797,#13487,#13488);
#11496=AXIS2_PLACEMENT_3D('',#16799,#13490,#13491);
#11497=AXIS2_PLACEMENT_3D('',#16800,#13492,#13493);
#11498=AXIS2_PLACEMENT_3D('',#16804,#13495,#13496);
#11499=AXIS2_PLACEMENT_3D('',#16806,#13498,#13499);
#11500=AXIS2_PLACEMENT_3D('',#16810,#13501,#13502);
#11501=AXIS2_PLACEMENT_3D('',#16818,#13507,#13508);
#11502=AXIS2_PLACEMENT_3D('',#16821,#13510,#13511);
#11503=AXIS2_PLACEMENT_3D('',#16822,#13512,#13513);
#11504=AXIS2_PLACEMENT_3D('',#16825,#13516,#13517);
#11505=AXIS2_PLACEMENT_3D('',#16827,#13519,#13520);
#11506=AXIS2_PLACEMENT_3D('',#16828,#13521,#13522);
#11507=AXIS2_PLACEMENT_3D('',#16830,#13524,#13525);
#11508=AXIS2_PLACEMENT_3D('',#16832,#13527,#13528);
#11509=AXIS2_PLACEMENT_3D('',#16833,#13529,#13530);
#11510=AXIS2_PLACEMENT_3D('',#16835,#13532,#13533);
#11511=AXIS2_PLACEMENT_3D('',#16836,#13534,#13535);
#11512=AXIS2_PLACEMENT_3D('',#16840,#13537,#13538);
#11513=AXIS2_PLACEMENT_3D('',#16842,#13540,#13541);
#11514=AXIS2_PLACEMENT_3D('',#16846,#13543,#13544);
#11515=AXIS2_PLACEMENT_3D('',#16854,#13549,#13550);
#11516=AXIS2_PLACEMENT_3D('',#16857,#13552,#13553);
#11517=AXIS2_PLACEMENT_3D('',#16858,#13554,#13555);
#11518=AXIS2_PLACEMENT_3D('',#16861,#13558,#13559);
#11519=AXIS2_PLACEMENT_3D('',#16863,#13561,#13562);
#11520=AXIS2_PLACEMENT_3D('',#16864,#13563,#13564);
#11521=AXIS2_PLACEMENT_3D('',#16866,#13566,#13567);
#11522=AXIS2_PLACEMENT_3D('',#16868,#13569,#13570);
#11523=AXIS2_PLACEMENT_3D('',#16869,#13571,#13572);
#11524=AXIS2_PLACEMENT_3D('',#16871,#13574,#13575);
#11525=AXIS2_PLACEMENT_3D('',#16872,#13576,#13577);
#11526=AXIS2_PLACEMENT_3D('',#16876,#13579,#13580);
#11527=AXIS2_PLACEMENT_3D('',#16878,#13582,#13583);
#11528=AXIS2_PLACEMENT_3D('',#16882,#13585,#13586);
#11529=AXIS2_PLACEMENT_3D('',#16890,#13591,#13592);
#11530=AXIS2_PLACEMENT_3D('',#16893,#13594,#13595);
#11531=AXIS2_PLACEMENT_3D('',#16894,#13596,#13597);
#11532=AXIS2_PLACEMENT_3D('',#16897,#13600,#13601);
#11533=AXIS2_PLACEMENT_3D('',#16899,#13603,#13604);
#11534=AXIS2_PLACEMENT_3D('',#16900,#13605,#13606);
#11535=AXIS2_PLACEMENT_3D('',#16902,#13608,#13609);
#11536=AXIS2_PLACEMENT_3D('',#16904,#13611,#13612);
#11537=AXIS2_PLACEMENT_3D('',#16905,#13613,#13614);
#11538=AXIS2_PLACEMENT_3D('',#16907,#13616,#13617);
#11539=AXIS2_PLACEMENT_3D('',#16908,#13618,#13619);
#11540=AXIS2_PLACEMENT_3D('',#16911,#13621,#13622);
#11541=AXIS2_PLACEMENT_3D('',#16912,#13623,#13624);
#11542=AXIS2_PLACEMENT_3D('',#16916,#13627,#13628);
#11543=AXIS2_PLACEMENT_3D('',#16917,#13629,#13630);
#11544=AXIS2_PLACEMENT_3D('',#16918,#13631,#13632);
#11545=AXIS2_PLACEMENT_3D('',#16920,#13633,#13634);
#11546=AXIS2_PLACEMENT_3D('',#16921,#13635,#13636);
#11547=AXIS2_PLACEMENT_3D('',#16922,#13637,#13638);
#11548=AXIS2_PLACEMENT_3D('',#16924,#13639,#13640);
#11549=AXIS2_PLACEMENT_3D('',#16925,#13641,#13642);
#11550=AXIS2_PLACEMENT_3D('',#16926,#13643,#13644);
#11551=AXIS2_PLACEMENT_3D('',#16928,#13646,#13647);
#11552=AXIS2_PLACEMENT_3D('',#16931,#13648,#13649);
#11553=AXIS2_PLACEMENT_3D('',#16932,#13650,#13651);
#11554=AXIS2_PLACEMENT_3D('',#16933,#13652,#13653);
#11555=AXIS2_PLACEMENT_3D('',#16934,#13654,#13655);
#11556=AXIS2_PLACEMENT_3D('',#16936,#13657,#13658);
#11557=AXIS2_PLACEMENT_3D('',#16938,#13660,#13661);
#11558=AXIS2_PLACEMENT_3D('',#16940,#13662,#13663);
#11559=AXIS2_PLACEMENT_3D('',#16942,#13664,#13665);
#11560=AXIS2_PLACEMENT_3D('',#16943,#13666,#13667);
#11561=AXIS2_PLACEMENT_3D('',#16944,#13668,#13669);
#11562=AXIS2_PLACEMENT_3D('',#16946,#13671,#13672);
#11563=AXIS2_PLACEMENT_3D('',#16949,#13675,#13676);
#11564=AXIS2_PLACEMENT_3D('',#16951,#13678,#13679);
#11565=AXIS2_PLACEMENT_3D('',#16952,#13680,#13681);
#11566=AXIS2_PLACEMENT_3D('',#16953,#13682,#13683);
#11567=AXIS2_PLACEMENT_3D('',#16955,#13684,#13685);
#11568=AXIS2_PLACEMENT_3D('',#16959,#13687,#13688);
#11569=AXIS2_PLACEMENT_3D('',#16967,#13692,#13693);
#11570=AXIS2_PLACEMENT_3D('',#16971,#13695,#13696);
#11571=AXIS2_PLACEMENT_3D('',#16975,#13699,#13700);
#11572=AXIS2_PLACEMENT_3D('',#16977,#13701,#13702);
#11573=AXIS2_PLACEMENT_3D('',#16979,#13704,#13705);
#11574=AXIS2_PLACEMENT_3D('',#16981,#13706,#13707);
#11575=AXIS2_PLACEMENT_3D('',#16985,#13709,#13710);
#11576=AXIS2_PLACEMENT_3D('',#16993,#13714,#13715);
#11577=AXIS2_PLACEMENT_3D('',#16997,#13717,#13718);
#11578=AXIS2_PLACEMENT_3D('',#17001,#13721,#13722);
#11579=AXIS2_PLACEMENT_3D('',#17003,#13723,#13724);
#11580=AXIS2_PLACEMENT_3D('',#17005,#13726,#13727);
#11581=AXIS2_PLACEMENT_3D('',#17007,#13728,#13729);
#11582=AXIS2_PLACEMENT_3D('',#17011,#13731,#13732);
#11583=AXIS2_PLACEMENT_3D('',#17019,#13736,#13737);
#11584=AXIS2_PLACEMENT_3D('',#17023,#13739,#13740);
#11585=AXIS2_PLACEMENT_3D('',#17027,#13743,#13744);
#11586=AXIS2_PLACEMENT_3D('',#17029,#13745,#13746);
#11587=AXIS2_PLACEMENT_3D('',#17031,#13748,#13749);
#11588=AXIS2_PLACEMENT_3D('',#17033,#13750,#13751);
#11589=AXIS2_PLACEMENT_3D('',#17037,#13753,#13754);
#11590=AXIS2_PLACEMENT_3D('',#17045,#13758,#13759);
#11591=AXIS2_PLACEMENT_3D('',#17049,#13761,#13762);
#11592=AXIS2_PLACEMENT_3D('',#17053,#13765,#13766);
#11593=AXIS2_PLACEMENT_3D('',#17055,#13767,#13768);
#11594=AXIS2_PLACEMENT_3D('',#17057,#13770,#13771);
#11595=AXIS2_PLACEMENT_3D('',#17059,#13772,#13773);
#11596=AXIS2_PLACEMENT_3D('',#17063,#13775,#13776);
#11597=AXIS2_PLACEMENT_3D('',#17071,#13780,#13781);
#11598=AXIS2_PLACEMENT_3D('',#17075,#13783,#13784);
#11599=AXIS2_PLACEMENT_3D('',#17079,#13787,#13788);
#11600=AXIS2_PLACEMENT_3D('',#17081,#13789,#13790);
#11601=AXIS2_PLACEMENT_3D('',#17083,#13792,#13793);
#11602=AXIS2_PLACEMENT_3D('',#17104,#13806,#13807);
#11603=AXIS2_PLACEMENT_3D('',#17108,#13810,#13811);
#11604=AXIS2_PLACEMENT_3D('',#17112,#13814,#13815);
#11605=AXIS2_PLACEMENT_3D('',#17114,#13816,#13817);
#11606=AXIS2_PLACEMENT_3D('',#17116,#13819,#13820);
#11607=AXIS2_PLACEMENT_3D('',#17120,#13823,#13824);
#11608=AXIS2_PLACEMENT_3D('',#17122,#13825,#13826);
#11609=AXIS2_PLACEMENT_3D('',#17124,#13828,#13829);
#11610=AXIS2_PLACEMENT_3D('',#17128,#13832,#13833);
#11611=AXIS2_PLACEMENT_3D('',#17130,#13835,#13836);
#11612=AXIS2_PLACEMENT_3D('',#17134,#13839,#13840);
#11613=AXIS2_PLACEMENT_3D('',#17136,#13841,#13842);
#11614=AXIS2_PLACEMENT_3D('',#17138,#13844,#13845);
#11615=AXIS2_PLACEMENT_3D('',#17140,#13847,#13848);
#11616=AXIS2_PLACEMENT_3D('',#17141,#13849,#13850);
#11617=AXIS2_PLACEMENT_3D('',#17145,#13853,#13854);
#11618=AXIS2_PLACEMENT_3D('',#17147,#13855,#13856);
#11619=AXIS2_PLACEMENT_3D('',#17149,#13858,#13859);
#11620=AXIS2_PLACEMENT_3D('',#17153,#13862,#13863);
#11621=AXIS2_PLACEMENT_3D('',#17155,#13864,#13865);
#11622=AXIS2_PLACEMENT_3D('',#17157,#13867,#13868);
#11623=AXIS2_PLACEMENT_3D('',#17161,#13871,#13872);
#11624=AXIS2_PLACEMENT_3D('',#17163,#13874,#13875);
#11625=AXIS2_PLACEMENT_3D('',#17167,#13878,#13879);
#11626=AXIS2_PLACEMENT_3D('',#17169,#13880,#13881);
#11627=AXIS2_PLACEMENT_3D('',#17171,#13883,#13884);
#11628=AXIS2_PLACEMENT_3D('',#17173,#13886,#13887);
#11629=AXIS2_PLACEMENT_3D('',#17174,#13888,#13889);
#11630=AXIS2_PLACEMENT_3D('',#17178,#13892,#13893);
#11631=AXIS2_PLACEMENT_3D('',#17180,#13894,#13895);
#11632=AXIS2_PLACEMENT_3D('',#17182,#13897,#13898);
#11633=AXIS2_PLACEMENT_3D('',#17186,#13901,#13902);
#11634=AXIS2_PLACEMENT_3D('',#17188,#13903,#13904);
#11635=AXIS2_PLACEMENT_3D('',#17190,#13906,#13907);
#11636=AXIS2_PLACEMENT_3D('',#17194,#13910,#13911);
#11637=AXIS2_PLACEMENT_3D('',#17196,#13913,#13914);
#11638=AXIS2_PLACEMENT_3D('',#17200,#13917,#13918);
#11639=AXIS2_PLACEMENT_3D('',#17202,#13919,#13920);
#11640=AXIS2_PLACEMENT_3D('',#17204,#13922,#13923);
#11641=AXIS2_PLACEMENT_3D('',#17206,#13925,#13926);
#11642=AXIS2_PLACEMENT_3D('',#17207,#13927,#13928);
#11643=AXIS2_PLACEMENT_3D('',#17213,#13932,#13933);
#11644=AXIS2_PLACEMENT_3D('',#17215,#13934,#13935);
#11645=AXIS2_PLACEMENT_3D('',#17217,#13937,#13938);
#11646=AXIS2_PLACEMENT_3D('',#17221,#13941,#13942);
#11647=AXIS2_PLACEMENT_3D('',#17223,#13943,#13944);
#11648=AXIS2_PLACEMENT_3D('',#17225,#13946,#13947);
#11649=AXIS2_PLACEMENT_3D('',#17229,#13950,#13951);
#11650=AXIS2_PLACEMENT_3D('',#17231,#13953,#13954);
#11651=AXIS2_PLACEMENT_3D('',#17235,#13957,#13958);
#11652=AXIS2_PLACEMENT_3D('',#17237,#13959,#13960);
#11653=AXIS2_PLACEMENT_3D('',#17239,#13962,#13963);
#11654=AXIS2_PLACEMENT_3D('',#17243,#13966,#13967);
#11655=AXIS2_PLACEMENT_3D('',#17245,#13969,#13970);
#11656=AXIS2_PLACEMENT_3D('',#17251,#13974,#13975);
#11657=AXIS2_PLACEMENT_3D('',#17253,#13976,#13977);
#11658=AXIS2_PLACEMENT_3D('',#17255,#13979,#13980);
#11659=AXIS2_PLACEMENT_3D('',#17259,#13983,#13984);
#11660=AXIS2_PLACEMENT_3D('',#17261,#13985,#13986);
#11661=AXIS2_PLACEMENT_3D('',#17263,#13988,#13989);
#11662=AXIS2_PLACEMENT_3D('',#17267,#13992,#13993);
#11663=AXIS2_PLACEMENT_3D('',#17269,#13995,#13996);
#11664=AXIS2_PLACEMENT_3D('',#17273,#13999,#14000);
#11665=AXIS2_PLACEMENT_3D('',#17275,#14001,#14002);
#11666=AXIS2_PLACEMENT_3D('',#17277,#14004,#14005);
#11667=AXIS2_PLACEMENT_3D('',#17281,#14008,#14009);
#11668=AXIS2_PLACEMENT_3D('',#17283,#14011,#14012);
#11669=AXIS2_PLACEMENT_3D('',#17285,#14013,#14014);
#11670=AXIS2_PLACEMENT_3D('',#17288,#14016,#14017);
#11671=AXIS2_PLACEMENT_3D('',#17289,#14018,#14019);
#11672=AXIS2_PLACEMENT_3D('',#17290,#14020,#14021);
#11673=AXIS2_PLACEMENT_3D('',#17294,#14024,#14025);
#11674=AXIS2_PLACEMENT_3D('',#17296,#14027,#14028);
#11675=AXIS2_PLACEMENT_3D('',#17297,#14029,#14030);
#11676=AXIS2_PLACEMENT_3D('',#17303,#14034,#14035);
#11677=AXIS2_PLACEMENT_3D('',#17307,#14038,#14039);
#11678=AXIS2_PLACEMENT_3D('',#17309,#14040,#14041);
#11679=AXIS2_PLACEMENT_3D('',#17312,#14043,#14044);
#11680=AXIS2_PLACEMENT_3D('',#17313,#14045,#14046);
#11681=AXIS2_PLACEMENT_3D('',#17314,#14047,#14048);
#11682=AXIS2_PLACEMENT_3D('',#17318,#14051,#14052);
#11683=AXIS2_PLACEMENT_3D('',#17320,#14054,#14055);
#11684=AXIS2_PLACEMENT_3D('',#17321,#14056,#14057);
#11685=AXIS2_PLACEMENT_3D('',#17323,#14058,#14059);
#11686=AXIS2_PLACEMENT_3D('',#17327,#14061,#14062);
#11687=AXIS2_PLACEMENT_3D('',#17335,#14066,#14067);
#11688=AXIS2_PLACEMENT_3D('',#17339,#14069,#14070);
#11689=AXIS2_PLACEMENT_3D('',#17343,#14073,#14074);
#11690=AXIS2_PLACEMENT_3D('',#17345,#14075,#14076);
#11691=AXIS2_PLACEMENT_3D('',#17347,#14078,#14079);
#11692=AXIS2_PLACEMENT_3D('',#17349,#14080,#14081);
#11693=AXIS2_PLACEMENT_3D('',#17353,#14083,#14084);
#11694=AXIS2_PLACEMENT_3D('',#17361,#14088,#14089);
#11695=AXIS2_PLACEMENT_3D('',#17365,#14091,#14092);
#11696=AXIS2_PLACEMENT_3D('',#17369,#14095,#14096);
#11697=AXIS2_PLACEMENT_3D('',#17371,#14097,#14098);
#11698=AXIS2_PLACEMENT_3D('',#17373,#14100,#14101);
#11699=AXIS2_PLACEMENT_3D('',#17375,#14102,#14103);
#11700=AXIS2_PLACEMENT_3D('',#17379,#14105,#14106);
#11701=AXIS2_PLACEMENT_3D('',#17387,#14110,#14111);
#11702=AXIS2_PLACEMENT_3D('',#17391,#14113,#14114);
#11703=AXIS2_PLACEMENT_3D('',#17395,#14117,#14118);
#11704=AXIS2_PLACEMENT_3D('',#17397,#14119,#14120);
#11705=AXIS2_PLACEMENT_3D('',#17399,#14122,#14123);
#11706=AXIS2_PLACEMENT_3D('',#17401,#14124,#14125);
#11707=AXIS2_PLACEMENT_3D('',#17405,#14127,#14128);
#11708=AXIS2_PLACEMENT_3D('',#17413,#14132,#14133);
#11709=AXIS2_PLACEMENT_3D('',#17417,#14135,#14136);
#11710=AXIS2_PLACEMENT_3D('',#17421,#14139,#14140);
#11711=AXIS2_PLACEMENT_3D('',#17423,#14141,#14142);
#11712=AXIS2_PLACEMENT_3D('',#17425,#14144,#14145);
#11713=AXIS2_PLACEMENT_3D('',#17427,#14146,#14147);
#11714=AXIS2_PLACEMENT_3D('',#17431,#14149,#14150);
#11715=AXIS2_PLACEMENT_3D('',#17439,#14154,#14155);
#11716=AXIS2_PLACEMENT_3D('',#17443,#14157,#14158);
#11717=AXIS2_PLACEMENT_3D('',#17447,#14161,#14162);
#11718=AXIS2_PLACEMENT_3D('',#17449,#14163,#14164);
#11719=AXIS2_PLACEMENT_3D('',#17451,#14166,#14167);
#11720=AXIS2_PLACEMENT_3D('',#17472,#14180,#14181);
#11721=AXIS2_PLACEMENT_3D('',#17476,#14184,#14185);
#11722=AXIS2_PLACEMENT_3D('',#17480,#14188,#14189);
#11723=AXIS2_PLACEMENT_3D('',#17482,#14190,#14191);
#11724=AXIS2_PLACEMENT_3D('',#17484,#14193,#14194);
#11725=AXIS2_PLACEMENT_3D('',#17488,#14197,#14198);
#11726=AXIS2_PLACEMENT_3D('',#17490,#14199,#14200);
#11727=AXIS2_PLACEMENT_3D('',#17492,#14202,#14203);
#11728=AXIS2_PLACEMENT_3D('',#17496,#14206,#14207);
#11729=AXIS2_PLACEMENT_3D('',#17498,#14209,#14210);
#11730=AXIS2_PLACEMENT_3D('',#17502,#14213,#14214);
#11731=AXIS2_PLACEMENT_3D('',#17504,#14215,#14216);
#11732=AXIS2_PLACEMENT_3D('',#17506,#14218,#14219);
#11733=AXIS2_PLACEMENT_3D('',#17508,#14221,#14222);
#11734=AXIS2_PLACEMENT_3D('',#17509,#14223,#14224);
#11735=AXIS2_PLACEMENT_3D('',#17513,#14227,#14228);
#11736=AXIS2_PLACEMENT_3D('',#17515,#14229,#14230);
#11737=AXIS2_PLACEMENT_3D('',#17517,#14232,#14233);
#11738=AXIS2_PLACEMENT_3D('',#17521,#14236,#14237);
#11739=AXIS2_PLACEMENT_3D('',#17523,#14238,#14239);
#11740=AXIS2_PLACEMENT_3D('',#17525,#14241,#14242);
#11741=AXIS2_PLACEMENT_3D('',#17529,#14245,#14246);
#11742=AXIS2_PLACEMENT_3D('',#17531,#14248,#14249);
#11743=AXIS2_PLACEMENT_3D('',#17535,#14252,#14253);
#11744=AXIS2_PLACEMENT_3D('',#17537,#14254,#14255);
#11745=AXIS2_PLACEMENT_3D('',#17539,#14257,#14258);
#11746=AXIS2_PLACEMENT_3D('',#17541,#14260,#14261);
#11747=AXIS2_PLACEMENT_3D('',#17542,#14262,#14263);
#11748=AXIS2_PLACEMENT_3D('',#17546,#14266,#14267);
#11749=AXIS2_PLACEMENT_3D('',#17548,#14268,#14269);
#11750=AXIS2_PLACEMENT_3D('',#17550,#14271,#14272);
#11751=AXIS2_PLACEMENT_3D('',#17554,#14275,#14276);
#11752=AXIS2_PLACEMENT_3D('',#17556,#14277,#14278);
#11753=AXIS2_PLACEMENT_3D('',#17558,#14280,#14281);
#11754=AXIS2_PLACEMENT_3D('',#17562,#14284,#14285);
#11755=AXIS2_PLACEMENT_3D('',#17564,#14287,#14288);
#11756=AXIS2_PLACEMENT_3D('',#17568,#14291,#14292);
#11757=AXIS2_PLACEMENT_3D('',#17570,#14293,#14294);
#11758=AXIS2_PLACEMENT_3D('',#17572,#14296,#14297);
#11759=AXIS2_PLACEMENT_3D('',#17574,#14299,#14300);
#11760=AXIS2_PLACEMENT_3D('',#17575,#14301,#14302);
#11761=AXIS2_PLACEMENT_3D('',#17581,#14306,#14307);
#11762=AXIS2_PLACEMENT_3D('',#17583,#14308,#14309);
#11763=AXIS2_PLACEMENT_3D('',#17585,#14311,#14312);
#11764=AXIS2_PLACEMENT_3D('',#17589,#14315,#14316);
#11765=AXIS2_PLACEMENT_3D('',#17591,#14317,#14318);
#11766=AXIS2_PLACEMENT_3D('',#17593,#14320,#14321);
#11767=AXIS2_PLACEMENT_3D('',#17597,#14324,#14325);
#11768=AXIS2_PLACEMENT_3D('',#17599,#14327,#14328);
#11769=AXIS2_PLACEMENT_3D('',#17603,#14331,#14332);
#11770=AXIS2_PLACEMENT_3D('',#17605,#14333,#14334);
#11771=AXIS2_PLACEMENT_3D('',#17607,#14336,#14337);
#11772=AXIS2_PLACEMENT_3D('',#17611,#14340,#14341);
#11773=AXIS2_PLACEMENT_3D('',#17613,#14343,#14344);
#11774=AXIS2_PLACEMENT_3D('',#17619,#14348,#14349);
#11775=AXIS2_PLACEMENT_3D('',#17621,#14350,#14351);
#11776=AXIS2_PLACEMENT_3D('',#17623,#14353,#14354);
#11777=AXIS2_PLACEMENT_3D('',#17627,#14357,#14358);
#11778=AXIS2_PLACEMENT_3D('',#17629,#14359,#14360);
#11779=AXIS2_PLACEMENT_3D('',#17631,#14362,#14363);
#11780=AXIS2_PLACEMENT_3D('',#17635,#14366,#14367);
#11781=AXIS2_PLACEMENT_3D('',#17637,#14369,#14370);
#11782=AXIS2_PLACEMENT_3D('',#17641,#14373,#14374);
#11783=AXIS2_PLACEMENT_3D('',#17643,#14375,#14376);
#11784=AXIS2_PLACEMENT_3D('',#17645,#14378,#14379);
#11785=AXIS2_PLACEMENT_3D('',#17649,#14382,#14383);
#11786=AXIS2_PLACEMENT_3D('',#17651,#14385,#14386);
#11787=AXIS2_PLACEMENT_3D('',#17653,#14387,#14388);
#11788=AXIS2_PLACEMENT_3D('',#17656,#14390,#14391);
#11789=AXIS2_PLACEMENT_3D('',#17657,#14392,#14393);
#11790=AXIS2_PLACEMENT_3D('',#17658,#14394,#14395);
#11791=AXIS2_PLACEMENT_3D('',#17662,#14398,#14399);
#11792=AXIS2_PLACEMENT_3D('',#17664,#14401,#14402);
#11793=AXIS2_PLACEMENT_3D('',#17665,#14403,#14404);
#11794=AXIS2_PLACEMENT_3D('',#17671,#14408,#14409);
#11795=AXIS2_PLACEMENT_3D('',#17673,#14410,#14411);
#11796=AXIS2_PLACEMENT_3D('',#17675,#14413,#14414);
#11797=AXIS2_PLACEMENT_3D('',#17679,#14417,#14418);
#11798=AXIS2_PLACEMENT_3D('',#17681,#14419,#14420);
#11799=AXIS2_PLACEMENT_3D('',#17683,#14422,#14423);
#11800=AXIS2_PLACEMENT_3D('',#17687,#14426,#14427);
#11801=AXIS2_PLACEMENT_3D('',#17689,#14428,#14429);
#11802=AXIS2_PLACEMENT_3D('',#17691,#14431,#14432);
#11803=AXIS2_PLACEMENT_3D('',#17695,#14435,#14436);
#11804=AXIS2_PLACEMENT_3D('',#17696,#14437,#14438);
#11805=AXIS2_PLACEMENT_3D('',#17697,#14439,#14440);
#11806=AXIS2_PLACEMENT_3D('',#17703,#14444,#14445);
#11807=AXIS2_PLACEMENT_3D('',#17705,#14446,#14447);
#11808=AXIS2_PLACEMENT_3D('',#17707,#14449,#14450);
#11809=AXIS2_PLACEMENT_3D('',#17711,#14453,#14454);
#11810=AXIS2_PLACEMENT_3D('',#17713,#14455,#14456);
#11811=AXIS2_PLACEMENT_3D('',#17715,#14458,#14459);
#11812=AXIS2_PLACEMENT_3D('',#17719,#14462,#14463);
#11813=AXIS2_PLACEMENT_3D('',#17721,#14464,#14465);
#11814=AXIS2_PLACEMENT_3D('',#17723,#14467,#14468);
#11815=AXIS2_PLACEMENT_3D('',#17727,#14471,#14472);
#11816=AXIS2_PLACEMENT_3D('',#17728,#14473,#14474);
#11817=AXIS2_PLACEMENT_3D('',#17729,#14475,#14476);
#11818=AXIS2_PLACEMENT_3D('',#17735,#14480,#14481);
#11819=AXIS2_PLACEMENT_3D('',#17737,#14482,#14483);
#11820=AXIS2_PLACEMENT_3D('',#17739,#14485,#14486);
#11821=AXIS2_PLACEMENT_3D('',#17743,#14489,#14490);
#11822=AXIS2_PLACEMENT_3D('',#17745,#14491,#14492);
#11823=AXIS2_PLACEMENT_3D('',#17747,#14494,#14495);
#11824=AXIS2_PLACEMENT_3D('',#17751,#14498,#14499);
#11825=AXIS2_PLACEMENT_3D('',#17753,#14500,#14501);
#11826=AXIS2_PLACEMENT_3D('',#17755,#14503,#14504);
#11827=AXIS2_PLACEMENT_3D('',#17759,#14507,#14508);
#11828=AXIS2_PLACEMENT_3D('',#17760,#14509,#14510);
#11829=AXIS2_PLACEMENT_3D('',#17761,#14511,#14512);
#11830=AXIS2_PLACEMENT_3D('',#17767,#14516,#14517);
#11831=AXIS2_PLACEMENT_3D('',#17769,#14518,#14519);
#11832=AXIS2_PLACEMENT_3D('',#17771,#14521,#14522);
#11833=AXIS2_PLACEMENT_3D('',#17775,#14525,#14526);
#11834=AXIS2_PLACEMENT_3D('',#17777,#14527,#14528);
#11835=AXIS2_PLACEMENT_3D('',#17779,#14530,#14531);
#11836=AXIS2_PLACEMENT_3D('',#17783,#14534,#14535);
#11837=AXIS2_PLACEMENT_3D('',#17785,#14536,#14537);
#11838=AXIS2_PLACEMENT_3D('',#17787,#14539,#14540);
#11839=AXIS2_PLACEMENT_3D('',#17791,#14543,#14544);
#11840=AXIS2_PLACEMENT_3D('',#17792,#14545,#14546);
#11841=AXIS2_PLACEMENT_3D('',#17793,#14547,#14548);
#11842=AXIS2_PLACEMENT_3D('',#17795,#14549,#14550);
#11843=AXIS2_PLACEMENT_3D('',#17797,#14551,#14552);
#11844=AXIS2_PLACEMENT_3D('',#17798,#14553,#14554);
#11845=AXIS2_PLACEMENT_3D('',#17800,#14555,#14556);
#11846=AXIS2_PLACEMENT_3D('',#17802,#14558,#14559);
#11847=AXIS2_PLACEMENT_3D('',#17804,#14560,#14561);
#11848=AXIS2_PLACEMENT_3D('',#17806,#14562,#14563);
#11849=AXIS2_PLACEMENT_3D('',#17807,#14564,#14565);
#11850=AXIS2_PLACEMENT_3D('',#17809,#14566,#14567);
#11851=AXIS2_PLACEMENT_3D('',#17811,#14569,#14570);
#11852=AXIS2_PLACEMENT_3D('',#17813,#14571,#14572);
#11853=AXIS2_PLACEMENT_3D('',#17815,#14573,#14574);
#11854=AXIS2_PLACEMENT_3D('',#17816,#14575,#14576);
#11855=AXIS2_PLACEMENT_3D('',#17818,#14577,#14578);
#11856=AXIS2_PLACEMENT_3D('',#17820,#14580,#14581);
#11857=AXIS2_PLACEMENT_3D('',#17822,#14582,#14583);
#11858=AXIS2_PLACEMENT_3D('',#17824,#14584,#14585);
#11859=AXIS2_PLACEMENT_3D('',#17825,#14586,#14587);
#11860=AXIS2_PLACEMENT_3D('',#17827,#14589,#14590);
#11861=AXIS2_PLACEMENT_3D('',#17829,#14592,#14593);
#11862=AXIS2_PLACEMENT_3D('',#17831,#14594,#14595);
#11863=AXIS2_PLACEMENT_3D('',#17833,#14596,#14597);
#11864=AXIS2_PLACEMENT_3D('',#17834,#14598,#14599);
#11865=AXIS2_PLACEMENT_3D('',#17836,#14601,#14602);
#11866=AXIS2_PLACEMENT_3D('',#17838,#14604,#14605);
#11867=AXIS2_PLACEMENT_3D('',#17840,#14606,#14607);
#11868=AXIS2_PLACEMENT_3D('',#17842,#14608,#14609);
#11869=AXIS2_PLACEMENT_3D('',#17843,#14610,#14611);
#11870=AXIS2_PLACEMENT_3D('',#17845,#14613,#14614);
#11871=AXIS2_PLACEMENT_3D('',#17847,#14616,#14617);
#11872=AXIS2_PLACEMENT_3D('',#17849,#14618,#14619);
#11873=AXIS2_PLACEMENT_3D('',#17851,#14620,#14621);
#11874=AXIS2_PLACEMENT_3D('',#17852,#14622,#14623);
#11875=AXIS2_PLACEMENT_3D('',#17854,#14624,#14625);
#11876=AXIS2_PLACEMENT_3D('',#17856,#14627,#14628);
#11877=AXIS2_PLACEMENT_3D('',#17858,#14629,#14630);
#11878=AXIS2_PLACEMENT_3D('',#17860,#14631,#14632);
#11879=AXIS2_PLACEMENT_3D('',#17861,#14633,#14634);
#11880=AXIS2_PLACEMENT_3D('',#17863,#14635,#14636);
#11881=AXIS2_PLACEMENT_3D('',#17865,#14638,#14639);
#11882=AXIS2_PLACEMENT_3D('',#17867,#14640,#14641);
#11883=AXIS2_PLACEMENT_3D('',#17869,#14642,#14643);
#11884=AXIS2_PLACEMENT_3D('',#17870,#14644,#14645);
#11885=AXIS2_PLACEMENT_3D('',#17872,#14646,#14647);
#11886=AXIS2_PLACEMENT_3D('',#17874,#14649,#14650);
#11887=AXIS2_PLACEMENT_3D('',#17876,#14651,#14652);
#11888=AXIS2_PLACEMENT_3D('',#17878,#14653,#14654);
#11889=AXIS2_PLACEMENT_3D('',#17879,#14655,#14656);
#11890=AXIS2_PLACEMENT_3D('',#17881,#14657,#14658);
#11891=AXIS2_PLACEMENT_3D('',#17883,#14660,#14661);
#11892=AXIS2_PLACEMENT_3D('',#17885,#14662,#14663);
#11893=AXIS2_PLACEMENT_3D('',#17887,#14664,#14665);
#11894=AXIS2_PLACEMENT_3D('',#17888,#14666,#14667);
#11895=AXIS2_PLACEMENT_3D('',#17890,#14668,#14669);
#11896=AXIS2_PLACEMENT_3D('',#17892,#14671,#14672);
#11897=AXIS2_PLACEMENT_3D('',#17894,#14673,#14674);
#11898=AXIS2_PLACEMENT_3D('',#17896,#14675,#14676);
#11899=AXIS2_PLACEMENT_3D('',#17897,#14677,#14678);
#11900=AXIS2_PLACEMENT_3D('',#17899,#14679,#14680);
#11901=AXIS2_PLACEMENT_3D('',#17901,#14682,#14683);
#11902=AXIS2_PLACEMENT_3D('',#17903,#14684,#14685);
#11903=AXIS2_PLACEMENT_3D('',#17905,#14686,#14687);
#11904=AXIS2_PLACEMENT_3D('',#17906,#14688,#14689);
#11905=AXIS2_PLACEMENT_3D('',#17908,#14690,#14691);
#11906=AXIS2_PLACEMENT_3D('',#17910,#14693,#14694);
#11907=AXIS2_PLACEMENT_3D('',#17912,#14695,#14696);
#11908=AXIS2_PLACEMENT_3D('',#17914,#14697,#14698);
#11909=AXIS2_PLACEMENT_3D('',#17915,#14699,#14700);
#11910=AXIS2_PLACEMENT_3D('',#17917,#14701,#14702);
#11911=AXIS2_PLACEMENT_3D('',#17919,#14704,#14705);
#11912=AXIS2_PLACEMENT_3D('',#17921,#14706,#14707);
#11913=AXIS2_PLACEMENT_3D('',#17923,#14708,#14709);
#11914=AXIS2_PLACEMENT_3D('',#17924,#14710,#14711);
#11915=AXIS2_PLACEMENT_3D('',#17926,#14712,#14713);
#11916=AXIS2_PLACEMENT_3D('',#17928,#14715,#14716);
#11917=AXIS2_PLACEMENT_3D('',#17930,#14717,#14718);
#11918=AXIS2_PLACEMENT_3D('',#17932,#14719,#14720);
#11919=AXIS2_PLACEMENT_3D('',#17933,#14721,#14722);
#11920=AXIS2_PLACEMENT_3D('',#17935,#14723,#14724);
#11921=AXIS2_PLACEMENT_3D('',#17937,#14726,#14727);
#11922=AXIS2_PLACEMENT_3D('',#17939,#14728,#14729);
#11923=AXIS2_PLACEMENT_3D('',#17941,#14730,#14731);
#11924=AXIS2_PLACEMENT_3D('',#17942,#14732,#14733);
#11925=AXIS2_PLACEMENT_3D('',#17944,#14734,#14735);
#11926=AXIS2_PLACEMENT_3D('',#17946,#14737,#14738);
#11927=AXIS2_PLACEMENT_3D('',#17948,#14739,#14740);
#11928=AXIS2_PLACEMENT_3D('',#17950,#14741,#14742);
#11929=AXIS2_PLACEMENT_3D('',#17951,#14743,#14744);
#11930=AXIS2_PLACEMENT_3D('',#17953,#14745,#14746);
#11931=AXIS2_PLACEMENT_3D('',#17955,#14748,#14749);
#11932=AXIS2_PLACEMENT_3D('',#17957,#14750,#14751);
#11933=AXIS2_PLACEMENT_3D('',#17959,#14752,#14753);
#11934=AXIS2_PLACEMENT_3D('',#17960,#14754,#14755);
#11935=AXIS2_PLACEMENT_3D('',#17962,#14756,#14757);
#11936=AXIS2_PLACEMENT_3D('',#17964,#14759,#14760);
#11937=AXIS2_PLACEMENT_3D('',#17966,#14761,#14762);
#11938=AXIS2_PLACEMENT_3D('',#17968,#14763,#14764);
#11939=AXIS2_PLACEMENT_3D('',#17969,#14765,#14766);
#11940=AXIS2_PLACEMENT_3D('',#17971,#14767,#14768);
#11941=AXIS2_PLACEMENT_3D('',#17973,#14770,#14771);
#11942=AXIS2_PLACEMENT_3D('',#17975,#14772,#14773);
#11943=AXIS2_PLACEMENT_3D('',#17977,#14774,#14775);
#11944=AXIS2_PLACEMENT_3D('',#17978,#14776,#14777);
#11945=AXIS2_PLACEMENT_3D('',#17980,#14778,#14779);
#11946=AXIS2_PLACEMENT_3D('',#17982,#14781,#14782);
#11947=AXIS2_PLACEMENT_3D('',#17984,#14783,#14784);
#11948=AXIS2_PLACEMENT_3D('',#17986,#14785,#14786);
#11949=AXIS2_PLACEMENT_3D('',#17987,#14787,#14788);
#11950=AXIS2_PLACEMENT_3D('',#17989,#14789,#14790);
#11951=AXIS2_PLACEMENT_3D('',#17991,#14792,#14793);
#11952=AXIS2_PLACEMENT_3D('',#17993,#14794,#14795);
#11953=AXIS2_PLACEMENT_3D('',#17995,#14796,#14797);
#11954=AXIS2_PLACEMENT_3D('',#17996,#14798,#14799);
#11955=AXIS2_PLACEMENT_3D('',#17998,#14800,#14801);
#11956=AXIS2_PLACEMENT_3D('',#18000,#14803,#14804);
#11957=AXIS2_PLACEMENT_3D('',#18002,#14805,#14806);
#11958=AXIS2_PLACEMENT_3D('',#18004,#14807,#14808);
#11959=AXIS2_PLACEMENT_3D('',#18005,#14809,#14810);
#11960=AXIS2_PLACEMENT_3D('',#18007,#14811,#14812);
#11961=AXIS2_PLACEMENT_3D('',#18009,#14814,#14815);
#11962=AXIS2_PLACEMENT_3D('',#18011,#14816,#14817);
#11963=AXIS2_PLACEMENT_3D('',#18013,#14818,#14819);
#11964=AXIS2_PLACEMENT_3D('',#18014,#14820,#14821);
#11965=AXIS2_PLACEMENT_3D('',#18016,#14822,#14823);
#11966=AXIS2_PLACEMENT_3D('',#18018,#14825,#14826);
#11967=AXIS2_PLACEMENT_3D('',#18020,#14827,#14828);
#11968=AXIS2_PLACEMENT_3D('',#18022,#14829,#14830);
#11969=AXIS2_PLACEMENT_3D('',#18023,#14831,#14832);
#11970=AXIS2_PLACEMENT_3D('',#18025,#14833,#14834);
#11971=AXIS2_PLACEMENT_3D('',#18027,#14836,#14837);
#11972=AXIS2_PLACEMENT_3D('',#18029,#14838,#14839);
#11973=AXIS2_PLACEMENT_3D('',#18031,#14840,#14841);
#11974=AXIS2_PLACEMENT_3D('',#18032,#14842,#14843);
#11975=AXIS2_PLACEMENT_3D('',#18034,#14844,#14845);
#11976=AXIS2_PLACEMENT_3D('',#18036,#14847,#14848);
#11977=AXIS2_PLACEMENT_3D('',#18038,#14849,#14850);
#11978=AXIS2_PLACEMENT_3D('',#18040,#14851,#14852);
#11979=AXIS2_PLACEMENT_3D('',#18041,#14853,#14854);
#11980=AXIS2_PLACEMENT_3D('',#18043,#14855,#14856);
#11981=AXIS2_PLACEMENT_3D('',#18045,#14858,#14859);
#11982=AXIS2_PLACEMENT_3D('',#18047,#14860,#14861);
#11983=AXIS2_PLACEMENT_3D('',#18049,#14862,#14863);
#11984=AXIS2_PLACEMENT_3D('',#18050,#14864,#14865);
#11985=AXIS2_PLACEMENT_3D('',#18052,#14866,#14867);
#11986=AXIS2_PLACEMENT_3D('',#18054,#14869,#14870);
#11987=AXIS2_PLACEMENT_3D('',#18056,#14871,#14872);
#11988=AXIS2_PLACEMENT_3D('',#18058,#14873,#14874);
#11989=AXIS2_PLACEMENT_3D('',#18059,#14875,#14876);
#11990=AXIS2_PLACEMENT_3D('',#18061,#14877,#14878);
#11991=AXIS2_PLACEMENT_3D('',#18063,#14880,#14881);
#11992=AXIS2_PLACEMENT_3D('',#18065,#14882,#14883);
#11993=AXIS2_PLACEMENT_3D('',#18067,#14884,#14885);
#11994=AXIS2_PLACEMENT_3D('',#18068,#14886,#14887);
#11995=AXIS2_PLACEMENT_3D('',#18070,#14888,#14889);
#11996=AXIS2_PLACEMENT_3D('',#18072,#14891,#14892);
#11997=AXIS2_PLACEMENT_3D('',#18074,#14893,#14894);
#11998=AXIS2_PLACEMENT_3D('',#18076,#14895,#14896);
#11999=AXIS2_PLACEMENT_3D('',#18077,#14897,#14898);
#12000=AXIS2_PLACEMENT_3D('',#18079,#14899,#14900);
#12001=AXIS2_PLACEMENT_3D('',#18081,#14902,#14903);
#12002=AXIS2_PLACEMENT_3D('',#18083,#14904,#14905);
#12003=AXIS2_PLACEMENT_3D('',#18085,#14906,#14907);
#12004=AXIS2_PLACEMENT_3D('',#18086,#14908,#14909);
#12005=AXIS2_PLACEMENT_3D('',#18088,#14911,#14912);
#12006=AXIS2_PLACEMENT_3D('',#18090,#14914,#14915);
#12007=AXIS2_PLACEMENT_3D('',#18092,#14916,#14917);
#12008=AXIS2_PLACEMENT_3D('',#18094,#14918,#14919);
#12009=AXIS2_PLACEMENT_3D('',#18095,#14920,#14921);
#12010=AXIS2_PLACEMENT_3D('',#18097,#14923,#14924);
#12011=AXIS2_PLACEMENT_3D('',#18099,#14926,#14927);
#12012=AXIS2_PLACEMENT_3D('',#18101,#14928,#14929);
#12013=AXIS2_PLACEMENT_3D('',#18103,#14930,#14931);
#12014=AXIS2_PLACEMENT_3D('',#18104,#14932,#14933);
#12015=AXIS2_PLACEMENT_3D('',#18106,#14935,#14936);
#12016=AXIS2_PLACEMENT_3D('',#18108,#14938,#14939);
#12017=AXIS2_PLACEMENT_3D('',#18110,#14940,#14941);
#12018=AXIS2_PLACEMENT_3D('',#18112,#14942,#14943);
#12019=AXIS2_PLACEMENT_3D('',#18113,#14944,#14945);
#12020=AXIS2_PLACEMENT_3D('',#18115,#14947,#14948);
#12021=AXIS2_PLACEMENT_3D('',#18117,#14950,#14951);
#12022=AXIS2_PLACEMENT_3D('',#18119,#14952,#14953);
#12023=AXIS2_PLACEMENT_3D('',#18121,#14954,#14955);
#12024=AXIS2_PLACEMENT_3D('',#18122,#14956,#14957);
#12025=AXIS2_PLACEMENT_3D('',#18124,#14959,#14960);
#12026=AXIS2_PLACEMENT_3D('',#18126,#14962,#14963);
#12027=AXIS2_PLACEMENT_3D('',#18128,#14964,#14965);
#12028=AXIS2_PLACEMENT_3D('',#18130,#14966,#14967);
#12029=AXIS2_PLACEMENT_3D('',#18131,#14968,#14969);
#12030=AXIS2_PLACEMENT_3D('',#18133,#14971,#14972);
#12031=AXIS2_PLACEMENT_3D('',#18135,#14974,#14975);
#12032=AXIS2_PLACEMENT_3D('',#18137,#14976,#14977);
#12033=AXIS2_PLACEMENT_3D('',#18139,#14978,#14979);
#12034=AXIS2_PLACEMENT_3D('',#18140,#14980,#14981);
#12035=AXIS2_PLACEMENT_3D('',#18142,#14983,#14984);
#12036=AXIS2_PLACEMENT_3D('',#18144,#14986,#14987);
#12037=AXIS2_PLACEMENT_3D('',#18146,#14988,#14989);
#12038=AXIS2_PLACEMENT_3D('',#18148,#14990,#14991);
#12039=AXIS2_PLACEMENT_3D('',#18149,#14992,#14993);
#12040=AXIS2_PLACEMENT_3D('',#18151,#14995,#14996);
#12041=AXIS2_PLACEMENT_3D('',#18153,#14998,#14999);
#12042=AXIS2_PLACEMENT_3D('',#18155,#15000,#15001);
#12043=AXIS2_PLACEMENT_3D('',#18157,#15002,#15003);
#12044=AXIS2_PLACEMENT_3D('',#18158,#15004,#15005);
#12045=AXIS2_PLACEMENT_3D('',#18160,#15007,#15008);
#12046=AXIS2_PLACEMENT_3D('',#18162,#15010,#15011);
#12047=AXIS2_PLACEMENT_3D('',#18164,#15012,#15013);
#12048=AXIS2_PLACEMENT_3D('',#18166,#15014,#15015);
#12049=AXIS2_PLACEMENT_3D('',#18167,#15016,#15017);
#12050=AXIS2_PLACEMENT_3D('',#18169,#15019,#15020);
#12051=AXIS2_PLACEMENT_3D('',#18171,#15022,#15023);
#12052=AXIS2_PLACEMENT_3D('',#18173,#15024,#15025);
#12053=AXIS2_PLACEMENT_3D('',#18175,#15026,#15027);
#12054=AXIS2_PLACEMENT_3D('',#18176,#15028,#15029);
#12055=AXIS2_PLACEMENT_3D('',#18178,#15031,#15032);
#12056=AXIS2_PLACEMENT_3D('',#18180,#15034,#15035);
#12057=AXIS2_PLACEMENT_3D('',#18182,#15036,#15037);
#12058=AXIS2_PLACEMENT_3D('',#18184,#15038,#15039);
#12059=AXIS2_PLACEMENT_3D('',#18185,#15040,#15041);
#12060=AXIS2_PLACEMENT_3D('',#18187,#15043,#15044);
#12061=AXIS2_PLACEMENT_3D('',#18189,#15046,#15047);
#12062=AXIS2_PLACEMENT_3D('',#18191,#15048,#15049);
#12063=AXIS2_PLACEMENT_3D('',#18193,#15050,#15051);
#12064=AXIS2_PLACEMENT_3D('',#18194,#15052,#15053);
#12065=AXIS2_PLACEMENT_3D('',#18196,#15055,#15056);
#12066=AXIS2_PLACEMENT_3D('',#18198,#15058,#15059);
#12067=AXIS2_PLACEMENT_3D('',#18200,#15060,#15061);
#12068=AXIS2_PLACEMENT_3D('',#18202,#15062,#15063);
#12069=AXIS2_PLACEMENT_3D('',#18203,#15064,#15065);
#12070=AXIS2_PLACEMENT_3D('',#18205,#15067,#15068);
#12071=AXIS2_PLACEMENT_3D('',#18207,#15070,#15071);
#12072=AXIS2_PLACEMENT_3D('',#18209,#15072,#15073);
#12073=AXIS2_PLACEMENT_3D('',#18211,#15074,#15075);
#12074=AXIS2_PLACEMENT_3D('',#18212,#15076,#15077);
#12075=AXIS2_PLACEMENT_3D('',#18214,#15079,#15080);
#12076=AXIS2_PLACEMENT_3D('',#18216,#15082,#15083);
#12077=AXIS2_PLACEMENT_3D('',#18218,#15084,#15085);
#12078=AXIS2_PLACEMENT_3D('',#18220,#15086,#15087);
#12079=AXIS2_PLACEMENT_3D('',#18221,#15088,#15089);
#12080=AXIS2_PLACEMENT_3D('',#18223,#15091,#15092);
#12081=AXIS2_PLACEMENT_3D('',#18225,#15094,#15095);
#12082=AXIS2_PLACEMENT_3D('',#18227,#15096,#15097);
#12083=AXIS2_PLACEMENT_3D('',#18229,#15098,#15099);
#12084=AXIS2_PLACEMENT_3D('',#18230,#15100,#15101);
#12085=AXIS2_PLACEMENT_3D('',#18232,#15103,#15104);
#12086=AXIS2_PLACEMENT_3D('',#18234,#15106,#15107);
#12087=AXIS2_PLACEMENT_3D('',#18236,#15108,#15109);
#12088=AXIS2_PLACEMENT_3D('',#18238,#15110,#15111);
#12089=AXIS2_PLACEMENT_3D('',#18239,#15112,#15113);
#12090=AXIS2_PLACEMENT_3D('',#18241,#15115,#15116);
#12091=AXIS2_PLACEMENT_3D('',#18243,#15118,#15119);
#12092=AXIS2_PLACEMENT_3D('',#18245,#15120,#15121);
#12093=AXIS2_PLACEMENT_3D('',#18247,#15122,#15123);
#12094=AXIS2_PLACEMENT_3D('',#18248,#15124,#15125);
#12095=AXIS2_PLACEMENT_3D('',#18250,#15127,#15128);
#12096=AXIS2_PLACEMENT_3D('',#18252,#15130,#15131);
#12097=AXIS2_PLACEMENT_3D('',#18254,#15132,#15133);
#12098=AXIS2_PLACEMENT_3D('',#18256,#15134,#15135);
#12099=AXIS2_PLACEMENT_3D('',#18257,#15136,#15137);
#12100=AXIS2_PLACEMENT_3D('',#18259,#15139,#15140);
#12101=AXIS2_PLACEMENT_3D('',#18261,#15142,#15143);
#12102=AXIS2_PLACEMENT_3D('',#18263,#15144,#15145);
#12103=AXIS2_PLACEMENT_3D('',#18265,#15146,#15147);
#12104=AXIS2_PLACEMENT_3D('',#18266,#15148,#15149);
#12105=AXIS2_PLACEMENT_3D('',#18268,#15151,#15152);
#12106=AXIS2_PLACEMENT_3D('',#18270,#15154,#15155);
#12107=AXIS2_PLACEMENT_3D('',#18272,#15156,#15157);
#12108=AXIS2_PLACEMENT_3D('',#18274,#15158,#15159);
#12109=AXIS2_PLACEMENT_3D('',#18275,#15160,#15161);
#12110=AXIS2_PLACEMENT_3D('',#18277,#15163,#15164);
#12111=AXIS2_PLACEMENT_3D('',#18279,#15166,#15167);
#12112=AXIS2_PLACEMENT_3D('',#18281,#15168,#15169);
#12113=AXIS2_PLACEMENT_3D('',#18283,#15170,#15171);
#12114=AXIS2_PLACEMENT_3D('',#18284,#15172,#15173);
#12115=AXIS2_PLACEMENT_3D('',#18286,#15175,#15176);
#12116=AXIS2_PLACEMENT_3D('',#18288,#15178,#15179);
#12117=AXIS2_PLACEMENT_3D('',#18290,#15180,#15181);
#12118=AXIS2_PLACEMENT_3D('',#18292,#15182,#15183);
#12119=AXIS2_PLACEMENT_3D('',#18293,#15184,#15185);
#12120=AXIS2_PLACEMENT_3D('',#18295,#15187,#15188);
#12121=AXIS2_PLACEMENT_3D('',#18297,#15190,#15191);
#12122=AXIS2_PLACEMENT_3D('',#18299,#15192,#15193);
#12123=AXIS2_PLACEMENT_3D('',#18301,#15194,#15195);
#12124=AXIS2_PLACEMENT_3D('',#18302,#15196,#15197);
#12125=AXIS2_PLACEMENT_3D('',#18304,#15199,#15200);
#12126=AXIS2_PLACEMENT_3D('',#18306,#15202,#15203);
#12127=AXIS2_PLACEMENT_3D('',#18308,#15204,#15205);
#12128=AXIS2_PLACEMENT_3D('',#18310,#15206,#15207);
#12129=AXIS2_PLACEMENT_3D('',#18311,#15208,#15209);
#12130=AXIS2_PLACEMENT_3D('',#18313,#15211,#15212);
#12131=AXIS2_PLACEMENT_3D('',#18315,#15214,#15215);
#12132=AXIS2_PLACEMENT_3D('',#18321,#15219,#15220);
#12133=AXIS2_PLACEMENT_3D('',#18325,#15223,#15224);
#12134=AXIS2_PLACEMENT_3D('',#18329,#15227,#15228);
#12135=AXIS2_PLACEMENT_3D('',#18333,#15231,#15232);
#12136=AXIS2_PLACEMENT_3D('',#18337,#15235,#15236);
#12137=AXIS2_PLACEMENT_3D('',#18343,#15241,#15242);
#12138=AXIS2_PLACEMENT_3D('',#18347,#15245,#15246);
#12139=AXIS2_PLACEMENT_3D('',#18349,#15248,#15249);
#12140=AXIS2_PLACEMENT_3D('',#18350,#15250,#15251);
#12141=AXIS2_PLACEMENT_3D('',#18356,#15255,#15256);
#12142=AXIS2_PLACEMENT_3D('',#18357,#15257,#15258);
#12143=AXIS2_PLACEMENT_3D('',#18359,#15260,#15261);
#12144=AXIS2_PLACEMENT_3D('',#18360,#15262,#15263);
#12145=AXIS2_PLACEMENT_3D('',#18361,#15264,#15265);
#12146=AXIS2_PLACEMENT_3D('',#18363,#15267,#15268);
#12147=AXIS2_PLACEMENT_3D('',#18364,#15269,#15270);
#12148=AXIS2_PLACEMENT_3D('',#18370,#15274,#15275);
#12149=AXIS2_PLACEMENT_3D('',#18371,#15276,#15277);
#12150=AXIS2_PLACEMENT_3D('',#18373,#15279,#15280);
#12151=AXIS2_PLACEMENT_3D('',#18374,#15281,#15282);
#12152=AXIS2_PLACEMENT_3D('',#18375,#15283,#15284);
#12153=AXIS2_PLACEMENT_3D('',#18377,#15286,#15287);
#12154=DIRECTION('axis',(0.,0.,1.));
#12155=DIRECTION('refdir',(1.,0.,0.));
#12156=DIRECTION('center_axis',(3.92278802034222E-15,-1.,3.20576898360515E-15));
#12157=DIRECTION('ref_axis',(1.,3.92278802034222E-15,6.66133814775089E-16));
#12158=DIRECTION('',(-1.,-3.92278802034222E-15,0.));
#12159=DIRECTION('',(-6.66133814775092E-16,3.20576898360515E-15,1.));
#12160=DIRECTION('',(1.,3.92278802034222E-15,6.66133814775089E-16));
#12161=DIRECTION('',(-6.66133814775092E-16,3.20576898360515E-15,1.));
#12162=DIRECTION('center_axis',(-3.92278802034222E-15,1.,6.58172347032715E-15));
#12163=DIRECTION('ref_axis',(-8.76491861543282E-18,-6.58172347032715E-15,
1.));
#12164=DIRECTION('',(1.,3.92278802034222E-15,0.));
#12165=DIRECTION('',(-6.66133814775066E-16,-6.58172347032716E-15,1.));
#12166=DIRECTION('',(1.,3.92278802034222E-15,6.66133814775089E-16));
#12167=DIRECTION('',(-8.76491861543282E-18,-6.58172347032715E-15,1.));
#12168=DIRECTION('center_axis',(1.,3.64527790729663E-15,6.6613381477509E-16));
#12169=DIRECTION('ref_axis',(-3.64527790729663E-15,1.,-4.30211422042265E-16));
#12170=DIRECTION('',(-3.64527790729663E-15,1.,0.));
#12171=DIRECTION('',(6.66133814775053E-16,1.00876909165119E-14,-1.));
#12172=DIRECTION('center_axis',(-1.,-3.64527790729663E-15,-6.6613381477509E-16));
#12173=DIRECTION('ref_axis',(-3.64527790729664E-15,1.,7.89646126264622E-15));
#12174=DIRECTION('',(-3.64527790729663E-15,1.,-2.51187959321449E-15));
#12175=DIRECTION('',(6.66133814775089E-16,5.55111512312579E-17,-1.));
#12176=DIRECTION('center_axis',(-1.,-3.64527790729663E-15,-6.6613381477509E-16));
#12177=DIRECTION('ref_axis',(-3.04862846516409E-15,0.707106781186548,0.707106781186547));
#12178=DIRECTION('',(3.64527790729663E-15,-1.,4.30211422042265E-16));
#12179=DIRECTION('center_axis',(1.,3.64527790729663E-15,6.6613381477509E-16));
#12180=DIRECTION('ref_axis',(-3.64527790729663E-15,1.,-4.30211422042265E-16));
#12181=DIRECTION('center_axis',(1.,3.64527790729663E-15,6.6613381477509E-16));
#12182=DIRECTION('ref_axis',(-3.64527790729663E-15,1.,-4.30211422042265E-16));
#12183=DIRECTION('',(-3.64527790729663E-15,1.,0.));
#12184=DIRECTION('',(3.64527790729663E-15,-1.,3.45809239829275E-15));
#12185=DIRECTION('',(-6.66133814775092E-16,3.20576898360515E-15,1.));
#12186=DIRECTION('center_axis',(1.,3.64527790729663E-15,6.6613381477509E-16));
#12187=DIRECTION('ref_axis',(-3.64527790729663E-15,1.,-4.30211422042265E-16));
#12188=DIRECTION('',(3.64527790729663E-15,-1.,0.));
#12189=DIRECTION('center_axis',(1.,3.64527790729663E-15,6.6613381477509E-16));
#12190=DIRECTION('ref_axis',(-3.64527790729663E-15,1.,-4.30211422042265E-16));
#12191=DIRECTION('',(3.64527790729663E-15,-1.,4.30211422042265E-16));
#12192=DIRECTION('center_axis',(1.,3.64527790729663E-15,6.6613381477509E-16));
#12193=DIRECTION('ref_axis',(-6.6613381477509E-16,-3.50324616081204E-45,
1.));
#12194=DIRECTION('',(-2.22044604925031E-16,-5.55111512312579E-17,1.));
#12195=DIRECTION('',(-4.16569495008969E-15,1.,-2.51187959321449E-15));
#12196=DIRECTION('center_axis',(-1.,-5.22775650538453E-16,-6.66133814775065E-16));
#12197=DIRECTION('ref_axis',(-5.22775650538458E-16,1.,7.89646126264622E-15));
#12198=DIRECTION('',(8.7649186154201E-18,1.00876909165119E-14,-1.));
#12199=DIRECTION('center_axis',(-6.66133814775091E-16,4.30211422042262E-16,
1.));
#12200=DIRECTION('ref_axis',(3.64527790729663E-15,-1.,4.30211422042264E-16));
#12201=DIRECTION('',(-1.,-1.97215226305253E-31,-2.22044604925031E-16));
#12202=DIRECTION('center_axis',(-6.66133814775091E-16,4.30211422042262E-16,
1.));
#12203=DIRECTION('ref_axis',(0.,1.,-4.30211422042262E-16));
#12204=DIRECTION('',(1.,3.92278802034222E-15,6.66133814775089E-16));
#12205=DIRECTION('center_axis',(-6.66133814775092E-16,3.20576898360515E-15,
1.));
#12206=DIRECTION('ref_axis',(-2.22044604925029E-16,1.,-3.20576898360515E-15));
#12207=DIRECTION('',(-3.64527790729663E-15,1.,-3.45809239829275E-15));
#12208=DIRECTION('',(-1.,-3.92278802034222E-15,-6.66133814775089E-16));
#12209=DIRECTION('center_axis',(3.92278802034223E-15,-1.,-1.00876909165119E-14));
#12210=DIRECTION('ref_axis',(8.7649186154201E-18,1.00876909165119E-14,-1.));
#12211=DIRECTION('',(-1.,-3.92278802034223E-15,0.));
#12212=DIRECTION('',(1.,3.92278802034222E-15,6.66133814775089E-16));
#12213=DIRECTION('center_axis',(1.,3.92278802034222E-15,6.66133814775089E-16));
#12214=DIRECTION('ref_axis',(-3.92278802034223E-15,1.,7.89646126264622E-15));
#12215=DIRECTION('',(1.,3.92278802034222E-15,6.66133814775089E-16));
#12216=DIRECTION('center_axis',(6.66133814775099E-16,-2.51187959321449E-15,
-1.));
#12217=DIRECTION('ref_axis',(-4.16569495008969E-15,1.,-2.51187959321449E-15));
#12218=DIRECTION('',(1.,1.72563323017096E-31,6.66133814775099E-16));
#12219=DIRECTION('center_axis',(6.66133814775099E-16,-2.51187959321449E-15,
-1.));
#12220=DIRECTION('ref_axis',(0.707106781186547,0.707106781186547,-1.30513935628094E-15));
#12221=DIRECTION('center_axis',(1.,3.92278802034222E-15,6.66133814775089E-16));
#12222=DIRECTION('ref_axis',(-3.92278802034222E-15,1.,-4.30211422042265E-16));
#12223=DIRECTION('center_axis',(-3.92278802034222E-15,1.,-4.30211422042265E-16));
#12224=DIRECTION('ref_axis',(-1.01307850997045E-15,4.30211422042261E-16,
1.));
#12225=DIRECTION('',(1.,3.92278802034222E-15,0.));
#12226=DIRECTION('',(-1.01307850997045E-15,4.30211422042261E-16,1.));
#12227=DIRECTION('center_axis',(1.,3.64527790729663E-15,6.6613381477509E-16));
#12228=DIRECTION('ref_axis',(-3.64527790729663E-15,1.,-4.30211422042265E-16));
#12229=DIRECTION('',(3.64527790729663E-15,-1.,0.));
#12230=DIRECTION('center_axis',(2.22044604925031E-16,5.55111512312579E-17,
-1.));
#12231=DIRECTION('ref_axis',(0.707106781186547,0.707106781186547,1.96261557335472E-16));
#12232=DIRECTION('center_axis',(-2.22044604925031E-16,-5.55111512312579E-17,
1.));
#12233=DIRECTION('ref_axis',(-2.09541177949331E-31,1.,5.55111512312579E-17));
#12234=DIRECTION('',(2.22044604925031E-16,5.55111512312579E-17,-1.));
#12235=DIRECTION('center_axis',(0.,0.,-1.));
#12236=DIRECTION('ref_axis',(0.707106781186547,0.707106781186547,0.));
#12237=DIRECTION('',(-2.22044604925031E-16,-5.55111512312579E-17,1.));
#12238=DIRECTION('center_axis',(-0.816496580927723,0.408248290463862,0.40824829046387));
#12239=DIRECTION('ref_axis',(0.577350269189623,0.577350269189623,0.577350269189632));
#12240=DIRECTION('center_axis',(1.,1.97215226305253E-31,2.22044604925031E-16));
#12241=DIRECTION('ref_axis',(-2.22044604925031E-16,-5.55111512312579E-17,
1.));
#12242=DIRECTION('center_axis',(1.33120277756046E-30,1.,-6.88338275267597E-15));
#12243=DIRECTION('ref_axis',(1.,1.97215226305248E-31,2.22044604925031E-16));
#12244=DIRECTION('center_axis',(-2.09541177949331E-31,1.,5.55111512312579E-17));
#12245=DIRECTION('ref_axis',(1.,1.97215226305253E-31,2.22044604925031E-16));
#12246=DIRECTION('',(1.,2.09541177949331E-31,0.));
#12247=DIRECTION('',(2.22044604925031E-16,5.55111512312579E-17,-1.));
#12248=DIRECTION('',(-1.,-1.97215226305253E-31,-2.22044604925031E-16));
#12249=DIRECTION('',(2.22044604925031E-16,5.55111512312579E-17,-1.));
#12250=DIRECTION('',(1.,2.09541177949331E-31,0.));
#12251=DIRECTION('',(2.22044604925031E-16,5.55111512312579E-17,-1.));
#12252=DIRECTION('',(1.,1.97215226305253E-31,2.22044604925031E-16));
#12253=DIRECTION('',(-2.22044604925031E-16,-5.55111512312579E-17,1.));
#12254=DIRECTION('center_axis',(-1.,-1.97215226305253E-31,-2.22044604925031E-16));
#12255=DIRECTION('ref_axis',(-2.09541177949331E-31,1.,5.55111512312579E-17));
#12256=DIRECTION('',(-1.97215226305253E-31,1.,0.));
#12257=DIRECTION('',(2.22044604925031E-16,5.55111512312579E-17,-1.));
#12258=DIRECTION('',(-2.09541177949331E-31,1.,5.55111512312579E-17));
#12259=DIRECTION('center_axis',(2.09541177949331E-31,-1.,-5.55111512312579E-17));
#12260=DIRECTION('ref_axis',(-1.,-1.97215226305253E-31,-2.22044604925031E-16));
#12261=DIRECTION('',(-1.,-2.09541177949331E-31,0.));
#12262=DIRECTION('',(2.22044604925031E-16,5.55111512312579E-17,-1.));
#12263=DIRECTION('',(-1.,-1.97215226305253E-31,-2.22044604925031E-16));
#12264=DIRECTION('',(-2.22044604925031E-16,-5.55111512312579E-17,1.));
#12265=DIRECTION('',(-1.,-2.09541177949331E-31,0.));
#12266=DIRECTION('',(2.22044604925031E-16,5.55111512312579E-17,-1.));
#12267=DIRECTION('',(-1.,-1.97215226305253E-31,-2.22044604925031E-16));
#12268=DIRECTION('center_axis',(1.,1.97215226305253E-31,2.22044604925031E-16));
#12269=DIRECTION('ref_axis',(2.09541177949331E-31,-1.,-5.55111512312579E-17));
#12270=DIRECTION('',(1.97215226305253E-31,-1.,0.));
#12271=DIRECTION('',(2.09541177949331E-31,-1.,-5.55111512312579E-17));
#12272=DIRECTION('center_axis',(2.22044604925031E-16,5.55111512312579E-17,
-1.));
#12273=DIRECTION('ref_axis',(-2.09541177949331E-31,1.,5.55111512312579E-17));
#12274=DIRECTION('center_axis',(-2.09541177949331E-31,1.,5.55111512312579E-17));
#12275=DIRECTION('ref_axis',(1.,1.97215226305253E-31,2.22044604925031E-16));
#12276=DIRECTION('',(1.,2.09541177949331E-31,0.));
#12277=DIRECTION('',(2.22044604925031E-16,5.55111512312579E-17,-1.));
#12278=DIRECTION('',(-1.,-1.97215226305253E-31,-2.22044604925031E-16));
#12279=DIRECTION('center_axis',(2.22044604925031E-16,5.55111512312579E-17,
-1.));
#12280=DIRECTION('ref_axis',(-0.707106781186547,0.707106781186547,-1.17756934401283E-16));
#12281=DIRECTION('center_axis',(0.,0.,-1.));
#12282=DIRECTION('ref_axis',(-0.707106781186547,0.707106781186547,0.));
#12283=DIRECTION('',(-2.22044604925031E-16,-5.55111512312579E-17,1.));
#12284=DIRECTION('center_axis',(-2.22044604925031E-16,-5.55111512312579E-17,
1.));
#12285=DIRECTION('ref_axis',(-1.,-1.97215226305253E-31,-2.22044604925031E-16));
#12286=DIRECTION('center_axis',(-1.,-1.97215226305253E-31,-2.22044604925031E-16));
#12287=DIRECTION('ref_axis',(-2.09541177949331E-31,1.,5.55111512312579E-17));
#12288=DIRECTION('',(-1.97215226305253E-31,1.,0.));
#12289=DIRECTION('',(2.22044604925031E-16,5.55111512312579E-17,-1.));
#12290=DIRECTION('',(2.09541177949331E-31,-1.,-5.55111512312579E-17));
#12291=DIRECTION('center_axis',(2.22044604925031E-16,5.55111512312579E-17,
-1.));
#12292=DIRECTION('ref_axis',(-0.707106781186547,-0.707106781186547,-1.96261557335472E-16));
#12293=DIRECTION('center_axis',(0.,0.,-1.));
#12294=DIRECTION('ref_axis',(-0.707106781186547,-0.707106781186547,0.));
#12295=DIRECTION('center_axis',(-2.22044604925031E-16,-5.55111512312579E-17,
1.));
#12296=DIRECTION('ref_axis',(2.09541177949331E-31,-1.,-5.55111512312579E-17));
#12297=DIRECTION('center_axis',(0.408248290463863,0.408248290463863,0.816496580927726));
#12298=DIRECTION('ref_axis',(-0.577350269189619,-0.577350269189632,0.577350269189627));
#12299=DIRECTION('center_axis',(-1.,-1.97215226305253E-31,-2.22044604925031E-16));
#12300=DIRECTION('ref_axis',(-2.22044604925031E-16,-5.55111512312579E-17,
1.));
#12301=DIRECTION('center_axis',(2.09541177949331E-31,-1.,-5.55111512312579E-17));
#12302=DIRECTION('ref_axis',(-1.,-1.97215226305253E-31,-2.22044604925031E-16));
#12303=DIRECTION('center_axis',(-0.40824829046386,-0.816496580927729,0.40824829046386));
#12304=DIRECTION('ref_axis',(-0.577350269189617,0.577350269189626,0.577350269189634));
#12305=DIRECTION('center_axis',(-6.93889390390722E-15,1.,5.55111512312564E-17));
#12306=DIRECTION('ref_axis',(-2.22044604925031E-16,-5.55111512312579E-17,
1.));
#12307=DIRECTION('center_axis',(-1.,-1.97215226305253E-31,-2.22044604925031E-16));
#12308=DIRECTION('ref_axis',(-2.09541177949331E-31,1.,5.55111512312579E-17));
#12309=DIRECTION('center_axis',(-2.09541177949331E-31,1.,5.55111512312579E-17));
#12310=DIRECTION('ref_axis',(-0.707106781186548,-3.92523114670945E-17,0.707106781186547));
#12311=DIRECTION('',(-2.09541177949331E-31,1.,5.55111512312579E-17));
#12312=DIRECTION('center_axis',(-0.408248290463863,-0.816496580927726,-0.408248290463863));
#12313=DIRECTION('ref_axis',(0.577350269189617,-0.577350269189626,0.577350269189634));
#12314=DIRECTION('center_axis',(2.09541177949331E-31,-1.,-5.55111512312579E-17));
#12315=DIRECTION('ref_axis',(-2.22044604925031E-16,-5.55111512312579E-17,
1.));
#12316=DIRECTION('center_axis',(1.,1.97215226305253E-31,2.22044604925031E-16));
#12317=DIRECTION('ref_axis',(2.09541177949331E-31,-1.,-5.55111512312579E-17));
#12318=DIRECTION('center_axis',(-2.22044604925031E-16,-5.55111512312579E-17,
1.));
#12319=DIRECTION('ref_axis',(1.,1.97215226305253E-31,2.22044604925031E-16));
#12320=DIRECTION('center_axis',(-1.,-1.97215226305253E-31,-2.22044604925031E-16));
#12321=DIRECTION('ref_axis',(-1.57009245868377E-16,-0.707106781186548,0.707106781186547));
#12322=DIRECTION('',(-1.,-1.97215226305253E-31,-2.22044604925031E-16));
#12323=DIRECTION('center_axis',(2.22044604925031E-16,5.55111512312579E-17,
-1.));
#12324=DIRECTION('ref_axis',(0.707106781186547,-0.707106781186547,1.17756934401283E-16));
#12325=DIRECTION('center_axis',(0.,0.,-1.));
#12326=DIRECTION('ref_axis',(0.707106781186547,-0.707106781186547,0.));
#12327=DIRECTION('',(-2.22044604925031E-16,-5.55111512312579E-17,1.));
#12328=DIRECTION('center_axis',(1.,1.97215226305253E-31,2.22044604925031E-16));
#12329=DIRECTION('ref_axis',(-1.57009245868377E-16,0.707106781186548,0.707106781186547));
#12330=DIRECTION('',(1.,1.97215226305253E-31,2.22044604925031E-16));
#12331=DIRECTION('center_axis',(2.09541177949331E-31,-1.,-5.55111512312579E-17));
#12332=DIRECTION('ref_axis',(0.707106781186548,-3.92523114670942E-17,0.707106781186547));
#12333=DIRECTION('',(-2.09541177949331E-31,1.,5.55111512312579E-17));
#12334=DIRECTION('',(2.09541177949331E-31,-1.,-5.55111512312579E-17));
#12335=DIRECTION('center_axis',(2.22044604925031E-16,5.55111512312579E-17,
-1.));
#12336=DIRECTION('ref_axis',(-2.09541177949331E-31,1.,5.55111512312579E-17));
#12337=DIRECTION('center_axis',(1.,1.97215226305253E-31,2.22044604925031E-16));
#12338=DIRECTION('ref_axis',(2.09541177949331E-31,-1.,-5.55111512312579E-17));
#12339=DIRECTION('',(1.97215226305253E-31,-1.,0.));
#12340=DIRECTION('center_axis',(-4.43626616923136E-15,1.,2.83106871279411E-15));
#12341=DIRECTION('ref_axis',(-1.,-4.43626616923135E-15,-1.60982338570647E-15));
#12342=DIRECTION('',(1.,4.43626616923136E-15,0.));
#12343=DIRECTION('',(-1.60982338570646E-15,-2.83106871279412E-15,1.));
#12344=DIRECTION('',(-1.,-4.43626616923135E-15,-1.60982338570647E-15));
#12345=DIRECTION('',(-1.60982338570646E-15,-2.83106871279412E-15,1.));
#12346=DIRECTION('center_axis',(-1.,-4.15875605618577E-15,-1.60982338570647E-15));
#12347=DIRECTION('ref_axis',(4.15875605618577E-15,-1.,-5.55111512312265E-17));
#12348=DIRECTION('',(-4.15875605618577E-15,1.,0.));
#12349=DIRECTION('',(-2.26719228186613E-15,6.95642374113818E-15,1.));
#12350=DIRECTION('center_axis',(-1.,-4.15875605618577E-15,-1.60982338570647E-15));
#12351=DIRECTION('ref_axis',(4.15875605618577E-15,-1.,-5.55111512312264E-17));
#12352=DIRECTION('',(-4.15875605618577E-15,1.,5.55111512312265E-17));
#12353=DIRECTION('',(1.60982338570647E-15,5.55111512312331E-17,-1.));
#12354=DIRECTION('',(-1.60982338570647E-15,-5.55111512312579E-17,1.));
#12355=DIRECTION('',(4.67917309897883E-15,-1.,-2.13717932240345E-15));
#12356=DIRECTION('center_axis',(1.,1.03625379942759E-15,1.60982338570649E-15));
#12357=DIRECTION('ref_axis',(1.03625379942758E-15,-1.,8.27116153345725E-15));
#12358=DIRECTION('',(2.26719228186614E-15,-1.04623911873229E-14,-1.));
#12359=DIRECTION('center_axis',(4.43626616923134E-15,-1.,6.95642374113819E-15));
#12360=DIRECTION('ref_axis',(-2.26719228186613E-15,6.95642374113818E-15,
1.));
#12361=DIRECTION('',(-1.,-4.43626616923134E-15,0.));
#12362=DIRECTION('',(-1.6098233857065E-15,6.95642374113819E-15,1.));
#12363=DIRECTION('',(-1.,-4.43626616923135E-15,-1.60982338570647E-15));
#12364=DIRECTION('center_axis',(-1.,-4.15875605618577E-15,-1.60982338570647E-15));
#12365=DIRECTION('ref_axis',(4.15875605618577E-15,-1.,-5.55111512312265E-17));
#12366=DIRECTION('',(4.15875605618577E-15,-1.,0.));
#12367=DIRECTION('',(1.60982338570651E-15,-1.04623911873229E-14,-1.));
#12368=DIRECTION('center_axis',(1.,4.15875605618577E-15,1.60982338570647E-15));
#12369=DIRECTION('ref_axis',(4.15875605618576E-15,-1.,8.27116153345726E-15));
#12370=DIRECTION('',(4.15875605618577E-15,-1.,-2.13717932240345E-15));
#12371=DIRECTION('',(1.60982338570647E-15,5.55111512312331E-17,-1.));
#12372=DIRECTION('',(-4.15875605618577E-15,1.,5.55111512312265E-17));
#12373=DIRECTION('center_axis',(-1.,-4.15875605618577E-15,-1.60982338570647E-15));
#12374=DIRECTION('ref_axis',(4.15875605618577E-15,-1.,-5.55111512312264E-17));
#12375=DIRECTION('center_axis',(-1.,-4.15875605618577E-15,-1.60982338570647E-15));
#12376=DIRECTION('ref_axis',(4.15875605618577E-15,-1.,-5.55111512312265E-17));
#12377=DIRECTION('',(4.15875605618577E-15,-1.,0.));
#12378=DIRECTION('',(-4.15875605618577E-15,1.,3.08339212748171E-15));
#12379=DIRECTION('',(-1.60982338570646E-15,-2.83106871279412E-15,1.));
#12380=DIRECTION('center_axis',(-4.43626616923135E-15,1.,5.5511151231226E-17));
#12381=DIRECTION('ref_axis',(1.60982338570647E-15,5.55111512312332E-17,
-1.));
#12382=DIRECTION('',(2.22044604925031E-16,5.55111512312579E-17,-1.));
#12383=DIRECTION('',(1.,1.97215226305253E-31,2.22044604925031E-16));
#12384=DIRECTION('',(-1.,-4.43626616923135E-15,-1.60982338570647E-15));
#12385=DIRECTION('',(-1.,-4.43626616923135E-15,-1.60982338570647E-15));
#12386=DIRECTION('center_axis',(-1.60982338570646E-15,-2.83106871279412E-15,
1.));
#12387=DIRECTION('ref_axis',(7.3552275381417E-16,-1.,-2.83106871279412E-15));
#12388=DIRECTION('',(4.15875605618577E-15,-1.,-3.08339212748171E-15));
#12389=DIRECTION('',(1.,4.43626616923135E-15,1.60982338570647E-15));
#12390=DIRECTION('center_axis',(-4.43626616923134E-15,1.,-1.04623911873229E-14));
#12391=DIRECTION('ref_axis',(2.26719228186614E-15,-1.04623911873229E-14,
-1.));
#12392=DIRECTION('',(1.,4.43626616923134E-15,0.));
#12393=DIRECTION('',(-1.,-4.43626616923135E-15,-1.60982338570647E-15));
#12394=DIRECTION('center_axis',(-1.,-4.43626616923135E-15,-1.60982338570647E-15));
#12395=DIRECTION('ref_axis',(4.43626616923134E-15,-1.,8.27116153345726E-15));
#12396=DIRECTION('',(-1.,-4.43626616923135E-15,-1.60982338570647E-15));
#12397=DIRECTION('center_axis',(1.60982338570646E-15,2.13717932240346E-15,
-1.));
#12398=DIRECTION('ref_axis',(4.67917309897883E-15,-1.,-2.13717932240345E-15));
#12399=DIRECTION('',(-1.,-1.20178028529764E-31,-1.60982338570646E-15));
#12400=DIRECTION('center_axis',(-1.60982338570647E-15,-5.55111512312331E-17,
1.));
#12401=DIRECTION('ref_axis',(-4.15875605618577E-15,1.,5.55111512312264E-17));
#12402=DIRECTION('',(-1.,-4.43626616923135E-15,-1.60982338570647E-15));
#12403=DIRECTION('center_axis',(-1.,-4.43626616923135E-15,-1.60982338570647E-15));
#12404=DIRECTION('ref_axis',(4.43626616923135E-15,-1.,-5.5511151231226E-17));
#12405=DIRECTION('center_axis',(4.43626616923135E-15,-1.,-5.55111512312261E-17));
#12406=DIRECTION('ref_axis',(-1.2628786905111E-15,-5.55111512312317E-17,
1.));
#12407=DIRECTION('',(-1.,-4.43626616923135E-15,0.));
#12408=DIRECTION('',(-1.2628786905111E-15,-5.55111512312317E-17,1.));
#12409=DIRECTION('center_axis',(-1.,-4.15875605618577E-15,-1.60982338570647E-15));
#12410=DIRECTION('ref_axis',(4.15875605618577E-15,-1.,-5.55111512312265E-17));
#12411=DIRECTION('',(-4.15875605618577E-15,1.,0.));
#12412=DIRECTION('center_axis',(2.09541177949331E-31,-1.,-5.55111512312579E-17));
#12413=DIRECTION('ref_axis',(-1.,-1.97215226305253E-31,-2.22044604925031E-16));
#12414=DIRECTION('',(1.,1.97215226305253E-31,2.22044604925031E-16));
#12415=DIRECTION('',(-2.22044604925031E-16,-5.55111512312579E-17,1.));
#12416=DIRECTION('',(-1.,-2.09541177949331E-31,0.));
#12417=DIRECTION('',(2.22044604925031E-16,5.55111512312579E-17,-1.));
#12418=DIRECTION('center_axis',(3.9274139496115E-15,-1.,-2.4651903288146E-32));
#12419=DIRECTION('ref_axis',(6.90241255006157E-31,-2.46519032881433E-32,
1.));
#12420=DIRECTION('',(8.75811540203011E-47,3.34243984650746E-61,1.));
#12421=DIRECTION('',(1.,3.81639164714899E-15,-8.75811540203011E-47));
#12422=DIRECTION('',(-7.67291650546973E-32,2.01051600959292E-17,-1.));
#12423=DIRECTION('',(1.,3.9274139496115E-15,-6.90241255006156E-31));
#12424=DIRECTION('',(8.75811540203011E-47,3.34243984650746E-61,1.));
#12425=DIRECTION('',(1.,3.81639164714899E-15,-8.75811540203011E-47));
#12426=DIRECTION('',(-7.67291650546782E-32,2.01051600959242E-17,-1.));
#12427=DIRECTION('',(1.,3.9274139496115E-15,-6.90241255006156E-31));
#12428=DIRECTION('',(-6.90241255006157E-31,2.46519032881433E-32,-1.));
#12429=DIRECTION('',(-1.,-3.9274139496115E-15,6.90241255006156E-31));
#12430=DIRECTION('',(6.90241255006157E-31,-2.46519032881433E-32,1.));
#12431=DIRECTION('',(1.,3.9274139496115E-15,-6.90241255006156E-31));
#12432=DIRECTION('center_axis',(-3.9274139496115E-15,1.,2.4651903288146E-32));
#12433=DIRECTION('ref_axis',(-1.,-3.9274139496115E-15,6.90241255006156E-31));
#12434=DIRECTION('',(2.56359586626036E-46,-4.93038065763167E-32,1.));
#12435=DIRECTION('',(-1.,-3.9274139496115E-15,6.90241255006156E-31));
#12436=DIRECTION('',(-6.90241255006157E-31,2.46519032881433E-32,-1.));
#12437=DIRECTION('',(1.,3.9274139496115E-15,-6.90241255006156E-31));
#12438=DIRECTION('',(-6.90241255006157E-31,2.46519032881433E-32,-1.));
#12439=DIRECTION('',(-1.,-3.9274139496115E-15,6.90241255006156E-31));
#12440=DIRECTION('',(6.09201421250822E-32,-2.01051600959241E-17,-1.));
#12441=DIRECTION('',(1.,3.03007495759422E-15,-1.0696535700507E-46));
#12442=DIRECTION('',(1.48552243568482E-29,-4.9025930264916E-15,-1.));
#12443=DIRECTION('',(-1.,-3.9274139496115E-15,6.90241255006156E-31));
#12444=DIRECTION('',(6.09201421250973E-32,-2.01051600959291E-17,-1.));
#12445=DIRECTION('',(1.,3.03007495759422E-15,-1.0696535700507E-46));
#12446=DIRECTION('center_axis',(-1.,-3.9274139496115E-15,6.90241255006156E-31));
#12447=DIRECTION('ref_axis',(6.90241255006156E-31,-2.46519032881433E-32,
1.));
#12448=DIRECTION('center_axis',(-1.,-3.9274139496115E-15,6.90241255006156E-31));
#12449=DIRECTION('ref_axis',(3.9274139496115E-15,-1.,-2.4651903288146E-32));
#12450=DIRECTION('',(-3.9274139496115E-15,1.,2.4651903288146E-32));
#12451=DIRECTION('center_axis',(-1.,-3.9274139496115E-15,6.90241255006156E-31));
#12452=DIRECTION('ref_axis',(-6.90241255006156E-31,2.46519032881433E-32,
-1.));
#12453=DIRECTION('center_axis',(-1.,-3.9274139496115E-15,6.90241255006156E-31));
#12454=DIRECTION('ref_axis',(6.90241255006156E-31,-2.46519032881433E-32,
1.));
#12455=DIRECTION('',(-3.9274139496115E-15,1.,2.4651903288146E-32));
#12456=DIRECTION('center_axis',(-1.,-3.9274139496115E-15,6.90241255006156E-31));
#12457=DIRECTION('ref_axis',(-3.9274139496115E-15,1.,2.4651903288146E-32));
#12458=DIRECTION('',(-6.90241255006157E-31,2.46519032881433E-32,-1.));
#12459=DIRECTION('center_axis',(-1.,-3.9274139496115E-15,6.90241255006156E-31));
#12460=DIRECTION('ref_axis',(-3.9274139496115E-15,1.,2.4651903288146E-32));
#12461=DIRECTION('',(-3.9274139496115E-15,1.,2.4651903288146E-32));
#12462=DIRECTION('center_axis',(-1.,-3.9274139496115E-15,6.90241255006156E-31));
#12463=DIRECTION('ref_axis',(6.90241255006156E-31,-2.46519032881433E-32,
1.));
#12464=DIRECTION('',(6.90241255006157E-31,-2.46519032881433E-32,1.));
#12465=DIRECTION('center_axis',(-1.,-3.9274139496115E-15,6.90241255006156E-31));
#12466=DIRECTION('ref_axis',(-6.90241255006156E-31,2.46519032881433E-32,
-1.));
#12467=DIRECTION('',(-3.9274139496115E-15,1.,2.4651903288146E-32));
#12468=DIRECTION('center_axis',(-1.,-3.9274139496115E-15,6.90241255006156E-31));
#12469=DIRECTION('ref_axis',(3.9274139496115E-15,-1.,-2.4651903288146E-32));
#12470=DIRECTION('center_axis',(1.,3.9274139496115E-15,-6.90241255006156E-31));
#12471=DIRECTION('ref_axis',(-3.9274139496115E-15,1.,2.4651903288146E-32));
#12472=DIRECTION('',(3.9274139496115E-15,-1.,-2.4651903288146E-32));
#12473=DIRECTION('center_axis',(1.,3.9274139496115E-15,-6.90241255006156E-31));
#12474=DIRECTION('ref_axis',(-3.9274139496115E-15,1.,2.4651903288146E-32));
#12475=DIRECTION('center_axis',(1.,3.9274139496115E-15,-6.90241255006156E-31));
#12476=DIRECTION('ref_axis',(-3.9274139496115E-15,1.,2.4651903288146E-32));
#12477=DIRECTION('',(3.9274139496115E-15,-1.,-2.4651903288146E-32));
#12478=DIRECTION('center_axis',(1.,3.9274139496115E-15,-6.90241255006156E-31));
#12479=DIRECTION('ref_axis',(-3.9274139496115E-15,1.,2.4651903288146E-32));
#12480=DIRECTION('center_axis',(1.,3.9274139496115E-15,-6.90241255006156E-31));
#12481=DIRECTION('ref_axis',(-3.9274139496115E-15,1.,2.4651903288146E-32));
#12482=DIRECTION('',(-6.90241255006156E-31,-1.33602844758889E-44,-1.));
#12483=DIRECTION('',(3.9274139496115E-15,-1.,1.06494213423804E-44));
#12484=DIRECTION('',(6.90241255006156E-31,1.33602844758889E-44,1.));
#12485=DIRECTION('',(-3.9274139496115E-15,1.,-1.12103877145985E-44));
#12486=DIRECTION('',(-6.90241255006156E-31,-1.33602844758889E-44,-1.));
#12487=DIRECTION('',(3.9274139496115E-15,-1.,1.06494213423804E-44));
#12488=DIRECTION('',(6.90241255006156E-31,1.33602844758889E-44,1.));
#12489=DIRECTION('',(-3.9274139496115E-15,1.,-1.12103877145985E-44));
#12490=DIRECTION('',(-6.90241255006156E-31,-1.33602844758889E-44,-1.));
#12491=DIRECTION('',(3.9274139496115E-15,-1.,1.06494213423804E-44));
#12492=DIRECTION('',(6.90241255006156E-31,1.33602844758889E-44,1.));
#12493=DIRECTION('',(-3.9274139496115E-15,1.,-1.12103877145985E-44));
#12494=DIRECTION('',(-6.90241255006156E-31,-1.33602844758889E-44,-1.));
#12495=DIRECTION('',(3.9274139496115E-15,-1.,1.06494213423804E-44));
#12496=DIRECTION('',(6.90241255006156E-31,1.33602844758889E-44,1.));
#12497=DIRECTION('',(-3.9274139496115E-15,1.,-1.12103877145985E-44));
#12498=DIRECTION('',(-6.90241255006156E-31,-1.33602844758889E-44,-1.));
#12499=DIRECTION('',(3.9274139496115E-15,-1.,1.06494213423804E-44));
#12500=DIRECTION('',(6.90241255006156E-31,1.33602844758889E-44,1.));
#12501=DIRECTION('',(-3.9274139496115E-15,1.,-1.12103877145985E-44));
#12502=DIRECTION('',(-6.90241255006156E-31,-1.33602844758889E-44,-1.));
#12503=DIRECTION('',(3.9274139496115E-15,-1.,1.06494213423804E-44));
#12504=DIRECTION('',(6.90241255006156E-31,1.33602844758889E-44,1.));
#12505=DIRECTION('',(-3.9274139496115E-15,1.,-1.12103877145985E-44));
#12506=DIRECTION('',(-6.90241255006156E-31,-1.33602844758889E-44,-1.));
#12507=DIRECTION('',(3.9274139496115E-15,-1.,1.06494213423804E-44));
#12508=DIRECTION('',(6.90241255006156E-31,1.33602844758889E-44,1.));
#12509=DIRECTION('',(-3.9274139496115E-15,1.,-1.12103877145985E-44));
#12510=DIRECTION('',(-6.90241255006156E-31,-1.33602844758889E-44,-1.));
#12511=DIRECTION('',(3.9274139496115E-15,-1.,1.06494213423804E-44));
#12512=DIRECTION('',(6.90241255006156E-31,1.33602844758889E-44,1.));
#12513=DIRECTION('',(-3.9274139496115E-15,1.,-1.12103877145985E-44));
#12514=DIRECTION('',(-6.90241255006156E-31,-1.33602844758889E-44,-1.));
#12515=DIRECTION('',(3.9274139496115E-15,-1.,1.06494213423804E-44));
#12516=DIRECTION('',(6.90241255006156E-31,1.33602844758889E-44,1.));
#12517=DIRECTION('',(-3.9274139496115E-15,1.,-1.12103877145985E-44));
#12518=DIRECTION('',(-6.90241255006156E-31,-1.33602844758889E-44,-1.));
#12519=DIRECTION('',(3.9274139496115E-15,-1.,1.06494213423804E-44));
#12520=DIRECTION('',(6.90241255006156E-31,1.33602844758889E-44,1.));
#12521=DIRECTION('',(-3.9274139496115E-15,1.,-1.12103877145985E-44));
#12522=DIRECTION('center_axis',(6.90241255006157E-31,-2.46519032881433E-32,
1.));
#12523=DIRECTION('ref_axis',(-3.9274139496115E-15,1.,2.4651903288146E-32));
#12524=DIRECTION('',(-1.,-3.9274139496115E-15,6.90241255006156E-31));
#12525=DIRECTION('',(1.,3.9274139496115E-15,-6.90241255006156E-31));
#12526=DIRECTION('center_axis',(6.90241255006157E-31,-2.46519032881433E-32,
1.));
#12527=DIRECTION('ref_axis',(-3.9274139496115E-15,1.,2.4651903288146E-32));
#12528=DIRECTION('',(1.,3.9274139496115E-15,-6.90241255006156E-31));
#12529=DIRECTION('',(-1.,-3.9274139496115E-15,6.90241255006156E-31));
#12530=DIRECTION('center_axis',(-1.,-3.9274139496115E-15,6.90241255006156E-31));
#12531=DIRECTION('ref_axis',(3.9274139496115E-15,-1.,-2.4651903288146E-32));
#12532=DIRECTION('',(-1.,-3.9274139496115E-15,6.90241255006156E-31));
#12533=DIRECTION('',(-1.,-3.9274139496115E-15,6.90241255006156E-31));
#12534=DIRECTION('center_axis',(1.,3.9274139496115E-15,-6.90241255006156E-31));
#12535=DIRECTION('ref_axis',(-6.90241255006156E-31,2.46519032881433E-32,
-1.));
#12536=DIRECTION('',(1.,3.9274139496115E-15,-6.90241255006156E-31));
#12537=DIRECTION('',(1.,3.9274139496115E-15,-6.90241255006156E-31));
#12538=DIRECTION('center_axis',(1.,3.9274139496115E-15,-6.90241255006156E-31));
#12539=DIRECTION('ref_axis',(-3.9274139496115E-15,1.,2.4651903288146E-32));
#12540=DIRECTION('center_axis',(-1.,-3.9274139496115E-15,6.90241255006156E-31));
#12541=DIRECTION('ref_axis',(6.90241255006156E-31,-2.46519032881433E-32,
1.));
#12542=DIRECTION('center_axis',(-3.9274139496115E-15,1.,2.4651903288146E-32));
#12543=DIRECTION('ref_axis',(-1.,-3.9274139496115E-15,6.90241255006156E-31));
#12544=DIRECTION('',(-6.90241255006157E-31,2.46519032881433E-32,-1.));
#12545=DIRECTION('',(1.,3.9274139496115E-15,-6.90241255006156E-31));
#12546=DIRECTION('',(-1.,-3.9274139496115E-15,6.90241255006156E-31));
#12547=DIRECTION('center_axis',(3.9274139496115E-15,-1.,-2.4651903288146E-32));
#12548=DIRECTION('ref_axis',(6.90241255006157E-31,-2.46519032881433E-32,
1.));
#12549=DIRECTION('',(-1.,-3.9274139496115E-15,6.90241255006156E-31));
#12550=DIRECTION('',(-6.90241255006157E-31,2.46519032881433E-32,-1.));
#12551=DIRECTION('',(1.,3.9274139496115E-15,-6.90241255006156E-31));
#12552=DIRECTION('center_axis',(1.,3.9274139496115E-15,-6.90241255006156E-31));
#12553=DIRECTION('ref_axis',(-3.9274139496115E-15,1.,2.4651903288146E-32));
#12554=DIRECTION('',(3.9274139496115E-15,-1.,-2.4651903288146E-32));
#12555=DIRECTION('center_axis',(1.,3.9274139496115E-15,-6.90241255006156E-31));
#12556=DIRECTION('ref_axis',(-3.9274139496115E-15,1.,2.4651903288146E-32));
#12557=DIRECTION('center_axis',(1.,3.9274139496115E-15,-6.90241255006156E-31));
#12558=DIRECTION('ref_axis',(-3.9274139496115E-15,1.,2.4651903288146E-32));
#12559=DIRECTION('',(3.9274139496115E-15,-1.,-2.4651903288146E-32));
#12560=DIRECTION('center_axis',(1.,3.9274139496115E-15,-6.90241255006156E-31));
#12561=DIRECTION('ref_axis',(-3.9274139496115E-15,1.,2.4651903288146E-32));
#12562=DIRECTION('center_axis',(1.,3.9274139496115E-15,-6.90241255006156E-31));
#12563=DIRECTION('ref_axis',(-3.9274139496115E-15,1.,2.4651903288146E-32));
#12564=DIRECTION('',(-3.9274139496115E-15,1.,2.4651903288146E-32));
#12565=DIRECTION('center_axis',(-1.,-3.9274139496115E-15,6.90241255006156E-31));
#12566=DIRECTION('ref_axis',(3.9274139496115E-15,-1.,-2.4651903288146E-32));
#12567=DIRECTION('',(6.90241255006157E-31,-2.46519032881433E-32,1.));
#12568=DIRECTION('center_axis',(-1.,-3.9274139496115E-15,6.90241255006156E-31));
#12569=DIRECTION('ref_axis',(3.9274139496115E-15,-1.,-2.4651903288146E-32));
#12570=DIRECTION('',(3.9274139496115E-15,-1.,-2.4651903288146E-32));
#12571=DIRECTION('center_axis',(-1.,-3.9274139496115E-15,6.90241255006156E-31));
#12572=DIRECTION('ref_axis',(3.9274139496115E-15,-1.,-2.4651903288146E-32));
#12573=DIRECTION('',(-6.90241255006157E-31,2.46519032881433E-32,-1.));
#12574=DIRECTION('center_axis',(-1.,-3.9274139496115E-15,6.90241255006156E-31));
#12575=DIRECTION('ref_axis',(3.9274139496115E-15,-1.,-2.4651903288146E-32));
#12576=DIRECTION('center_axis',(6.90241255006157E-31,-2.46519032881433E-32,
1.));
#12577=DIRECTION('ref_axis',(-3.9274139496115E-15,1.,2.4651903288146E-32));
#12578=DIRECTION('',(1.,3.9274139496115E-15,-6.90241255006156E-31));
#12579=DIRECTION('',(-1.,-3.9274139496115E-15,6.90241255006156E-31));
#12580=DIRECTION('center_axis',(6.90241255006157E-31,-2.46519032881433E-32,
1.));
#12581=DIRECTION('ref_axis',(-3.9274139496115E-15,1.,2.4651903288146E-32));
#12582=DIRECTION('',(-1.,-3.9274139496115E-15,6.90241255006156E-31));
#12583=DIRECTION('',(1.,3.9274139496115E-15,-6.90241255006156E-31));
#12584=DIRECTION('center_axis',(-1.,-3.9274139496115E-15,6.90241255006156E-31));
#12585=DIRECTION('ref_axis',(3.9274139496115E-15,-1.,-2.4651903288146E-32));
#12586=DIRECTION('center_axis',(1.,3.9274139496115E-15,-6.90241255006156E-31));
#12587=DIRECTION('ref_axis',(-6.90241255006156E-31,2.46519032881433E-32,
-1.));
#12588=DIRECTION('center_axis',(1.,3.9274139496115E-15,-6.90241255006156E-31));
#12589=DIRECTION('ref_axis',(-3.9274139496115E-15,1.,2.4651903288146E-32));
#12590=DIRECTION('center_axis',(-1.,-3.9274139496115E-15,6.90241255006156E-31));
#12591=DIRECTION('ref_axis',(6.90241255006156E-31,-2.46519032881433E-32,
1.));
#12592=DIRECTION('center_axis',(-6.90241255006157E-31,2.46519032881433E-32,
-1.));
#12593=DIRECTION('ref_axis',(3.9274139496115E-15,-1.,-2.4651903288146E-32));
#12594=DIRECTION('',(1.,3.9274139496115E-15,-6.90241255006156E-31));
#12595=DIRECTION('',(3.9274139496115E-15,-1.,-2.4651903288146E-32));
#12596=DIRECTION('',(1.,3.9274139496115E-15,-6.90241255006156E-31));
#12597=DIRECTION('center_axis',(1.,3.9274139496115E-15,-6.90241255006156E-31));
#12598=DIRECTION('ref_axis',(-3.9274139496115E-15,1.,2.4651903288146E-32));
#12599=DIRECTION('',(1.,3.9274139496115E-15,-6.90241255006156E-31));
#12600=DIRECTION('center_axis',(-1.,-3.9274139496115E-15,6.90241255006156E-31));
#12601=DIRECTION('ref_axis',(-3.9274139496115E-15,1.,2.4651903288146E-32));
#12602=DIRECTION('center_axis',(3.9274139496115E-15,-1.,-2.4651903288146E-32));
#12603=DIRECTION('ref_axis',(1.,3.9274139496115E-15,-6.90241255006156E-31));
#12604=DIRECTION('',(1.,3.9274139496115E-15,-6.90241255006156E-31));
#12605=DIRECTION('',(6.90241255006157E-31,-2.46519032881433E-32,1.));
#12606=DIRECTION('center_axis',(1.,3.9274139496115E-15,-6.90241255006156E-31));
#12607=DIRECTION('ref_axis',(-3.9274139496115E-15,1.,2.4651903288146E-32));
#12608=DIRECTION('',(1.,3.9274139496115E-15,-6.90241255006156E-31));
#12609=DIRECTION('center_axis',(-1.,-3.9274139496115E-15,6.90241255006156E-31));
#12610=DIRECTION('ref_axis',(-3.9274139496115E-15,1.,2.4651903288146E-32));
#12611=DIRECTION('center_axis',(6.90241255006157E-31,-2.46519032881433E-32,
1.));
#12612=DIRECTION('ref_axis',(-3.9274139496115E-15,1.,2.4651903288146E-32));
#12613=DIRECTION('',(1.,3.9274139496115E-15,-6.90241255006156E-31));
#12614=DIRECTION('',(-3.9274139496115E-15,1.,2.4651903288146E-32));
#12615=DIRECTION('center_axis',(1.,3.9274139496115E-15,-6.90241255006156E-31));
#12616=DIRECTION('ref_axis',(-3.9274139496115E-15,1.,2.4651903288146E-32));
#12617=DIRECTION('',(1.,3.9274139496115E-15,-6.90241255006156E-31));
#12618=DIRECTION('center_axis',(-1.,-3.9274139496115E-15,6.90241255006156E-31));
#12619=DIRECTION('ref_axis',(-3.9274139496115E-15,1.,2.4651903288146E-32));
#12620=DIRECTION('center_axis',(-3.9274139496115E-15,1.,2.4651903288146E-32));
#12621=DIRECTION('ref_axis',(-1.,-3.9274139496115E-15,6.90241255006156E-31));
#12622=DIRECTION('',(1.,3.9274139496115E-15,-6.90241255006156E-31));
#12623=DIRECTION('',(-6.90241255006157E-31,2.46519032881433E-32,-1.));
#12624=DIRECTION('center_axis',(1.,3.9274139496115E-15,-6.90241255006156E-31));
#12625=DIRECTION('ref_axis',(-3.9274139496115E-15,1.,2.4651903288146E-32));
#12626=DIRECTION('center_axis',(-1.,-3.9274139496115E-15,6.90241255006156E-31));
#12627=DIRECTION('ref_axis',(-3.9274139496115E-15,1.,2.4651903288146E-32));
#12628=DIRECTION('center_axis',(-1.,-3.9274139496115E-15,6.90241255006156E-31));
#12629=DIRECTION('ref_axis',(6.90241255006156E-31,-2.46519032881433E-32,
1.));
#12630=DIRECTION('center_axis',(3.84332722378379E-15,-1.,-2.35904888587834E-63));
#12631=DIRECTION('ref_axis',(1.,3.84332722378379E-15,-8.75811540203011E-47));
#12632=DIRECTION('',(-7.67291650546973E-32,2.01051600959292E-17,-1.));
#12633=DIRECTION('',(-1.,-3.84332722378379E-15,8.75811540203011E-47));
#12634=DIRECTION('',(8.75811540203011E-47,3.34243984650746E-61,1.));
#12635=DIRECTION('center_axis',(3.84332722378378E-15,-1.,-2.35904888587775E-63));
#12636=DIRECTION('ref_axis',(1.,3.84332722378378E-15,-8.75811540203011E-47));
#12637=DIRECTION('',(-7.67291650546782E-32,2.01051600959242E-17,-1.));
#12638=DIRECTION('',(-1.,-3.84332722378378E-15,8.75811540203011E-47));
#12639=DIRECTION('',(8.75811540203011E-47,3.34243984650746E-61,1.));
#12640=DIRECTION('center_axis',(-3.9274139496115E-15,1.,-1.06494213423804E-44));
#12641=DIRECTION('ref_axis',(-1.,-3.9274139496115E-15,6.90241255006156E-31));
#12642=DIRECTION('',(1.,3.9274139496115E-15,-6.90241255006156E-31));
#12643=DIRECTION('center_axis',(-3.9274139496115E-15,1.,-1.06494213423804E-44));
#12644=DIRECTION('ref_axis',(6.90241255006156E-31,1.33602844758889E-44,
1.));
#12645=DIRECTION('',(-6.90241255006156E-31,-1.33602844758889E-44,-1.));
#12646=DIRECTION('center_axis',(3.9274139496115E-15,-1.,-2.21935114152319E-44));
#12647=DIRECTION('ref_axis',(-1.3322676295501E-13,-5.23236647291091E-28,
-1.));
#12648=DIRECTION('',(1.,3.9274139496115E-15,-6.90241255006156E-31));
#12649=DIRECTION('',(-6.90241255006156E-31,-1.33602844758889E-44,-1.));
#12650=DIRECTION('',(1.,3.9274139496115E-15,0.));
#12651=DIRECTION('',(0.,1.06494213423804E-44,1.));
#12652=DIRECTION('center_axis',(-3.9274139496115E-15,1.,-1.06494213423804E-44));
#12653=DIRECTION('ref_axis',(-3.33066907387541E-14,-1.30809161822779E-28,
-1.));
#12654=DIRECTION('',(-2.80477395694777E-14,-1.10155083640237E-28,1.));
#12655=DIRECTION('center_axis',(3.9274139496115E-15,-1.,1.06494213423804E-44));
#12656=DIRECTION('ref_axis',(6.90241255006156E-31,1.33602844758889E-44,
1.));
#12657=DIRECTION('',(-1.,-3.9274139496115E-15,4.16333634234452E-15));
#12658=DIRECTION('center_axis',(6.90241255006156E-31,1.33602844758889E-44,
1.));
#12659=DIRECTION('ref_axis',(1.,3.9274139496115E-15,-6.90241255006156E-31));
#12660=DIRECTION('',(-1.,-3.9274139496115E-15,6.90241255006156E-31));
#12661=DIRECTION('',(-3.9274139496115E-15,1.,-1.06494213423804E-44));
#12662=DIRECTION('center_axis',(-3.9274139496115E-15,1.,-1.06494213423804E-44));
#12663=DIRECTION('ref_axis',(-1.,-3.9274139496115E-15,6.90241255006156E-31));
#12664=DIRECTION('',(1.,3.9274139496115E-15,-6.90241255006156E-31));
#12665=DIRECTION('center_axis',(-3.9274139496115E-15,1.,-1.06494213423804E-44));
#12666=DIRECTION('ref_axis',(6.90241255006156E-31,1.33602844758889E-44,
1.));
#12667=DIRECTION('',(-6.90241255006156E-31,-1.33602844758889E-44,-1.));
#12668=DIRECTION('center_axis',(3.9274139496115E-15,-1.,-2.21935114152319E-44));
#12669=DIRECTION('ref_axis',(-1.3322676295501E-13,-5.23236647291091E-28,
-1.));
#12670=DIRECTION('',(1.,3.9274139496115E-15,-6.90241255006156E-31));
#12671=DIRECTION('',(-6.90241255006156E-31,-1.33602844758889E-44,-1.));
#12672=DIRECTION('',(1.,3.9274139496115E-15,0.));
#12673=DIRECTION('',(0.,1.06494213423804E-44,1.));
#12674=DIRECTION('center_axis',(-3.9274139496115E-15,1.,-1.06494213423804E-44));
#12675=DIRECTION('ref_axis',(-3.33066907387541E-14,-1.30809161822779E-28,
-1.));
#12676=DIRECTION('',(-2.80477395694777E-14,-1.10155083640237E-28,1.));
#12677=DIRECTION('center_axis',(3.9274139496115E-15,-1.,1.06494213423804E-44));
#12678=DIRECTION('ref_axis',(6.90241255006156E-31,1.33602844758889E-44,
1.));
#12679=DIRECTION('',(-1.,-3.9274139496115E-15,4.16333634234452E-15));
#12680=DIRECTION('center_axis',(6.90241255006156E-31,1.33602844758889E-44,
1.));
#12681=DIRECTION('ref_axis',(1.,3.9274139496115E-15,-6.90241255006156E-31));
#12682=DIRECTION('',(-1.,-3.9274139496115E-15,6.90241255006156E-31));
#12683=DIRECTION('',(-3.9274139496115E-15,1.,-1.06494213423804E-44));
#12684=DIRECTION('center_axis',(-3.9274139496115E-15,1.,-1.06494213423804E-44));
#12685=DIRECTION('ref_axis',(-1.,-3.9274139496115E-15,6.90241255006156E-31));
#12686=DIRECTION('',(1.,3.9274139496115E-15,-6.90241255006156E-31));
#12687=DIRECTION('center_axis',(-3.9274139496115E-15,1.,-1.06494213423804E-44));
#12688=DIRECTION('ref_axis',(6.90241255006156E-31,1.33602844758889E-44,
1.));
#12689=DIRECTION('',(-6.90241255006156E-31,-1.33602844758889E-44,-1.));
#12690=DIRECTION('center_axis',(3.9274139496115E-15,-1.,-2.21935114152319E-44));
#12691=DIRECTION('ref_axis',(-1.3322676295501E-13,-5.23236647291091E-28,
-1.));
#12692=DIRECTION('',(1.,3.9274139496115E-15,-6.90241255006156E-31));
#12693=DIRECTION('',(-6.90241255006156E-31,-1.33602844758889E-44,-1.));
#12694=DIRECTION('',(1.,3.9274139496115E-15,0.));
#12695=DIRECTION('',(0.,1.06494213423804E-44,1.));
#12696=DIRECTION('center_axis',(-3.9274139496115E-15,1.,-1.06494213423804E-44));
#12697=DIRECTION('ref_axis',(-3.33066907387541E-14,-1.30809161822779E-28,
-1.));
#12698=DIRECTION('',(-2.80477395694777E-14,-1.10155083640237E-28,1.));
#12699=DIRECTION('center_axis',(3.9274139496115E-15,-1.,1.06494213423804E-44));
#12700=DIRECTION('ref_axis',(6.90241255006156E-31,1.33602844758889E-44,
1.));
#12701=DIRECTION('',(-1.,-3.9274139496115E-15,4.16333634234452E-15));
#12702=DIRECTION('center_axis',(6.90241255006156E-31,1.33602844758889E-44,
1.));
#12703=DIRECTION('ref_axis',(1.,3.9274139496115E-15,-6.90241255006156E-31));
#12704=DIRECTION('',(-1.,-3.9274139496115E-15,6.90241255006156E-31));
#12705=DIRECTION('',(-3.9274139496115E-15,1.,-1.06494213423804E-44));
#12706=DIRECTION('center_axis',(-3.9274139496115E-15,1.,-1.06494213423804E-44));
#12707=DIRECTION('ref_axis',(-1.,-3.9274139496115E-15,6.90241255006156E-31));
#12708=DIRECTION('',(1.,3.9274139496115E-15,-6.90241255006156E-31));
#12709=DIRECTION('center_axis',(-3.9274139496115E-15,1.,-1.06494213423804E-44));
#12710=DIRECTION('ref_axis',(6.90241255006156E-31,1.33602844758889E-44,
1.));
#12711=DIRECTION('',(-6.90241255006156E-31,-1.33602844758889E-44,-1.));
#12712=DIRECTION('center_axis',(3.9274139496115E-15,-1.,-2.21935114152319E-44));
#12713=DIRECTION('ref_axis',(-1.3322676295501E-13,-5.23236647291091E-28,
-1.));
#12714=DIRECTION('',(1.,3.9274139496115E-15,-6.90241255006156E-31));
#12715=DIRECTION('',(-6.90241255006156E-31,-1.33602844758889E-44,-1.));
#12716=DIRECTION('',(1.,3.9274139496115E-15,0.));
#12717=DIRECTION('',(0.,1.06494213423804E-44,1.));
#12718=DIRECTION('center_axis',(-3.9274139496115E-15,1.,-1.06494213423804E-44));
#12719=DIRECTION('ref_axis',(-3.33066907387541E-14,-1.30809161822779E-28,
-1.));
#12720=DIRECTION('',(-2.80477395694777E-14,-1.10155083640237E-28,1.));
#12721=DIRECTION('center_axis',(3.9274139496115E-15,-1.,1.06494213423804E-44));
#12722=DIRECTION('ref_axis',(6.90241255006156E-31,1.33602844758889E-44,
1.));
#12723=DIRECTION('',(-1.,-3.9274139496115E-15,4.16333634234452E-15));
#12724=DIRECTION('center_axis',(6.90241255006156E-31,1.33602844758889E-44,
1.));
#12725=DIRECTION('ref_axis',(1.,3.9274139496115E-15,-6.90241255006156E-31));
#12726=DIRECTION('',(-1.,-3.9274139496115E-15,6.90241255006156E-31));
#12727=DIRECTION('',(-3.9274139496115E-15,1.,-1.06494213423804E-44));
#12728=DIRECTION('center_axis',(-3.9274139496115E-15,1.,-1.06494213423804E-44));
#12729=DIRECTION('ref_axis',(-1.,-3.9274139496115E-15,6.90241255006156E-31));
#12730=DIRECTION('',(1.,3.9274139496115E-15,-6.90241255006156E-31));
#12731=DIRECTION('center_axis',(-3.9274139496115E-15,1.,-1.06494213423804E-44));
#12732=DIRECTION('ref_axis',(6.90241255006156E-31,1.33602844758889E-44,
1.));
#12733=DIRECTION('',(-6.90241255006156E-31,-1.33602844758889E-44,-1.));
#12734=DIRECTION('center_axis',(3.9274139496115E-15,-1.,-2.21935114152319E-44));
#12735=DIRECTION('ref_axis',(-1.3322676295501E-13,-5.23236647291091E-28,
-1.));
#12736=DIRECTION('',(1.,3.9274139496115E-15,-6.90241255006156E-31));
#12737=DIRECTION('',(-6.90241255006156E-31,-1.33602844758889E-44,-1.));
#12738=DIRECTION('',(1.,3.9274139496115E-15,0.));
#12739=DIRECTION('',(0.,1.06494213423804E-44,1.));
#12740=DIRECTION('center_axis',(-3.9274139496115E-15,1.,-1.06494213423804E-44));
#12741=DIRECTION('ref_axis',(-3.33066907387541E-14,-1.30809161822779E-28,
-1.));
#12742=DIRECTION('',(-2.80477395694777E-14,-1.10155083640237E-28,1.));
#12743=DIRECTION('center_axis',(3.9274139496115E-15,-1.,1.06494213423804E-44));
#12744=DIRECTION('ref_axis',(6.90241255006156E-31,1.33602844758889E-44,
1.));
#12745=DIRECTION('',(-1.,-3.9274139496115E-15,4.16333634234452E-15));
#12746=DIRECTION('center_axis',(6.90241255006156E-31,1.33602844758889E-44,
1.));
#12747=DIRECTION('ref_axis',(1.,3.9274139496115E-15,-6.90241255006156E-31));
#12748=DIRECTION('',(-1.,-3.9274139496115E-15,6.90241255006156E-31));
#12749=DIRECTION('',(-3.9274139496115E-15,1.,-1.06494213423804E-44));
#12750=DIRECTION('center_axis',(-3.9274139496115E-15,1.,-1.06494213423804E-44));
#12751=DIRECTION('ref_axis',(-1.,-3.9274139496115E-15,6.90241255006156E-31));
#12752=DIRECTION('',(1.,3.9274139496115E-15,-6.90241255006156E-31));
#12753=DIRECTION('center_axis',(-3.9274139496115E-15,1.,-1.06494213423804E-44));
#12754=DIRECTION('ref_axis',(6.90241255006156E-31,1.33602844758889E-44,
1.));
#12755=DIRECTION('',(-6.90241255006156E-31,-1.33602844758889E-44,-1.));
#12756=DIRECTION('center_axis',(3.9274139496115E-15,-1.,-2.21935114152319E-44));
#12757=DIRECTION('ref_axis',(-1.3322676295501E-13,-5.23236647291091E-28,
-1.));
#12758=DIRECTION('',(1.,3.9274139496115E-15,-6.90241255006156E-31));
#12759=DIRECTION('',(-6.90241255006156E-31,-1.33602844758889E-44,-1.));
#12760=DIRECTION('',(1.,3.9274139496115E-15,0.));
#12761=DIRECTION('',(0.,1.06494213423804E-44,1.));
#12762=DIRECTION('center_axis',(-3.9274139496115E-15,1.,-1.06494213423804E-44));
#12763=DIRECTION('ref_axis',(-3.33066907387541E-14,-1.30809161822779E-28,
-1.));
#12764=DIRECTION('',(-2.80477395694777E-14,-1.10155083640237E-28,1.));
#12765=DIRECTION('center_axis',(3.9274139496115E-15,-1.,1.06494213423804E-44));
#12766=DIRECTION('ref_axis',(6.90241255006156E-31,1.33602844758889E-44,
1.));
#12767=DIRECTION('',(-1.,-3.9274139496115E-15,4.16333634234452E-15));
#12768=DIRECTION('center_axis',(6.90241255006156E-31,1.33602844758889E-44,
1.));
#12769=DIRECTION('ref_axis',(1.,3.9274139496115E-15,-6.90241255006156E-31));
#12770=DIRECTION('',(-1.,-3.9274139496115E-15,6.90241255006156E-31));
#12771=DIRECTION('',(-3.9274139496115E-15,1.,-1.06494213423804E-44));
#12772=DIRECTION('center_axis',(-3.9274139496115E-15,1.,-1.06494213423804E-44));
#12773=DIRECTION('ref_axis',(-1.,-3.9274139496115E-15,6.90241255006156E-31));
#12774=DIRECTION('',(1.,3.9274139496115E-15,-6.90241255006156E-31));
#12775=DIRECTION('center_axis',(-3.9274139496115E-15,1.,-1.06494213423804E-44));
#12776=DIRECTION('ref_axis',(6.90241255006156E-31,1.33602844758889E-44,
1.));
#12777=DIRECTION('',(-6.90241255006156E-31,-1.33602844758889E-44,-1.));
#12778=DIRECTION('center_axis',(3.9274139496115E-15,-1.,-2.21935114152319E-44));
#12779=DIRECTION('ref_axis',(-1.3322676295501E-13,-5.23236647291091E-28,
-1.));
#12780=DIRECTION('',(1.,3.9274139496115E-15,-6.90241255006156E-31));
#12781=DIRECTION('',(-6.90241255006156E-31,-1.33602844758889E-44,-1.));
#12782=DIRECTION('',(1.,3.9274139496115E-15,0.));
#12783=DIRECTION('',(0.,1.06494213423804E-44,1.));
#12784=DIRECTION('center_axis',(-3.9274139496115E-15,1.,-1.06494213423804E-44));
#12785=DIRECTION('ref_axis',(-3.33066907387541E-14,-1.30809161822779E-28,
-1.));
#12786=DIRECTION('',(-2.80477395694777E-14,-1.10155083640237E-28,1.));
#12787=DIRECTION('center_axis',(3.9274139496115E-15,-1.,1.06494213423804E-44));
#12788=DIRECTION('ref_axis',(6.90241255006156E-31,1.33602844758889E-44,
1.));
#12789=DIRECTION('',(-1.,-3.9274139496115E-15,4.16333634234452E-15));
#12790=DIRECTION('center_axis',(6.90241255006156E-31,1.33602844758889E-44,
1.));
#12791=DIRECTION('ref_axis',(1.,3.9274139496115E-15,-6.90241255006156E-31));
#12792=DIRECTION('',(-1.,-3.9274139496115E-15,6.90241255006156E-31));
#12793=DIRECTION('',(-3.9274139496115E-15,1.,-1.06494213423804E-44));
#12794=DIRECTION('center_axis',(-3.9274139496115E-15,1.,-1.06494213423804E-44));
#12795=DIRECTION('ref_axis',(-1.,-3.9274139496115E-15,6.90241255006156E-31));
#12796=DIRECTION('',(1.,3.9274139496115E-15,-6.90241255006156E-31));
#12797=DIRECTION('center_axis',(-3.9274139496115E-15,1.,-1.06494213423804E-44));
#12798=DIRECTION('ref_axis',(6.90241255006156E-31,1.33602844758889E-44,
1.));
#12799=DIRECTION('',(-6.90241255006156E-31,-1.33602844758889E-44,-1.));
#12800=DIRECTION('center_axis',(3.9274139496115E-15,-1.,-2.21935114152319E-44));
#12801=DIRECTION('ref_axis',(-1.3322676295501E-13,-5.23236647291091E-28,
-1.));
#12802=DIRECTION('',(1.,3.9274139496115E-15,-6.90241255006156E-31));
#12803=DIRECTION('',(-6.90241255006156E-31,-1.33602844758889E-44,-1.));
#12804=DIRECTION('',(1.,3.9274139496115E-15,0.));
#12805=DIRECTION('',(0.,1.06494213423804E-44,1.));
#12806=DIRECTION('center_axis',(-3.9274139496115E-15,1.,-1.06494213423804E-44));
#12807=DIRECTION('ref_axis',(-3.33066907387541E-14,-1.30809161822779E-28,
-1.));
#12808=DIRECTION('',(-2.80477395694777E-14,-1.10155083640237E-28,1.));
#12809=DIRECTION('center_axis',(3.9274139496115E-15,-1.,1.06494213423804E-44));
#12810=DIRECTION('ref_axis',(6.90241255006156E-31,1.33602844758889E-44,
1.));
#12811=DIRECTION('',(-1.,-3.9274139496115E-15,4.16333634234452E-15));
#12812=DIRECTION('center_axis',(6.90241255006156E-31,1.33602844758889E-44,
1.));
#12813=DIRECTION('ref_axis',(1.,3.9274139496115E-15,-6.90241255006156E-31));
#12814=DIRECTION('',(-1.,-3.9274139496115E-15,6.90241255006156E-31));
#12815=DIRECTION('',(-3.9274139496115E-15,1.,-1.06494213423804E-44));
#12816=DIRECTION('center_axis',(-3.9274139496115E-15,1.,-1.06494213423804E-44));
#12817=DIRECTION('ref_axis',(-1.,-3.9274139496115E-15,6.90241255006156E-31));
#12818=DIRECTION('',(1.,3.9274139496115E-15,-6.90241255006156E-31));
#12819=DIRECTION('center_axis',(-3.9274139496115E-15,1.,-1.06494213423804E-44));
#12820=DIRECTION('ref_axis',(6.90241255006156E-31,1.33602844758889E-44,
1.));
#12821=DIRECTION('',(-6.90241255006156E-31,-1.33602844758889E-44,-1.));
#12822=DIRECTION('center_axis',(3.9274139496115E-15,-1.,-2.21935114152319E-44));
#12823=DIRECTION('ref_axis',(-1.3322676295501E-13,-5.23236647291091E-28,
-1.));
#12824=DIRECTION('',(1.,3.9274139496115E-15,-6.90241255006156E-31));
#12825=DIRECTION('',(-6.90241255006156E-31,-1.33602844758889E-44,-1.));
#12826=DIRECTION('',(1.,3.9274139496115E-15,0.));
#12827=DIRECTION('',(0.,1.06494213423804E-44,1.));
#12828=DIRECTION('center_axis',(-3.9274139496115E-15,1.,-1.06494213423804E-44));
#12829=DIRECTION('ref_axis',(-3.33066907387541E-14,-1.30809161822779E-28,
-1.));
#12830=DIRECTION('',(-2.80477395694777E-14,-1.10155083640237E-28,1.));
#12831=DIRECTION('center_axis',(3.9274139496115E-15,-1.,1.06494213423804E-44));
#12832=DIRECTION('ref_axis',(6.90241255006156E-31,1.33602844758889E-44,
1.));
#12833=DIRECTION('',(-1.,-3.9274139496115E-15,4.16333634234452E-15));
#12834=DIRECTION('center_axis',(6.90241255006156E-31,1.33602844758889E-44,
1.));
#12835=DIRECTION('ref_axis',(1.,3.9274139496115E-15,-6.90241255006156E-31));
#12836=DIRECTION('',(-1.,-3.9274139496115E-15,6.90241255006156E-31));
#12837=DIRECTION('',(-3.9274139496115E-15,1.,-1.06494213423804E-44));
#12838=DIRECTION('center_axis',(-3.9274139496115E-15,1.,-1.06494213423804E-44));
#12839=DIRECTION('ref_axis',(-1.,-3.9274139496115E-15,6.90241255006156E-31));
#12840=DIRECTION('',(1.,3.9274139496115E-15,-6.90241255006156E-31));
#12841=DIRECTION('center_axis',(-3.9274139496115E-15,1.,-1.06494213423804E-44));
#12842=DIRECTION('ref_axis',(6.90241255006156E-31,1.33602844758889E-44,
1.));
#12843=DIRECTION('',(-6.90241255006156E-31,-1.33602844758889E-44,-1.));
#12844=DIRECTION('center_axis',(3.9274139496115E-15,-1.,-2.21935114152319E-44));
#12845=DIRECTION('ref_axis',(-1.3322676295501E-13,-5.23236647291091E-28,
-1.));
#12846=DIRECTION('',(1.,3.9274139496115E-15,-6.90241255006156E-31));
#12847=DIRECTION('',(-6.90241255006156E-31,-1.33602844758889E-44,-1.));
#12848=DIRECTION('',(1.,3.9274139496115E-15,0.));
#12849=DIRECTION('',(0.,1.06494213423804E-44,1.));
#12850=DIRECTION('center_axis',(-3.9274139496115E-15,1.,-1.06494213423804E-44));
#12851=DIRECTION('ref_axis',(-3.33066907387541E-14,-1.30809161822779E-28,
-1.));
#12852=DIRECTION('',(-2.80477395694777E-14,-1.10155083640237E-28,1.));
#12853=DIRECTION('center_axis',(3.9274139496115E-15,-1.,1.06494213423804E-44));
#12854=DIRECTION('ref_axis',(6.90241255006156E-31,1.33602844758889E-44,
1.));
#12855=DIRECTION('',(-1.,-3.9274139496115E-15,4.16333634234452E-15));
#12856=DIRECTION('center_axis',(6.90241255006156E-31,1.33602844758889E-44,
1.));
#12857=DIRECTION('ref_axis',(1.,3.9274139496115E-15,-6.90241255006156E-31));
#12858=DIRECTION('',(-1.,-3.9274139496115E-15,6.90241255006156E-31));
#12859=DIRECTION('',(-3.9274139496115E-15,1.,-1.06494213423804E-44));
#12860=DIRECTION('center_axis',(-8.75811540203011E-47,-3.01147950710581E-61,
-1.));
#12861=DIRECTION('ref_axis',(1.,3.43577141573158E-15,-8.75811540203011E-47));
#12862=DIRECTION('',(1.,0.,0.));
#12863=DIRECTION('',(3.43850174251844E-15,-1.,0.));
#12864=DIRECTION('',(-1.,0.,0.));
#12865=DIRECTION('',(3.43850174251844E-15,-1.,0.));
#12866=DIRECTION('center_axis',(-1.,0.,8.75811540203011E-47));
#12867=DIRECTION('ref_axis',(7.88230386182711E-47,-0.435889894354066,0.900000000000001));
#12868=DIRECTION('center_axis',(-1.,-3.43850174251844E-15,8.75811540203011E-47));
#12869=DIRECTION('ref_axis',(1.49880816128263E-15,-0.435889894354066,0.900000000000001));
#12870=DIRECTION('',(-1.,0.,8.75811540203011E-47));
#12871=DIRECTION('center_axis',(1.,3.43850174251844E-15,-1.85264041122331E-30));
#12872=DIRECTION('ref_axis',(1.49880816128264E-15,-0.435889894354066,0.900000000000001));
#12873=DIRECTION('center_axis',(8.75811540203011E-47,3.01147950710581E-61,
1.));
#12874=DIRECTION('ref_axis',(-1.,-3.81639164714899E-15,8.75811540203011E-47));
#12875=DIRECTION('',(1.,0.,-8.75811540203011E-47));
#12876=DIRECTION('',(3.43850174251844E-15,-1.,0.));
#12877=DIRECTION('',(3.43850174251844E-15,-1.,0.));
#12878=DIRECTION('center_axis',(0.,0.,1.));
#12879=DIRECTION('ref_axis',(1.,0.,0.));
#12880=DIRECTION('',(-3.43850174251844E-15,1.,0.));
#12881=DIRECTION('',(-1.,0.,0.));
#12882=DIRECTION('',(3.43850174251846E-15,-1.,0.));
#12883=DIRECTION('center_axis',(0.,0.,-1.));
#12884=DIRECTION('ref_axis',(1.,0.,0.));
#12885=DIRECTION('',(0.,-1.,0.));
#12886=DIRECTION('center_axis',(0.,0.,-1.));
#12887=DIRECTION('ref_axis',(0.,-1.,0.));
#12888=DIRECTION('',(-1.,0.,0.));
#12889=DIRECTION('center_axis',(0.,0.,-1.));
#12890=DIRECTION('ref_axis',(-1.,0.,0.));
#12891=DIRECTION('',(0.,1.,0.));
#12892=DIRECTION('center_axis',(0.,0.,-1.));
#12893=DIRECTION('ref_axis',(0.,1.,0.));
#12894=DIRECTION('',(-3.43850174251846E-15,1.,0.));
#12895=DIRECTION('',(-1.,0.,0.));
#12896=DIRECTION('',(0.,-1.,0.));
#12897=DIRECTION('',(1.,0.,0.));
#12898=DIRECTION('',(0.,1.,0.));
#12899=DIRECTION('',(-1.,0.,0.));
#12900=DIRECTION('',(0.,-1.,0.));
#12901=DIRECTION('',(1.,0.,0.));
#12902=DIRECTION('',(-3.40796486222475E-15,1.,0.));
#12903=DIRECTION('center_axis',(0.,0.,-1.));
#12904=DIRECTION('ref_axis',(-1.,0.,0.));
#12905=DIRECTION('',(0.,1.,0.));
#12906=DIRECTION('center_axis',(0.,0.,-1.));
#12907=DIRECTION('ref_axis',(0.,1.,0.));
#12908=DIRECTION('',(1.,0.,0.));
#12909=DIRECTION('center_axis',(0.,0.,-1.));
#12910=DIRECTION('ref_axis',(1.,0.,0.));
#12911=DIRECTION('',(0.,-1.,0.));
#12912=DIRECTION('center_axis',(0.,0.,-1.));
#12913=DIRECTION('ref_axis',(0.,-1.,0.));
#12914=DIRECTION('',(3.40796486222475E-15,-1.,0.));
#12915=DIRECTION('',(1.,0.,0.));
#12916=DIRECTION('',(-3.40796486222477E-15,1.,0.));
#12917=DIRECTION('center_axis',(0.,0.,-1.));
#12918=DIRECTION('ref_axis',(-1.,0.,0.));
#12919=DIRECTION('',(0.,1.,0.));
#12920=DIRECTION('center_axis',(0.,0.,-1.));
#12921=DIRECTION('ref_axis',(0.,1.,0.));
#12922=DIRECTION('',(1.,0.,0.));
#12923=DIRECTION('center_axis',(0.,0.,-1.));
#12924=DIRECTION('ref_axis',(1.,0.,0.));
#12925=DIRECTION('',(0.,-1.,0.));
#12926=DIRECTION('center_axis',(0.,0.,-1.));
#12927=DIRECTION('ref_axis',(0.,-1.,0.));
#12928=DIRECTION('',(3.40796486222477E-15,-1.,0.));
#12929=DIRECTION('',(1.,0.,0.));
#12930=DIRECTION('',(0.,-1.,0.));
#12931=DIRECTION('',(3.9274139496115E-15,-1.,0.));
#12932=DIRECTION('',(-1.,-3.9274139496115E-15,0.));
#12933=DIRECTION('',(0.,-1.,0.));
#12934=DIRECTION('',(3.9274139496115E-15,-1.,0.));
#12935=DIRECTION('',(-1.,-3.9274139496115E-15,0.));
#12936=DIRECTION('',(0.,-1.,0.));
#12937=DIRECTION('',(3.9274139496115E-15,-1.,0.));
#12938=DIRECTION('',(-1.,-3.9274139496115E-15,0.));
#12939=DIRECTION('',(0.,-1.,0.));
#12940=DIRECTION('',(3.9274139496115E-15,-1.,0.));
#12941=DIRECTION('',(-1.,-3.9274139496115E-15,0.));
#12942=DIRECTION('',(0.,-1.,0.));
#12943=DIRECTION('',(3.9274139496115E-15,-1.,0.));
#12944=DIRECTION('',(-1.,-3.9274139496115E-15,0.));
#12945=DIRECTION('',(0.,-1.,0.));
#12946=DIRECTION('',(3.9274139496115E-15,-1.,0.));
#12947=DIRECTION('',(-1.,-3.9274139496115E-15,0.));
#12948=DIRECTION('',(0.,-1.,0.));
#12949=DIRECTION('',(3.9274139496115E-15,-1.,0.));
#12950=DIRECTION('',(-1.,-3.9274139496115E-15,0.));
#12951=DIRECTION('',(0.,-1.,0.));
#12952=DIRECTION('',(3.9274139496115E-15,-1.,0.));
#12953=DIRECTION('',(-1.,-3.9274139496115E-15,0.));
#12954=DIRECTION('',(0.,-1.,0.));
#12955=DIRECTION('',(3.9274139496115E-15,-1.,0.));
#12956=DIRECTION('',(-1.,-3.9274139496115E-15,0.));
#12957=DIRECTION('',(0.,-1.,0.));
#12958=DIRECTION('',(3.9274139496115E-15,-1.,0.));
#12959=DIRECTION('',(-1.,-3.9274139496115E-15,0.));
#12960=DIRECTION('',(0.,-1.,0.));
#12961=DIRECTION('',(-1.,0.,0.));
#12962=DIRECTION('',(3.43850174251844E-15,-1.,0.));
#12963=DIRECTION('center_axis',(0.,0.,-1.));
#12964=DIRECTION('ref_axis',(1.,0.,0.));
#12965=DIRECTION('',(0.,-1.,0.));
#12966=DIRECTION('center_axis',(0.,0.,-1.));
#12967=DIRECTION('ref_axis',(0.,-1.,0.));
#12968=DIRECTION('',(-1.,0.,0.));
#12969=DIRECTION('center_axis',(0.,0.,-1.));
#12970=DIRECTION('ref_axis',(-1.,0.,0.));
#12971=DIRECTION('',(0.,1.,0.));
#12972=DIRECTION('center_axis',(0.,0.,-1.));
#12973=DIRECTION('ref_axis',(0.,1.,0.));
#12974=DIRECTION('center_axis',(0.,0.,-1.));
#12975=DIRECTION('ref_axis',(0.707106781186547,0.707106781186547,0.));
#12976=DIRECTION('',(1.97215226305253E-31,-1.,0.));
#12977=DIRECTION('center_axis',(0.,0.,-1.));
#12978=DIRECTION('ref_axis',(0.707106781186547,-0.707106781186547,0.));
#12979=DIRECTION('center_axis',(0.,0.,-1.));
#12980=DIRECTION('ref_axis',(-0.707106781186547,-0.707106781186547,0.));
#12981=DIRECTION('',(-1.97215226305253E-31,1.,0.));
#12982=DIRECTION('center_axis',(0.,0.,-1.));
#12983=DIRECTION('ref_axis',(-0.707106781186547,0.707106781186547,0.));
#12984=DIRECTION('',(7.49879891330929E-33,-1.,6.12323399573677E-17));
#12985=DIRECTION('',(-1.,-7.49879891330929E-33,0.));
#12986=DIRECTION('',(0.,1.,0.));
#12987=DIRECTION('',(1.,7.49879891330929E-33,0.));
#12988=DIRECTION('',(7.49879891330929E-33,-1.,6.12323399573677E-17));
#12989=DIRECTION('',(-1.,-7.49879891330929E-33,0.));
#12990=DIRECTION('',(0.,1.,0.));
#12991=DIRECTION('',(1.,7.49879891330929E-33,0.));
#12992=DIRECTION('',(7.49879891330929E-33,-1.,6.12323399573677E-17));
#12993=DIRECTION('',(-1.,-7.49879891330929E-33,0.));
#12994=DIRECTION('',(0.,1.,0.));
#12995=DIRECTION('',(1.,7.49879891330929E-33,0.));
#12996=DIRECTION('',(0.,1.,-6.12323399573677E-17));
#12997=DIRECTION('',(1.,0.,0.));
#12998=DIRECTION('',(0.,-1.,0.));
#12999=DIRECTION('',(-1.,0.,0.));
#13000=DIRECTION('',(0.,1.,-6.12323399573677E-17));
#13001=DIRECTION('',(1.,0.,0.));
#13002=DIRECTION('',(0.,-1.,0.));
#13003=DIRECTION('',(-1.,0.,0.));
#13004=DIRECTION('',(-1.,0.,0.));
#13005=DIRECTION('',(0.,1.,0.));
#13006=DIRECTION('',(1.,0.,0.));
#13007=DIRECTION('',(0.,-1.,0.));
#13008=DIRECTION('',(7.49879891330929E-33,-1.,6.12323399573677E-17));
#13009=DIRECTION('',(-1.,-7.49879891330929E-33,0.));
#13010=DIRECTION('',(0.,1.,0.));
#13011=DIRECTION('',(1.,7.49879891330929E-33,0.));
#13012=DIRECTION('',(7.49879891330929E-33,-1.,6.12323399573677E-17));
#13013=DIRECTION('',(-1.,-7.49879891330929E-33,0.));
#13014=DIRECTION('',(0.,1.,0.));
#13015=DIRECTION('',(1.,7.49879891330929E-33,0.));
#13016=DIRECTION('',(7.49879891330929E-33,-1.,6.12323399573677E-17));
#13017=DIRECTION('',(-1.,-7.49879891330929E-33,0.));
#13018=DIRECTION('',(0.,1.,0.));
#13019=DIRECTION('',(1.,7.49879891330929E-33,0.));
#13020=DIRECTION('',(0.,1.,-6.12323399573677E-17));
#13021=DIRECTION('',(1.,0.,0.));
#13022=DIRECTION('',(0.,-1.,0.));
#13023=DIRECTION('',(-1.,0.,0.));
#13024=DIRECTION('',(0.,1.,-6.12323399573677E-17));
#13025=DIRECTION('',(1.,0.,0.));
#13026=DIRECTION('',(0.,-1.,0.));
#13027=DIRECTION('',(-1.,0.,0.));
#13028=DIRECTION('',(-1.,0.,0.));
#13029=DIRECTION('',(0.,1.,0.));
#13030=DIRECTION('',(1.,0.,0.));
#13031=DIRECTION('',(0.,-1.,0.));
#13032=DIRECTION('center_axis',(0.,0.,-1.));
#13033=DIRECTION('ref_axis',(1.,0.,0.));
#13034=DIRECTION('center_axis',(0.,0.,-1.));
#13035=DIRECTION('ref_axis',(1.,0.,0.));
#13036=DIRECTION('center_axis',(0.,0.,-1.));
#13037=DIRECTION('ref_axis',(1.,0.,0.));
#13038=DIRECTION('center_axis',(0.,0.,-1.));
#13039=DIRECTION('ref_axis',(1.,0.,0.));
#13040=DIRECTION('center_axis',(0.,0.,-1.));
#13041=DIRECTION('ref_axis',(1.,0.,0.));
#13042=DIRECTION('center_axis',(0.,0.,-1.));
#13043=DIRECTION('ref_axis',(1.,0.,0.));
#13044=DIRECTION('center_axis',(0.,0.,-1.));
#13045=DIRECTION('ref_axis',(1.,0.,0.));
#13046=DIRECTION('center_axis',(0.,0.,-1.));
#13047=DIRECTION('ref_axis',(1.,0.,0.));
#13048=DIRECTION('center_axis',(0.,0.,-1.));
#13049=DIRECTION('ref_axis',(1.,0.,0.));
#13050=DIRECTION('center_axis',(0.,0.,-1.));
#13051=DIRECTION('ref_axis',(1.,0.,0.));
#13052=DIRECTION('center_axis',(0.,0.,-1.));
#13053=DIRECTION('ref_axis',(1.,0.,0.));
#13054=DIRECTION('center_axis',(0.,0.,-1.));
#13055=DIRECTION('ref_axis',(1.,0.,0.));
#13056=DIRECTION('center_axis',(0.,0.,-1.));
#13057=DIRECTION('ref_axis',(1.,0.,0.));
#13058=DIRECTION('center_axis',(0.,0.,-1.));
#13059=DIRECTION('ref_axis',(1.,0.,0.));
#13060=DIRECTION('center_axis',(0.,0.,-1.));
#13061=DIRECTION('ref_axis',(1.,0.,0.));
#13062=DIRECTION('center_axis',(0.,0.,-1.));
#13063=DIRECTION('ref_axis',(1.,0.,0.));
#13064=DIRECTION('center_axis',(0.,0.,-1.));
#13065=DIRECTION('ref_axis',(1.,0.,0.));
#13066=DIRECTION('center_axis',(0.,0.,-1.));
#13067=DIRECTION('ref_axis',(1.,0.,0.));
#13068=DIRECTION('center_axis',(0.,0.,-1.));
#13069=DIRECTION('ref_axis',(1.,0.,0.));
#13070=DIRECTION('center_axis',(0.,0.,-1.));
#13071=DIRECTION('ref_axis',(1.,0.,0.));
#13072=DIRECTION('center_axis',(0.,0.,-1.));
#13073=DIRECTION('ref_axis',(1.,0.,0.));
#13074=DIRECTION('center_axis',(0.,0.,-1.));
#13075=DIRECTION('ref_axis',(1.,0.,0.));
#13076=DIRECTION('center_axis',(0.,0.,-1.));
#13077=DIRECTION('ref_axis',(1.,0.,0.));
#13078=DIRECTION('center_axis',(0.,0.,-1.));
#13079=DIRECTION('ref_axis',(1.,0.,0.));
#13080=DIRECTION('center_axis',(0.,0.,-1.));
#13081=DIRECTION('ref_axis',(1.,0.,0.));
#13082=DIRECTION('center_axis',(0.,0.,-1.));
#13083=DIRECTION('ref_axis',(1.,0.,0.));
#13084=DIRECTION('center_axis',(0.,0.,-1.));
#13085=DIRECTION('ref_axis',(1.,0.,0.));
#13086=DIRECTION('center_axis',(0.,0.,-1.));
#13087=DIRECTION('ref_axis',(1.,0.,0.));
#13088=DIRECTION('center_axis',(0.,0.,-1.));
#13089=DIRECTION('ref_axis',(1.,0.,0.));
#13090=DIRECTION('',(-0.707106781186548,0.707106781186547,0.));
#13091=DIRECTION('',(0.707106781186547,0.707106781186548,0.));
#13092=DIRECTION('',(0.707106781186548,-0.707106781186547,0.));
#13093=DIRECTION('',(-0.707106781186547,-0.707106781186548,0.));
#13094=DIRECTION('center_axis',(-8.75811540203011E-47,-3.01147950710582E-61,
-1.));
#13095=DIRECTION('ref_axis',(1.,3.84176632924348E-15,-8.75811540203011E-47));
#13096=DIRECTION('',(1.,0.,0.));
#13097=DIRECTION('',(3.43850174251846E-15,-1.,0.));
#13098=DIRECTION('',(-1.,0.,0.));
#13099=DIRECTION('',(3.43850174251846E-15,-1.,0.));
#13100=DIRECTION('center_axis',(-1.,0.,8.75811540203011E-47));
#13101=DIRECTION('ref_axis',(7.8823038618271E-47,-0.435889894354068,0.9));
#13102=DIRECTION('center_axis',(-1.,-3.43850174251846E-15,8.75811540203011E-47));
#13103=DIRECTION('ref_axis',(1.49880816128265E-15,-0.435889894354068,0.9));
#13104=DIRECTION('',(-1.,0.,8.75811540203011E-47));
#13105=DIRECTION('center_axis',(1.,3.43850174251846E-15,1.23509360748226E-31));
#13106=DIRECTION('ref_axis',(1.49880816128265E-15,-0.435889894354068,0.9));
#13107=DIRECTION('center_axis',(8.75811540203011E-47,3.01147950710582E-61,
1.));
#13108=DIRECTION('ref_axis',(-1.,-3.81639164714899E-15,8.75811540203011E-47));
#13109=DIRECTION('',(1.,0.,-8.75811540203011E-47));
#13110=DIRECTION('',(3.43850174251846E-15,-1.,0.));
#13111=DIRECTION('',(3.43850174251846E-15,-1.,0.));
#13112=DIRECTION('center_axis',(6.8464666047432E-15,-1.,-4.93038065763167E-32));
#13113=DIRECTION('ref_axis',(-1.68778432605735E-46,4.93038065763167E-32,
-1.));
#13114=DIRECTION('',(1.,6.8464666047432E-15,8.11972785854342E-47));
#13115=DIRECTION('',(-2.56359586626036E-46,4.93038065763167E-32,-1.));
#13116=DIRECTION('',(-1.,-6.84646660474321E-15,-8.11972785854342E-47));
#13117=DIRECTION('',(-6.09201421250973E-32,2.01051600959291E-17,1.));
#13118=DIRECTION('center_axis',(-1.,-6.8464666047432E-15,-8.11972785854342E-47));
#13119=DIRECTION('ref_axis',(-4.56431106982898E-15,0.666666666666693,0.745355992499906));
#13120=DIRECTION('center_axis',(-1.,-6.8464666047432E-15,7.67291650546971E-32));
#13121=DIRECTION('ref_axis',(-4.56431106982898E-15,0.666666666666693,0.745355992499906));
#13122=DIRECTION('center_axis',(1.,6.8464666047432E-15,8.11972785854342E-47));
#13123=DIRECTION('ref_axis',(-4.56431106982898E-15,0.666666666666693,0.745355992499906));
#13124=DIRECTION('center_axis',(2.56359586626036E-46,-4.93038065763167E-32,
1.));
#13125=DIRECTION('ref_axis',(1.,3.00470027549972E-15,-1.08216425422992E-46));
#13126=DIRECTION('',(-3.40796486222475E-15,1.,4.93038065763167E-32));
#13127=DIRECTION('',(1.,0.,0.));
#13128=DIRECTION('',(-3.40796486222475E-15,1.,4.93038065763167E-32));
#13129=DIRECTION('',(1.,3.00470027549972E-15,-1.08216425422993E-46));
#13130=DIRECTION('center_axis',(1.,3.40796486222475E-15,1.23509360748226E-31));
#13131=DIRECTION('ref_axis',(-9.90348290456644E-31,3.26839535099471E-16,
-1.));
#13132=DIRECTION('',(-3.40796486222475E-15,1.,4.93038065763167E-32));
#13133=DIRECTION('center_axis',(1.,3.40796486222475E-15,1.23509360748226E-31));
#13134=DIRECTION('ref_axis',(-1.48549744375752E-15,0.435889894354068,0.9));
#13135=DIRECTION('',(-3.40796486222475E-15,1.,4.93038065763167E-32));
#13136=DIRECTION('',(2.56359586626036E-46,-4.93038065763167E-32,1.));
#13137=DIRECTION('center_axis',(6.8464666047432E-15,-1.,-4.93038065763167E-32));
#13138=DIRECTION('ref_axis',(-1.68778432605735E-46,4.93038065763167E-32,
-1.));
#13139=DIRECTION('',(1.,6.8464666047432E-15,8.11972785854342E-47));
#13140=DIRECTION('',(-2.56359586626036E-46,4.93038065763167E-32,-1.));
#13141=DIRECTION('',(-1.,-6.84646660474321E-15,-8.11972785854342E-47));
#13142=DIRECTION('',(-6.09201421250822E-32,2.01051600959241E-17,1.));
#13143=DIRECTION('center_axis',(-1.,-6.8464666047432E-15,-8.11972785854342E-47));
#13144=DIRECTION('ref_axis',(-4.56431106982923E-15,0.66666666666673,0.745355992499873));
#13145=DIRECTION('center_axis',(-1.,-6.8464666047432E-15,7.6729165054678E-32));
#13146=DIRECTION('ref_axis',(-4.56431106982923E-15,0.66666666666673,0.745355992499873));
#13147=DIRECTION('center_axis',(1.,6.8464666047432E-15,8.11972785854342E-47));
#13148=DIRECTION('ref_axis',(-4.56431106982923E-15,0.66666666666673,0.745355992499873));
#13149=DIRECTION('center_axis',(2.56359586626036E-46,-4.93038065763167E-32,
1.));
#13150=DIRECTION('ref_axis',(1.,3.41069518901163E-15,-8.81993307362327E-47));
#13151=DIRECTION('',(-3.40796486222477E-15,1.,4.93038065763167E-32));
#13152=DIRECTION('',(1.,0.,0.));
#13153=DIRECTION('',(-3.40796486222477E-15,1.,4.93038065763167E-32));
#13154=DIRECTION('',(1.,3.41069518901163E-15,-8.81993307362331E-47));
#13155=DIRECTION('center_axis',(1.,3.40796486222477E-15,-1.85264041122331E-30));
#13156=DIRECTION('ref_axis',(1.48552243568483E-29,-4.9025930264916E-15,
-1.));
#13157=DIRECTION('',(-3.40796486222477E-15,1.,4.93038065763167E-32));
#13158=DIRECTION('center_axis',(1.,3.40796486222477E-15,-1.85264041122331E-30));
#13159=DIRECTION('ref_axis',(-1.48549744375752E-15,0.435889894354066,0.900000000000001));
#13160=DIRECTION('',(-3.40796486222477E-15,1.,4.93038065763167E-32));
#13161=DIRECTION('',(1.48552243568482E-29,-4.9025930264916E-15,-1.));
#13162=DIRECTION('center_axis',(2.56359586626036E-46,-4.93038065763167E-32,
1.));
#13163=DIRECTION('ref_axis',(1.,3.00470027549972E-15,-1.08216425422992E-46));
#13164=DIRECTION('',(-1.,0.,0.));
#13165=DIRECTION('',(1.,0.,0.));
#13166=DIRECTION('',(-3.40796486222475E-15,1.,4.93038065763167E-32));
#13167=DIRECTION('center_axis',(1.,6.8464666047432E-15,8.11972785854342E-47));
#13168=DIRECTION('ref_axis',(-2.98430560504017E-15,0.435889894354068,0.9));
#13169=DIRECTION('',(1.,6.8464666047432E-15,8.11972785854342E-47));
#13170=DIRECTION('center_axis',(-1.,-3.40796486222475E-15,8.83339462400236E-47));
#13171=DIRECTION('ref_axis',(-1.48549744375752E-15,0.435889894354068,0.9));
#13172=DIRECTION('center_axis',(-2.56359586626036E-46,4.93038065763167E-32,
-1.));
#13173=DIRECTION('ref_axis',(-1.,-3.03007495759422E-15,1.0696535700507E-46));
#13174=DIRECTION('',(-3.40796486222475E-15,1.,4.93038065763167E-32));
#13175=DIRECTION('center_axis',(-1.,-3.40796486222475E-15,8.83339462400236E-47));
#13176=DIRECTION('ref_axis',(2.56359586626036E-46,-4.93038065763167E-32,
1.));
#13177=DIRECTION('',(6.09201421250973E-32,-2.01051600959291E-17,-1.));
#13178=DIRECTION('center_axis',(3.00313938095942E-15,-1.,-4.93038065763167E-32));
#13179=DIRECTION('ref_axis',(1.,3.00313938095942E-15,-1.08293383465494E-46));
#13180=DIRECTION('center_axis',(2.56359586626036E-46,-4.93038065763167E-32,
1.));
#13181=DIRECTION('ref_axis',(1.,3.41069518901163E-15,-8.81993307362327E-47));
#13182=DIRECTION('',(-1.,0.,0.));
#13183=DIRECTION('',(1.,0.,0.));
#13184=DIRECTION('',(-3.40796486222477E-15,1.,4.93038065763167E-32));
#13185=DIRECTION('center_axis',(1.,6.8464666047432E-15,8.11972785854342E-47));
#13186=DIRECTION('ref_axis',(-2.98430560504015E-15,0.435889894354066,0.900000000000001));
#13187=DIRECTION('',(1.,6.8464666047432E-15,8.11972785854342E-47));
#13188=DIRECTION('center_axis',(-1.,-3.40796486222477E-15,8.83339462400226E-47));
#13189=DIRECTION('ref_axis',(-1.48549744375752E-15,0.435889894354066,0.900000000000001));
#13190=DIRECTION('center_axis',(-2.56359586626036E-46,4.93038065763167E-32,
-1.));
#13191=DIRECTION('ref_axis',(-1.,-3.03007495759422E-15,1.0696535700507E-46));
#13192=DIRECTION('',(-3.40796486222477E-15,1.,4.93038065763167E-32));
#13193=DIRECTION('center_axis',(-1.,-3.40796486222477E-15,8.83339462400226E-47));
#13194=DIRECTION('ref_axis',(2.56359586626036E-46,-4.93038065763167E-32,
1.));
#13195=DIRECTION('',(6.09201421250822E-32,-2.01051600959241E-17,-1.));
#13196=DIRECTION('center_axis',(3.00313938095942E-15,-1.,-4.93038065763167E-32));
#13197=DIRECTION('ref_axis',(1.,3.00313938095942E-15,-1.08293383465494E-46));
#13198=DIRECTION('center_axis',(-3.9274139496115E-15,1.,-1.06494213423804E-44));
#13199=DIRECTION('ref_axis',(-3.33066907387541E-14,-1.30809161822779E-28,
-1.));
#13200=DIRECTION('',(-3.9274139496115E-15,1.,-1.06494213423804E-44));
#13201=DIRECTION('center_axis',(3.9274139496115E-15,-1.,1.06494213423804E-44));
#13202=DIRECTION('ref_axis',(-3.33066907387541E-14,-1.30809161822779E-28,
-1.));
#13203=DIRECTION('',(-3.9274139496115E-15,1.,-1.06494213423804E-44));
#13204=DIRECTION('center_axis',(-3.9274139496115E-15,1.,-1.06494213423804E-44));
#13205=DIRECTION('ref_axis',(-1.,-3.9274139496115E-15,6.90241255006156E-31));
#13206=DIRECTION('',(1.,3.9274139496115E-15,-4.16333634234452E-15));
#13207=DIRECTION('center_axis',(-3.9274139496115E-15,1.,-1.06494213423804E-44));
#13208=DIRECTION('ref_axis',(6.90241255006156E-31,1.33602844758889E-44,
1.));
#13209=DIRECTION('',(2.80477395694777E-14,1.10155083640237E-28,-1.));
#13210=DIRECTION('',(0.,-1.06494213423804E-44,-1.));
#13211=DIRECTION('',(6.90241255006156E-31,1.33602844758889E-44,1.));
#13212=DIRECTION('',(-1.,-3.9274139496115E-15,6.90241255006156E-31));
#13213=DIRECTION('center_axis',(-3.9274139496115E-15,1.,2.21935114152319E-44));
#13214=DIRECTION('ref_axis',(-1.3322676295501E-13,-5.23236647291091E-28,
-1.));
#13215=DIRECTION('',(6.90241255006156E-31,1.33602844758889E-44,1.));
#13216=DIRECTION('center_axis',(3.9274139496115E-15,-1.,1.06494213423804E-44));
#13217=DIRECTION('ref_axis',(6.90241255006156E-31,1.33602844758889E-44,
1.));
#13218=DIRECTION('center_axis',(-3.9274139496115E-15,1.,-1.06494213423804E-44));
#13219=DIRECTION('ref_axis',(-1.3322676295501E-13,-5.23236647291091E-28,
-1.));
#13220=DIRECTION('',(3.9274139496115E-15,-1.,1.06494213423804E-44));
#13221=DIRECTION('',(-3.9274139496115E-15,1.,-1.06494213423804E-44));
#13222=DIRECTION('center_axis',(1.,3.9274139496115E-15,-6.90241255006156E-31));
#13223=DIRECTION('ref_axis',(-6.90241255006156E-31,-1.33602844758889E-44,
-1.));
#13224=DIRECTION('',(-3.9274139496115E-15,1.,-1.06494213423804E-44));
#13225=DIRECTION('center_axis',(-3.9274139496115E-15,1.,-1.06494213423804E-44));
#13226=DIRECTION('ref_axis',(6.90241255006156E-31,1.33602844758889E-44,
1.));
#13227=DIRECTION('center_axis',(-4.16333634234452E-15,-1.63511452278484E-29,
-1.));
#13228=DIRECTION('ref_axis',(-1.,-3.9274139496115E-15,4.16333634234452E-15));
#13229=DIRECTION('',(-3.9274139496115E-15,1.,-1.06494213423804E-44));
#13230=DIRECTION('center_axis',(-3.9274139496115E-15,1.,-1.06494213423804E-44));
#13231=DIRECTION('ref_axis',(6.90241255006156E-31,1.33602844758889E-44,
1.));
#13232=DIRECTION('',(-3.9274139496115E-15,1.,-1.06494213423804E-44));
#13233=DIRECTION('center_axis',(-1.,-3.9274139496115E-15,-2.80477395694777E-14));
#13234=DIRECTION('ref_axis',(-2.80477395694777E-14,-1.10155083640237E-28,
1.));
#13235=DIRECTION('center_axis',(1.,3.9274139496115E-15,-6.90241255006156E-31));
#13236=DIRECTION('ref_axis',(-6.90241255006156E-31,-1.33602844758889E-44,
-1.));
#13237=DIRECTION('',(-3.9274139496115E-15,1.,-1.06494213423804E-44));
#13238=DIRECTION('center_axis',(6.90241255006156E-31,1.33602844758889E-44,
1.));
#13239=DIRECTION('ref_axis',(1.,3.9274139496115E-15,-6.90241255006156E-31));
#13240=DIRECTION('center_axis',(-3.9274139496115E-15,1.,-1.06494213423804E-44));
#13241=DIRECTION('ref_axis',(-3.33066907387541E-14,-1.30809161822779E-28,
-1.));
#13242=DIRECTION('',(-3.9274139496115E-15,1.,-1.06494213423804E-44));
#13243=DIRECTION('center_axis',(3.9274139496115E-15,-1.,1.06494213423804E-44));
#13244=DIRECTION('ref_axis',(-3.33066907387541E-14,-1.30809161822779E-28,
-1.));
#13245=DIRECTION('',(-3.9274139496115E-15,1.,-1.06494213423804E-44));
#13246=DIRECTION('center_axis',(-3.9274139496115E-15,1.,-1.06494213423804E-44));
#13247=DIRECTION('ref_axis',(-1.,-3.9274139496115E-15,6.90241255006156E-31));
#13248=DIRECTION('',(1.,3.9274139496115E-15,-4.16333634234452E-15));
#13249=DIRECTION('center_axis',(-3.9274139496115E-15,1.,-1.06494213423804E-44));
#13250=DIRECTION('ref_axis',(6.90241255006156E-31,1.33602844758889E-44,
1.));
#13251=DIRECTION('',(2.80477395694777E-14,1.10155083640237E-28,-1.));
#13252=DIRECTION('',(0.,-1.06494213423804E-44,-1.));
#13253=DIRECTION('',(6.90241255006156E-31,1.33602844758889E-44,1.));
#13254=DIRECTION('',(-1.,-3.9274139496115E-15,6.90241255006156E-31));
#13255=DIRECTION('center_axis',(-3.9274139496115E-15,1.,2.21935114152319E-44));
#13256=DIRECTION('ref_axis',(-1.3322676295501E-13,-5.23236647291091E-28,
-1.));
#13257=DIRECTION('',(6.90241255006156E-31,1.33602844758889E-44,1.));
#13258=DIRECTION('center_axis',(3.9274139496115E-15,-1.,1.06494213423804E-44));
#13259=DIRECTION('ref_axis',(6.90241255006156E-31,1.33602844758889E-44,
1.));
#13260=DIRECTION('center_axis',(-3.9274139496115E-15,1.,-1.06494213423804E-44));
#13261=DIRECTION('ref_axis',(-1.3322676295501E-13,-5.23236647291091E-28,
-1.));
#13262=DIRECTION('',(3.9274139496115E-15,-1.,1.06494213423804E-44));
#13263=DIRECTION('',(-3.9274139496115E-15,1.,-1.06494213423804E-44));
#13264=DIRECTION('center_axis',(1.,3.9274139496115E-15,-6.90241255006156E-31));
#13265=DIRECTION('ref_axis',(-6.90241255006156E-31,-1.33602844758889E-44,
-1.));
#13266=DIRECTION('',(-3.9274139496115E-15,1.,-1.06494213423804E-44));
#13267=DIRECTION('center_axis',(-3.9274139496115E-15,1.,-1.06494213423804E-44));
#13268=DIRECTION('ref_axis',(6.90241255006156E-31,1.33602844758889E-44,
1.));
#13269=DIRECTION('center_axis',(-4.16333634234452E-15,-1.63511452278484E-29,
-1.));
#13270=DIRECTION('ref_axis',(-1.,-3.9274139496115E-15,4.16333634234452E-15));
#13271=DIRECTION('',(-3.9274139496115E-15,1.,-1.06494213423804E-44));
#13272=DIRECTION('center_axis',(-3.9274139496115E-15,1.,-1.06494213423804E-44));
#13273=DIRECTION('ref_axis',(6.90241255006156E-31,1.33602844758889E-44,
1.));
#13274=DIRECTION('',(-3.9274139496115E-15,1.,-1.06494213423804E-44));
#13275=DIRECTION('center_axis',(-1.,-3.9274139496115E-15,-2.80477395694777E-14));
#13276=DIRECTION('ref_axis',(-2.80477395694777E-14,-1.10155083640237E-28,
1.));
#13277=DIRECTION('center_axis',(1.,3.9274139496115E-15,-6.90241255006156E-31));
#13278=DIRECTION('ref_axis',(-6.90241255006156E-31,-1.33602844758889E-44,
-1.));
#13279=DIRECTION('',(-3.9274139496115E-15,1.,-1.06494213423804E-44));
#13280=DIRECTION('center_axis',(6.90241255006156E-31,1.33602844758889E-44,
1.));
#13281=DIRECTION('ref_axis',(1.,3.9274139496115E-15,-6.90241255006156E-31));
#13282=DIRECTION('center_axis',(-3.9274139496115E-15,1.,-1.06494213423804E-44));
#13283=DIRECTION('ref_axis',(-3.33066907387541E-14,-1.30809161822779E-28,
-1.));
#13284=DIRECTION('',(-3.9274139496115E-15,1.,-1.06494213423804E-44));
#13285=DIRECTION('center_axis',(3.9274139496115E-15,-1.,1.06494213423804E-44));
#13286=DIRECTION('ref_axis',(-3.33066907387541E-14,-1.30809161822779E-28,
-1.));
#13287=DIRECTION('',(-3.9274139496115E-15,1.,-1.06494213423804E-44));
#13288=DIRECTION('center_axis',(-3.9274139496115E-15,1.,-1.06494213423804E-44));
#13289=DIRECTION('ref_axis',(-1.,-3.9274139496115E-15,6.90241255006156E-31));
#13290=DIRECTION('',(1.,3.9274139496115E-15,-4.16333634234452E-15));
#13291=DIRECTION('center_axis',(-3.9274139496115E-15,1.,-1.06494213423804E-44));
#13292=DIRECTION('ref_axis',(6.90241255006156E-31,1.33602844758889E-44,
1.));
#13293=DIRECTION('',(2.80477395694777E-14,1.10155083640237E-28,-1.));
#13294=DIRECTION('',(0.,-1.06494213423804E-44,-1.));
#13295=DIRECTION('',(6.90241255006156E-31,1.33602844758889E-44,1.));
#13296=DIRECTION('',(-1.,-3.9274139496115E-15,6.90241255006156E-31));
#13297=DIRECTION('center_axis',(-3.9274139496115E-15,1.,2.21935114152319E-44));
#13298=DIRECTION('ref_axis',(-1.3322676295501E-13,-5.23236647291091E-28,
-1.));
#13299=DIRECTION('',(6.90241255006156E-31,1.33602844758889E-44,1.));
#13300=DIRECTION('center_axis',(3.9274139496115E-15,-1.,1.06494213423804E-44));
#13301=DIRECTION('ref_axis',(6.90241255006156E-31,1.33602844758889E-44,
1.));
#13302=DIRECTION('center_axis',(-3.9274139496115E-15,1.,-1.06494213423804E-44));
#13303=DIRECTION('ref_axis',(-1.3322676295501E-13,-5.23236647291091E-28,
-1.));
#13304=DIRECTION('',(3.9274139496115E-15,-1.,1.06494213423804E-44));
#13305=DIRECTION('',(-3.9274139496115E-15,1.,-1.06494213423804E-44));
#13306=DIRECTION('center_axis',(1.,3.9274139496115E-15,-6.90241255006156E-31));
#13307=DIRECTION('ref_axis',(-6.90241255006156E-31,-1.33602844758889E-44,
-1.));
#13308=DIRECTION('',(-3.9274139496115E-15,1.,-1.06494213423804E-44));
#13309=DIRECTION('center_axis',(-3.9274139496115E-15,1.,-1.06494213423804E-44));
#13310=DIRECTION('ref_axis',(6.90241255006156E-31,1.33602844758889E-44,
1.));
#13311=DIRECTION('center_axis',(-4.16333634234452E-15,-1.63511452278484E-29,
-1.));
#13312=DIRECTION('ref_axis',(-1.,-3.9274139496115E-15,4.16333634234452E-15));
#13313=DIRECTION('',(-3.9274139496115E-15,1.,-1.06494213423804E-44));
#13314=DIRECTION('center_axis',(-3.9274139496115E-15,1.,-1.06494213423804E-44));
#13315=DIRECTION('ref_axis',(6.90241255006156E-31,1.33602844758889E-44,
1.));
#13316=DIRECTION('',(-3.9274139496115E-15,1.,-1.06494213423804E-44));
#13317=DIRECTION('center_axis',(-1.,-3.9274139496115E-15,-2.80477395694777E-14));
#13318=DIRECTION('ref_axis',(-2.80477395694777E-14,-1.10155083640237E-28,
1.));
#13319=DIRECTION('center_axis',(1.,3.9274139496115E-15,-6.90241255006156E-31));
#13320=DIRECTION('ref_axis',(-6.90241255006156E-31,-1.33602844758889E-44,
-1.));
#13321=DIRECTION('',(-3.9274139496115E-15,1.,-1.06494213423804E-44));
#13322=DIRECTION('center_axis',(6.90241255006156E-31,1.33602844758889E-44,
1.));
#13323=DIRECTION('ref_axis',(1.,3.9274139496115E-15,-6.90241255006156E-31));
#13324=DIRECTION('center_axis',(-3.9274139496115E-15,1.,-1.06494213423804E-44));
#13325=DIRECTION('ref_axis',(-3.33066907387541E-14,-1.30809161822779E-28,
-1.));
#13326=DIRECTION('',(-3.9274139496115E-15,1.,-1.06494213423804E-44));
#13327=DIRECTION('center_axis',(3.9274139496115E-15,-1.,1.06494213423804E-44));
#13328=DIRECTION('ref_axis',(-3.33066907387541E-14,-1.30809161822779E-28,
-1.));
#13329=DIRECTION('',(-3.9274139496115E-15,1.,-1.06494213423804E-44));
#13330=DIRECTION('center_axis',(-3.9274139496115E-15,1.,-1.06494213423804E-44));
#13331=DIRECTION('ref_axis',(-1.,-3.9274139496115E-15,6.90241255006156E-31));
#13332=DIRECTION('',(1.,3.9274139496115E-15,-4.16333634234452E-15));
#13333=DIRECTION('center_axis',(-3.9274139496115E-15,1.,-1.06494213423804E-44));
#13334=DIRECTION('ref_axis',(6.90241255006156E-31,1.33602844758889E-44,
1.));
#13335=DIRECTION('',(2.80477395694777E-14,1.10155083640237E-28,-1.));
#13336=DIRECTION('',(0.,-1.06494213423804E-44,-1.));
#13337=DIRECTION('',(6.90241255006156E-31,1.33602844758889E-44,1.));
#13338=DIRECTION('',(-1.,-3.9274139496115E-15,6.90241255006156E-31));
#13339=DIRECTION('center_axis',(-3.9274139496115E-15,1.,2.21935114152319E-44));
#13340=DIRECTION('ref_axis',(-1.3322676295501E-13,-5.23236647291091E-28,
-1.));
#13341=DIRECTION('',(6.90241255006156E-31,1.33602844758889E-44,1.));
#13342=DIRECTION('center_axis',(3.9274139496115E-15,-1.,1.06494213423804E-44));
#13343=DIRECTION('ref_axis',(6.90241255006156E-31,1.33602844758889E-44,
1.));
#13344=DIRECTION('center_axis',(-3.9274139496115E-15,1.,-1.06494213423804E-44));
#13345=DIRECTION('ref_axis',(-1.3322676295501E-13,-5.23236647291091E-28,
-1.));
#13346=DIRECTION('',(3.9274139496115E-15,-1.,1.06494213423804E-44));
#13347=DIRECTION('',(-3.9274139496115E-15,1.,-1.06494213423804E-44));
#13348=DIRECTION('center_axis',(1.,3.9274139496115E-15,-6.90241255006156E-31));
#13349=DIRECTION('ref_axis',(-6.90241255006156E-31,-1.33602844758889E-44,
-1.));
#13350=DIRECTION('',(-3.9274139496115E-15,1.,-1.06494213423804E-44));
#13351=DIRECTION('center_axis',(-3.9274139496115E-15,1.,-1.06494213423804E-44));
#13352=DIRECTION('ref_axis',(6.90241255006156E-31,1.33602844758889E-44,
1.));
#13353=DIRECTION('center_axis',(-4.16333634234452E-15,-1.63511452278484E-29,
-1.));
#13354=DIRECTION('ref_axis',(-1.,-3.9274139496115E-15,4.16333634234452E-15));
#13355=DIRECTION('',(-3.9274139496115E-15,1.,-1.06494213423804E-44));
#13356=DIRECTION('center_axis',(-3.9274139496115E-15,1.,-1.06494213423804E-44));
#13357=DIRECTION('ref_axis',(6.90241255006156E-31,1.33602844758889E-44,
1.));
#13358=DIRECTION('',(-3.9274139496115E-15,1.,-1.06494213423804E-44));
#13359=DIRECTION('center_axis',(-1.,-3.9274139496115E-15,-2.80477395694777E-14));
#13360=DIRECTION('ref_axis',(-2.80477395694777E-14,-1.10155083640237E-28,
1.));
#13361=DIRECTION('center_axis',(1.,3.9274139496115E-15,-6.90241255006156E-31));
#13362=DIRECTION('ref_axis',(-6.90241255006156E-31,-1.33602844758889E-44,
-1.));
#13363=DIRECTION('',(-3.9274139496115E-15,1.,-1.06494213423804E-44));
#13364=DIRECTION('center_axis',(6.90241255006156E-31,1.33602844758889E-44,
1.));
#13365=DIRECTION('ref_axis',(1.,3.9274139496115E-15,-6.90241255006156E-31));
#13366=DIRECTION('center_axis',(-3.9274139496115E-15,1.,-1.06494213423804E-44));
#13367=DIRECTION('ref_axis',(-3.33066907387541E-14,-1.30809161822779E-28,
-1.));
#13368=DIRECTION('',(-3.9274139496115E-15,1.,-1.06494213423804E-44));
#13369=DIRECTION('center_axis',(3.9274139496115E-15,-1.,1.06494213423804E-44));
#13370=DIRECTION('ref_axis',(-3.33066907387541E-14,-1.30809161822779E-28,
-1.));
#13371=DIRECTION('',(-3.9274139496115E-15,1.,-1.06494213423804E-44));
#13372=DIRECTION('center_axis',(-3.9274139496115E-15,1.,-1.06494213423804E-44));
#13373=DIRECTION('ref_axis',(-1.,-3.9274139496115E-15,6.90241255006156E-31));
#13374=DIRECTION('',(1.,3.9274139496115E-15,-4.16333634234452E-15));
#13375=DIRECTION('center_axis',(-3.9274139496115E-15,1.,-1.06494213423804E-44));
#13376=DIRECTION('ref_axis',(6.90241255006156E-31,1.33602844758889E-44,
1.));
#13377=DIRECTION('',(2.80477395694777E-14,1.10155083640237E-28,-1.));
#13378=DIRECTION('',(0.,-1.06494213423804E-44,-1.));
#13379=DIRECTION('',(6.90241255006156E-31,1.33602844758889E-44,1.));
#13380=DIRECTION('',(-1.,-3.9274139496115E-15,6.90241255006156E-31));
#13381=DIRECTION('center_axis',(-3.9274139496115E-15,1.,2.21935114152319E-44));
#13382=DIRECTION('ref_axis',(-1.3322676295501E-13,-5.23236647291091E-28,
-1.));
#13383=DIRECTION('',(6.90241255006156E-31,1.33602844758889E-44,1.));
#13384=DIRECTION('center_axis',(3.9274139496115E-15,-1.,1.06494213423804E-44));
#13385=DIRECTION('ref_axis',(6.90241255006156E-31,1.33602844758889E-44,
1.));
#13386=DIRECTION('center_axis',(-3.9274139496115E-15,1.,-1.06494213423804E-44));
#13387=DIRECTION('ref_axis',(-1.3322676295501E-13,-5.23236647291091E-28,
-1.));
#13388=DIRECTION('',(3.9274139496115E-15,-1.,1.06494213423804E-44));
#13389=DIRECTION('',(-3.9274139496115E-15,1.,-1.06494213423804E-44));
#13390=DIRECTION('center_axis',(1.,3.9274139496115E-15,-6.90241255006156E-31));
#13391=DIRECTION('ref_axis',(-6.90241255006156E-31,-1.33602844758889E-44,
-1.));
#13392=DIRECTION('',(-3.9274139496115E-15,1.,-1.06494213423804E-44));
#13393=DIRECTION('center_axis',(-3.9274139496115E-15,1.,-1.06494213423804E-44));
#13394=DIRECTION('ref_axis',(6.90241255006156E-31,1.33602844758889E-44,
1.));
#13395=DIRECTION('center_axis',(-4.16333634234452E-15,-1.63511452278484E-29,
-1.));
#13396=DIRECTION('ref_axis',(-1.,-3.9274139496115E-15,4.16333634234452E-15));
#13397=DIRECTION('',(-3.9274139496115E-15,1.,-1.06494213423804E-44));
#13398=DIRECTION('center_axis',(-3.9274139496115E-15,1.,-1.06494213423804E-44));
#13399=DIRECTION('ref_axis',(6.90241255006156E-31,1.33602844758889E-44,
1.));
#13400=DIRECTION('',(-3.9274139496115E-15,1.,-1.06494213423804E-44));
#13401=DIRECTION('center_axis',(-1.,-3.9274139496115E-15,-2.80477395694777E-14));
#13402=DIRECTION('ref_axis',(-2.80477395694777E-14,-1.10155083640237E-28,
1.));
#13403=DIRECTION('center_axis',(1.,3.9274139496115E-15,-6.90241255006156E-31));
#13404=DIRECTION('ref_axis',(-6.90241255006156E-31,-1.33602844758889E-44,
-1.));
#13405=DIRECTION('',(-3.9274139496115E-15,1.,-1.06494213423804E-44));
#13406=DIRECTION('center_axis',(6.90241255006156E-31,1.33602844758889E-44,
1.));
#13407=DIRECTION('ref_axis',(1.,3.9274139496115E-15,-6.90241255006156E-31));
#13408=DIRECTION('center_axis',(-3.9274139496115E-15,1.,-1.06494213423804E-44));
#13409=DIRECTION('ref_axis',(-3.33066907387541E-14,-1.30809161822779E-28,
-1.));
#13410=DIRECTION('',(-3.9274139496115E-15,1.,-1.06494213423804E-44));
#13411=DIRECTION('center_axis',(3.9274139496115E-15,-1.,1.06494213423804E-44));
#13412=DIRECTION('ref_axis',(-3.33066907387541E-14,-1.30809161822779E-28,
-1.));
#13413=DIRECTION('',(-3.9274139496115E-15,1.,-1.06494213423804E-44));
#13414=DIRECTION('center_axis',(-3.9274139496115E-15,1.,-1.06494213423804E-44));
#13415=DIRECTION('ref_axis',(-1.,-3.9274139496115E-15,6.90241255006156E-31));
#13416=DIRECTION('',(1.,3.9274139496115E-15,-4.16333634234452E-15));
#13417=DIRECTION('center_axis',(-3.9274139496115E-15,1.,-1.06494213423804E-44));
#13418=DIRECTION('ref_axis',(6.90241255006156E-31,1.33602844758889E-44,
1.));
#13419=DIRECTION('',(2.80477395694777E-14,1.10155083640237E-28,-1.));
#13420=DIRECTION('',(0.,-1.06494213423804E-44,-1.));
#13421=DIRECTION('',(6.90241255006156E-31,1.33602844758889E-44,1.));
#13422=DIRECTION('',(-1.,-3.9274139496115E-15,6.90241255006156E-31));
#13423=DIRECTION('center_axis',(-3.9274139496115E-15,1.,2.21935114152319E-44));
#13424=DIRECTION('ref_axis',(-1.3322676295501E-13,-5.23236647291091E-28,
-1.));
#13425=DIRECTION('',(6.90241255006156E-31,1.33602844758889E-44,1.));
#13426=DIRECTION('center_axis',(3.9274139496115E-15,-1.,1.06494213423804E-44));
#13427=DIRECTION('ref_axis',(6.90241255006156E-31,1.33602844758889E-44,
1.));
#13428=DIRECTION('center_axis',(-3.9274139496115E-15,1.,-1.06494213423804E-44));
#13429=DIRECTION('ref_axis',(-1.3322676295501E-13,-5.23236647291091E-28,
-1.));
#13430=DIRECTION('',(3.9274139496115E-15,-1.,1.06494213423804E-44));
#13431=DIRECTION('',(-3.9274139496115E-15,1.,-1.06494213423804E-44));
#13432=DIRECTION('center_axis',(1.,3.9274139496115E-15,-6.90241255006156E-31));
#13433=DIRECTION('ref_axis',(-6.90241255006156E-31,-1.33602844758889E-44,
-1.));
#13434=DIRECTION('',(-3.9274139496115E-15,1.,-1.06494213423804E-44));
#13435=DIRECTION('center_axis',(-3.9274139496115E-15,1.,-1.06494213423804E-44));
#13436=DIRECTION('ref_axis',(6.90241255006156E-31,1.33602844758889E-44,
1.));
#13437=DIRECTION('center_axis',(-4.16333634234452E-15,-1.63511452278484E-29,
-1.));
#13438=DIRECTION('ref_axis',(-1.,-3.9274139496115E-15,4.16333634234452E-15));
#13439=DIRECTION('',(-3.9274139496115E-15,1.,-1.06494213423804E-44));
#13440=DIRECTION('center_axis',(-3.9274139496115E-15,1.,-1.06494213423804E-44));
#13441=DIRECTION('ref_axis',(6.90241255006156E-31,1.33602844758889E-44,
1.));
#13442=DIRECTION('',(-3.9274139496115E-15,1.,-1.06494213423804E-44));
#13443=DIRECTION('center_axis',(-1.,-3.9274139496115E-15,-2.80477395694777E-14));
#13444=DIRECTION('ref_axis',(-2.80477395694777E-14,-1.10155083640237E-28,
1.));
#13445=DIRECTION('center_axis',(1.,3.9274139496115E-15,-6.90241255006156E-31));
#13446=DIRECTION('ref_axis',(-6.90241255006156E-31,-1.33602844758889E-44,
-1.));
#13447=DIRECTION('',(-3.9274139496115E-15,1.,-1.06494213423804E-44));
#13448=DIRECTION('center_axis',(6.90241255006156E-31,1.33602844758889E-44,
1.));
#13449=DIRECTION('ref_axis',(1.,3.9274139496115E-15,-6.90241255006156E-31));
#13450=DIRECTION('center_axis',(-3.9274139496115E-15,1.,-1.06494213423804E-44));
#13451=DIRECTION('ref_axis',(-3.33066907387541E-14,-1.30809161822779E-28,
-1.));
#13452=DIRECTION('',(-3.9274139496115E-15,1.,-1.06494213423804E-44));
#13453=DIRECTION('center_axis',(3.9274139496115E-15,-1.,1.06494213423804E-44));
#13454=DIRECTION('ref_axis',(-3.33066907387541E-14,-1.30809161822779E-28,
-1.));
#13455=DIRECTION('',(-3.9274139496115E-15,1.,-1.06494213423804E-44));
#13456=DIRECTION('center_axis',(-3.9274139496115E-15,1.,-1.06494213423804E-44));
#13457=DIRECTION('ref_axis',(-1.,-3.9274139496115E-15,6.90241255006156E-31));
#13458=DIRECTION('',(1.,3.9274139496115E-15,-4.16333634234452E-15));
#13459=DIRECTION('center_axis',(-3.9274139496115E-15,1.,-1.06494213423804E-44));
#13460=DIRECTION('ref_axis',(6.90241255006156E-31,1.33602844758889E-44,
1.));
#13461=DIRECTION('',(2.80477395694777E-14,1.10155083640237E-28,-1.));
#13462=DIRECTION('',(0.,-1.06494213423804E-44,-1.));
#13463=DIRECTION('',(6.90241255006156E-31,1.33602844758889E-44,1.));
#13464=DIRECTION('',(-1.,-3.9274139496115E-15,6.90241255006156E-31));
#13465=DIRECTION('center_axis',(-3.9274139496115E-15,1.,2.21935114152319E-44));
#13466=DIRECTION('ref_axis',(-1.3322676295501E-13,-5.23236647291091E-28,
-1.));
#13467=DIRECTION('',(6.90241255006156E-31,1.33602844758889E-44,1.));
#13468=DIRECTION('center_axis',(3.9274139496115E-15,-1.,1.06494213423804E-44));
#13469=DIRECTION('ref_axis',(6.90241255006156E-31,1.33602844758889E-44,
1.));
#13470=DIRECTION('center_axis',(-3.9274139496115E-15,1.,-1.06494213423804E-44));
#13471=DIRECTION('ref_axis',(-1.3322676295501E-13,-5.23236647291091E-28,
-1.));
#13472=DIRECTION('',(3.9274139496115E-15,-1.,1.06494213423804E-44));
#13473=DIRECTION('',(-3.9274139496115E-15,1.,-1.06494213423804E-44));
#13474=DIRECTION('center_axis',(1.,3.9274139496115E-15,-6.90241255006156E-31));
#13475=DIRECTION('ref_axis',(-6.90241255006156E-31,-1.33602844758889E-44,
-1.));
#13476=DIRECTION('',(-3.9274139496115E-15,1.,-1.06494213423804E-44));
#13477=DIRECTION('center_axis',(-3.9274139496115E-15,1.,-1.06494213423804E-44));
#13478=DIRECTION('ref_axis',(6.90241255006156E-31,1.33602844758889E-44,
1.));
#13479=DIRECTION('center_axis',(-4.16333634234452E-15,-1.63511452278484E-29,
-1.));
#13480=DIRECTION('ref_axis',(-1.,-3.9274139496115E-15,4.16333634234452E-15));
#13481=DIRECTION('',(-3.9274139496115E-15,1.,-1.06494213423804E-44));
#13482=DIRECTION('center_axis',(-3.9274139496115E-15,1.,-1.06494213423804E-44));
#13483=DIRECTION('ref_axis',(6.90241255006156E-31,1.33602844758889E-44,
1.));
#13484=DIRECTION('',(-3.9274139496115E-15,1.,-1.06494213423804E-44));
#13485=DIRECTION('center_axis',(-1.,-3.9274139496115E-15,-2.80477395694777E-14));
#13486=DIRECTION('ref_axis',(-2.80477395694777E-14,-1.10155083640237E-28,
1.));
#13487=DIRECTION('center_axis',(1.,3.9274139496115E-15,-6.90241255006156E-31));
#13488=DIRECTION('ref_axis',(-6.90241255006156E-31,-1.33602844758889E-44,
-1.));
#13489=DIRECTION('',(-3.9274139496115E-15,1.,-1.06494213423804E-44));
#13490=DIRECTION('center_axis',(6.90241255006156E-31,1.33602844758889E-44,
1.));
#13491=DIRECTION('ref_axis',(1.,3.9274139496115E-15,-6.90241255006156E-31));
#13492=DIRECTION('center_axis',(-3.9274139496115E-15,1.,-1.06494213423804E-44));
#13493=DIRECTION('ref_axis',(-3.33066907387541E-14,-1.30809161822779E-28,
-1.));
#13494=DIRECTION('',(-3.9274139496115E-15,1.,-1.06494213423804E-44));
#13495=DIRECTION('center_axis',(3.9274139496115E-15,-1.,1.06494213423804E-44));
#13496=DIRECTION('ref_axis',(-3.33066907387541E-14,-1.30809161822779E-28,
-1.));
#13497=DIRECTION('',(-3.9274139496115E-15,1.,-1.06494213423804E-44));
#13498=DIRECTION('center_axis',(-3.9274139496115E-15,1.,-1.06494213423804E-44));
#13499=DIRECTION('ref_axis',(-1.,-3.9274139496115E-15,6.90241255006156E-31));
#13500=DIRECTION('',(1.,3.9274139496115E-15,-4.16333634234452E-15));
#13501=DIRECTION('center_axis',(-3.9274139496115E-15,1.,-1.06494213423804E-44));
#13502=DIRECTION('ref_axis',(6.90241255006156E-31,1.33602844758889E-44,
1.));
#13503=DIRECTION('',(2.80477395694777E-14,1.10155083640237E-28,-1.));
#13504=DIRECTION('',(0.,-1.06494213423804E-44,-1.));
#13505=DIRECTION('',(6.90241255006156E-31,1.33602844758889E-44,1.));
#13506=DIRECTION('',(-1.,-3.9274139496115E-15,6.90241255006156E-31));
#13507=DIRECTION('center_axis',(-3.9274139496115E-15,1.,2.21935114152319E-44));
#13508=DIRECTION('ref_axis',(-1.3322676295501E-13,-5.23236647291091E-28,
-1.));
#13509=DIRECTION('',(6.90241255006156E-31,1.33602844758889E-44,1.));
#13510=DIRECTION('center_axis',(3.9274139496115E-15,-1.,1.06494213423804E-44));
#13511=DIRECTION('ref_axis',(6.90241255006156E-31,1.33602844758889E-44,
1.));
#13512=DIRECTION('center_axis',(-3.9274139496115E-15,1.,-1.06494213423804E-44));
#13513=DIRECTION('ref_axis',(-1.3322676295501E-13,-5.23236647291091E-28,
-1.));
#13514=DIRECTION('',(3.9274139496115E-15,-1.,1.06494213423804E-44));
#13515=DIRECTION('',(-3.9274139496115E-15,1.,-1.06494213423804E-44));
#13516=DIRECTION('center_axis',(1.,3.9274139496115E-15,-6.90241255006156E-31));
#13517=DIRECTION('ref_axis',(-6.90241255006156E-31,-1.33602844758889E-44,
-1.));
#13518=DIRECTION('',(-3.9274139496115E-15,1.,-1.06494213423804E-44));
#13519=DIRECTION('center_axis',(-3.9274139496115E-15,1.,-1.06494213423804E-44));
#13520=DIRECTION('ref_axis',(6.90241255006156E-31,1.33602844758889E-44,
1.));
#13521=DIRECTION('center_axis',(-4.16333634234452E-15,-1.63511452278484E-29,
-1.));
#13522=DIRECTION('ref_axis',(-1.,-3.9274139496115E-15,4.16333634234452E-15));
#13523=DIRECTION('',(-3.9274139496115E-15,1.,-1.06494213423804E-44));
#13524=DIRECTION('center_axis',(-3.9274139496115E-15,1.,-1.06494213423804E-44));
#13525=DIRECTION('ref_axis',(6.90241255006156E-31,1.33602844758889E-44,
1.));
#13526=DIRECTION('',(-3.9274139496115E-15,1.,-1.06494213423804E-44));
#13527=DIRECTION('center_axis',(-1.,-3.9274139496115E-15,-2.80477395694777E-14));
#13528=DIRECTION('ref_axis',(-2.80477395694777E-14,-1.10155083640237E-28,
1.));
#13529=DIRECTION('center_axis',(1.,3.9274139496115E-15,-6.90241255006156E-31));
#13530=DIRECTION('ref_axis',(-6.90241255006156E-31,-1.33602844758889E-44,
-1.));
#13531=DIRECTION('',(-3.9274139496115E-15,1.,-1.06494213423804E-44));
#13532=DIRECTION('center_axis',(6.90241255006156E-31,1.33602844758889E-44,
1.));
#13533=DIRECTION('ref_axis',(1.,3.9274139496115E-15,-6.90241255006156E-31));
#13534=DIRECTION('center_axis',(-3.9274139496115E-15,1.,-1.06494213423804E-44));
#13535=DIRECTION('ref_axis',(-3.33066907387541E-14,-1.30809161822779E-28,
-1.));
#13536=DIRECTION('',(-3.9274139496115E-15,1.,-1.06494213423804E-44));
#13537=DIRECTION('center_axis',(3.9274139496115E-15,-1.,1.06494213423804E-44));
#13538=DIRECTION('ref_axis',(-3.33066907387541E-14,-1.30809161822779E-28,
-1.));
#13539=DIRECTION('',(-3.9274139496115E-15,1.,-1.06494213423804E-44));
#13540=DIRECTION('center_axis',(-3.9274139496115E-15,1.,-1.06494213423804E-44));
#13541=DIRECTION('ref_axis',(-1.,-3.9274139496115E-15,6.90241255006156E-31));
#13542=DIRECTION('',(1.,3.9274139496115E-15,-4.16333634234452E-15));
#13543=DIRECTION('center_axis',(-3.9274139496115E-15,1.,-1.06494213423804E-44));
#13544=DIRECTION('ref_axis',(6.90241255006156E-31,1.33602844758889E-44,
1.));
#13545=DIRECTION('',(2.80477395694777E-14,1.10155083640237E-28,-1.));
#13546=DIRECTION('',(0.,-1.06494213423804E-44,-1.));
#13547=DIRECTION('',(6.90241255006156E-31,1.33602844758889E-44,1.));
#13548=DIRECTION('',(-1.,-3.9274139496115E-15,6.90241255006156E-31));
#13549=DIRECTION('center_axis',(-3.9274139496115E-15,1.,2.21935114152319E-44));
#13550=DIRECTION('ref_axis',(-1.3322676295501E-13,-5.23236647291091E-28,
-1.));
#13551=DIRECTION('',(6.90241255006156E-31,1.33602844758889E-44,1.));
#13552=DIRECTION('center_axis',(3.9274139496115E-15,-1.,1.06494213423804E-44));
#13553=DIRECTION('ref_axis',(6.90241255006156E-31,1.33602844758889E-44,
1.));
#13554=DIRECTION('center_axis',(-3.9274139496115E-15,1.,-1.06494213423804E-44));
#13555=DIRECTION('ref_axis',(-1.3322676295501E-13,-5.23236647291091E-28,
-1.));
#13556=DIRECTION('',(3.9274139496115E-15,-1.,1.06494213423804E-44));
#13557=DIRECTION('',(-3.9274139496115E-15,1.,-1.06494213423804E-44));
#13558=DIRECTION('center_axis',(1.,3.9274139496115E-15,-6.90241255006156E-31));
#13559=DIRECTION('ref_axis',(-6.90241255006156E-31,-1.33602844758889E-44,
-1.));
#13560=DIRECTION('',(-3.9274139496115E-15,1.,-1.06494213423804E-44));
#13561=DIRECTION('center_axis',(-3.9274139496115E-15,1.,-1.06494213423804E-44));
#13562=DIRECTION('ref_axis',(6.90241255006156E-31,1.33602844758889E-44,
1.));
#13563=DIRECTION('center_axis',(-4.16333634234452E-15,-1.63511452278484E-29,
-1.));
#13564=DIRECTION('ref_axis',(-1.,-3.9274139496115E-15,4.16333634234452E-15));
#13565=DIRECTION('',(-3.9274139496115E-15,1.,-1.06494213423804E-44));
#13566=DIRECTION('center_axis',(-3.9274139496115E-15,1.,-1.06494213423804E-44));
#13567=DIRECTION('ref_axis',(6.90241255006156E-31,1.33602844758889E-44,
1.));
#13568=DIRECTION('',(-3.9274139496115E-15,1.,-1.06494213423804E-44));
#13569=DIRECTION('center_axis',(-1.,-3.9274139496115E-15,-2.80477395694777E-14));
#13570=DIRECTION('ref_axis',(-2.80477395694777E-14,-1.10155083640237E-28,
1.));
#13571=DIRECTION('center_axis',(1.,3.9274139496115E-15,-6.90241255006156E-31));
#13572=DIRECTION('ref_axis',(-6.90241255006156E-31,-1.33602844758889E-44,
-1.));
#13573=DIRECTION('',(-3.9274139496115E-15,1.,-1.06494213423804E-44));
#13574=DIRECTION('center_axis',(6.90241255006156E-31,1.33602844758889E-44,
1.));
#13575=DIRECTION('ref_axis',(1.,3.9274139496115E-15,-6.90241255006156E-31));
#13576=DIRECTION('center_axis',(-3.9274139496115E-15,1.,-1.06494213423804E-44));
#13577=DIRECTION('ref_axis',(-3.33066907387541E-14,-1.30809161822779E-28,
-1.));
#13578=DIRECTION('',(-3.9274139496115E-15,1.,-1.06494213423804E-44));
#13579=DIRECTION('center_axis',(3.9274139496115E-15,-1.,1.06494213423804E-44));
#13580=DIRECTION('ref_axis',(-3.33066907387541E-14,-1.30809161822779E-28,
-1.));
#13581=DIRECTION('',(-3.9274139496115E-15,1.,-1.06494213423804E-44));
#13582=DIRECTION('center_axis',(-3.9274139496115E-15,1.,-1.06494213423804E-44));
#13583=DIRECTION('ref_axis',(-1.,-3.9274139496115E-15,6.90241255006156E-31));
#13584=DIRECTION('',(1.,3.9274139496115E-15,-4.16333634234452E-15));
#13585=DIRECTION('center_axis',(-3.9274139496115E-15,1.,-1.06494213423804E-44));
#13586=DIRECTION('ref_axis',(6.90241255006156E-31,1.33602844758889E-44,
1.));
#13587=DIRECTION('',(2.80477395694777E-14,1.10155083640237E-28,-1.));
#13588=DIRECTION('',(0.,-1.06494213423804E-44,-1.));
#13589=DIRECTION('',(6.90241255006156E-31,1.33602844758889E-44,1.));
#13590=DIRECTION('',(-1.,-3.9274139496115E-15,6.90241255006156E-31));
#13591=DIRECTION('center_axis',(-3.9274139496115E-15,1.,2.21935114152319E-44));
#13592=DIRECTION('ref_axis',(-1.3322676295501E-13,-5.23236647291091E-28,
-1.));
#13593=DIRECTION('',(6.90241255006156E-31,1.33602844758889E-44,1.));
#13594=DIRECTION('center_axis',(3.9274139496115E-15,-1.,1.06494213423804E-44));
#13595=DIRECTION('ref_axis',(6.90241255006156E-31,1.33602844758889E-44,
1.));
#13596=DIRECTION('center_axis',(-3.9274139496115E-15,1.,-1.06494213423804E-44));
#13597=DIRECTION('ref_axis',(-1.3322676295501E-13,-5.23236647291091E-28,
-1.));
#13598=DIRECTION('',(3.9274139496115E-15,-1.,1.06494213423804E-44));
#13599=DIRECTION('',(-3.9274139496115E-15,1.,-1.06494213423804E-44));
#13600=DIRECTION('center_axis',(1.,3.9274139496115E-15,-6.90241255006156E-31));
#13601=DIRECTION('ref_axis',(-6.90241255006156E-31,-1.33602844758889E-44,
-1.));
#13602=DIRECTION('',(-3.9274139496115E-15,1.,-1.06494213423804E-44));
#13603=DIRECTION('center_axis',(-3.9274139496115E-15,1.,-1.06494213423804E-44));
#13604=DIRECTION('ref_axis',(6.90241255006156E-31,1.33602844758889E-44,
1.));
#13605=DIRECTION('center_axis',(-4.16333634234452E-15,-1.63511452278484E-29,
-1.));
#13606=DIRECTION('ref_axis',(-1.,-3.9274139496115E-15,4.16333634234452E-15));
#13607=DIRECTION('',(-3.9274139496115E-15,1.,-1.06494213423804E-44));
#13608=DIRECTION('center_axis',(-3.9274139496115E-15,1.,-1.06494213423804E-44));
#13609=DIRECTION('ref_axis',(6.90241255006156E-31,1.33602844758889E-44,
1.));
#13610=DIRECTION('',(-3.9274139496115E-15,1.,-1.06494213423804E-44));
#13611=DIRECTION('center_axis',(-1.,-3.9274139496115E-15,-2.80477395694777E-14));
#13612=DIRECTION('ref_axis',(-2.80477395694777E-14,-1.10155083640237E-28,
1.));
#13613=DIRECTION('center_axis',(1.,3.9274139496115E-15,-6.90241255006156E-31));
#13614=DIRECTION('ref_axis',(-6.90241255006156E-31,-1.33602844758889E-44,
-1.));
#13615=DIRECTION('',(-3.9274139496115E-15,1.,-1.06494213423804E-44));
#13616=DIRECTION('center_axis',(6.90241255006156E-31,1.33602844758889E-44,
1.));
#13617=DIRECTION('ref_axis',(1.,3.9274139496115E-15,-6.90241255006156E-31));
#13618=DIRECTION('center_axis',(2.22044604925031E-16,5.55111512312579E-17,
-1.));
#13619=DIRECTION('ref_axis',(-0.707106781186547,0.707106781186547,-1.17756934401283E-16));
#13620=DIRECTION('',(-2.22044604925031E-16,-5.55111512312579E-17,1.));
#13621=DIRECTION('center_axis',(-2.22044604925031E-16,-5.55111512312579E-17,
1.));
#13622=DIRECTION('ref_axis',(-1.,-1.97215226305253E-31,-2.22044604925031E-16));
#13623=DIRECTION('center_axis',(-1.,-1.97215226305253E-31,-2.22044604925031E-16));
#13624=DIRECTION('ref_axis',(-2.09541177949331E-31,1.,5.55111512312579E-17));
#13625=DIRECTION('',(2.22044604925031E-16,5.55111512312579E-17,-1.));
#13626=DIRECTION('',(2.09541177949331E-31,-1.,-5.55111512312579E-17));
#13627=DIRECTION('center_axis',(2.22044604925031E-16,5.55111512312579E-17,
-1.));
#13628=DIRECTION('ref_axis',(-0.707106781186547,-0.707106781186547,-1.96261557335472E-16));
#13629=DIRECTION('center_axis',(-2.22044604925031E-16,-5.55111512312579E-17,
1.));
#13630=DIRECTION('ref_axis',(2.09541177949331E-31,-1.,-5.55111512312579E-17));
#13631=DIRECTION('center_axis',(-0.816496580927723,0.408248290463862,-0.40824829046387));
#13632=DIRECTION('ref_axis',(-0.577350269189622,-0.577350269189626,0.57735026918963));
#13633=DIRECTION('center_axis',(-1.,-1.97215226305253E-31,-2.22044604925031E-16));
#13634=DIRECTION('ref_axis',(-2.22044604925031E-16,-5.55111512312579E-17,
1.));
#13635=DIRECTION('center_axis',(1.75028513345912E-30,-1.,-6.99440505513849E-15));
#13636=DIRECTION('ref_axis',(-1.,-1.97215226305254E-31,-2.22044604925031E-16));
#13637=DIRECTION('center_axis',(-0.408248290463862,-0.816496580927727,0.408248290463862));
#13638=DIRECTION('ref_axis',(-0.577350269189618,0.577350269189624,0.577350269189635));
#13639=DIRECTION('center_axis',(-2.09541177949331E-31,1.,5.55111512312579E-17));
#13640=DIRECTION('ref_axis',(-2.22044604925031E-16,-5.55111512312579E-17,
1.));
#13641=DIRECTION('center_axis',(-1.,-1.97215226305253E-31,-2.22044604925031E-16));
#13642=DIRECTION('ref_axis',(-2.09541177949331E-31,1.,5.55111512312579E-17));
#13643=DIRECTION('center_axis',(-2.09541177949331E-31,1.,5.55111512312579E-17));
#13644=DIRECTION('ref_axis',(-0.707106781186548,-3.92523114670945E-17,0.707106781186547));
#13645=DIRECTION('',(-2.09541177949331E-31,1.,5.55111512312579E-17));
#13646=DIRECTION('center_axis',(-0.408248290463864,-0.816496580927729,-0.408248290463856));
#13647=DIRECTION('ref_axis',(0.577350269189623,-0.577350269189623,0.577350269189632));
#13648=DIRECTION('center_axis',(6.93889390390722E-15,-1.,-5.55111512312564E-17));
#13649=DIRECTION('ref_axis',(-2.22044604925031E-16,-5.55111512312579E-17,
1.));
#13650=DIRECTION('center_axis',(1.,1.97215226305253E-31,2.22044604925031E-16));
#13651=DIRECTION('ref_axis',(2.09541177949331E-31,-1.,-5.55111512312579E-17));
#13652=DIRECTION('center_axis',(-2.22044604925031E-16,-5.55111512312579E-17,
1.));
#13653=DIRECTION('ref_axis',(1.,1.97215226305253E-31,2.22044604925031E-16));
#13654=DIRECTION('center_axis',(-1.,-1.97215226305253E-31,-2.22044604925031E-16));
#13655=DIRECTION('ref_axis',(-1.57009245868377E-16,-0.707106781186548,0.707106781186547));
#13656=DIRECTION('',(-1.,-1.97215226305253E-31,-2.22044604925031E-16));
#13657=DIRECTION('center_axis',(2.22044604925031E-16,5.55111512312579E-17,
-1.));
#13658=DIRECTION('ref_axis',(0.707106781186547,-0.707106781186547,1.17756934401283E-16));
#13659=DIRECTION('',(-2.22044604925031E-16,-5.55111512312579E-17,1.));
#13660=DIRECTION('center_axis',(-0.408248290463863,-0.408248290463865,0.816496580927725));
#13661=DIRECTION('ref_axis',(0.577350269189619,0.577350269189632,0.577350269189627));
#13662=DIRECTION('center_axis',(-2.22044604925031E-16,-5.55111512312579E-17,
1.));
#13663=DIRECTION('ref_axis',(-2.09541177949331E-31,1.,5.55111512312579E-17));
#13664=DIRECTION('center_axis',(1.,1.97215226305253E-31,2.22044604925031E-16));
#13665=DIRECTION('ref_axis',(-2.22044604925031E-16,-5.55111512312579E-17,
1.));
#13666=DIRECTION('center_axis',(-2.09541177949331E-31,1.,5.55111512312579E-17));
#13667=DIRECTION('ref_axis',(1.,1.97215226305253E-31,2.22044604925031E-16));
#13668=DIRECTION('center_axis',(-1.,-1.97215226305253E-31,-2.22044604925031E-16));
#13669=DIRECTION('ref_axis',(-1.57009245868377E-16,0.707106781186548,0.707106781186547));
#13670=DIRECTION('',(1.,1.97215226305253E-31,2.22044604925031E-16));
#13671=DIRECTION('center_axis',(2.09541177949331E-31,-1.,-5.55111512312579E-17));
#13672=DIRECTION('ref_axis',(0.707106781186548,-3.92523114670942E-17,0.707106781186547));
#13673=DIRECTION('',(-2.09541177949331E-31,1.,5.55111512312579E-17));
#13674=DIRECTION('',(2.09541177949331E-31,-1.,-5.55111512312579E-17));
#13675=DIRECTION('center_axis',(2.22044604925031E-16,5.55111512312579E-17,
-1.));
#13676=DIRECTION('ref_axis',(0.707106781186547,0.707106781186547,1.96261557335472E-16));
#13677=DIRECTION('',(2.22044604925031E-16,5.55111512312579E-17,-1.));
#13678=DIRECTION('center_axis',(2.22044604925031E-16,5.55111512312579E-17,
-1.));
#13679=DIRECTION('ref_axis',(-2.09541177949331E-31,1.,5.55111512312579E-17));
#13680=DIRECTION('center_axis',(1.,1.97215226305253E-31,2.22044604925031E-16));
#13681=DIRECTION('ref_axis',(2.09541177949331E-31,-1.,-5.55111512312579E-17));
#13682=DIRECTION('center_axis',(7.49879891330929E-33,-1.,6.12323399573677E-17));
#13683=DIRECTION('ref_axis',(1.,1.64214663788065E-47,-1.22464679914735E-16));
#13684=DIRECTION('center_axis',(7.49879891330929E-33,-1.,6.12323399573677E-17));
#13685=DIRECTION('ref_axis',(-1.,-1.64214663788065E-47,1.22464679914735E-16));
#13686=DIRECTION('',(1.22464679914735E-16,6.12323399573676E-17,1.));
#13687=DIRECTION('center_axis',(-7.49879891330929E-33,1.,-6.12323399573677E-17));
#13688=DIRECTION('ref_axis',(-1.,-1.64214663788065E-47,1.22464679914735E-16));
#13689=DIRECTION('',(1.,0.,-1.22464679914735E-16));
#13690=DIRECTION('',(0.,-6.12323399573677E-17,-1.));
#13691=DIRECTION('',(-1.,0.,1.22464679914735E-16));
#13692=DIRECTION('center_axis',(7.49879891330929E-33,-1.,6.12323399573677E-17));
#13693=DIRECTION('ref_axis',(-1.,-1.64214663788065E-47,1.22464679914735E-16));
#13694=DIRECTION('',(-1.22464679914735E-16,-6.12323399573676E-17,-1.));
#13695=DIRECTION('center_axis',(-7.49879891330929E-33,1.,-6.12323399573677E-17));
#13696=DIRECTION('ref_axis',(-1.,-1.64214663788065E-47,1.22464679914735E-16));
#13697=DIRECTION('',(-1.,0.,1.22464679914735E-16));
#13698=DIRECTION('',(-1.22464679914735E-16,-6.12323399573677E-17,-1.));
#13699=DIRECTION('center_axis',(-7.49879891330929E-33,1.,-6.12323399573677E-17));
#13700=DIRECTION('ref_axis',(-1.,-1.64214663788065E-47,1.22464679914735E-16));
#13701=DIRECTION('center_axis',(-7.49879891330929E-33,1.,-6.12323399573677E-17));
#13702=DIRECTION('ref_axis',(-1.,-1.64214663788065E-47,1.22464679914735E-16));
#13703=DIRECTION('',(-7.49879891330929E-33,1.,-6.12323399573677E-17));
#13704=DIRECTION('center_axis',(7.49879891330929E-33,-1.,6.12323399573677E-17));
#13705=DIRECTION('ref_axis',(1.,1.64214663788065E-47,-1.22464679914735E-16));
#13706=DIRECTION('center_axis',(7.49879891330929E-33,-1.,6.12323399573677E-17));
#13707=DIRECTION('ref_axis',(-1.,-1.64214663788065E-47,1.22464679914735E-16));
#13708=DIRECTION('',(1.22464679914735E-16,6.12323399573676E-17,1.));
#13709=DIRECTION('center_axis',(-7.49879891330929E-33,1.,-6.12323399573677E-17));
#13710=DIRECTION('ref_axis',(-1.,-1.64214663788065E-47,1.22464679914735E-16));
#13711=DIRECTION('',(1.,0.,-1.22464679914735E-16));
#13712=DIRECTION('',(0.,-6.12323399573677E-17,-1.));
#13713=DIRECTION('',(-1.,0.,1.22464679914735E-16));
#13714=DIRECTION('center_axis',(7.49879891330929E-33,-1.,6.12323399573677E-17));
#13715=DIRECTION('ref_axis',(-1.,-1.64214663788065E-47,1.22464679914735E-16));
#13716=DIRECTION('',(-1.22464679914735E-16,-6.12323399573676E-17,-1.));
#13717=DIRECTION('center_axis',(-7.49879891330929E-33,1.,-6.12323399573677E-17));
#13718=DIRECTION('ref_axis',(-1.,-1.64214663788065E-47,1.22464679914735E-16));
#13719=DIRECTION('',(-1.,0.,1.22464679914735E-16));
#13720=DIRECTION('',(-1.22464679914735E-16,-6.12323399573677E-17,-1.));
#13721=DIRECTION('center_axis',(-7.49879891330929E-33,1.,-6.12323399573677E-17));
#13722=DIRECTION('ref_axis',(-1.,-1.64214663788065E-47,1.22464679914735E-16));
#13723=DIRECTION('center_axis',(-7.49879891330929E-33,1.,-6.12323399573677E-17));
#13724=DIRECTION('ref_axis',(-1.,-1.64214663788065E-47,1.22464679914735E-16));
#13725=DIRECTION('',(-7.49879891330929E-33,1.,-6.12323399573677E-17));
#13726=DIRECTION('center_axis',(7.49879891330929E-33,-1.,6.12323399573677E-17));
#13727=DIRECTION('ref_axis',(1.,1.64214663788065E-47,-1.22464679914735E-16));
#13728=DIRECTION('center_axis',(7.49879891330929E-33,-1.,6.12323399573677E-17));
#13729=DIRECTION('ref_axis',(-1.,-1.64214663788065E-47,1.22464679914735E-16));
#13730=DIRECTION('',(1.22464679914735E-16,6.12323399573676E-17,1.));
#13731=DIRECTION('center_axis',(-7.49879891330929E-33,1.,-6.12323399573677E-17));
#13732=DIRECTION('ref_axis',(-1.,-1.64214663788065E-47,1.22464679914735E-16));
#13733=DIRECTION('',(1.,0.,-1.22464679914735E-16));
#13734=DIRECTION('',(0.,-6.12323399573677E-17,-1.));
#13735=DIRECTION('',(-1.,0.,1.22464679914735E-16));
#13736=DIRECTION('center_axis',(7.49879891330929E-33,-1.,6.12323399573677E-17));
#13737=DIRECTION('ref_axis',(-1.,-1.64214663788065E-47,1.22464679914735E-16));
#13738=DIRECTION('',(-1.22464679914735E-16,-6.12323399573676E-17,-1.));
#13739=DIRECTION('center_axis',(-7.49879891330929E-33,1.,-6.12323399573677E-17));
#13740=DIRECTION('ref_axis',(-1.,-1.64214663788065E-47,1.22464679914735E-16));
#13741=DIRECTION('',(-1.,0.,1.22464679914735E-16));
#13742=DIRECTION('',(-1.22464679914735E-16,-6.12323399573677E-17,-1.));
#13743=DIRECTION('center_axis',(-7.49879891330929E-33,1.,-6.12323399573677E-17));
#13744=DIRECTION('ref_axis',(-1.,-1.64214663788065E-47,1.22464679914735E-16));
#13745=DIRECTION('center_axis',(-7.49879891330929E-33,1.,-6.12323399573677E-17));
#13746=DIRECTION('ref_axis',(-1.,-1.64214663788065E-47,1.22464679914735E-16));
#13747=DIRECTION('',(-7.49879891330929E-33,1.,-6.12323399573677E-17));
#13748=DIRECTION('center_axis',(0.,1.,-6.12323399573677E-17));
#13749=DIRECTION('ref_axis',(-1.,0.,0.));
#13750=DIRECTION('center_axis',(0.,1.,-6.12323399573677E-17));
#13751=DIRECTION('ref_axis',(1.,0.,0.));
#13752=DIRECTION('',(0.,6.12323399573676E-17,1.));
#13753=DIRECTION('center_axis',(0.,-1.,6.12323399573677E-17));
#13754=DIRECTION('ref_axis',(1.,0.,0.));
#13755=DIRECTION('',(-1.,0.,0.));
#13756=DIRECTION('',(0.,-6.12323399573677E-17,-1.));
#13757=DIRECTION('',(1.,0.,0.));
#13758=DIRECTION('center_axis',(0.,1.,-6.12323399573677E-17));
#13759=DIRECTION('ref_axis',(1.,0.,0.));
#13760=DIRECTION('',(0.,-6.12323399573676E-17,-1.));
#13761=DIRECTION('center_axis',(0.,-1.,6.12323399573677E-17));
#13762=DIRECTION('ref_axis',(1.,0.,0.));
#13763=DIRECTION('',(1.,0.,0.));
#13764=DIRECTION('',(0.,-6.12323399573677E-17,-1.));
#13765=DIRECTION('center_axis',(0.,-1.,6.12323399573677E-17));
#13766=DIRECTION('ref_axis',(1.,0.,0.));
#13767=DIRECTION('center_axis',(0.,-1.,6.12323399573677E-17));
#13768=DIRECTION('ref_axis',(1.,0.,0.));
#13769=DIRECTION('',(0.,-1.,6.12323399573677E-17));
#13770=DIRECTION('center_axis',(0.,1.,-6.12323399573677E-17));
#13771=DIRECTION('ref_axis',(-1.,0.,0.));
#13772=DIRECTION('center_axis',(0.,1.,-6.12323399573677E-17));
#13773=DIRECTION('ref_axis',(1.,0.,0.));
#13774=DIRECTION('',(0.,6.12323399573676E-17,1.));
#13775=DIRECTION('center_axis',(0.,-1.,6.12323399573677E-17));
#13776=DIRECTION('ref_axis',(1.,0.,0.));
#13777=DIRECTION('',(-1.,0.,0.));
#13778=DIRECTION('',(0.,-6.12323399573677E-17,-1.));
#13779=DIRECTION('',(1.,0.,0.));
#13780=DIRECTION('center_axis',(0.,1.,-6.12323399573677E-17));
#13781=DIRECTION('ref_axis',(1.,0.,0.));
#13782=DIRECTION('',(0.,-6.12323399573676E-17,-1.));
#13783=DIRECTION('center_axis',(0.,-1.,6.12323399573677E-17));
#13784=DIRECTION('ref_axis',(1.,0.,0.));
#13785=DIRECTION('',(1.,0.,0.));
#13786=DIRECTION('',(0.,-6.12323399573677E-17,-1.));
#13787=DIRECTION('center_axis',(0.,-1.,6.12323399573677E-17));
#13788=DIRECTION('ref_axis',(1.,0.,0.));
#13789=DIRECTION('center_axis',(0.,-1.,6.12323399573677E-17));
#13790=DIRECTION('ref_axis',(1.,0.,0.));
#13791=DIRECTION('',(0.,-1.,6.12323399573677E-17));
#13792=DIRECTION('center_axis',(1.,0.,0.));
#13793=DIRECTION('ref_axis',(0.,0.,-1.));
#13794=DIRECTION('',(0.,0.,-1.));
#13795=DIRECTION('',(0.,-1.,0.));
#13796=DIRECTION('',(0.,0.,-1.));
#13797=DIRECTION('',(0.,1.,-6.12323399573677E-17));
#13798=DIRECTION('',(0.,6.12323399573677E-17,1.));
#13799=DIRECTION('',(0.,-1.,6.12323399573677E-17));
#13800=DIRECTION('',(0.,1.,-6.12323399573677E-17));
#13801=DIRECTION('',(0.,6.12323399573677E-17,1.));
#13802=DIRECTION('',(0.,-1.,6.12323399573677E-17));
#13803=DIRECTION('',(0.,1.,-6.12323399573677E-17));
#13804=DIRECTION('',(0.,6.12323399573677E-17,1.));
#13805=DIRECTION('',(0.,-1.,6.12323399573677E-17));
#13806=DIRECTION('center_axis',(0.,1.,0.));
#13807=DIRECTION('ref_axis',(0.,0.,1.));
#13808=DIRECTION('',(0.,0.,-1.));
#13809=DIRECTION('',(1.,0.,0.));
#13810=DIRECTION('center_axis',(1.22464679914735E-16,6.12323399573677E-17,
1.));
#13811=DIRECTION('ref_axis',(1.,0.,-1.22464679914735E-16));
#13812=DIRECTION('',(1.,0.,-1.22464679914735E-16));
#13813=DIRECTION('',(-7.49879891330929E-33,1.,-6.12323399573677E-17));
#13814=DIRECTION('center_axis',(-7.49879891330929E-33,1.,-6.12323399573677E-17));
#13815=DIRECTION('ref_axis',(-1.,-1.64214663788065E-47,1.22464679914735E-16));
#13816=DIRECTION('center_axis',(-7.49879891330929E-33,1.,-6.12323399573677E-17));
#13817=DIRECTION('ref_axis',(-1.,-1.64214663788065E-47,1.22464679914735E-16));
#13818=DIRECTION('',(-7.49879891330929E-33,1.,-6.12323399573677E-17));
#13819=DIRECTION('center_axis',(-1.,0.,1.22464679914735E-16));
#13820=DIRECTION('ref_axis',(1.22464679914735E-16,6.12323399573677E-17,
1.));
#13821=DIRECTION('',(1.22464679914735E-16,6.12323399573676E-17,1.));
#13822=DIRECTION('',(-7.49879891330929E-33,1.,-6.12323399573677E-17));
#13823=DIRECTION('center_axis',(-7.49879891330929E-33,1.,-6.12323399573677E-17));
#13824=DIRECTION('ref_axis',(-1.,-1.64214663788065E-47,1.22464679914735E-16));
#13825=DIRECTION('center_axis',(7.49879891330929E-33,-1.,6.12323399573677E-17));
#13826=DIRECTION('ref_axis',(-1.,-1.64214663788065E-47,1.22464679914735E-16));
#13827=DIRECTION('',(-7.49879891330929E-33,1.,-6.12323399573677E-17));
#13828=DIRECTION('center_axis',(1.22464679914735E-16,6.12323399573677E-17,
1.));
#13829=DIRECTION('ref_axis',(1.,0.,-1.22464679914735E-16));
#13830=DIRECTION('',(1.,0.,-1.22464679914735E-16));
#13831=DIRECTION('',(-7.49879891330929E-33,1.,-6.12323399573677E-17));
#13832=DIRECTION('center_axis',(-1.,0.,1.22464679914735E-16));
#13833=DIRECTION('ref_axis',(1.22464679914735E-16,6.12323399573677E-17,
1.));
#13834=DIRECTION('',(1.22464679914735E-16,6.12323399573677E-17,1.));
#13835=DIRECTION('center_axis',(1.,0.,-1.22464679914735E-16));
#13836=DIRECTION('ref_axis',(-1.22464679914735E-16,-6.12323399573677E-17,
-1.));
#13837=DIRECTION('',(-1.22464679914735E-16,-6.12323399573676E-17,-1.));
#13838=DIRECTION('',(-7.49879891330929E-33,1.,-6.12323399573677E-17));
#13839=DIRECTION('center_axis',(-7.49879891330929E-33,1.,-6.12323399573677E-17));
#13840=DIRECTION('ref_axis',(-1.,-1.64214663788065E-47,1.22464679914735E-16));
#13841=DIRECTION('center_axis',(7.49879891330929E-33,-1.,6.12323399573677E-17));
#13842=DIRECTION('ref_axis',(-1.,-1.64214663788065E-47,1.22464679914735E-16));
#13843=DIRECTION('',(-7.49879891330929E-33,1.,-6.12323399573677E-17));
#13844=DIRECTION('center_axis',(-1.22464679914735E-16,-6.12323399573677E-17,
-1.));
#13845=DIRECTION('ref_axis',(-1.,0.,1.22464679914735E-16));
#13846=DIRECTION('',(-1.,0.,1.22464679914735E-16));
#13847=DIRECTION('center_axis',(7.49879891330929E-33,-1.,6.12323399573677E-17));
#13848=DIRECTION('ref_axis',(1.,1.64214663788065E-47,-1.22464679914735E-16));
#13849=DIRECTION('center_axis',(1.22464679914735E-16,6.12323399573677E-17,
1.));
#13850=DIRECTION('ref_axis',(1.,0.,-1.22464679914735E-16));
#13851=DIRECTION('',(1.,0.,-1.22464679914735E-16));
#13852=DIRECTION('',(-7.49879891330929E-33,1.,-6.12323399573677E-17));
#13853=DIRECTION('center_axis',(-7.49879891330929E-33,1.,-6.12323399573677E-17));
#13854=DIRECTION('ref_axis',(-1.,-1.64214663788065E-47,1.22464679914735E-16));
#13855=DIRECTION('center_axis',(-7.49879891330929E-33,1.,-6.12323399573677E-17));
#13856=DIRECTION('ref_axis',(-1.,-1.64214663788065E-47,1.22464679914735E-16));
#13857=DIRECTION('',(-7.49879891330929E-33,1.,-6.12323399573677E-17));
#13858=DIRECTION('center_axis',(-1.,0.,1.22464679914735E-16));
#13859=DIRECTION('ref_axis',(1.22464679914735E-16,6.12323399573677E-17,
1.));
#13860=DIRECTION('',(1.22464679914735E-16,6.12323399573676E-17,1.));
#13861=DIRECTION('',(-7.49879891330929E-33,1.,-6.12323399573677E-17));
#13862=DIRECTION('center_axis',(-7.49879891330929E-33,1.,-6.12323399573677E-17));
#13863=DIRECTION('ref_axis',(-1.,-1.64214663788065E-47,1.22464679914735E-16));
#13864=DIRECTION('center_axis',(7.49879891330929E-33,-1.,6.12323399573677E-17));
#13865=DIRECTION('ref_axis',(-1.,-1.64214663788065E-47,1.22464679914735E-16));
#13866=DIRECTION('',(-7.49879891330929E-33,1.,-6.12323399573677E-17));
#13867=DIRECTION('center_axis',(1.22464679914735E-16,6.12323399573677E-17,
1.));
#13868=DIRECTION('ref_axis',(1.,0.,-1.22464679914735E-16));
#13869=DIRECTION('',(1.,0.,-1.22464679914735E-16));
#13870=DIRECTION('',(-7.49879891330929E-33,1.,-6.12323399573677E-17));
#13871=DIRECTION('center_axis',(-1.,0.,1.22464679914735E-16));
#13872=DIRECTION('ref_axis',(1.22464679914735E-16,6.12323399573677E-17,
1.));
#13873=DIRECTION('',(1.22464679914735E-16,6.12323399573677E-17,1.));
#13874=DIRECTION('center_axis',(1.,0.,-1.22464679914735E-16));
#13875=DIRECTION('ref_axis',(-1.22464679914735E-16,-6.12323399573677E-17,
-1.));
#13876=DIRECTION('',(-1.22464679914735E-16,-6.12323399573676E-17,-1.));
#13877=DIRECTION('',(-7.49879891330929E-33,1.,-6.12323399573677E-17));
#13878=DIRECTION('center_axis',(-7.49879891330929E-33,1.,-6.12323399573677E-17));
#13879=DIRECTION('ref_axis',(-1.,-1.64214663788065E-47,1.22464679914735E-16));
#13880=DIRECTION('center_axis',(7.49879891330929E-33,-1.,6.12323399573677E-17));
#13881=DIRECTION('ref_axis',(-1.,-1.64214663788065E-47,1.22464679914735E-16));
#13882=DIRECTION('',(-7.49879891330929E-33,1.,-6.12323399573677E-17));
#13883=DIRECTION('center_axis',(-1.22464679914735E-16,-6.12323399573677E-17,
-1.));
#13884=DIRECTION('ref_axis',(-1.,0.,1.22464679914735E-16));
#13885=DIRECTION('',(-1.,0.,1.22464679914735E-16));
#13886=DIRECTION('center_axis',(7.49879891330929E-33,-1.,6.12323399573677E-17));
#13887=DIRECTION('ref_axis',(1.,1.64214663788065E-47,-1.22464679914735E-16));
#13888=DIRECTION('center_axis',(1.22464679914735E-16,6.12323399573677E-17,
1.));
#13889=DIRECTION('ref_axis',(1.,0.,-1.22464679914735E-16));
#13890=DIRECTION('',(1.,0.,-1.22464679914735E-16));
#13891=DIRECTION('',(-7.49879891330929E-33,1.,-6.12323399573677E-17));
#13892=DIRECTION('center_axis',(-7.49879891330929E-33,1.,-6.12323399573677E-17));
#13893=DIRECTION('ref_axis',(-1.,-1.64214663788065E-47,1.22464679914735E-16));
#13894=DIRECTION('center_axis',(-7.49879891330929E-33,1.,-6.12323399573677E-17));
#13895=DIRECTION('ref_axis',(-1.,-1.64214663788065E-47,1.22464679914735E-16));
#13896=DIRECTION('',(-7.49879891330929E-33,1.,-6.12323399573677E-17));
#13897=DIRECTION('center_axis',(-1.,0.,1.22464679914735E-16));
#13898=DIRECTION('ref_axis',(1.22464679914735E-16,6.12323399573677E-17,
1.));
#13899=DIRECTION('',(1.22464679914735E-16,6.12323399573676E-17,1.));
#13900=DIRECTION('',(-7.49879891330929E-33,1.,-6.12323399573677E-17));
#13901=DIRECTION('center_axis',(-7.49879891330929E-33,1.,-6.12323399573677E-17));
#13902=DIRECTION('ref_axis',(-1.,-1.64214663788065E-47,1.22464679914735E-16));
#13903=DIRECTION('center_axis',(7.49879891330929E-33,-1.,6.12323399573677E-17));
#13904=DIRECTION('ref_axis',(-1.,-1.64214663788065E-47,1.22464679914735E-16));
#13905=DIRECTION('',(-7.49879891330929E-33,1.,-6.12323399573677E-17));
#13906=DIRECTION('center_axis',(1.22464679914735E-16,6.12323399573677E-17,
1.));
#13907=DIRECTION('ref_axis',(1.,0.,-1.22464679914735E-16));
#13908=DIRECTION('',(1.,0.,-1.22464679914735E-16));
#13909=DIRECTION('',(-7.49879891330929E-33,1.,-6.12323399573677E-17));
#13910=DIRECTION('center_axis',(-1.,0.,1.22464679914735E-16));
#13911=DIRECTION('ref_axis',(1.22464679914735E-16,6.12323399573677E-17,
1.));
#13912=DIRECTION('',(1.22464679914735E-16,6.12323399573677E-17,1.));
#13913=DIRECTION('center_axis',(1.,0.,-1.22464679914735E-16));
#13914=DIRECTION('ref_axis',(-1.22464679914735E-16,-6.12323399573677E-17,
-1.));
#13915=DIRECTION('',(-1.22464679914735E-16,-6.12323399573676E-17,-1.));
#13916=DIRECTION('',(-7.49879891330929E-33,1.,-6.12323399573677E-17));
#13917=DIRECTION('center_axis',(-7.49879891330929E-33,1.,-6.12323399573677E-17));
#13918=DIRECTION('ref_axis',(-1.,-1.64214663788065E-47,1.22464679914735E-16));
#13919=DIRECTION('center_axis',(7.49879891330929E-33,-1.,6.12323399573677E-17));
#13920=DIRECTION('ref_axis',(-1.,-1.64214663788065E-47,1.22464679914735E-16));
#13921=DIRECTION('',(-7.49879891330929E-33,1.,-6.12323399573677E-17));
#13922=DIRECTION('center_axis',(-1.22464679914735E-16,-6.12323399573677E-17,
-1.));
#13923=DIRECTION('ref_axis',(-1.,0.,1.22464679914735E-16));
#13924=DIRECTION('',(-1.,0.,1.22464679914735E-16));
#13925=DIRECTION('center_axis',(7.49879891330929E-33,-1.,6.12323399573677E-17));
#13926=DIRECTION('ref_axis',(1.,1.64214663788065E-47,-1.22464679914735E-16));
#13927=DIRECTION('center_axis',(0.,6.12323399573677E-17,1.));
#13928=DIRECTION('ref_axis',(-1.,0.,0.));
#13929=DIRECTION('',(0.,1.,-6.12323399573677E-17));
#13930=DIRECTION('',(-1.,0.,0.));
#13931=DIRECTION('',(0.,-1.,6.12323399573677E-17));
#13932=DIRECTION('center_axis',(0.,-1.,6.12323399573677E-17));
#13933=DIRECTION('ref_axis',(1.,0.,0.));
#13934=DIRECTION('center_axis',(0.,-1.,6.12323399573677E-17));
#13935=DIRECTION('ref_axis',(1.,0.,0.));
#13936=DIRECTION('',(0.,-1.,6.12323399573677E-17));
#13937=DIRECTION('center_axis',(1.,0.,0.));
#13938=DIRECTION('ref_axis',(0.,6.12323399573677E-17,1.));
#13939=DIRECTION('',(0.,6.12323399573676E-17,1.));
#13940=DIRECTION('',(0.,-1.,6.12323399573677E-17));
#13941=DIRECTION('center_axis',(0.,-1.,6.12323399573677E-17));
#13942=DIRECTION('ref_axis',(1.,0.,0.));
#13943=DIRECTION('center_axis',(0.,1.,-6.12323399573677E-17));
#13944=DIRECTION('ref_axis',(1.,0.,0.));
#13945=DIRECTION('',(0.,-1.,6.12323399573677E-17));
#13946=DIRECTION('center_axis',(0.,6.12323399573677E-17,1.));
#13947=DIRECTION('ref_axis',(-1.,0.,0.));
#13948=DIRECTION('',(-1.,0.,0.));
#13949=DIRECTION('',(0.,-1.,6.12323399573677E-17));
#13950=DIRECTION('center_axis',(1.,0.,0.));
#13951=DIRECTION('ref_axis',(0.,6.12323399573677E-17,1.));
#13952=DIRECTION('',(0.,6.12323399573677E-17,1.));
#13953=DIRECTION('center_axis',(-1.,0.,0.));
#13954=DIRECTION('ref_axis',(0.,-6.12323399573677E-17,-1.));
#13955=DIRECTION('',(0.,-6.12323399573676E-17,-1.));
#13956=DIRECTION('',(0.,-1.,6.12323399573677E-17));
#13957=DIRECTION('center_axis',(0.,-1.,6.12323399573677E-17));
#13958=DIRECTION('ref_axis',(1.,0.,0.));
#13959=DIRECTION('center_axis',(0.,1.,-6.12323399573677E-17));
#13960=DIRECTION('ref_axis',(1.,0.,0.));
#13961=DIRECTION('',(0.,-1.,6.12323399573677E-17));
#13962=DIRECTION('center_axis',(0.,-6.12323399573677E-17,-1.));
#13963=DIRECTION('ref_axis',(1.,0.,0.));
#13964=DIRECTION('',(1.,0.,0.));
#13965=DIRECTION('',(0.,-1.,6.12323399573677E-17));
#13966=DIRECTION('center_axis',(0.,1.,-6.12323399573677E-17));
#13967=DIRECTION('ref_axis',(-1.,0.,0.));
#13968=DIRECTION('',(0.,6.12323399573677E-17,1.));
#13969=DIRECTION('center_axis',(0.,6.12323399573677E-17,1.));
#13970=DIRECTION('ref_axis',(-1.,0.,0.));
#13971=DIRECTION('',(0.,1.,-6.12323399573677E-17));
#13972=DIRECTION('',(-1.,0.,0.));
#13973=DIRECTION('',(0.,-1.,6.12323399573677E-17));
#13974=DIRECTION('center_axis',(0.,-1.,6.12323399573677E-17));
#13975=DIRECTION('ref_axis',(1.,0.,0.));
#13976=DIRECTION('center_axis',(0.,-1.,6.12323399573677E-17));
#13977=DIRECTION('ref_axis',(1.,0.,0.));
#13978=DIRECTION('',(0.,-1.,6.12323399573677E-17));
#13979=DIRECTION('center_axis',(1.,0.,0.));
#13980=DIRECTION('ref_axis',(0.,6.12323399573677E-17,1.));
#13981=DIRECTION('',(0.,6.12323399573676E-17,1.));
#13982=DIRECTION('',(0.,-1.,6.12323399573677E-17));
#13983=DIRECTION('center_axis',(0.,-1.,6.12323399573677E-17));
#13984=DIRECTION('ref_axis',(1.,0.,0.));
#13985=DIRECTION('center_axis',(0.,1.,-6.12323399573677E-17));
#13986=DIRECTION('ref_axis',(1.,0.,0.));
#13987=DIRECTION('',(0.,-1.,6.12323399573677E-17));
#13988=DIRECTION('center_axis',(0.,6.12323399573677E-17,1.));
#13989=DIRECTION('ref_axis',(-1.,0.,0.));
#13990=DIRECTION('',(-1.,0.,0.));
#13991=DIRECTION('',(0.,-1.,6.12323399573677E-17));
#13992=DIRECTION('center_axis',(1.,0.,0.));
#13993=DIRECTION('ref_axis',(0.,6.12323399573677E-17,1.));
#13994=DIRECTION('',(0.,6.12323399573677E-17,1.));
#13995=DIRECTION('center_axis',(-1.,0.,0.));
#13996=DIRECTION('ref_axis',(0.,-6.12323399573677E-17,-1.));
#13997=DIRECTION('',(0.,-6.12323399573676E-17,-1.));
#13998=DIRECTION('',(0.,-1.,6.12323399573677E-17));
#13999=DIRECTION('center_axis',(0.,-1.,6.12323399573677E-17));
#14000=DIRECTION('ref_axis',(1.,0.,0.));
#14001=DIRECTION('center_axis',(0.,1.,-6.12323399573677E-17));
#14002=DIRECTION('ref_axis',(1.,0.,0.));
#14003=DIRECTION('',(0.,-1.,6.12323399573677E-17));
#14004=DIRECTION('center_axis',(0.,-6.12323399573677E-17,-1.));
#14005=DIRECTION('ref_axis',(1.,0.,0.));
#14006=DIRECTION('',(1.,0.,0.));
#14007=DIRECTION('',(0.,-1.,6.12323399573677E-17));
#14008=DIRECTION('center_axis',(0.,1.,-6.12323399573677E-17));
#14009=DIRECTION('ref_axis',(-1.,0.,0.));
#14010=DIRECTION('',(0.,6.12323399573677E-17,1.));
#14011=DIRECTION('center_axis',(0.,0.,1.));
#14012=DIRECTION('ref_axis',(1.,0.,0.));
#14013=DIRECTION('center_axis',(0.,0.,-1.));
#14014=DIRECTION('ref_axis',(1.,0.,0.));
#14015=DIRECTION('',(0.,0.,1.));
#14016=DIRECTION('center_axis',(0.,0.,-1.));
#14017=DIRECTION('ref_axis',(1.,0.,0.));
#14018=DIRECTION('center_axis',(0.,0.,-1.));
#14019=DIRECTION('ref_axis',(-1.,0.,0.));
#14020=DIRECTION('center_axis',(0.,0.,1.));
#14021=DIRECTION('ref_axis',(1.,0.,0.));
#14022=DIRECTION('',(0.,1.,0.));
#14023=DIRECTION('',(-1.,0.,0.));
#14024=DIRECTION('center_axis',(0.,-1.,0.));
#14025=DIRECTION('ref_axis',(0.,0.,-1.));
#14026=DIRECTION('',(0.,0.,-1.));
#14027=DIRECTION('center_axis',(-1.,0.,0.));
#14028=DIRECTION('ref_axis',(0.,0.,1.));
#14029=DIRECTION('center_axis',(-0.707106781186548,0.707106781186547,-1.57009245868377E-16));
#14030=DIRECTION('ref_axis',(-0.707106781186547,-0.707106781186548,7.85046229341888E-17));
#14031=DIRECTION('',(-5.55111512312578E-17,1.66533453693773E-16,1.));
#14032=DIRECTION('',(-0.707106781186547,-0.707106781186548,7.85046229341888E-17));
#14033=DIRECTION('',(-5.55111512312578E-17,1.66533453693773E-16,1.));
#14034=DIRECTION('center_axis',(-0.707106781186547,-0.707106781186548,7.85046229341888E-17));
#14035=DIRECTION('ref_axis',(0.707106781186548,-0.707106781186547,1.57009245868377E-16));
#14036=DIRECTION('',(-5.55111512312578E-17,1.66533453693773E-16,1.));
#14037=DIRECTION('',(0.707106781186548,-0.707106781186547,1.57009245868377E-16));
#14038=DIRECTION('center_axis',(5.55111512312578E-17,-1.66533453693773E-16,
-1.));
#14039=DIRECTION('ref_axis',(0.707106781186547,0.707106781186548,-7.85046229341885E-17));
#14040=DIRECTION('center_axis',(5.55111512312578E-17,-1.66533453693773E-16,
-1.));
#14041=DIRECTION('ref_axis',(0.707106781186547,0.707106781186548,-7.85046229341885E-17));
#14042=DIRECTION('',(5.55111512312578E-17,-1.66533453693773E-16,-1.));
#14043=DIRECTION('center_axis',(5.55111512312578E-17,-1.66533453693773E-16,
-1.));
#14044=DIRECTION('ref_axis',(0.707106781186547,0.707106781186548,-7.85046229341885E-17));
#14045=DIRECTION('center_axis',(5.55111512312578E-17,-1.66533453693773E-16,
-1.));
#14046=DIRECTION('ref_axis',(0.707106781186547,0.707106781186548,-7.85046229341885E-17));
#14047=DIRECTION('center_axis',(0.707106781186547,0.707106781186548,-7.85046229341888E-17));
#14048=DIRECTION('ref_axis',(-0.707106781186548,0.707106781186547,-1.57009245868377E-16));
#14049=DIRECTION('',(-0.707106781186548,0.707106781186547,-1.57009245868377E-16));
#14050=DIRECTION('',(-5.55111512312578E-17,1.66533453693773E-16,1.));
#14051=DIRECTION('center_axis',(0.707106781186548,-0.707106781186547,1.57009245868377E-16));
#14052=DIRECTION('ref_axis',(0.707106781186547,0.707106781186548,-7.85046229341888E-17));
#14053=DIRECTION('',(0.707106781186547,0.707106781186548,-7.85046229341888E-17));
#14054=DIRECTION('center_axis',(-5.55111512312578E-17,1.66533453693773E-16,
1.));
#14055=DIRECTION('ref_axis',(0.707106781186547,0.707106781186548,-7.85046229341885E-17));
#14056=DIRECTION('center_axis',(7.49879891330929E-33,-1.,6.12323399573677E-17));
#14057=DIRECTION('ref_axis',(1.,1.64214663788065E-47,-1.22464679914735E-16));
#14058=DIRECTION('center_axis',(7.49879891330929E-33,-1.,6.12323399573677E-17));
#14059=DIRECTION('ref_axis',(-1.,-1.64214663788065E-47,1.22464679914735E-16));
#14060=DIRECTION('',(1.22464679914735E-16,6.12323399573676E-17,1.));
#14061=DIRECTION('center_axis',(-7.49879891330929E-33,1.,-6.12323399573677E-17));
#14062=DIRECTION('ref_axis',(-1.,-1.64214663788065E-47,1.22464679914735E-16));
#14063=DIRECTION('',(1.,0.,-1.22464679914735E-16));
#14064=DIRECTION('',(0.,-6.12323399573677E-17,-1.));
#14065=DIRECTION('',(-1.,0.,1.22464679914735E-16));
#14066=DIRECTION('center_axis',(7.49879891330929E-33,-1.,6.12323399573677E-17));
#14067=DIRECTION('ref_axis',(-1.,-1.64214663788065E-47,1.22464679914735E-16));
#14068=DIRECTION('',(-1.22464679914735E-16,-6.12323399573676E-17,-1.));
#14069=DIRECTION('center_axis',(-7.49879891330929E-33,1.,-6.12323399573677E-17));
#14070=DIRECTION('ref_axis',(-1.,-1.64214663788065E-47,1.22464679914735E-16));
#14071=DIRECTION('',(-1.,0.,1.22464679914735E-16));
#14072=DIRECTION('',(-1.22464679914735E-16,-6.12323399573677E-17,-1.));
#14073=DIRECTION('center_axis',(-7.49879891330929E-33,1.,-6.12323399573677E-17));
#14074=DIRECTION('ref_axis',(-1.,-1.64214663788065E-47,1.22464679914735E-16));
#14075=DIRECTION('center_axis',(-7.49879891330929E-33,1.,-6.12323399573677E-17));
#14076=DIRECTION('ref_axis',(-1.,-1.64214663788065E-47,1.22464679914735E-16));
#14077=DIRECTION('',(-7.49879891330929E-33,1.,-6.12323399573677E-17));
#14078=DIRECTION('center_axis',(7.49879891330929E-33,-1.,6.12323399573677E-17));
#14079=DIRECTION('ref_axis',(1.,1.64214663788065E-47,-1.22464679914735E-16));
#14080=DIRECTION('center_axis',(7.49879891330929E-33,-1.,6.12323399573677E-17));
#14081=DIRECTION('ref_axis',(-1.,-1.64214663788065E-47,1.22464679914735E-16));
#14082=DIRECTION('',(1.22464679914735E-16,6.12323399573676E-17,1.));
#14083=DIRECTION('center_axis',(-7.49879891330929E-33,1.,-6.12323399573677E-17));
#14084=DIRECTION('ref_axis',(-1.,-1.64214663788065E-47,1.22464679914735E-16));
#14085=DIRECTION('',(1.,0.,-1.22464679914735E-16));
#14086=DIRECTION('',(0.,-6.12323399573677E-17,-1.));
#14087=DIRECTION('',(-1.,0.,1.22464679914735E-16));
#14088=DIRECTION('center_axis',(7.49879891330929E-33,-1.,6.12323399573677E-17));
#14089=DIRECTION('ref_axis',(-1.,-1.64214663788065E-47,1.22464679914735E-16));
#14090=DIRECTION('',(-1.22464679914735E-16,-6.12323399573676E-17,-1.));
#14091=DIRECTION('center_axis',(-7.49879891330929E-33,1.,-6.12323399573677E-17));
#14092=DIRECTION('ref_axis',(-1.,-1.64214663788065E-47,1.22464679914735E-16));
#14093=DIRECTION('',(-1.,0.,1.22464679914735E-16));
#14094=DIRECTION('',(-1.22464679914735E-16,-6.12323399573677E-17,-1.));
#14095=DIRECTION('center_axis',(-7.49879891330929E-33,1.,-6.12323399573677E-17));
#14096=DIRECTION('ref_axis',(-1.,-1.64214663788065E-47,1.22464679914735E-16));
#14097=DIRECTION('center_axis',(-7.49879891330929E-33,1.,-6.12323399573677E-17));
#14098=DIRECTION('ref_axis',(-1.,-1.64214663788065E-47,1.22464679914735E-16));
#14099=DIRECTION('',(-7.49879891330929E-33,1.,-6.12323399573677E-17));
#14100=DIRECTION('center_axis',(7.49879891330929E-33,-1.,6.12323399573677E-17));
#14101=DIRECTION('ref_axis',(1.,1.64214663788065E-47,-1.22464679914735E-16));
#14102=DIRECTION('center_axis',(7.49879891330929E-33,-1.,6.12323399573677E-17));
#14103=DIRECTION('ref_axis',(-1.,-1.64214663788065E-47,1.22464679914735E-16));
#14104=DIRECTION('',(1.22464679914735E-16,6.12323399573676E-17,1.));
#14105=DIRECTION('center_axis',(-7.49879891330929E-33,1.,-6.12323399573677E-17));
#14106=DIRECTION('ref_axis',(-1.,-1.64214663788065E-47,1.22464679914735E-16));
#14107=DIRECTION('',(1.,0.,-1.22464679914735E-16));
#14108=DIRECTION('',(0.,-6.12323399573677E-17,-1.));
#14109=DIRECTION('',(-1.,0.,1.22464679914735E-16));
#14110=DIRECTION('center_axis',(7.49879891330929E-33,-1.,6.12323399573677E-17));
#14111=DIRECTION('ref_axis',(-1.,-1.64214663788065E-47,1.22464679914735E-16));
#14112=DIRECTION('',(-1.22464679914735E-16,-6.12323399573676E-17,-1.));
#14113=DIRECTION('center_axis',(-7.49879891330929E-33,1.,-6.12323399573677E-17));
#14114=DIRECTION('ref_axis',(-1.,-1.64214663788065E-47,1.22464679914735E-16));
#14115=DIRECTION('',(-1.,0.,1.22464679914735E-16));
#14116=DIRECTION('',(-1.22464679914735E-16,-6.12323399573677E-17,-1.));
#14117=DIRECTION('center_axis',(-7.49879891330929E-33,1.,-6.12323399573677E-17));
#14118=DIRECTION('ref_axis',(-1.,-1.64214663788065E-47,1.22464679914735E-16));
#14119=DIRECTION('center_axis',(-7.49879891330929E-33,1.,-6.12323399573677E-17));
#14120=DIRECTION('ref_axis',(-1.,-1.64214663788065E-47,1.22464679914735E-16));
#14121=DIRECTION('',(-7.49879891330929E-33,1.,-6.12323399573677E-17));
#14122=DIRECTION('center_axis',(0.,1.,-6.12323399573677E-17));
#14123=DIRECTION('ref_axis',(-1.,0.,0.));
#14124=DIRECTION('center_axis',(0.,1.,-6.12323399573677E-17));
#14125=DIRECTION('ref_axis',(1.,0.,0.));
#14126=DIRECTION('',(0.,6.12323399573676E-17,1.));
#14127=DIRECTION('center_axis',(0.,-1.,6.12323399573677E-17));
#14128=DIRECTION('ref_axis',(1.,0.,0.));
#14129=DIRECTION('',(-1.,0.,0.));
#14130=DIRECTION('',(0.,-6.12323399573677E-17,-1.));
#14131=DIRECTION('',(1.,0.,0.));
#14132=DIRECTION('center_axis',(0.,1.,-6.12323399573677E-17));
#14133=DIRECTION('ref_axis',(1.,0.,0.));
#14134=DIRECTION('',(0.,-6.12323399573676E-17,-1.));
#14135=DIRECTION('center_axis',(0.,-1.,6.12323399573677E-17));
#14136=DIRECTION('ref_axis',(1.,0.,0.));
#14137=DIRECTION('',(1.,0.,0.));
#14138=DIRECTION('',(0.,-6.12323399573677E-17,-1.));
#14139=DIRECTION('center_axis',(0.,-1.,6.12323399573677E-17));
#14140=DIRECTION('ref_axis',(1.,0.,0.));
#14141=DIRECTION('center_axis',(0.,-1.,6.12323399573677E-17));
#14142=DIRECTION('ref_axis',(1.,0.,0.));
#14143=DIRECTION('',(0.,-1.,6.12323399573677E-17));
#14144=DIRECTION('center_axis',(0.,1.,-6.12323399573677E-17));
#14145=DIRECTION('ref_axis',(-1.,0.,0.));
#14146=DIRECTION('center_axis',(0.,1.,-6.12323399573677E-17));
#14147=DIRECTION('ref_axis',(1.,0.,0.));
#14148=DIRECTION('',(0.,6.12323399573676E-17,1.));
#14149=DIRECTION('center_axis',(0.,-1.,6.12323399573677E-17));
#14150=DIRECTION('ref_axis',(1.,0.,0.));
#14151=DIRECTION('',(-1.,0.,0.));
#14152=DIRECTION('',(0.,-6.12323399573677E-17,-1.));
#14153=DIRECTION('',(1.,0.,0.));
#14154=DIRECTION('center_axis',(0.,1.,-6.12323399573677E-17));
#14155=DIRECTION('ref_axis',(1.,0.,0.));
#14156=DIRECTION('',(0.,-6.12323399573676E-17,-1.));
#14157=DIRECTION('center_axis',(0.,-1.,6.12323399573677E-17));
#14158=DIRECTION('ref_axis',(1.,0.,0.));
#14159=DIRECTION('',(1.,0.,0.));
#14160=DIRECTION('',(0.,-6.12323399573677E-17,-1.));
#14161=DIRECTION('center_axis',(0.,-1.,6.12323399573677E-17));
#14162=DIRECTION('ref_axis',(1.,0.,0.));
#14163=DIRECTION('center_axis',(0.,-1.,6.12323399573677E-17));
#14164=DIRECTION('ref_axis',(1.,0.,0.));
#14165=DIRECTION('',(0.,-1.,6.12323399573677E-17));
#14166=DIRECTION('center_axis',(1.,0.,0.));
#14167=DIRECTION('ref_axis',(0.,0.,-1.));
#14168=DIRECTION('',(0.,0.,-1.));
#14169=DIRECTION('',(0.,-1.,0.));
#14170=DIRECTION('',(0.,0.,-1.));
#14171=DIRECTION('',(0.,1.,-6.12323399573677E-17));
#14172=DIRECTION('',(0.,6.12323399573677E-17,1.));
#14173=DIRECTION('',(0.,-1.,6.12323399573677E-17));
#14174=DIRECTION('',(0.,1.,-6.12323399573677E-17));
#14175=DIRECTION('',(0.,6.12323399573677E-17,1.));
#14176=DIRECTION('',(0.,-1.,6.12323399573677E-17));
#14177=DIRECTION('',(0.,1.,-6.12323399573677E-17));
#14178=DIRECTION('',(0.,6.12323399573677E-17,1.));
#14179=DIRECTION('',(0.,-1.,6.12323399573677E-17));
#14180=DIRECTION('center_axis',(0.,1.,0.));
#14181=DIRECTION('ref_axis',(0.,0.,1.));
#14182=DIRECTION('',(0.,0.,-1.));
#14183=DIRECTION('',(1.,0.,0.));
#14184=DIRECTION('center_axis',(1.22464679914735E-16,6.12323399573677E-17,
1.));
#14185=DIRECTION('ref_axis',(1.,0.,-1.22464679914735E-16));
#14186=DIRECTION('',(1.,0.,-1.22464679914735E-16));
#14187=DIRECTION('',(-7.49879891330929E-33,1.,-6.12323399573677E-17));
#14188=DIRECTION('center_axis',(-7.49879891330929E-33,1.,-6.12323399573677E-17));
#14189=DIRECTION('ref_axis',(-1.,-1.64214663788065E-47,1.22464679914735E-16));
#14190=DIRECTION('center_axis',(-7.49879891330929E-33,1.,-6.12323399573677E-17));
#14191=DIRECTION('ref_axis',(-1.,-1.64214663788065E-47,1.22464679914735E-16));
#14192=DIRECTION('',(-7.49879891330929E-33,1.,-6.12323399573677E-17));
#14193=DIRECTION('center_axis',(-1.,0.,1.22464679914735E-16));
#14194=DIRECTION('ref_axis',(1.22464679914735E-16,6.12323399573677E-17,
1.));
#14195=DIRECTION('',(1.22464679914735E-16,6.12323399573676E-17,1.));
#14196=DIRECTION('',(-7.49879891330929E-33,1.,-6.12323399573677E-17));
#14197=DIRECTION('center_axis',(-7.49879891330929E-33,1.,-6.12323399573677E-17));
#14198=DIRECTION('ref_axis',(-1.,-1.64214663788065E-47,1.22464679914735E-16));
#14199=DIRECTION('center_axis',(7.49879891330929E-33,-1.,6.12323399573677E-17));
#14200=DIRECTION('ref_axis',(-1.,-1.64214663788065E-47,1.22464679914735E-16));
#14201=DIRECTION('',(-7.49879891330929E-33,1.,-6.12323399573677E-17));
#14202=DIRECTION('center_axis',(1.22464679914735E-16,6.12323399573677E-17,
1.));
#14203=DIRECTION('ref_axis',(1.,0.,-1.22464679914735E-16));
#14204=DIRECTION('',(1.,0.,-1.22464679914735E-16));
#14205=DIRECTION('',(-7.49879891330929E-33,1.,-6.12323399573677E-17));
#14206=DIRECTION('center_axis',(-1.,0.,1.22464679914735E-16));
#14207=DIRECTION('ref_axis',(1.22464679914735E-16,6.12323399573677E-17,
1.));
#14208=DIRECTION('',(1.22464679914735E-16,6.12323399573677E-17,1.));
#14209=DIRECTION('center_axis',(1.,0.,-1.22464679914735E-16));
#14210=DIRECTION('ref_axis',(-1.22464679914735E-16,-6.12323399573677E-17,
-1.));
#14211=DIRECTION('',(-1.22464679914735E-16,-6.12323399573676E-17,-1.));
#14212=DIRECTION('',(-7.49879891330929E-33,1.,-6.12323399573677E-17));
#14213=DIRECTION('center_axis',(-7.49879891330929E-33,1.,-6.12323399573677E-17));
#14214=DIRECTION('ref_axis',(-1.,-1.64214663788065E-47,1.22464679914735E-16));
#14215=DIRECTION('center_axis',(7.49879891330929E-33,-1.,6.12323399573677E-17));
#14216=DIRECTION('ref_axis',(-1.,-1.64214663788065E-47,1.22464679914735E-16));
#14217=DIRECTION('',(-7.49879891330929E-33,1.,-6.12323399573677E-17));
#14218=DIRECTION('center_axis',(-1.22464679914735E-16,-6.12323399573677E-17,
-1.));
#14219=DIRECTION('ref_axis',(-1.,0.,1.22464679914735E-16));
#14220=DIRECTION('',(-1.,0.,1.22464679914735E-16));
#14221=DIRECTION('center_axis',(7.49879891330929E-33,-1.,6.12323399573677E-17));
#14222=DIRECTION('ref_axis',(1.,1.64214663788065E-47,-1.22464679914735E-16));
#14223=DIRECTION('center_axis',(1.22464679914735E-16,6.12323399573677E-17,
1.));
#14224=DIRECTION('ref_axis',(1.,0.,-1.22464679914735E-16));
#14225=DIRECTION('',(1.,0.,-1.22464679914735E-16));
#14226=DIRECTION('',(-7.49879891330929E-33,1.,-6.12323399573677E-17));
#14227=DIRECTION('center_axis',(-7.49879891330929E-33,1.,-6.12323399573677E-17));
#14228=DIRECTION('ref_axis',(-1.,-1.64214663788065E-47,1.22464679914735E-16));
#14229=DIRECTION('center_axis',(-7.49879891330929E-33,1.,-6.12323399573677E-17));
#14230=DIRECTION('ref_axis',(-1.,-1.64214663788065E-47,1.22464679914735E-16));
#14231=DIRECTION('',(-7.49879891330929E-33,1.,-6.12323399573677E-17));
#14232=DIRECTION('center_axis',(-1.,0.,1.22464679914735E-16));
#14233=DIRECTION('ref_axis',(1.22464679914735E-16,6.12323399573677E-17,
1.));
#14234=DIRECTION('',(1.22464679914735E-16,6.12323399573676E-17,1.));
#14235=DIRECTION('',(-7.49879891330929E-33,1.,-6.12323399573677E-17));
#14236=DIRECTION('center_axis',(-7.49879891330929E-33,1.,-6.12323399573677E-17));
#14237=DIRECTION('ref_axis',(-1.,-1.64214663788065E-47,1.22464679914735E-16));
#14238=DIRECTION('center_axis',(7.49879891330929E-33,-1.,6.12323399573677E-17));
#14239=DIRECTION('ref_axis',(-1.,-1.64214663788065E-47,1.22464679914735E-16));
#14240=DIRECTION('',(-7.49879891330929E-33,1.,-6.12323399573677E-17));
#14241=DIRECTION('center_axis',(1.22464679914735E-16,6.12323399573677E-17,
1.));
#14242=DIRECTION('ref_axis',(1.,0.,-1.22464679914735E-16));
#14243=DIRECTION('',(1.,0.,-1.22464679914735E-16));
#14244=DIRECTION('',(-7.49879891330929E-33,1.,-6.12323399573677E-17));
#14245=DIRECTION('center_axis',(-1.,0.,1.22464679914735E-16));
#14246=DIRECTION('ref_axis',(1.22464679914735E-16,6.12323399573677E-17,
1.));
#14247=DIRECTION('',(1.22464679914735E-16,6.12323399573677E-17,1.));
#14248=DIRECTION('center_axis',(1.,0.,-1.22464679914735E-16));
#14249=DIRECTION('ref_axis',(-1.22464679914735E-16,-6.12323399573677E-17,
-1.));
#14250=DIRECTION('',(-1.22464679914735E-16,-6.12323399573676E-17,-1.));
#14251=DIRECTION('',(-7.49879891330929E-33,1.,-6.12323399573677E-17));
#14252=DIRECTION('center_axis',(-7.49879891330929E-33,1.,-6.12323399573677E-17));
#14253=DIRECTION('ref_axis',(-1.,-1.64214663788065E-47,1.22464679914735E-16));
#14254=DIRECTION('center_axis',(7.49879891330929E-33,-1.,6.12323399573677E-17));
#14255=DIRECTION('ref_axis',(-1.,-1.64214663788065E-47,1.22464679914735E-16));
#14256=DIRECTION('',(-7.49879891330929E-33,1.,-6.12323399573677E-17));
#14257=DIRECTION('center_axis',(-1.22464679914735E-16,-6.12323399573677E-17,
-1.));
#14258=DIRECTION('ref_axis',(-1.,0.,1.22464679914735E-16));
#14259=DIRECTION('',(-1.,0.,1.22464679914735E-16));
#14260=DIRECTION('center_axis',(7.49879891330929E-33,-1.,6.12323399573677E-17));
#14261=DIRECTION('ref_axis',(1.,1.64214663788065E-47,-1.22464679914735E-16));
#14262=DIRECTION('center_axis',(1.22464679914735E-16,6.12323399573677E-17,
1.));
#14263=DIRECTION('ref_axis',(1.,0.,-1.22464679914735E-16));
#14264=DIRECTION('',(1.,0.,-1.22464679914735E-16));
#14265=DIRECTION('',(-7.49879891330929E-33,1.,-6.12323399573677E-17));
#14266=DIRECTION('center_axis',(-7.49879891330929E-33,1.,-6.12323399573677E-17));
#14267=DIRECTION('ref_axis',(-1.,-1.64214663788065E-47,1.22464679914735E-16));
#14268=DIRECTION('center_axis',(-7.49879891330929E-33,1.,-6.12323399573677E-17));
#14269=DIRECTION('ref_axis',(-1.,-1.64214663788065E-47,1.22464679914735E-16));
#14270=DIRECTION('',(-7.49879891330929E-33,1.,-6.12323399573677E-17));
#14271=DIRECTION('center_axis',(-1.,0.,1.22464679914735E-16));
#14272=DIRECTION('ref_axis',(1.22464679914735E-16,6.12323399573677E-17,
1.));
#14273=DIRECTION('',(1.22464679914735E-16,6.12323399573676E-17,1.));
#14274=DIRECTION('',(-7.49879891330929E-33,1.,-6.12323399573677E-17));
#14275=DIRECTION('center_axis',(-7.49879891330929E-33,1.,-6.12323399573677E-17));
#14276=DIRECTION('ref_axis',(-1.,-1.64214663788065E-47,1.22464679914735E-16));
#14277=DIRECTION('center_axis',(7.49879891330929E-33,-1.,6.12323399573677E-17));
#14278=DIRECTION('ref_axis',(-1.,-1.64214663788065E-47,1.22464679914735E-16));
#14279=DIRECTION('',(-7.49879891330929E-33,1.,-6.12323399573677E-17));
#14280=DIRECTION('center_axis',(1.22464679914735E-16,6.12323399573677E-17,
1.));
#14281=DIRECTION('ref_axis',(1.,0.,-1.22464679914735E-16));
#14282=DIRECTION('',(1.,0.,-1.22464679914735E-16));
#14283=DIRECTION('',(-7.49879891330929E-33,1.,-6.12323399573677E-17));
#14284=DIRECTION('center_axis',(-1.,0.,1.22464679914735E-16));
#14285=DIRECTION('ref_axis',(1.22464679914735E-16,6.12323399573677E-17,
1.));
#14286=DIRECTION('',(1.22464679914735E-16,6.12323399573677E-17,1.));
#14287=DIRECTION('center_axis',(1.,0.,-1.22464679914735E-16));
#14288=DIRECTION('ref_axis',(-1.22464679914735E-16,-6.12323399573677E-17,
-1.));
#14289=DIRECTION('',(-1.22464679914735E-16,-6.12323399573676E-17,-1.));
#14290=DIRECTION('',(-7.49879891330929E-33,1.,-6.12323399573677E-17));
#14291=DIRECTION('center_axis',(-7.49879891330929E-33,1.,-6.12323399573677E-17));
#14292=DIRECTION('ref_axis',(-1.,-1.64214663788065E-47,1.22464679914735E-16));
#14293=DIRECTION('center_axis',(7.49879891330929E-33,-1.,6.12323399573677E-17));
#14294=DIRECTION('ref_axis',(-1.,-1.64214663788065E-47,1.22464679914735E-16));
#14295=DIRECTION('',(-7.49879891330929E-33,1.,-6.12323399573677E-17));
#14296=DIRECTION('center_axis',(-1.22464679914735E-16,-6.12323399573677E-17,
-1.));
#14297=DIRECTION('ref_axis',(-1.,0.,1.22464679914735E-16));
#14298=DIRECTION('',(-1.,0.,1.22464679914735E-16));
#14299=DIRECTION('center_axis',(7.49879891330929E-33,-1.,6.12323399573677E-17));
#14300=DIRECTION('ref_axis',(1.,1.64214663788065E-47,-1.22464679914735E-16));
#14301=DIRECTION('center_axis',(0.,6.12323399573677E-17,1.));
#14302=DIRECTION('ref_axis',(-1.,0.,0.));
#14303=DIRECTION('',(0.,1.,-6.12323399573677E-17));
#14304=DIRECTION('',(-1.,0.,0.));
#14305=DIRECTION('',(0.,-1.,6.12323399573677E-17));
#14306=DIRECTION('center_axis',(0.,-1.,6.12323399573677E-17));
#14307=DIRECTION('ref_axis',(1.,0.,0.));
#14308=DIRECTION('center_axis',(0.,-1.,6.12323399573677E-17));
#14309=DIRECTION('ref_axis',(1.,0.,0.));
#14310=DIRECTION('',(0.,-1.,6.12323399573677E-17));
#14311=DIRECTION('center_axis',(1.,0.,0.));
#14312=DIRECTION('ref_axis',(0.,6.12323399573677E-17,1.));
#14313=DIRECTION('',(0.,6.12323399573676E-17,1.));
#14314=DIRECTION('',(0.,-1.,6.12323399573677E-17));
#14315=DIRECTION('center_axis',(0.,-1.,6.12323399573677E-17));
#14316=DIRECTION('ref_axis',(1.,0.,0.));
#14317=DIRECTION('center_axis',(0.,1.,-6.12323399573677E-17));
#14318=DIRECTION('ref_axis',(1.,0.,0.));
#14319=DIRECTION('',(0.,-1.,6.12323399573677E-17));
#14320=DIRECTION('center_axis',(0.,6.12323399573677E-17,1.));
#14321=DIRECTION('ref_axis',(-1.,0.,0.));
#14322=DIRECTION('',(-1.,0.,0.));
#14323=DIRECTION('',(0.,-1.,6.12323399573677E-17));
#14324=DIRECTION('center_axis',(1.,0.,0.));
#14325=DIRECTION('ref_axis',(0.,6.12323399573677E-17,1.));
#14326=DIRECTION('',(0.,6.12323399573677E-17,1.));
#14327=DIRECTION('center_axis',(-1.,0.,0.));
#14328=DIRECTION('ref_axis',(0.,-6.12323399573677E-17,-1.));
#14329=DIRECTION('',(0.,-6.12323399573676E-17,-1.));
#14330=DIRECTION('',(0.,-1.,6.12323399573677E-17));
#14331=DIRECTION('center_axis',(0.,-1.,6.12323399573677E-17));
#14332=DIRECTION('ref_axis',(1.,0.,0.));
#14333=DIRECTION('center_axis',(0.,1.,-6.12323399573677E-17));
#14334=DIRECTION('ref_axis',(1.,0.,0.));
#14335=DIRECTION('',(0.,-1.,6.12323399573677E-17));
#14336=DIRECTION('center_axis',(0.,-6.12323399573677E-17,-1.));
#14337=DIRECTION('ref_axis',(1.,0.,0.));
#14338=DIRECTION('',(1.,0.,0.));
#14339=DIRECTION('',(0.,-1.,6.12323399573677E-17));
#14340=DIRECTION('center_axis',(0.,1.,-6.12323399573677E-17));
#14341=DIRECTION('ref_axis',(-1.,0.,0.));
#14342=DIRECTION('',(0.,6.12323399573677E-17,1.));
#14343=DIRECTION('center_axis',(0.,6.12323399573677E-17,1.));
#14344=DIRECTION('ref_axis',(-1.,0.,0.));
#14345=DIRECTION('',(0.,1.,-6.12323399573677E-17));
#14346=DIRECTION('',(-1.,0.,0.));
#14347=DIRECTION('',(0.,-1.,6.12323399573677E-17));
#14348=DIRECTION('center_axis',(0.,-1.,6.12323399573677E-17));
#14349=DIRECTION('ref_axis',(1.,0.,0.));
#14350=DIRECTION('center_axis',(0.,-1.,6.12323399573677E-17));
#14351=DIRECTION('ref_axis',(1.,0.,0.));
#14352=DIRECTION('',(0.,-1.,6.12323399573677E-17));
#14353=DIRECTION('center_axis',(1.,0.,0.));
#14354=DIRECTION('ref_axis',(0.,6.12323399573677E-17,1.));
#14355=DIRECTION('',(0.,6.12323399573676E-17,1.));
#14356=DIRECTION('',(0.,-1.,6.12323399573677E-17));
#14357=DIRECTION('center_axis',(0.,-1.,6.12323399573677E-17));
#14358=DIRECTION('ref_axis',(1.,0.,0.));
#14359=DIRECTION('center_axis',(0.,1.,-6.12323399573677E-17));
#14360=DIRECTION('ref_axis',(1.,0.,0.));
#14361=DIRECTION('',(0.,-1.,6.12323399573677E-17));
#14362=DIRECTION('center_axis',(0.,6.12323399573677E-17,1.));
#14363=DIRECTION('ref_axis',(-1.,0.,0.));
#14364=DIRECTION('',(-1.,0.,0.));
#14365=DIRECTION('',(0.,-1.,6.12323399573677E-17));
#14366=DIRECTION('center_axis',(1.,0.,0.));
#14367=DIRECTION('ref_axis',(0.,6.12323399573677E-17,1.));
#14368=DIRECTION('',(0.,6.12323399573677E-17,1.));
#14369=DIRECTION('center_axis',(-1.,0.,0.));
#14370=DIRECTION('ref_axis',(0.,-6.12323399573677E-17,-1.));
#14371=DIRECTION('',(0.,-6.12323399573676E-17,-1.));
#14372=DIRECTION('',(0.,-1.,6.12323399573677E-17));
#14373=DIRECTION('center_axis',(0.,-1.,6.12323399573677E-17));
#14374=DIRECTION('ref_axis',(1.,0.,0.));
#14375=DIRECTION('center_axis',(0.,1.,-6.12323399573677E-17));
#14376=DIRECTION('ref_axis',(1.,0.,0.));
#14377=DIRECTION('',(0.,-1.,6.12323399573677E-17));
#14378=DIRECTION('center_axis',(0.,-6.12323399573677E-17,-1.));
#14379=DIRECTION('ref_axis',(1.,0.,0.));
#14380=DIRECTION('',(1.,0.,0.));
#14381=DIRECTION('',(0.,-1.,6.12323399573677E-17));
#14382=DIRECTION('center_axis',(0.,1.,-6.12323399573677E-17));
#14383=DIRECTION('ref_axis',(-1.,0.,0.));
#14384=DIRECTION('',(0.,6.12323399573677E-17,1.));
#14385=DIRECTION('center_axis',(0.,0.,1.));
#14386=DIRECTION('ref_axis',(1.,0.,0.));
#14387=DIRECTION('center_axis',(0.,0.,-1.));
#14388=DIRECTION('ref_axis',(1.,0.,0.));
#14389=DIRECTION('',(0.,0.,1.));
#14390=DIRECTION('center_axis',(0.,0.,-1.));
#14391=DIRECTION('ref_axis',(1.,0.,0.));
#14392=DIRECTION('center_axis',(0.,0.,-1.));
#14393=DIRECTION('ref_axis',(-1.,0.,0.));
#14394=DIRECTION('center_axis',(0.,0.,1.));
#14395=DIRECTION('ref_axis',(1.,0.,0.));
#14396=DIRECTION('',(0.,1.,0.));
#14397=DIRECTION('',(-1.,0.,0.));
#14398=DIRECTION('center_axis',(0.,-1.,0.));
#14399=DIRECTION('ref_axis',(0.,0.,-1.));
#14400=DIRECTION('',(0.,0.,-1.));
#14401=DIRECTION('center_axis',(-1.,0.,0.));
#14402=DIRECTION('ref_axis',(0.,0.,1.));
#14403=DIRECTION('center_axis',(1.,0.,0.));
#14404=DIRECTION('ref_axis',(0.,-1.,0.));
#14405=DIRECTION('',(0.,1.,0.));
#14406=DIRECTION('',(0.,0.,-1.));
#14407=DIRECTION('',(0.,0.,-1.));
#14408=DIRECTION('center_axis',(0.,0.,-1.));
#14409=DIRECTION('ref_axis',(1.,0.,0.));
#14410=DIRECTION('center_axis',(0.,0.,1.));
#14411=DIRECTION('ref_axis',(1.,0.,0.));
#14412=DIRECTION('',(0.,0.,-1.));
#14413=DIRECTION('center_axis',(0.,1.,0.));
#14414=DIRECTION('ref_axis',(1.,0.,0.));
#14415=DIRECTION('',(-1.,0.,0.));
#14416=DIRECTION('',(0.,0.,-1.));
#14417=DIRECTION('center_axis',(0.,0.,-1.));
#14418=DIRECTION('ref_axis',(0.,1.,0.));
#14419=DIRECTION('center_axis',(0.,0.,1.));
#14420=DIRECTION('ref_axis',(0.,1.,0.));
#14421=DIRECTION('',(0.,0.,-1.));
#14422=DIRECTION('center_axis',(-1.,0.,0.));
#14423=DIRECTION('ref_axis',(0.,1.,0.));
#14424=DIRECTION('',(0.,-1.,0.));
#14425=DIRECTION('',(0.,0.,-1.));
#14426=DIRECTION('center_axis',(0.,0.,-1.));
#14427=DIRECTION('ref_axis',(-1.,0.,0.));
#14428=DIRECTION('center_axis',(0.,0.,1.));
#14429=DIRECTION('ref_axis',(-1.,0.,0.));
#14430=DIRECTION('',(0.,0.,-1.));
#14431=DIRECTION('center_axis',(0.,-1.,0.));
#14432=DIRECTION('ref_axis',(-1.,0.,0.));
#14433=DIRECTION('',(1.,0.,0.));
#14434=DIRECTION('',(0.,0.,-1.));
#14435=DIRECTION('center_axis',(0.,0.,-1.));
#14436=DIRECTION('ref_axis',(0.,-1.,0.));
#14437=DIRECTION('center_axis',(0.,0.,1.));
#14438=DIRECTION('ref_axis',(0.,-1.,0.));
#14439=DIRECTION('center_axis',(1.,0.,0.));
#14440=DIRECTION('ref_axis',(0.,-1.,0.));
#14441=DIRECTION('',(0.,1.,0.));
#14442=DIRECTION('',(0.,0.,-1.));
#14443=DIRECTION('',(0.,0.,-1.));
#14444=DIRECTION('center_axis',(0.,0.,-1.));
#14445=DIRECTION('ref_axis',(1.,0.,0.));
#14446=DIRECTION('center_axis',(0.,0.,1.));
#14447=DIRECTION('ref_axis',(1.,0.,0.));
#14448=DIRECTION('',(0.,0.,-1.));
#14449=DIRECTION('center_axis',(0.,1.,0.));
#14450=DIRECTION('ref_axis',(1.,0.,0.));
#14451=DIRECTION('',(-1.,0.,0.));
#14452=DIRECTION('',(0.,0.,-1.));
#14453=DIRECTION('center_axis',(0.,0.,-1.));
#14454=DIRECTION('ref_axis',(0.,1.,0.));
#14455=DIRECTION('center_axis',(0.,0.,1.));
#14456=DIRECTION('ref_axis',(0.,1.,0.));
#14457=DIRECTION('',(0.,0.,-1.));
#14458=DIRECTION('center_axis',(-1.,0.,0.));
#14459=DIRECTION('ref_axis',(0.,1.,0.));
#14460=DIRECTION('',(0.,-1.,0.));
#14461=DIRECTION('',(0.,0.,-1.));
#14462=DIRECTION('center_axis',(0.,0.,-1.));
#14463=DIRECTION('ref_axis',(-1.,0.,0.));
#14464=DIRECTION('center_axis',(0.,0.,1.));
#14465=DIRECTION('ref_axis',(-1.,0.,0.));
#14466=DIRECTION('',(0.,0.,-1.));
#14467=DIRECTION('center_axis',(0.,-1.,0.));
#14468=DIRECTION('ref_axis',(-1.,0.,0.));
#14469=DIRECTION('',(1.,0.,0.));
#14470=DIRECTION('',(0.,0.,-1.));
#14471=DIRECTION('center_axis',(0.,0.,-1.));
#14472=DIRECTION('ref_axis',(0.,-1.,0.));
#14473=DIRECTION('center_axis',(0.,0.,1.));
#14474=DIRECTION('ref_axis',(0.,-1.,0.));
#14475=DIRECTION('center_axis',(1.,0.,0.));
#14476=DIRECTION('ref_axis',(0.,-1.,0.));
#14477=DIRECTION('',(0.,1.,0.));
#14478=DIRECTION('',(0.,0.,-1.));
#14479=DIRECTION('',(0.,0.,-1.));
#14480=DIRECTION('center_axis',(0.,0.,-1.));
#14481=DIRECTION('ref_axis',(1.,0.,0.));
#14482=DIRECTION('center_axis',(0.,0.,1.));
#14483=DIRECTION('ref_axis',(1.,0.,0.));
#14484=DIRECTION('',(0.,0.,-1.));
#14485=DIRECTION('center_axis',(0.,1.,0.));
#14486=DIRECTION('ref_axis',(1.,0.,0.));
#14487=DIRECTION('',(-1.,0.,0.));
#14488=DIRECTION('',(0.,0.,-1.));
#14489=DIRECTION('center_axis',(0.,0.,-1.));
#14490=DIRECTION('ref_axis',(0.,1.,0.));
#14491=DIRECTION('center_axis',(0.,0.,1.));
#14492=DIRECTION('ref_axis',(0.,1.,0.));
#14493=DIRECTION('',(0.,0.,-1.));
#14494=DIRECTION('center_axis',(-1.,0.,0.));
#14495=DIRECTION('ref_axis',(0.,1.,0.));
#14496=DIRECTION('',(0.,-1.,0.));
#14497=DIRECTION('',(0.,0.,-1.));
#14498=DIRECTION('center_axis',(0.,0.,-1.));
#14499=DIRECTION('ref_axis',(-1.,0.,0.));
#14500=DIRECTION('center_axis',(0.,0.,1.));
#14501=DIRECTION('ref_axis',(-1.,0.,0.));
#14502=DIRECTION('',(0.,0.,-1.));
#14503=DIRECTION('center_axis',(0.,-1.,0.));
#14504=DIRECTION('ref_axis',(-1.,0.,0.));
#14505=DIRECTION('',(1.,0.,0.));
#14506=DIRECTION('',(0.,0.,-1.));
#14507=DIRECTION('center_axis',(0.,0.,-1.));
#14508=DIRECTION('ref_axis',(0.,-1.,0.));
#14509=DIRECTION('center_axis',(0.,0.,1.));
#14510=DIRECTION('ref_axis',(0.,-1.,0.));
#14511=DIRECTION('center_axis',(1.,0.,0.));
#14512=DIRECTION('ref_axis',(0.,-1.,0.));
#14513=DIRECTION('',(0.,1.,0.));
#14514=DIRECTION('',(0.,0.,-1.));
#14515=DIRECTION('',(0.,0.,-1.));
#14516=DIRECTION('center_axis',(0.,0.,-1.));
#14517=DIRECTION('ref_axis',(1.,0.,0.));
#14518=DIRECTION('center_axis',(0.,0.,1.));
#14519=DIRECTION('ref_axis',(1.,0.,0.));
#14520=DIRECTION('',(0.,0.,-1.));
#14521=DIRECTION('center_axis',(0.,1.,0.));
#14522=DIRECTION('ref_axis',(1.,0.,0.));
#14523=DIRECTION('',(-1.,0.,0.));
#14524=DIRECTION('',(0.,0.,-1.));
#14525=DIRECTION('center_axis',(0.,0.,-1.));
#14526=DIRECTION('ref_axis',(0.,1.,0.));
#14527=DIRECTION('center_axis',(0.,0.,1.));
#14528=DIRECTION('ref_axis',(0.,1.,0.));
#14529=DIRECTION('',(0.,0.,-1.));
#14530=DIRECTION('center_axis',(-1.,0.,0.));
#14531=DIRECTION('ref_axis',(0.,1.,0.));
#14532=DIRECTION('',(0.,-1.,0.));
#14533=DIRECTION('',(0.,0.,-1.));
#14534=DIRECTION('center_axis',(0.,0.,-1.));
#14535=DIRECTION('ref_axis',(-1.,0.,0.));
#14536=DIRECTION('center_axis',(0.,0.,1.));
#14537=DIRECTION('ref_axis',(-1.,0.,0.));
#14538=DIRECTION('',(0.,0.,-1.));
#14539=DIRECTION('center_axis',(0.,-1.,0.));
#14540=DIRECTION('ref_axis',(-1.,0.,0.));
#14541=DIRECTION('',(1.,0.,0.));
#14542=DIRECTION('',(0.,0.,-1.));
#14543=DIRECTION('center_axis',(0.,0.,-1.));
#14544=DIRECTION('ref_axis',(0.,-1.,0.));
#14545=DIRECTION('center_axis',(0.,0.,1.));
#14546=DIRECTION('ref_axis',(0.,-1.,0.));
#14547=DIRECTION('center_axis',(0.,0.,1.));
#14548=DIRECTION('ref_axis',(-1.,0.,0.));
#14549=DIRECTION('center_axis',(0.,0.,1.));
#14550=DIRECTION('ref_axis',(-1.,0.,0.));
#14551=DIRECTION('center_axis',(0.,0.,-1.));
#14552=DIRECTION('ref_axis',(1.,0.,0.));
#14553=DIRECTION('center_axis',(0.,0.,1.));
#14554=DIRECTION('ref_axis',(-1.,0.,0.));
#14555=DIRECTION('center_axis',(0.,0.,1.));
#14556=DIRECTION('ref_axis',(-1.,0.,0.));
#14557=DIRECTION('',(0.,0.,1.));
#14558=DIRECTION('center_axis',(0.,0.,1.));
#14559=DIRECTION('ref_axis',(-1.,0.,0.));
#14560=DIRECTION('center_axis',(0.,0.,1.));
#14561=DIRECTION('ref_axis',(-1.,0.,0.));
#14562=DIRECTION('center_axis',(0.,0.,-1.));
#14563=DIRECTION('ref_axis',(1.,0.,0.));
#14564=DIRECTION('center_axis',(0.,0.,1.));
#14565=DIRECTION('ref_axis',(-1.,0.,0.));
#14566=DIRECTION('center_axis',(0.,0.,1.));
#14567=DIRECTION('ref_axis',(-1.,0.,0.));
#14568=DIRECTION('',(0.,0.,1.));
#14569=DIRECTION('center_axis',(0.,0.,1.));
#14570=DIRECTION('ref_axis',(-1.,0.,0.));
#14571=DIRECTION('center_axis',(0.,0.,1.));
#14572=DIRECTION('ref_axis',(-1.,0.,0.));
#14573=DIRECTION('center_axis',(0.,0.,-1.));
#14574=DIRECTION('ref_axis',(1.,0.,0.));
#14575=DIRECTION('center_axis',(0.,0.,1.));
#14576=DIRECTION('ref_axis',(-1.,0.,0.));
#14577=DIRECTION('center_axis',(0.,0.,1.));
#14578=DIRECTION('ref_axis',(-1.,0.,0.));
#14579=DIRECTION('',(0.,0.,1.));
#14580=DIRECTION('center_axis',(0.,0.,-1.));
#14581=DIRECTION('ref_axis',(1.,0.,0.));
#14582=DIRECTION('center_axis',(0.,0.,-1.));
#14583=DIRECTION('ref_axis',(1.,0.,0.));
#14584=DIRECTION('center_axis',(0.,0.,-1.));
#14585=DIRECTION('ref_axis',(1.,0.,0.));
#14586=DIRECTION('center_axis',(0.,0.,-1.));
#14587=DIRECTION('ref_axis',(1.,0.,0.));
#14588=DIRECTION('',(0.,0.,-1.));
#14589=DIRECTION('center_axis',(0.,0.,-1.));
#14590=DIRECTION('ref_axis',(1.,0.,0.));
#14591=DIRECTION('',(0.,0.,-1.));
#14592=DIRECTION('center_axis',(0.,0.,-1.));
#14593=DIRECTION('ref_axis',(1.,0.,0.));
#14594=DIRECTION('center_axis',(0.,0.,-1.));
#14595=DIRECTION('ref_axis',(1.,0.,0.));
#14596=DIRECTION('center_axis',(0.,0.,-1.));
#14597=DIRECTION('ref_axis',(1.,0.,0.));
#14598=DIRECTION('center_axis',(0.,0.,-1.));
#14599=DIRECTION('ref_axis',(1.,0.,0.));
#14600=DIRECTION('',(0.,0.,-1.));
#14601=DIRECTION('center_axis',(0.,0.,-1.));
#14602=DIRECTION('ref_axis',(1.,0.,0.));
#14603=DIRECTION('',(0.,0.,-1.));
#14604=DIRECTION('center_axis',(0.,0.,-1.));
#14605=DIRECTION('ref_axis',(1.,0.,0.));
#14606=DIRECTION('center_axis',(0.,0.,-1.));
#14607=DIRECTION('ref_axis',(1.,0.,0.));
#14608=DIRECTION('center_axis',(0.,0.,-1.));
#14609=DIRECTION('ref_axis',(1.,0.,0.));
#14610=DIRECTION('center_axis',(0.,0.,-1.));
#14611=DIRECTION('ref_axis',(1.,0.,0.));
#14612=DIRECTION('',(0.,0.,-1.));
#14613=DIRECTION('center_axis',(0.,0.,-1.));
#14614=DIRECTION('ref_axis',(1.,0.,0.));
#14615=DIRECTION('',(0.,0.,-1.));
#14616=DIRECTION('center_axis',(0.,0.,1.));
#14617=DIRECTION('ref_axis',(-1.,0.,0.));
#14618=DIRECTION('center_axis',(0.,0.,1.));
#14619=DIRECTION('ref_axis',(-1.,0.,0.));
#14620=DIRECTION('center_axis',(0.,0.,-1.));
#14621=DIRECTION('ref_axis',(1.,0.,0.));
#14622=DIRECTION('center_axis',(0.,0.,1.));
#14623=DIRECTION('ref_axis',(-1.,0.,0.));
#14624=DIRECTION('center_axis',(0.,0.,1.));
#14625=DIRECTION('ref_axis',(-1.,0.,0.));
#14626=DIRECTION('',(0.,0.,1.));
#14627=DIRECTION('center_axis',(0.,0.,1.));
#14628=DIRECTION('ref_axis',(-1.,0.,0.));
#14629=DIRECTION('center_axis',(0.,0.,1.));
#14630=DIRECTION('ref_axis',(-1.,0.,0.));
#14631=DIRECTION('center_axis',(0.,0.,-1.));
#14632=DIRECTION('ref_axis',(1.,0.,0.));
#14633=DIRECTION('center_axis',(0.,0.,1.));
#14634=DIRECTION('ref_axis',(-1.,0.,0.));
#14635=DIRECTION('center_axis',(0.,0.,1.));
#14636=DIRECTION('ref_axis',(-1.,0.,0.));
#14637=DIRECTION('',(0.,0.,1.));
#14638=DIRECTION('center_axis',(0.,0.,1.));
#14639=DIRECTION('ref_axis',(-1.,0.,0.));
#14640=DIRECTION('center_axis',(0.,0.,1.));
#14641=DIRECTION('ref_axis',(-1.,0.,0.));
#14642=DIRECTION('center_axis',(0.,0.,-1.));
#14643=DIRECTION('ref_axis',(1.,0.,0.));
#14644=DIRECTION('center_axis',(0.,0.,1.));
#14645=DIRECTION('ref_axis',(-1.,0.,0.));
#14646=DIRECTION('center_axis',(0.,0.,1.));
#14647=DIRECTION('ref_axis',(-1.,0.,0.));
#14648=DIRECTION('',(0.,0.,1.));
#14649=DIRECTION('center_axis',(0.,0.,1.));
#14650=DIRECTION('ref_axis',(-1.,0.,0.));
#14651=DIRECTION('center_axis',(0.,0.,1.));
#14652=DIRECTION('ref_axis',(-1.,0.,0.));
#14653=DIRECTION('center_axis',(0.,0.,-1.));
#14654=DIRECTION('ref_axis',(1.,0.,0.));
#14655=DIRECTION('center_axis',(0.,0.,1.));
#14656=DIRECTION('ref_axis',(-1.,0.,0.));
#14657=DIRECTION('center_axis',(0.,0.,1.));
#14658=DIRECTION('ref_axis',(-1.,0.,0.));
#14659=DIRECTION('',(0.,0.,1.));
#14660=DIRECTION('center_axis',(0.,0.,1.));
#14661=DIRECTION('ref_axis',(-1.,0.,0.));
#14662=DIRECTION('center_axis',(0.,0.,1.));
#14663=DIRECTION('ref_axis',(-1.,0.,0.));
#14664=DIRECTION('center_axis',(0.,0.,-1.));
#14665=DIRECTION('ref_axis',(1.,0.,0.));
#14666=DIRECTION('center_axis',(0.,0.,1.));
#14667=DIRECTION('ref_axis',(-1.,0.,0.));
#14668=DIRECTION('center_axis',(0.,0.,1.));
#14669=DIRECTION('ref_axis',(-1.,0.,0.));
#14670=DIRECTION('',(0.,0.,1.));
#14671=DIRECTION('center_axis',(0.,0.,1.));
#14672=DIRECTION('ref_axis',(-1.,0.,0.));
#14673=DIRECTION('center_axis',(0.,0.,1.));
#14674=DIRECTION('ref_axis',(-1.,0.,0.));
#14675=DIRECTION('center_axis',(0.,0.,-1.));
#14676=DIRECTION('ref_axis',(1.,0.,0.));
#14677=DIRECTION('center_axis',(0.,0.,1.));
#14678=DIRECTION('ref_axis',(-1.,0.,0.));
#14679=DIRECTION('center_axis',(0.,0.,1.));
#14680=DIRECTION('ref_axis',(-1.,0.,0.));
#14681=DIRECTION('',(0.,0.,1.));
#14682=DIRECTION('center_axis',(0.,0.,1.));
#14683=DIRECTION('ref_axis',(-1.,0.,0.));
#14684=DIRECTION('center_axis',(0.,0.,1.));
#14685=DIRECTION('ref_axis',(-1.,0.,0.));
#14686=DIRECTION('center_axis',(0.,0.,-1.));
#14687=DIRECTION('ref_axis',(1.,0.,0.));
#14688=DIRECTION('center_axis',(0.,0.,1.));
#14689=DIRECTION('ref_axis',(-1.,0.,0.));
#14690=DIRECTION('center_axis',(0.,0.,1.));
#14691=DIRECTION('ref_axis',(-1.,0.,0.));
#14692=DIRECTION('',(0.,0.,1.));
#14693=DIRECTION('center_axis',(0.,0.,1.));
#14694=DIRECTION('ref_axis',(-1.,0.,0.));
#14695=DIRECTION('center_axis',(0.,0.,1.));
#14696=DIRECTION('ref_axis',(-1.,0.,0.));
#14697=DIRECTION('center_axis',(0.,0.,-1.));
#14698=DIRECTION('ref_axis',(1.,0.,0.));
#14699=DIRECTION('center_axis',(0.,0.,1.));
#14700=DIRECTION('ref_axis',(-1.,0.,0.));
#14701=DIRECTION('center_axis',(0.,0.,1.));
#14702=DIRECTION('ref_axis',(-1.,0.,0.));
#14703=DIRECTION('',(0.,0.,1.));
#14704=DIRECTION('center_axis',(0.,0.,1.));
#14705=DIRECTION('ref_axis',(-1.,0.,0.));
#14706=DIRECTION('center_axis',(0.,0.,1.));
#14707=DIRECTION('ref_axis',(-1.,0.,0.));
#14708=DIRECTION('center_axis',(0.,0.,-1.));
#14709=DIRECTION('ref_axis',(1.,0.,0.));
#14710=DIRECTION('center_axis',(0.,0.,1.));
#14711=DIRECTION('ref_axis',(-1.,0.,0.));
#14712=DIRECTION('center_axis',(0.,0.,1.));
#14713=DIRECTION('ref_axis',(-1.,0.,0.));
#14714=DIRECTION('',(0.,0.,1.));
#14715=DIRECTION('center_axis',(0.,0.,1.));
#14716=DIRECTION('ref_axis',(-1.,0.,0.));
#14717=DIRECTION('center_axis',(0.,0.,1.));
#14718=DIRECTION('ref_axis',(-1.,0.,0.));
#14719=DIRECTION('center_axis',(0.,0.,-1.));
#14720=DIRECTION('ref_axis',(1.,0.,0.));
#14721=DIRECTION('center_axis',(0.,0.,1.));
#14722=DIRECTION('ref_axis',(-1.,0.,0.));
#14723=DIRECTION('center_axis',(0.,0.,1.));
#14724=DIRECTION('ref_axis',(-1.,0.,0.));
#14725=DIRECTION('',(0.,0.,1.));
#14726=DIRECTION('center_axis',(0.,0.,1.));
#14727=DIRECTION('ref_axis',(-1.,0.,0.));
#14728=DIRECTION('center_axis',(0.,0.,1.));
#14729=DIRECTION('ref_axis',(-1.,0.,0.));
#14730=DIRECTION('center_axis',(0.,0.,-1.));
#14731=DIRECTION('ref_axis',(1.,0.,0.));
#14732=DIRECTION('center_axis',(0.,0.,1.));
#14733=DIRECTION('ref_axis',(-1.,0.,0.));
#14734=DIRECTION('center_axis',(0.,0.,1.));
#14735=DIRECTION('ref_axis',(-1.,0.,0.));
#14736=DIRECTION('',(0.,0.,1.));
#14737=DIRECTION('center_axis',(0.,0.,1.));
#14738=DIRECTION('ref_axis',(-1.,0.,0.));
#14739=DIRECTION('center_axis',(0.,0.,1.));
#14740=DIRECTION('ref_axis',(-1.,0.,0.));
#14741=DIRECTION('center_axis',(0.,0.,-1.));
#14742=DIRECTION('ref_axis',(1.,0.,0.));
#14743=DIRECTION('center_axis',(0.,0.,1.));
#14744=DIRECTION('ref_axis',(-1.,0.,0.));
#14745=DIRECTION('center_axis',(0.,0.,1.));
#14746=DIRECTION('ref_axis',(-1.,0.,0.));
#14747=DIRECTION('',(0.,0.,1.));
#14748=DIRECTION('center_axis',(0.,0.,1.));
#14749=DIRECTION('ref_axis',(-1.,0.,0.));
#14750=DIRECTION('center_axis',(0.,0.,1.));
#14751=DIRECTION('ref_axis',(-1.,0.,0.));
#14752=DIRECTION('center_axis',(0.,0.,-1.));
#14753=DIRECTION('ref_axis',(1.,0.,0.));
#14754=DIRECTION('center_axis',(0.,0.,1.));
#14755=DIRECTION('ref_axis',(-1.,0.,0.));
#14756=DIRECTION('center_axis',(0.,0.,1.));
#14757=DIRECTION('ref_axis',(-1.,0.,0.));
#14758=DIRECTION('',(0.,0.,1.));
#14759=DIRECTION('center_axis',(0.,0.,1.));
#14760=DIRECTION('ref_axis',(-1.,0.,0.));
#14761=DIRECTION('center_axis',(0.,0.,1.));
#14762=DIRECTION('ref_axis',(-1.,0.,0.));
#14763=DIRECTION('center_axis',(0.,0.,-1.));
#14764=DIRECTION('ref_axis',(1.,0.,0.));
#14765=DIRECTION('center_axis',(0.,0.,1.));
#14766=DIRECTION('ref_axis',(-1.,0.,0.));
#14767=DIRECTION('center_axis',(0.,0.,1.));
#14768=DIRECTION('ref_axis',(-1.,0.,0.));
#14769=DIRECTION('',(0.,0.,1.));
#14770=DIRECTION('center_axis',(0.,0.,1.));
#14771=DIRECTION('ref_axis',(-1.,0.,0.));
#14772=DIRECTION('center_axis',(0.,0.,1.));
#14773=DIRECTION('ref_axis',(-1.,0.,0.));
#14774=DIRECTION('center_axis',(0.,0.,-1.));
#14775=DIRECTION('ref_axis',(1.,0.,0.));
#14776=DIRECTION('center_axis',(0.,0.,1.));
#14777=DIRECTION('ref_axis',(-1.,0.,0.));
#14778=DIRECTION('center_axis',(0.,0.,1.));
#14779=DIRECTION('ref_axis',(-1.,0.,0.));
#14780=DIRECTION('',(0.,0.,1.));
#14781=DIRECTION('center_axis',(0.,0.,1.));
#14782=DIRECTION('ref_axis',(-1.,0.,0.));
#14783=DIRECTION('center_axis',(0.,0.,1.));
#14784=DIRECTION('ref_axis',(-1.,0.,0.));
#14785=DIRECTION('center_axis',(0.,0.,-1.));
#14786=DIRECTION('ref_axis',(1.,0.,0.));
#14787=DIRECTION('center_axis',(0.,0.,1.));
#14788=DIRECTION('ref_axis',(-1.,0.,0.));
#14789=DIRECTION('center_axis',(0.,0.,1.));
#14790=DIRECTION('ref_axis',(-1.,0.,0.));
#14791=DIRECTION('',(0.,0.,1.));
#14792=DIRECTION('center_axis',(0.,0.,1.));
#14793=DIRECTION('ref_axis',(-1.,0.,0.));
#14794=DIRECTION('center_axis',(0.,0.,1.));
#14795=DIRECTION('ref_axis',(-1.,0.,0.));
#14796=DIRECTION('center_axis',(0.,0.,-1.));
#14797=DIRECTION('ref_axis',(1.,0.,0.));
#14798=DIRECTION('center_axis',(0.,0.,1.));
#14799=DIRECTION('ref_axis',(-1.,0.,0.));
#14800=DIRECTION('center_axis',(0.,0.,1.));
#14801=DIRECTION('ref_axis',(-1.,0.,0.));
#14802=DIRECTION('',(0.,0.,1.));
#14803=DIRECTION('center_axis',(0.,0.,1.));
#14804=DIRECTION('ref_axis',(-1.,0.,0.));
#14805=DIRECTION('center_axis',(0.,0.,1.));
#14806=DIRECTION('ref_axis',(-1.,0.,0.));
#14807=DIRECTION('center_axis',(0.,0.,-1.));
#14808=DIRECTION('ref_axis',(1.,0.,0.));
#14809=DIRECTION('center_axis',(0.,0.,1.));
#14810=DIRECTION('ref_axis',(-1.,0.,0.));
#14811=DIRECTION('center_axis',(0.,0.,1.));
#14812=DIRECTION('ref_axis',(-1.,0.,0.));
#14813=DIRECTION('',(0.,0.,1.));
#14814=DIRECTION('center_axis',(0.,0.,1.));
#14815=DIRECTION('ref_axis',(-1.,0.,0.));
#14816=DIRECTION('center_axis',(0.,0.,1.));
#14817=DIRECTION('ref_axis',(-1.,0.,0.));
#14818=DIRECTION('center_axis',(0.,0.,-1.));
#14819=DIRECTION('ref_axis',(1.,0.,0.));
#14820=DIRECTION('center_axis',(0.,0.,1.));
#14821=DIRECTION('ref_axis',(-1.,0.,0.));
#14822=DIRECTION('center_axis',(0.,0.,1.));
#14823=DIRECTION('ref_axis',(-1.,0.,0.));
#14824=DIRECTION('',(0.,0.,1.));
#14825=DIRECTION('center_axis',(0.,0.,1.));
#14826=DIRECTION('ref_axis',(-1.,0.,0.));
#14827=DIRECTION('center_axis',(0.,0.,1.));
#14828=DIRECTION('ref_axis',(-1.,0.,0.));
#14829=DIRECTION('center_axis',(0.,0.,-1.));
#14830=DIRECTION('ref_axis',(1.,0.,0.));
#14831=DIRECTION('center_axis',(0.,0.,1.));
#14832=DIRECTION('ref_axis',(-1.,0.,0.));
#14833=DIRECTION('center_axis',(0.,0.,1.));
#14834=DIRECTION('ref_axis',(-1.,0.,0.));
#14835=DIRECTION('',(0.,0.,1.));
#14836=DIRECTION('center_axis',(0.,0.,1.));
#14837=DIRECTION('ref_axis',(-1.,0.,0.));
#14838=DIRECTION('center_axis',(0.,0.,1.));
#14839=DIRECTION('ref_axis',(-1.,0.,0.));
#14840=DIRECTION('center_axis',(0.,0.,-1.));
#14841=DIRECTION('ref_axis',(1.,0.,0.));
#14842=DIRECTION('center_axis',(0.,0.,1.));
#14843=DIRECTION('ref_axis',(-1.,0.,0.));
#14844=DIRECTION('center_axis',(0.,0.,1.));
#14845=DIRECTION('ref_axis',(-1.,0.,0.));
#14846=DIRECTION('',(0.,0.,1.));
#14847=DIRECTION('center_axis',(0.,0.,1.));
#14848=DIRECTION('ref_axis',(-1.,0.,0.));
#14849=DIRECTION('center_axis',(0.,0.,1.));
#14850=DIRECTION('ref_axis',(-1.,0.,0.));
#14851=DIRECTION('center_axis',(0.,0.,-1.));
#14852=DIRECTION('ref_axis',(1.,0.,0.));
#14853=DIRECTION('center_axis',(0.,0.,1.));
#14854=DIRECTION('ref_axis',(-1.,0.,0.));
#14855=DIRECTION('center_axis',(0.,0.,1.));
#14856=DIRECTION('ref_axis',(-1.,0.,0.));
#14857=DIRECTION('',(0.,0.,1.));
#14858=DIRECTION('center_axis',(0.,0.,1.));
#14859=DIRECTION('ref_axis',(-1.,0.,0.));
#14860=DIRECTION('center_axis',(0.,0.,1.));
#14861=DIRECTION('ref_axis',(-1.,0.,0.));
#14862=DIRECTION('center_axis',(0.,0.,-1.));
#14863=DIRECTION('ref_axis',(1.,0.,0.));
#14864=DIRECTION('center_axis',(0.,0.,1.));
#14865=DIRECTION('ref_axis',(-1.,0.,0.));
#14866=DIRECTION('center_axis',(0.,0.,1.));
#14867=DIRECTION('ref_axis',(-1.,0.,0.));
#14868=DIRECTION('',(0.,0.,1.));
#14869=DIRECTION('center_axis',(0.,0.,1.));
#14870=DIRECTION('ref_axis',(-1.,0.,0.));
#14871=DIRECTION('center_axis',(0.,0.,1.));
#14872=DIRECTION('ref_axis',(-1.,0.,0.));
#14873=DIRECTION('center_axis',(0.,0.,-1.));
#14874=DIRECTION('ref_axis',(1.,0.,0.));
#14875=DIRECTION('center_axis',(0.,0.,1.));
#14876=DIRECTION('ref_axis',(-1.,0.,0.));
#14877=DIRECTION('center_axis',(0.,0.,1.));
#14878=DIRECTION('ref_axis',(-1.,0.,0.));
#14879=DIRECTION('',(0.,0.,1.));
#14880=DIRECTION('center_axis',(0.,0.,1.));
#14881=DIRECTION('ref_axis',(-1.,0.,0.));
#14882=DIRECTION('center_axis',(0.,0.,1.));
#14883=DIRECTION('ref_axis',(-1.,0.,0.));
#14884=DIRECTION('center_axis',(0.,0.,-1.));
#14885=DIRECTION('ref_axis',(1.,0.,0.));
#14886=DIRECTION('center_axis',(0.,0.,1.));
#14887=DIRECTION('ref_axis',(-1.,0.,0.));
#14888=DIRECTION('center_axis',(0.,0.,1.));
#14889=DIRECTION('ref_axis',(-1.,0.,0.));
#14890=DIRECTION('',(0.,0.,1.));
#14891=DIRECTION('center_axis',(0.,0.,1.));
#14892=DIRECTION('ref_axis',(-1.,0.,0.));
#14893=DIRECTION('center_axis',(0.,0.,1.));
#14894=DIRECTION('ref_axis',(-1.,0.,0.));
#14895=DIRECTION('center_axis',(0.,0.,-1.));
#14896=DIRECTION('ref_axis',(1.,0.,0.));
#14897=DIRECTION('center_axis',(0.,0.,1.));
#14898=DIRECTION('ref_axis',(-1.,0.,0.));
#14899=DIRECTION('center_axis',(0.,0.,1.));
#14900=DIRECTION('ref_axis',(-1.,0.,0.));
#14901=DIRECTION('',(0.,0.,1.));
#14902=DIRECTION('center_axis',(0.,0.,-1.));
#14903=DIRECTION('ref_axis',(1.,0.,0.));
#14904=DIRECTION('center_axis',(0.,0.,-1.));
#14905=DIRECTION('ref_axis',(1.,0.,0.));
#14906=DIRECTION('center_axis',(0.,0.,-1.));
#14907=DIRECTION('ref_axis',(1.,0.,0.));
#14908=DIRECTION('center_axis',(0.,0.,-1.));
#14909=DIRECTION('ref_axis',(1.,0.,0.));
#14910=DIRECTION('',(0.,0.,-1.));
#14911=DIRECTION('center_axis',(0.,0.,-1.));
#14912=DIRECTION('ref_axis',(1.,0.,0.));
#14913=DIRECTION('',(0.,0.,-1.));
#14914=DIRECTION('center_axis',(0.,0.,-1.));
#14915=DIRECTION('ref_axis',(1.,0.,0.));
#14916=DIRECTION('center_axis',(0.,0.,-1.));
#14917=DIRECTION('ref_axis',(1.,0.,0.));
#14918=DIRECTION('center_axis',(0.,0.,-1.));
#14919=DIRECTION('ref_axis',(1.,0.,0.));
#14920=DIRECTION('center_axis',(0.,0.,-1.));
#14921=DIRECTION('ref_axis',(1.,0.,0.));
#14922=DIRECTION('',(0.,0.,-1.));
#14923=DIRECTION('center_axis',(0.,0.,-1.));
#14924=DIRECTION('ref_axis',(1.,0.,0.));
#14925=DIRECTION('',(0.,0.,-1.));
#14926=DIRECTION('center_axis',(0.,0.,-1.));
#14927=DIRECTION('ref_axis',(1.,0.,0.));
#14928=DIRECTION('center_axis',(0.,0.,-1.));
#14929=DIRECTION('ref_axis',(1.,0.,0.));
#14930=DIRECTION('center_axis',(0.,0.,-1.));
#14931=DIRECTION('ref_axis',(1.,0.,0.));
#14932=DIRECTION('center_axis',(0.,0.,-1.));
#14933=DIRECTION('ref_axis',(1.,0.,0.));
#14934=DIRECTION('',(0.,0.,-1.));
#14935=DIRECTION('center_axis',(0.,0.,-1.));
#14936=DIRECTION('ref_axis',(1.,0.,0.));
#14937=DIRECTION('',(0.,0.,-1.));
#14938=DIRECTION('center_axis',(0.,0.,-1.));
#14939=DIRECTION('ref_axis',(1.,0.,0.));
#14940=DIRECTION('center_axis',(0.,0.,-1.));
#14941=DIRECTION('ref_axis',(1.,0.,0.));
#14942=DIRECTION('center_axis',(0.,0.,-1.));
#14943=DIRECTION('ref_axis',(1.,0.,0.));
#14944=DIRECTION('center_axis',(0.,0.,-1.));
#14945=DIRECTION('ref_axis',(1.,0.,0.));
#14946=DIRECTION('',(0.,0.,-1.));
#14947=DIRECTION('center_axis',(0.,0.,-1.));
#14948=DIRECTION('ref_axis',(1.,0.,0.));
#14949=DIRECTION('',(0.,0.,-1.));
#14950=DIRECTION('center_axis',(0.,0.,-1.));
#14951=DIRECTION('ref_axis',(1.,0.,0.));
#14952=DIRECTION('center_axis',(0.,0.,-1.));
#14953=DIRECTION('ref_axis',(1.,0.,0.));
#14954=DIRECTION('center_axis',(0.,0.,-1.));
#14955=DIRECTION('ref_axis',(1.,0.,0.));
#14956=DIRECTION('center_axis',(0.,0.,-1.));
#14957=DIRECTION('ref_axis',(1.,0.,0.));
#14958=DIRECTION('',(0.,0.,-1.));
#14959=DIRECTION('center_axis',(0.,0.,-1.));
#14960=DIRECTION('ref_axis',(1.,0.,0.));
#14961=DIRECTION('',(0.,0.,-1.));
#14962=DIRECTION('center_axis',(0.,0.,-1.));
#14963=DIRECTION('ref_axis',(1.,0.,0.));
#14964=DIRECTION('center_axis',(0.,0.,-1.));
#14965=DIRECTION('ref_axis',(1.,0.,0.));
#14966=DIRECTION('center_axis',(0.,0.,-1.));
#14967=DIRECTION('ref_axis',(1.,0.,0.));
#14968=DIRECTION('center_axis',(0.,0.,-1.));
#14969=DIRECTION('ref_axis',(1.,0.,0.));
#14970=DIRECTION('',(0.,0.,-1.));
#14971=DIRECTION('center_axis',(0.,0.,-1.));
#14972=DIRECTION('ref_axis',(1.,0.,0.));
#14973=DIRECTION('',(0.,0.,-1.));
#14974=DIRECTION('center_axis',(0.,0.,-1.));
#14975=DIRECTION('ref_axis',(1.,0.,0.));
#14976=DIRECTION('center_axis',(0.,0.,-1.));
#14977=DIRECTION('ref_axis',(1.,0.,0.));
#14978=DIRECTION('center_axis',(0.,0.,-1.));
#14979=DIRECTION('ref_axis',(1.,0.,0.));
#14980=DIRECTION('center_axis',(0.,0.,-1.));
#14981=DIRECTION('ref_axis',(1.,0.,0.));
#14982=DIRECTION('',(0.,0.,-1.));
#14983=DIRECTION('center_axis',(0.,0.,-1.));
#14984=DIRECTION('ref_axis',(1.,0.,0.));
#14985=DIRECTION('',(0.,0.,-1.));
#14986=DIRECTION('center_axis',(0.,0.,-1.));
#14987=DIRECTION('ref_axis',(1.,0.,0.));
#14988=DIRECTION('center_axis',(0.,0.,-1.));
#14989=DIRECTION('ref_axis',(1.,0.,0.));
#14990=DIRECTION('center_axis',(0.,0.,-1.));
#14991=DIRECTION('ref_axis',(1.,0.,0.));
#14992=DIRECTION('center_axis',(0.,0.,-1.));
#14993=DIRECTION('ref_axis',(1.,0.,0.));
#14994=DIRECTION('',(0.,0.,-1.));
#14995=DIRECTION('center_axis',(0.,0.,-1.));
#14996=DIRECTION('ref_axis',(1.,0.,0.));
#14997=DIRECTION('',(0.,0.,-1.));
#14998=DIRECTION('center_axis',(0.,0.,-1.));
#14999=DIRECTION('ref_axis',(1.,0.,0.));
#15000=DIRECTION('center_axis',(0.,0.,-1.));
#15001=DIRECTION('ref_axis',(1.,0.,0.));
#15002=DIRECTION('center_axis',(0.,0.,-1.));
#15003=DIRECTION('ref_axis',(1.,0.,0.));
#15004=DIRECTION('center_axis',(0.,0.,-1.));
#15005=DIRECTION('ref_axis',(1.,0.,0.));
#15006=DIRECTION('',(0.,0.,-1.));
#15007=DIRECTION('center_axis',(0.,0.,-1.));
#15008=DIRECTION('ref_axis',(1.,0.,0.));
#15009=DIRECTION('',(0.,0.,-1.));
#15010=DIRECTION('center_axis',(0.,0.,-1.));
#15011=DIRECTION('ref_axis',(1.,0.,0.));
#15012=DIRECTION('center_axis',(0.,0.,-1.));
#15013=DIRECTION('ref_axis',(1.,0.,0.));
#15014=DIRECTION('center_axis',(0.,0.,-1.));
#15015=DIRECTION('ref_axis',(1.,0.,0.));
#15016=DIRECTION('center_axis',(0.,0.,-1.));
#15017=DIRECTION('ref_axis',(1.,0.,0.));
#15018=DIRECTION('',(0.,0.,-1.));
#15019=DIRECTION('center_axis',(0.,0.,-1.));
#15020=DIRECTION('ref_axis',(1.,0.,0.));
#15021=DIRECTION('',(0.,0.,-1.));
#15022=DIRECTION('center_axis',(0.,0.,-1.));
#15023=DIRECTION('ref_axis',(1.,0.,0.));
#15024=DIRECTION('center_axis',(0.,0.,-1.));
#15025=DIRECTION('ref_axis',(1.,0.,0.));
#15026=DIRECTION('center_axis',(0.,0.,-1.));
#15027=DIRECTION('ref_axis',(1.,0.,0.));
#15028=DIRECTION('center_axis',(0.,0.,-1.));
#15029=DIRECTION('ref_axis',(1.,0.,0.));
#15030=DIRECTION('',(0.,0.,-1.));
#15031=DIRECTION('center_axis',(0.,0.,-1.));
#15032=DIRECTION('ref_axis',(1.,0.,0.));
#15033=DIRECTION('',(0.,0.,-1.));
#15034=DIRECTION('center_axis',(0.,0.,-1.));
#15035=DIRECTION('ref_axis',(1.,0.,0.));
#15036=DIRECTION('center_axis',(0.,0.,-1.));
#15037=DIRECTION('ref_axis',(1.,0.,0.));
#15038=DIRECTION('center_axis',(0.,0.,-1.));
#15039=DIRECTION('ref_axis',(1.,0.,0.));
#15040=DIRECTION('center_axis',(0.,0.,-1.));
#15041=DIRECTION('ref_axis',(1.,0.,0.));
#15042=DIRECTION('',(0.,0.,-1.));
#15043=DIRECTION('center_axis',(0.,0.,-1.));
#15044=DIRECTION('ref_axis',(1.,0.,0.));
#15045=DIRECTION('',(0.,0.,-1.));
#15046=DIRECTION('center_axis',(0.,0.,-1.));
#15047=DIRECTION('ref_axis',(1.,0.,0.));
#15048=DIRECTION('center_axis',(0.,0.,-1.));
#15049=DIRECTION('ref_axis',(1.,0.,0.));
#15050=DIRECTION('center_axis',(0.,0.,-1.));
#15051=DIRECTION('ref_axis',(1.,0.,0.));
#15052=DIRECTION('center_axis',(0.,0.,-1.));
#15053=DIRECTION('ref_axis',(1.,0.,0.));
#15054=DIRECTION('',(0.,0.,-1.));
#15055=DIRECTION('center_axis',(0.,0.,-1.));
#15056=DIRECTION('ref_axis',(1.,0.,0.));
#15057=DIRECTION('',(0.,0.,-1.));
#15058=DIRECTION('center_axis',(0.,0.,-1.));
#15059=DIRECTION('ref_axis',(1.,0.,0.));
#15060=DIRECTION('center_axis',(0.,0.,-1.));
#15061=DIRECTION('ref_axis',(1.,0.,0.));
#15062=DIRECTION('center_axis',(0.,0.,-1.));
#15063=DIRECTION('ref_axis',(1.,0.,0.));
#15064=DIRECTION('center_axis',(0.,0.,-1.));
#15065=DIRECTION('ref_axis',(1.,0.,0.));
#15066=DIRECTION('',(0.,0.,-1.));
#15067=DIRECTION('center_axis',(0.,0.,-1.));
#15068=DIRECTION('ref_axis',(1.,0.,0.));
#15069=DIRECTION('',(0.,0.,-1.));
#15070=DIRECTION('center_axis',(0.,0.,-1.));
#15071=DIRECTION('ref_axis',(1.,0.,0.));
#15072=DIRECTION('center_axis',(0.,0.,-1.));
#15073=DIRECTION('ref_axis',(1.,0.,0.));
#15074=DIRECTION('center_axis',(0.,0.,-1.));
#15075=DIRECTION('ref_axis',(1.,0.,0.));
#15076=DIRECTION('center_axis',(0.,0.,-1.));
#15077=DIRECTION('ref_axis',(1.,0.,0.));
#15078=DIRECTION('',(0.,0.,-1.));
#15079=DIRECTION('center_axis',(0.,0.,-1.));
#15080=DIRECTION('ref_axis',(1.,0.,0.));
#15081=DIRECTION('',(0.,0.,-1.));
#15082=DIRECTION('center_axis',(0.,0.,-1.));
#15083=DIRECTION('ref_axis',(1.,0.,0.));
#15084=DIRECTION('center_axis',(0.,0.,-1.));
#15085=DIRECTION('ref_axis',(1.,0.,0.));
#15086=DIRECTION('center_axis',(0.,0.,-1.));
#15087=DIRECTION('ref_axis',(1.,0.,0.));
#15088=DIRECTION('center_axis',(0.,0.,-1.));
#15089=DIRECTION('ref_axis',(1.,0.,0.));
#15090=DIRECTION('',(0.,0.,-1.));
#15091=DIRECTION('center_axis',(0.,0.,-1.));
#15092=DIRECTION('ref_axis',(1.,0.,0.));
#15093=DIRECTION('',(0.,0.,-1.));
#15094=DIRECTION('center_axis',(0.,0.,-1.));
#15095=DIRECTION('ref_axis',(1.,0.,0.));
#15096=DIRECTION('center_axis',(0.,0.,-1.));
#15097=DIRECTION('ref_axis',(1.,0.,0.));
#15098=DIRECTION('center_axis',(0.,0.,-1.));
#15099=DIRECTION('ref_axis',(1.,0.,0.));
#15100=DIRECTION('center_axis',(0.,0.,-1.));
#15101=DIRECTION('ref_axis',(1.,0.,0.));
#15102=DIRECTION('',(0.,0.,-1.));
#15103=DIRECTION('center_axis',(0.,0.,-1.));
#15104=DIRECTION('ref_axis',(1.,0.,0.));
#15105=DIRECTION('',(0.,0.,-1.));
#15106=DIRECTION('center_axis',(0.,0.,-1.));
#15107=DIRECTION('ref_axis',(1.,0.,0.));
#15108=DIRECTION('center_axis',(0.,0.,-1.));
#15109=DIRECTION('ref_axis',(1.,0.,0.));
#15110=DIRECTION('center_axis',(0.,0.,-1.));
#15111=DIRECTION('ref_axis',(1.,0.,0.));
#15112=DIRECTION('center_axis',(0.,0.,-1.));
#15113=DIRECTION('ref_axis',(1.,0.,0.));
#15114=DIRECTION('',(0.,0.,-1.));
#15115=DIRECTION('center_axis',(0.,0.,-1.));
#15116=DIRECTION('ref_axis',(1.,0.,0.));
#15117=DIRECTION('',(0.,0.,-1.));
#15118=DIRECTION('center_axis',(0.,0.,-1.));
#15119=DIRECTION('ref_axis',(1.,0.,0.));
#15120=DIRECTION('center_axis',(0.,0.,-1.));
#15121=DIRECTION('ref_axis',(1.,0.,0.));
#15122=DIRECTION('center_axis',(0.,0.,-1.));
#15123=DIRECTION('ref_axis',(1.,0.,0.));
#15124=DIRECTION('center_axis',(0.,0.,-1.));
#15125=DIRECTION('ref_axis',(1.,0.,0.));
#15126=DIRECTION('',(0.,0.,-1.));
#15127=DIRECTION('center_axis',(0.,0.,-1.));
#15128=DIRECTION('ref_axis',(1.,0.,0.));
#15129=DIRECTION('',(0.,0.,-1.));
#15130=DIRECTION('center_axis',(0.,0.,-1.));
#15131=DIRECTION('ref_axis',(1.,0.,0.));
#15132=DIRECTION('center_axis',(0.,0.,-1.));
#15133=DIRECTION('ref_axis',(1.,0.,0.));
#15134=DIRECTION('center_axis',(0.,0.,-1.));
#15135=DIRECTION('ref_axis',(1.,0.,0.));
#15136=DIRECTION('center_axis',(0.,0.,-1.));
#15137=DIRECTION('ref_axis',(1.,0.,0.));
#15138=DIRECTION('',(0.,0.,-1.));
#15139=DIRECTION('center_axis',(0.,0.,-1.));
#15140=DIRECTION('ref_axis',(1.,0.,0.));
#15141=DIRECTION('',(0.,0.,-1.));
#15142=DIRECTION('center_axis',(0.,0.,-1.));
#15143=DIRECTION('ref_axis',(1.,0.,0.));
#15144=DIRECTION('center_axis',(0.,0.,-1.));
#15145=DIRECTION('ref_axis',(1.,0.,0.));
#15146=DIRECTION('center_axis',(0.,0.,-1.));
#15147=DIRECTION('ref_axis',(1.,0.,0.));
#15148=DIRECTION('center_axis',(0.,0.,-1.));
#15149=DIRECTION('ref_axis',(1.,0.,0.));
#15150=DIRECTION('',(0.,0.,-1.));
#15151=DIRECTION('center_axis',(0.,0.,-1.));
#15152=DIRECTION('ref_axis',(1.,0.,0.));
#15153=DIRECTION('',(0.,0.,-1.));
#15154=DIRECTION('center_axis',(0.,0.,-1.));
#15155=DIRECTION('ref_axis',(1.,0.,0.));
#15156=DIRECTION('center_axis',(0.,0.,-1.));
#15157=DIRECTION('ref_axis',(1.,0.,0.));
#15158=DIRECTION('center_axis',(0.,0.,-1.));
#15159=DIRECTION('ref_axis',(1.,0.,0.));
#15160=DIRECTION('center_axis',(0.,0.,-1.));
#15161=DIRECTION('ref_axis',(1.,0.,0.));
#15162=DIRECTION('',(0.,0.,-1.));
#15163=DIRECTION('center_axis',(0.,0.,-1.));
#15164=DIRECTION('ref_axis',(1.,0.,0.));
#15165=DIRECTION('',(0.,0.,-1.));
#15166=DIRECTION('center_axis',(0.,0.,-1.));
#15167=DIRECTION('ref_axis',(1.,0.,0.));
#15168=DIRECTION('center_axis',(0.,0.,-1.));
#15169=DIRECTION('ref_axis',(1.,0.,0.));
#15170=DIRECTION('center_axis',(0.,0.,-1.));
#15171=DIRECTION('ref_axis',(1.,0.,0.));
#15172=DIRECTION('center_axis',(0.,0.,-1.));
#15173=DIRECTION('ref_axis',(1.,0.,0.));
#15174=DIRECTION('',(0.,0.,-1.));
#15175=DIRECTION('center_axis',(0.,0.,-1.));
#15176=DIRECTION('ref_axis',(1.,0.,0.));
#15177=DIRECTION('',(0.,0.,-1.));
#15178=DIRECTION('center_axis',(0.,0.,-1.));
#15179=DIRECTION('ref_axis',(1.,0.,0.));
#15180=DIRECTION('center_axis',(0.,0.,-1.));
#15181=DIRECTION('ref_axis',(1.,0.,0.));
#15182=DIRECTION('center_axis',(0.,0.,-1.));
#15183=DIRECTION('ref_axis',(1.,0.,0.));
#15184=DIRECTION('center_axis',(0.,0.,-1.));
#15185=DIRECTION('ref_axis',(1.,0.,0.));
#15186=DIRECTION('',(0.,0.,-1.));
#15187=DIRECTION('center_axis',(0.,0.,-1.));
#15188=DIRECTION('ref_axis',(1.,0.,0.));
#15189=DIRECTION('',(0.,0.,-1.));
#15190=DIRECTION('center_axis',(0.,0.,-1.));
#15191=DIRECTION('ref_axis',(1.,0.,0.));
#15192=DIRECTION('center_axis',(0.,0.,-1.));
#15193=DIRECTION('ref_axis',(1.,0.,0.));
#15194=DIRECTION('center_axis',(0.,0.,-1.));
#15195=DIRECTION('ref_axis',(1.,0.,0.));
#15196=DIRECTION('center_axis',(0.,0.,-1.));
#15197=DIRECTION('ref_axis',(1.,0.,0.));
#15198=DIRECTION('',(0.,0.,-1.));
#15199=DIRECTION('center_axis',(0.,0.,-1.));
#15200=DIRECTION('ref_axis',(1.,0.,0.));
#15201=DIRECTION('',(0.,0.,-1.));
#15202=DIRECTION('center_axis',(0.,0.,-1.));
#15203=DIRECTION('ref_axis',(1.,0.,0.));
#15204=DIRECTION('center_axis',(0.,0.,-1.));
#15205=DIRECTION('ref_axis',(1.,0.,0.));
#15206=DIRECTION('center_axis',(0.,0.,-1.));
#15207=DIRECTION('ref_axis',(1.,0.,0.));
#15208=DIRECTION('center_axis',(0.,0.,-1.));
#15209=DIRECTION('ref_axis',(1.,0.,0.));
#15210=DIRECTION('',(0.,0.,-1.));
#15211=DIRECTION('center_axis',(0.,0.,-1.));
#15212=DIRECTION('ref_axis',(1.,0.,0.));
#15213=DIRECTION('',(0.,0.,-1.));
#15214=DIRECTION('center_axis',(-1.,0.,0.));
#15215=DIRECTION('ref_axis',(0.,-1.,0.));
#15216=DIRECTION('',(0.,1.,0.));
#15217=DIRECTION('',(0.,0.,1.));
#15218=DIRECTION('',(0.,0.,1.));
#15219=DIRECTION('center_axis',(0.,1.,0.));
#15220=DIRECTION('ref_axis',(-1.,0.,0.));
#15221=DIRECTION('',(1.,0.,0.));
#15222=DIRECTION('',(0.,0.,1.));
#15223=DIRECTION('center_axis',(1.,0.,0.));
#15224=DIRECTION('ref_axis',(0.,1.,0.));
#15225=DIRECTION('',(0.,-1.,0.));
#15226=DIRECTION('',(0.,0.,1.));
#15227=DIRECTION('center_axis',(0.,-1.,0.));
#15228=DIRECTION('ref_axis',(1.,0.,0.));
#15229=DIRECTION('',(-1.,0.,0.));
#15230=DIRECTION('',(0.,0.,1.));
#15231=DIRECTION('center_axis',(-1.,0.,0.));
#15232=DIRECTION('ref_axis',(0.,-1.,0.));
#15233=DIRECTION('',(0.,1.,0.));
#15234=DIRECTION('',(0.,0.,1.));
#15235=DIRECTION('center_axis',(0.,1.,0.));
#15236=DIRECTION('ref_axis',(-1.,0.,0.));
#15237=DIRECTION('',(-1.,0.,0.));
#15238=DIRECTION('',(-1.,0.,0.));
#15239=DIRECTION('',(-1.,0.,0.));
#15240=DIRECTION('',(0.,0.,1.));
#15241=DIRECTION('center_axis',(-1.,0.,0.));
#15242=DIRECTION('ref_axis',(0.,-1.,0.));
#15243=DIRECTION('',(0.,0.,1.));
#15244=DIRECTION('',(0.,-1.,0.));
#15245=DIRECTION('center_axis',(0.,-1.,0.));
#15246=DIRECTION('ref_axis',(1.,0.,0.));
#15247=DIRECTION('',(1.,0.,0.));
#15248=DIRECTION('center_axis',(0.,0.,1.));
#15249=DIRECTION('ref_axis',(1.,0.,0.));
#15250=DIRECTION('center_axis',(0.,-1.,0.));
#15251=DIRECTION('ref_axis',(0.,0.,-1.));
#15252=DIRECTION('',(7.67291650546973E-32,-2.01051600959292E-17,1.));
#15253=DIRECTION('',(1.,0.,-8.75811540203011E-47));
#15254=DIRECTION('',(-8.75811540203011E-47,-3.34243984650746E-61,-1.));
#15255=DIRECTION('center_axis',(1.,0.,-7.67291650546973E-32));
#15256=DIRECTION('ref_axis',(7.67291650546973E-32,-2.01051600959292E-17,
1.));
#15257=DIRECTION('center_axis',(-1.,0.,7.67291650546973E-32));
#15258=DIRECTION('ref_axis',(5.71905429730332E-32,-0.666666666666691,0.745355992499908));
#15259=DIRECTION('',(0.,-1.,0.));
#15260=DIRECTION('center_axis',(1.,0.,-8.75811540203011E-47));
#15261=DIRECTION('ref_axis',(6.52791379790888E-47,-0.666666666666691,0.745355992499908));
#15262=DIRECTION('center_axis',(1.,0.,-8.75811540203011E-47));
#15263=DIRECTION('ref_axis',(6.52791379790888E-47,-0.666666666666691,0.745355992499908));
#15264=DIRECTION('center_axis',(-1.,0.,8.75811540203011E-47));
#15265=DIRECTION('ref_axis',(-8.75811540203011E-47,-3.34243984650746E-61,
-1.));
#15266=DIRECTION('',(0.,-1.,0.));
#15267=DIRECTION('center_axis',(-8.75811540203011E-47,0.,-1.));
#15268=DIRECTION('ref_axis',(1.,3.84332722378379E-15,-8.75811540203011E-47));
#15269=DIRECTION('center_axis',(0.,-1.,0.));
#15270=DIRECTION('ref_axis',(0.,0.,-1.));
#15271=DIRECTION('',(7.67291650546782E-32,-2.01051600959242E-17,1.));
#15272=DIRECTION('',(1.,0.,-8.75811540203011E-47));
#15273=DIRECTION('',(-8.75811540203011E-47,-3.34243984650746E-61,-1.));
#15274=DIRECTION('center_axis',(1.,0.,-7.67291650546782E-32));
#15275=DIRECTION('ref_axis',(7.67291650546782E-32,-2.01051600959242E-17,
1.));
#15276=DIRECTION('center_axis',(-1.,0.,7.67291650546782E-32));
#15277=DIRECTION('ref_axis',(5.71905429730164E-32,-0.666666666666729,0.745355992499874));
#15278=DIRECTION('',(0.,-1.,0.));
#15279=DIRECTION('center_axis',(1.,0.,-8.75811540203011E-47));
#15280=DIRECTION('ref_axis',(6.52791379790859E-47,-0.666666666666729,0.745355992499874));
#15281=DIRECTION('center_axis',(1.,0.,-8.75811540203011E-47));
#15282=DIRECTION('ref_axis',(6.52791379790859E-47,-0.666666666666729,0.745355992499874));
#15283=DIRECTION('center_axis',(-1.,0.,8.75811540203011E-47));
#15284=DIRECTION('ref_axis',(-8.75811540203011E-47,-3.34243984650746E-61,
-1.));
#15285=DIRECTION('',(0.,-1.,0.));
#15286=DIRECTION('center_axis',(-8.75811540203011E-47,0.,-1.));
#15287=DIRECTION('ref_axis',(1.,3.84332722378378E-15,-8.75811540203011E-47));
#15288=CARTESIAN_POINT('',(0.,0.,0.));
#15289=CARTESIAN_POINT('Origin',(15.015075194574,2.95402401939005,1.42000000000004));
#15290=CARTESIAN_POINT('',(16.215075194574,2.95402401939005,1.6));
#15291=CARTESIAN_POINT('',(15.015075194574,2.95402401939005,1.6));
#15292=CARTESIAN_POINT('',(7.43480668471039,2.95402401939002,1.6));
#15293=CARTESIAN_POINT('',(16.215075194574,2.95402401939005,1.62000000000004));
#15294=CARTESIAN_POINT('',(16.215075194574,2.95402401939005,1.42000000000004));
#15295=CARTESIAN_POINT('',(15.015075194574,2.95402401939005,1.62000000000004));
#15296=CARTESIAN_POINT('',(16.065075194574,2.95402401939005,1.62000000000004));
#15297=CARTESIAN_POINT('',(15.015075194574,2.95402401939005,1.42000000000004));
#15298=CARTESIAN_POINT('Origin',(16.065075194574,2.88735735272338,1.48666666666671));
#15299=CARTESIAN_POINT('',(15.015075194574,2.88735735272338,1.6));
#15300=CARTESIAN_POINT('',(16.215075194574,2.88735735272338,1.6));
#15301=CARTESIAN_POINT('',(7.95980668471039,2.88735735272335,1.6));
#15302=CARTESIAN_POINT('',(15.015075194574,2.88735735272338,1.80333333333337));
#15303=CARTESIAN_POINT('',(15.015075194574,2.88735735272338,1.56583333333337));
#15304=CARTESIAN_POINT('',(16.215075194574,2.88735735272338,1.80333333333337));
#15305=CARTESIAN_POINT('',(16.065075194574,2.88735735272338,1.80333333333337));
#15306=CARTESIAN_POINT('',(16.215075194574,2.88735735272338,1.80333333333337));
#15307=CARTESIAN_POINT('Origin',(15.015075194574,2.81235735272338,1.64500000000004));
#15308=CARTESIAN_POINT('',(15.015075194574,2.68735735272338,1.6));
#15309=CARTESIAN_POINT('',(15.015075194574,1.60781679426614,1.6));
#15310=CARTESIAN_POINT('',(15.015075194574,2.68735735272338,1.80333333333337));
#15311=CARTESIAN_POINT('',(15.015075194574,2.68735735272338,1.72416666666671));
#15312=CARTESIAN_POINT('',(15.015075194574,2.62069068605671,1.87000000000004));
#15313=CARTESIAN_POINT('Origin',(15.015075194574,2.62069068605671,1.80333333333337));
#15314=CARTESIAN_POINT('',(15.015075194574,2.57327623580886,1.87000000000004));
#15315=CARTESIAN_POINT('',(15.015075194574,2.64985735272338,1.87000000000004));
#15316=CARTESIAN_POINT('',(15.015075194574,2.57327623580886,2.048));
#15317=CARTESIAN_POINT('',(15.015075194574,2.57327623580886,1.87250000000002));
#15318=CARTESIAN_POINT('',(15.015075194574,2.5683931117664,2.07000000000004));
#15319=CARTESIAN_POINT('Origin',(15.015075194574,2.52127623580886,2.048));
#15320=CARTESIAN_POINT('',(15.015075194574,2.62069068605671,2.07000000000004));
#15321=CARTESIAN_POINT('',(15.015075194574,2.71652401939004,2.07000000000004));
#15322=CARTESIAN_POINT('Origin',(15.015075194574,2.62069068605671,1.80333333333337));
#15323=CARTESIAN_POINT('Origin',(15.015075194574,2.81235735272338,1.64500000000004));
#15324=CARTESIAN_POINT('',(15.015075194574,3.13735735272338,1.6));
#15325=CARTESIAN_POINT('',(15.015075194574,1.60781679426614,1.6));
#15326=CARTESIAN_POINT('',(15.015075194574,3.13735735272338,1.62000000000004));
#15327=CARTESIAN_POINT('',(15.015075194574,2.97485735272338,1.62000000000004));
#15328=CARTESIAN_POINT('',(15.015075194574,3.13735735272338,1.42000000000004));
#15329=CARTESIAN_POINT('Origin',(16.215075194574,2.81235735272338,1.64500000000004));
#15330=CARTESIAN_POINT('',(16.215075194574,2.68735735272338,1.6));
#15331=CARTESIAN_POINT('',(16.215075194574,1.60781679426615,1.6));
#15332=CARTESIAN_POINT('',(16.215075194574,2.62069068605671,2.07000000000004));
#15333=CARTESIAN_POINT('Origin',(16.215075194574,2.62069068605671,1.80333333333337));
#15334=CARTESIAN_POINT('',(16.215075194574,2.56669454859521,2.07000000000004));
#15335=CARTESIAN_POINT('',(16.215075194574,2.48735735272338,2.07000000000004));
#15336=CARTESIAN_POINT('',(16.215075194574,2.57174229506021,2.048));
#15337=CARTESIAN_POINT('Origin',(16.215075194574,2.52127623580886,2.048));
#15338=CARTESIAN_POINT('',(16.215075194574,2.57174229506021,1.87000000000004));
#15339=CARTESIAN_POINT('',(16.215075194574,2.57174229506021,2.1));
#15340=CARTESIAN_POINT('',(16.215075194574,2.62069068605671,1.87000000000004));
#15341=CARTESIAN_POINT('',(16.215075194574,2.62069068605671,1.87000000000004));
#15342=CARTESIAN_POINT('',(16.215075194574,2.68735735272338,1.80333333333337));
#15343=CARTESIAN_POINT('Origin',(16.215075194574,2.62069068605671,1.80333333333337));
#15344=CARTESIAN_POINT('',(16.215075194574,2.68735735272339,1.48666666666671));
#15345=CARTESIAN_POINT('Origin',(16.065075194574,2.62069068605671,2.07000000000004));
#15346=CARTESIAN_POINT('',(16.2025381748468,2.56839311176639,2.07000000000004));
#15347=CARTESIAN_POINT('',(15.2795381748468,2.5683931117664,2.07000000000004));
#15348=CARTESIAN_POINT('Origin',(16.2025381748468,2.52127623580886,2.07000000000004));
#15349=CARTESIAN_POINT('',(16.065075194574,2.62069068605671,2.07000000000004));
#15350=CARTESIAN_POINT('Origin',(16.065075194574,3.13735735272338,1.62000000000004));
#15351=CARTESIAN_POINT('',(16.215075194574,3.13735735272338,1.62000000000004));
#15352=CARTESIAN_POINT('',(16.215075194574,2.95402401939005,1.62000000000004));
#15353=CARTESIAN_POINT('',(16.065075194574,3.13735735272338,1.62000000000004));
#15354=CARTESIAN_POINT('Origin',(16.065075194574,2.68735735272338,1.80333333333337));
#15355=CARTESIAN_POINT('',(7.95980668471039,2.68735735272335,1.6));
#15356=CARTESIAN_POINT('',(16.065075194574,2.68735735272338,1.80333333333337));
#15357=CARTESIAN_POINT('Origin',(16.065075194574,2.62069068605671,1.80333333333337));
#15358=CARTESIAN_POINT('',(16.065075194574,2.62069068605671,1.87000000000004));
#15359=CARTESIAN_POINT('Origin',(16.065075194574,2.48735735272338,1.87000000000004));
#15360=CARTESIAN_POINT('',(16.2025381748468,2.57327623580886,1.87000000000004));
#15361=CARTESIAN_POINT('',(15.5098066847104,2.57327623580886,1.87000000000004));
#15362=CARTESIAN_POINT('Origin',(16.2025381748468,2.52127623580886,1.87000000000004));
#15363=CARTESIAN_POINT('Origin',(16.065075194574,2.62069068605671,1.80333333333337));
#15364=CARTESIAN_POINT('Origin',(16.065075194574,3.13735735272338,1.22000000000004));
#15365=CARTESIAN_POINT('',(16.215075194574,3.13735735272338,1.6));
#15366=CARTESIAN_POINT('',(7.95980668471039,3.13735735272335,1.6));
#15367=CARTESIAN_POINT('',(16.215075194574,3.13735735272338,1.42000000000004));
#15368=CARTESIAN_POINT('Origin',(16.215075194574,2.81235735272338,1.64500000000004));
#15369=CARTESIAN_POINT('',(16.215075194574,1.60781679426615,1.6));
#15370=CARTESIAN_POINT('Origin',(16.2025381748468,2.52127623580886,2.1));
#15371=CARTESIAN_POINT('',(16.2545381748468,2.52127623580886,2.048));
#15372=CARTESIAN_POINT('Origin',(16.2025381748468,2.52127623580886,2.048));
#15373=CARTESIAN_POINT('',(16.2545381748468,2.52127623580886,1.6));
#15374=CARTESIAN_POINT('',(16.2545381748468,2.52127623580886,2.1));
#15375=CARTESIAN_POINT('',(16.2025381748468,2.57327623580886,1.6));
#15376=CARTESIAN_POINT('Origin',(16.2025381748468,2.52127623580886,1.6));
#15377=CARTESIAN_POINT('',(16.2025381748468,2.57327623580886,2.1));
#15378=CARTESIAN_POINT('Origin',(16.2025381748468,2.52127623580886,2.048));
#15379=CARTESIAN_POINT('',(16.2025381748468,2.52127623580886,2.1));
#15380=CARTESIAN_POINT('Origin',(16.2025381748468,2.52127623580886,2.048));
#15381=CARTESIAN_POINT('Origin',(16.2025381748468,2.52127623580886,2.048));
#15382=CARTESIAN_POINT('Origin',(14.9545381748468,1.66327623580885,2.1));
#15383=CARTESIAN_POINT('',(14.9545381748468,1.66327623580885,1.6));
#15384=CARTESIAN_POINT('',(15.0065381748468,1.66327623580885,1.6));
#15385=CARTESIAN_POINT('',(7.40453817484682,1.66327623580885,1.6));
#15386=CARTESIAN_POINT('',(14.9545381748468,1.66327623580885,2.1));
#15387=CARTESIAN_POINT('',(14.9545381748468,1.66327623580885,2.1));
#15388=CARTESIAN_POINT('',(16.2545381748468,1.66327623580885,2.1));
#15389=CARTESIAN_POINT('',(16.2545381748468,1.66327623580885,2.1));
#15390=CARTESIAN_POINT('',(16.2545381748468,1.66327623580885,1.6));
#15391=CARTESIAN_POINT('',(16.2545381748468,1.66327623580885,2.1));
#15392=CARTESIAN_POINT('',(16.2025381748468,1.66327623580885,1.6));
#15393=CARTESIAN_POINT('',(7.40453817484682,1.66327623580885,1.6));
#15394=CARTESIAN_POINT('',(16.2025381748468,1.66327623580885,2.048));
#15395=CARTESIAN_POINT('',(16.2025381748468,1.66327623580885,2.1));
#15396=CARTESIAN_POINT('',(15.0065381748468,1.66327623580885,2.048));
#15397=CARTESIAN_POINT('',(15.9295381748468,1.66327623580885,2.048));
#15398=CARTESIAN_POINT('',(15.0065381748468,1.66327623580885,2.1));
#15399=CARTESIAN_POINT('Origin',(14.9545381748468,-0.871723764191145,2.1));
#15400=CARTESIAN_POINT('',(14.9545381748468,-0.871723764191145,1.6));
#15401=CARTESIAN_POINT('',(14.9545381748468,-0.234223764191145,1.6));
#15402=CARTESIAN_POINT('',(14.9545381748468,-0.871723764191145,2.1));
#15403=CARTESIAN_POINT('',(14.9545381748468,-0.871723764191145,2.1));
#15404=CARTESIAN_POINT('',(14.9545381748468,-1.78172376419115,2.1));
#15405=CARTESIAN_POINT('Origin',(16.2545381748468,-0.871723764191145,2.1));
#15406=CARTESIAN_POINT('',(15.0065381748468,-0.871723764191145,1.6));
#15407=CARTESIAN_POINT('',(8.05453817484682,-0.871723764191145,1.6));
#15408=CARTESIAN_POINT('',(15.0065381748468,-0.871723764191145,2.048));
#15409=CARTESIAN_POINT('',(15.0065381748468,-0.871723764191145,2.1));
#15410=CARTESIAN_POINT('',(16.2025381748468,-0.871723764191145,2.048));
#15411=CARTESIAN_POINT('',(15.2795381748468,-0.871723764191145,2.048));
#15412=CARTESIAN_POINT('',(16.2025381748468,-0.871723764191145,1.6));
#15413=CARTESIAN_POINT('',(16.2025381748468,-0.871723764191145,2.1));
#15414=CARTESIAN_POINT('',(16.2545381748468,-0.871723764191145,1.6));
#15415=CARTESIAN_POINT('',(8.05453817484682,-0.871723764191145,1.6));
#15416=CARTESIAN_POINT('',(16.2545381748468,-0.871723764191145,2.1));
#15417=CARTESIAN_POINT('',(16.2545381748468,-0.871723764191145,2.1));
#15418=CARTESIAN_POINT('',(16.2545381748468,-0.871723764191145,2.1));
#15419=CARTESIAN_POINT('Origin',(16.2545381748468,1.66327623580885,2.1));
#15420=CARTESIAN_POINT('',(16.2545381748468,1.03327623580886,1.6));
#15421=CARTESIAN_POINT('',(16.2545381748468,2.57327623580886,2.1));
#15422=CARTESIAN_POINT('Origin',(15.6045381748468,0.395776235808855,2.1));
#15423=CARTESIAN_POINT('Origin',(14.9545381748468,2.57327623580886,2.1));
#15424=CARTESIAN_POINT('',(15.0065381748468,2.57327623580886,1.6));
#15425=CARTESIAN_POINT('',(7.40453817484682,2.57327623580886,1.6));
#15426=CARTESIAN_POINT('',(15.0065381748468,2.57327623580886,2.048));
#15427=CARTESIAN_POINT('',(15.0065381748468,2.57327623580886,2.1));
#15428=CARTESIAN_POINT('',(15.2795381748468,2.57327623580886,2.048));
#15429=CARTESIAN_POINT('Origin',(15.0065381748468,2.52127623580886,2.1));
#15430=CARTESIAN_POINT('',(14.9545381748468,2.52127623580886,1.6));
#15431=CARTESIAN_POINT('Origin',(15.0065381748468,2.52127623580886,1.6));
#15432=CARTESIAN_POINT('',(14.9545381748468,2.52127623580886,2.048));
#15433=CARTESIAN_POINT('',(14.9545381748468,2.52127623580886,2.1));
#15434=CARTESIAN_POINT('Origin',(15.0065381748468,2.52127623580886,2.048));
#15435=CARTESIAN_POINT('Origin',(14.9545381748468,1.66327623580885,2.1));
#15436=CARTESIAN_POINT('',(14.9545381748468,1.71527623580885,1.6));
#15437=CARTESIAN_POINT('',(14.9545381748468,1.03327623580886,1.6));
#15438=CARTESIAN_POINT('',(14.9545381748468,1.71527623580885,2.048));
#15439=CARTESIAN_POINT('',(14.9545381748468,1.71527623580885,2.1));
#15440=CARTESIAN_POINT('',(14.9545381748468,1.89077623580886,2.048));
#15441=CARTESIAN_POINT('Origin',(15.0065381748468,1.71527623580885,2.1));
#15442=CARTESIAN_POINT('Origin',(15.0065381748468,1.71527623580885,1.6));
#15443=CARTESIAN_POINT('Origin',(15.0065381748468,1.71527623580885,2.048));
#15444=CARTESIAN_POINT('Origin',(15.0065381748468,1.71527623580885,2.048));
#15445=CARTESIAN_POINT('',(15.0065381748468,1.71527623580885,2.1));
#15446=CARTESIAN_POINT('Origin',(15.0065381748468,1.71527623580885,2.048));
#15447=CARTESIAN_POINT('Origin',(15.0065381748468,1.71527623580885,2.048));
#15448=CARTESIAN_POINT('Origin',(15.0065381748468,2.52127623580886,2.048));
#15449=CARTESIAN_POINT('',(15.0065381748468,2.52127623580886,2.1));
#15450=CARTESIAN_POINT('Origin',(15.0065381748468,2.52127623580886,2.048));
#15451=CARTESIAN_POINT('Origin',(15.0065381748468,2.52127623580886,2.048));
#15452=CARTESIAN_POINT('Origin',(15.0065381748468,1.89077623580886,2.048));
#15453=CARTESIAN_POINT('',(15.0065381748468,1.89077623580886,2.1));
#15454=CARTESIAN_POINT('Origin',(16.2025381748468,1.71527623580885,2.048));
#15455=CARTESIAN_POINT('',(16.2025381748468,1.71527623580885,2.1));
#15456=CARTESIAN_POINT('',(16.2545381748468,1.71527623580885,2.048));
#15457=CARTESIAN_POINT('Origin',(16.2025381748468,1.71527623580885,2.048));
#15458=CARTESIAN_POINT('Origin',(16.2025381748468,1.71527623580885,2.048));
#15459=CARTESIAN_POINT('Origin',(16.2025381748468,1.71527623580885,2.048));
#15460=CARTESIAN_POINT('Origin',(15.9295381748468,1.71527623580885,2.048));
#15461=CARTESIAN_POINT('',(15.9295381748468,1.71527623580885,2.1));
#15462=CARTESIAN_POINT('Origin',(16.2025381748468,1.71527623580885,2.1));
#15463=CARTESIAN_POINT('',(16.2545381748468,1.71527623580885,1.6));
#15464=CARTESIAN_POINT('Origin',(16.2025381748468,1.71527623580885,1.6));
#15465=CARTESIAN_POINT('',(16.2545381748468,1.71527623580885,2.1));
#15466=CARTESIAN_POINT('Origin',(15.2795381748468,2.52127623580886,2.048));
#15467=CARTESIAN_POINT('',(15.2795381748468,2.52127623580886,2.1));
#15468=CARTESIAN_POINT('Origin',(16.2025381748468,2.34577623580885,2.048));
#15469=CARTESIAN_POINT('',(16.2545381748468,2.34577623580885,2.048));
#15470=CARTESIAN_POINT('',(16.2025381748468,2.34577623580885,2.1));
#15471=CARTESIAN_POINT('Origin',(15.6045381748468,2.11827623580885,2.1));
#15472=CARTESIAN_POINT('Origin',(16.2545381748468,2.57327623580886,2.1));
#15473=CARTESIAN_POINT('',(16.2545381748468,1.48827623580886,1.6));
#15474=CARTESIAN_POINT('Origin',(16.2150751945741,-2.2483904308578,1.42000000000004));
#15475=CARTESIAN_POINT('',(15.0150751945741,-2.24839043085781,1.6));
#15476=CARTESIAN_POINT('',(16.2150751945741,-2.2483904308578,1.6));
#15477=CARTESIAN_POINT('',(8.03480668471044,-2.24839043085784,1.6));
#15478=CARTESIAN_POINT('',(15.0150751945741,-2.24839043085781,1.62000000000004));
#15479=CARTESIAN_POINT('',(15.0150751945741,-2.24839043085781,1.42000000000004));
#15480=CARTESIAN_POINT('',(16.2150751945741,-2.2483904308578,1.62000000000004));
#15481=CARTESIAN_POINT('',(15.1650751945741,-2.24839043085781,1.62000000000004));
#15482=CARTESIAN_POINT('',(16.2150751945741,-2.2483904308578,1.42000000000004));
#15483=CARTESIAN_POINT('Origin',(15.0150751945741,-2.10672376419114,1.64500000000004));
#15484=CARTESIAN_POINT('',(15.0150751945741,-2.18172376419113,1.6));
#15485=CARTESIAN_POINT('',(15.0150751945741,-1.98172376419114,1.6));
#15486=CARTESIAN_POINT('',(15.0150751945741,-0.851723764191108,1.6));
#15487=CARTESIAN_POINT('',(15.0150751945741,-2.18172376419113,1.80333333333337));
#15488=CARTESIAN_POINT('',(15.0150751945741,-2.18172376419113,1.80333333333337));
#15489=CARTESIAN_POINT('',(15.0150751945741,-1.91505709752447,2.07000000000004));
#15490=CARTESIAN_POINT('Origin',(15.0150751945741,-1.91505709752447,1.80333333333337));
#15491=CARTESIAN_POINT('',(15.0150751945741,-1.78172376419114,2.07000000000004));
#15492=CARTESIAN_POINT('',(15.0150751945741,-1.78172376419114,2.07000000000004));
#15493=CARTESIAN_POINT('',(15.0150751945741,-1.78172376419114,2.048));
#15494=CARTESIAN_POINT('',(15.0150751945741,-1.78172376419114,1.87000000000004));
#15495=CARTESIAN_POINT('',(15.0150751945741,-1.78172376419114,1.87000000000004));
#15496=CARTESIAN_POINT('',(15.0150751945741,-1.78172376419115,1.87250000000002));
#15497=CARTESIAN_POINT('',(15.0150751945741,-1.91505709752447,1.87000000000004));
#15498=CARTESIAN_POINT('',(15.0150751945741,-1.91505709752447,1.87000000000004));
#15499=CARTESIAN_POINT('',(15.0150751945741,-1.98172376419113,1.80333333333337));
#15500=CARTESIAN_POINT('Origin',(15.0150751945741,-1.91505709752447,1.80333333333337));
#15501=CARTESIAN_POINT('',(15.0150751945741,-1.98172376419114,1.48666666666671));
#15502=CARTESIAN_POINT('Origin',(15.1650751945741,-2.18172376419113,1.48666666666671));
#15503=CARTESIAN_POINT('',(16.2150751945741,-2.18172376419113,1.6));
#15504=CARTESIAN_POINT('',(7.50980668471044,-2.18172376419117,1.6));
#15505=CARTESIAN_POINT('',(16.2150751945741,-2.18172376419113,1.80333333333338));
#15506=CARTESIAN_POINT('',(16.2150751945741,-2.18172376419113,1.56583333333338));
#15507=CARTESIAN_POINT('',(15.1650751945741,-2.18172376419113,1.80333333333337));
#15508=CARTESIAN_POINT('Origin',(16.2150751945741,-2.10672376419113,1.64500000000004));
#15509=CARTESIAN_POINT('',(16.2150751945741,-1.98172376419113,1.6));
#15510=CARTESIAN_POINT('',(16.215075194574,-0.851723764191103,1.6));
#15511=CARTESIAN_POINT('',(16.2150751945741,-1.98172376419113,1.80333333333338));
#15512=CARTESIAN_POINT('',(16.2150751945741,-1.98172376419113,1.72416666666671));
#15513=CARTESIAN_POINT('',(16.2150751945741,-1.91505709752446,1.87000000000004));
#15514=CARTESIAN_POINT('Origin',(16.2150751945741,-1.91505709752446,1.80333333333338));
#15515=CARTESIAN_POINT('',(16.2150751945741,-1.78172376419113,1.87000000000004));
#15516=CARTESIAN_POINT('',(16.2150751945741,-1.94422376419113,1.87000000000004));
#15517=CARTESIAN_POINT('',(16.2150751945741,-1.78172376419113,2.07000000000004));
#15518=CARTESIAN_POINT('',(16.2150751945741,-1.78172376419113,1.85750000000004));
#15519=CARTESIAN_POINT('',(16.2150751945741,-1.91505709752446,2.07000000000004));
#15520=CARTESIAN_POINT('',(16.2150751945741,-2.0108904308578,2.07000000000004));
#15521=CARTESIAN_POINT('Origin',(16.2150751945741,-1.91505709752446,1.80333333333338));
#15522=CARTESIAN_POINT('Origin',(16.2150751945741,-2.10672376419113,1.64500000000004));
#15523=CARTESIAN_POINT('',(16.2150751945741,-2.43172376419113,1.6));
#15524=CARTESIAN_POINT('',(16.215075194574,-0.851723764191103,1.6));
#15525=CARTESIAN_POINT('',(16.2150751945741,-2.43172376419113,1.62000000000004));
#15526=CARTESIAN_POINT('',(16.2150751945741,-2.26922376419113,1.62000000000004));
#15527=CARTESIAN_POINT('',(16.2150751945741,-2.43172376419113,1.42000000000004));
#15528=CARTESIAN_POINT('Origin',(15.1650751945741,-1.78172376419114,2.07000000000004));
#15529=CARTESIAN_POINT('',(16.2025381748468,-1.78172376419115,2.048));
#15530=CARTESIAN_POINT('',(16.2025381748468,-1.78172376419113,1.87000000000004));
#15531=CARTESIAN_POINT('',(16.2025381748468,-1.78172376419115,2.1));
#15532=CARTESIAN_POINT('',(15.9295381748468,-1.78172376419115,2.048));
#15533=CARTESIAN_POINT('',(15.1650751945741,-1.78172376419114,2.07000000000004));
#15534=CARTESIAN_POINT('',(15.1650751945741,-1.78172376419114,1.87000000000004));
#15535=CARTESIAN_POINT('Origin',(15.1650751945741,-2.43172376419114,1.62000000000004));
#15536=CARTESIAN_POINT('',(15.0150751945741,-2.43172376419114,1.62000000000004));
#15537=CARTESIAN_POINT('',(15.0150751945741,-2.24839043085781,1.62000000000004));
#15538=CARTESIAN_POINT('',(15.1650751945741,-2.43172376419114,1.62000000000004));
#15539=CARTESIAN_POINT('Origin',(15.1650751945741,-1.98172376419113,1.80333333333337));
#15540=CARTESIAN_POINT('',(7.50980668471044,-1.98172376419117,1.6));
#15541=CARTESIAN_POINT('',(15.1650751945741,-1.98172376419113,1.80333333333337));
#15542=CARTESIAN_POINT('Origin',(15.1650751945741,-1.91505709752447,1.80333333333337));
#15543=CARTESIAN_POINT('',(15.1650751945741,-1.91505709752447,1.87000000000004));
#15544=CARTESIAN_POINT('Origin',(15.1650751945741,-1.78172376419114,1.87000000000004));
#15545=CARTESIAN_POINT('',(15.7098066847104,-1.78172376419115,1.87000000000004));
#15546=CARTESIAN_POINT('Origin',(15.1650751945741,-1.91505709752447,2.07000000000004));
#15547=CARTESIAN_POINT('',(15.1650751945741,-1.91505709752447,2.07000000000004));
#15548=CARTESIAN_POINT('Origin',(15.1650751945741,-1.91505709752447,1.80333333333337));
#15549=CARTESIAN_POINT('Origin',(15.1650751945741,-2.43172376419113,1.22000000000004));
#15550=CARTESIAN_POINT('',(15.0150751945741,-2.43172376419114,1.6));
#15551=CARTESIAN_POINT('',(7.50980668471045,-2.43172376419117,1.6));
#15552=CARTESIAN_POINT('',(15.0150751945741,-2.43172376419114,1.42000000000004));
#15553=CARTESIAN_POINT('Origin',(15.0150751945741,-2.10672376419114,1.64500000000004));
#15554=CARTESIAN_POINT('',(15.0150751945741,-0.851723764191108,1.6));
#15555=CARTESIAN_POINT('Origin',(16.2545381748468,-1.78172376419115,2.1));
#15556=CARTESIAN_POINT('',(15.0065381748468,-1.78172376419115,2.048));
#15557=CARTESIAN_POINT('',(15.9295381748468,-1.78172376419115,2.048));
#15558=CARTESIAN_POINT('',(15.0065381748468,-1.78172376419115,1.6));
#15559=CARTESIAN_POINT('',(15.0065381748468,-1.78172376419115,2.1));
#15560=CARTESIAN_POINT('',(16.2025381748468,-1.78172376419115,1.6));
#15561=CARTESIAN_POINT('',(8.05453817484682,-1.78172376419115,1.6));
#15562=CARTESIAN_POINT('',(16.2025381748468,-1.78172376419115,2.1));
#15563=CARTESIAN_POINT('Origin',(-14.7447368251531,-4.10679876419129,4.05002500000001));
#15564=CARTESIAN_POINT('',(-15.3454618251532,-4.1067987641913,2.12437500000001));
#15565=CARTESIAN_POINT('',(-15.3454618251532,-4.10679876419115,2.666875));
#15566=CARTESIAN_POINT('',(-15.3454618251532,-4.10679876419115,1.6));
#15567=CARTESIAN_POINT('',(-14.0574081112887,-4.10679876419114,2.666875));
#15568=CARTESIAN_POINT('',(-17.2454118251532,-4.10679876419115,2.666875));
#15569=CARTESIAN_POINT('',(-14.0574081112887,-4.10679876419129,2.12437500000001));
#15570=CARTESIAN_POINT('',(-14.0574081112887,-4.10679876419114,3.32565));
#15571=CARTESIAN_POINT('',(-12.3574081112887,-4.10679876419129,2.12437500000001));
#15572=CARTESIAN_POINT('',(-18.4440118251531,-4.10679876419131,2.12437500000001));
#15573=CARTESIAN_POINT('',(-12.3574081112887,-4.10679876419114,2.666875));
#15574=CARTESIAN_POINT('',(-12.3574081112887,-4.10679876419114,1.6));
#15575=CARTESIAN_POINT('',(-11.0693543974242,-4.10679876419113,2.666875));
#15576=CARTESIAN_POINT('',(-17.2454118251532,-4.10679876419115,2.666875));
#15577=CARTESIAN_POINT('',(-11.0693543974242,-4.10679876419128,2.12437500000001));
#15578=CARTESIAN_POINT('',(-11.0693543974242,-4.10679876419113,3.32565));
#15579=CARTESIAN_POINT('',(-11.0454618251531,-4.10679876419128,2.12437500000001));
#15580=CARTESIAN_POINT('',(-18.4440118251531,-4.10679876419131,2.12437500000001));
#15581=CARTESIAN_POINT('',(-11.0454618251531,-4.10679876419128,2.78315000000001));
#15582=CARTESIAN_POINT('',(-11.0454618251531,-4.10679876419128,2.78315000000001));
#15583=CARTESIAN_POINT('',(-17.6454118251531,-4.1067987641913,2.78315000000001));
#15584=CARTESIAN_POINT('',(-11.0454618251531,-4.10679876419128,2.78315000000001));
#15585=CARTESIAN_POINT('',(-17.6454118251531,-4.1067987641913,2.12437500000001));
#15586=CARTESIAN_POINT('',(-17.6454118251531,-4.1067987641913,4.05002500000001));
#15587=CARTESIAN_POINT('',(-18.4440118251531,-4.10679876419131,2.12437500000001));
#15588=CARTESIAN_POINT('Origin',(-14.7447368251532,4.91335123580871,4.05002500000001));
#15589=CARTESIAN_POINT('',(-15.3454618251532,4.9133512358087,2.12437500000001));
#15590=CARTESIAN_POINT('',(-15.3454618251532,4.9133512358088,2.666875));
#15591=CARTESIAN_POINT('',(-15.3454618251532,4.9133512358088,1.6));
#15592=CARTESIAN_POINT('',(-17.6454118251531,4.91335123580869,2.12437500000001));
#15593=CARTESIAN_POINT('',(-11.0454618251531,4.91335123580872,2.12437500000001));
#15594=CARTESIAN_POINT('',(-17.6454118251531,4.91335123580869,2.78315000000001));
#15595=CARTESIAN_POINT('',(-17.6454118251531,4.91335123580869,4.05002500000001));
#15596=CARTESIAN_POINT('',(-11.0454618251531,4.91335123580872,2.78315000000001));
#15597=CARTESIAN_POINT('',(-18.4440118251531,4.91335123580869,2.78315000000001));
#15598=CARTESIAN_POINT('',(-11.0454618251531,4.91335123580872,2.12437500000001));
#15599=CARTESIAN_POINT('',(-11.0454618251531,4.91335123580872,2.78315000000001));
#15600=CARTESIAN_POINT('',(-11.0693543974242,4.91335123580872,2.12437500000001));
#15601=CARTESIAN_POINT('',(-11.0454618251531,4.91335123580872,2.12437500000001));
#15602=CARTESIAN_POINT('',(-11.0693543974242,4.91335123580881,2.666875));
#15603=CARTESIAN_POINT('',(-11.0693543974242,4.91335123580881,3.32565));
#15604=CARTESIAN_POINT('',(-12.3574081112887,4.91335123580881,2.666875));
#15605=CARTESIAN_POINT('',(-17.2454118251532,4.9133512358088,2.666875));
#15606=CARTESIAN_POINT('',(-12.3574081112887,4.91335123580872,2.12437500000001));
#15607=CARTESIAN_POINT('',(-12.3574081112887,4.91335123580881,1.7));
#15608=CARTESIAN_POINT('',(-14.0574081112887,4.91335123580871,2.12437500000001));
#15609=CARTESIAN_POINT('',(-11.0454618251531,4.91335123580872,2.12437500000001));
#15610=CARTESIAN_POINT('',(-14.0574081112887,4.9133512358088,2.666875));
#15611=CARTESIAN_POINT('',(-14.0574081112887,4.9133512358088,3.32565));
#15612=CARTESIAN_POINT('',(-17.2454118251532,4.9133512358088,2.666875));
#15613=CARTESIAN_POINT('Origin',(-17.6454118251531,0.403276235808701,4.05002500000001));
#15614=CARTESIAN_POINT('',(-17.6454118251531,3.64647623580869,0.857500000000009));
#15615=CARTESIAN_POINT('Origin',(-17.6454118251531,3.64647623580869,2.12437500000001));
#15616=CARTESIAN_POINT('',(-17.6454118251531,-2.8399237641913,0.857500000000009));
#15617=CARTESIAN_POINT('',(-17.6454118251531,-4.1828112641913,0.857500000000008));
#15618=CARTESIAN_POINT('Origin',(-17.6454118251531,-2.8399237641913,2.12437500000001));
#15619=CARTESIAN_POINT('',(-17.6454118251531,-2.8399237641913,4.05002500000001));
#15620=CARTESIAN_POINT('Origin',(-17.6454118251531,-2.8399237641913,2.78315000000001));
#15621=CARTESIAN_POINT('',(-17.6454118251531,3.64647623580869,4.05002500000001));
#15622=CARTESIAN_POINT('',(-17.6454118251531,-4.1828112641913,4.05002500000001));
#15623=CARTESIAN_POINT('Origin',(-17.6454118251531,3.64647623580869,2.78315000000001));
#15624=CARTESIAN_POINT('',(-17.6454118251531,4.50795123580869,2.78315000000001));
#15625=CARTESIAN_POINT('',(-17.6454118251531,4.50795123580869,2.12437500000001));
#15626=CARTESIAN_POINT('',(-17.6454118251531,4.50795123580869,4.05002500000001));
#15627=CARTESIAN_POINT('',(-17.6454118251531,3.64647623580869,3.64462500000001));
#15628=CARTESIAN_POINT('Origin',(-17.6454118251531,3.64647623580869,2.78315000000001));
#15629=CARTESIAN_POINT('',(-17.6454118251531,-2.8399237641913,3.64462500000001));
#15630=CARTESIAN_POINT('',(-17.6454118251531,-4.1828112641913,3.64462500000001));
#15631=CARTESIAN_POINT('',(-17.6454118251531,-3.7013987641913,2.78315000000001));
#15632=CARTESIAN_POINT('Origin',(-17.6454118251531,-2.8399237641913,2.78315000000001));
#15633=CARTESIAN_POINT('',(-17.6454118251531,-3.7013987641913,2.12437500000001));
#15634=CARTESIAN_POINT('',(-17.6454118251531,-3.7013987641913,4.05002500000001));
#15635=CARTESIAN_POINT('',(-17.6454118251531,-2.8399237641913,1.26290000000001));
#15636=CARTESIAN_POINT('Origin',(-17.6454118251531,-2.8399237641913,2.12437500000001));
#15637=CARTESIAN_POINT('',(-17.6454118251531,3.64647623580869,1.26290000000001));
#15638=CARTESIAN_POINT('',(-17.6454118251531,-4.1828112641913,1.26290000000001));
#15639=CARTESIAN_POINT('Origin',(-17.6454118251531,3.64647623580869,2.12437500000001));
#15640=CARTESIAN_POINT('Origin',(-11.0454618251531,0.403276235808727,4.05002500000001));
#15641=CARTESIAN_POINT('',(-11.0454618251531,3.64647623580872,0.857500000000008));
#15642=CARTESIAN_POINT('',(-11.0454618251531,-2.83992376419127,0.857500000000008));
#15643=CARTESIAN_POINT('',(-11.0454618251531,3.64647623580872,0.857500000000008));
#15644=CARTESIAN_POINT('Origin',(-11.0454618251531,3.64647623580872,2.12437500000001));
#15645=CARTESIAN_POINT('',(-11.0454618251531,3.64647623580872,4.05002500000001));
#15646=CARTESIAN_POINT('Origin',(-11.0454618251531,3.64647623580872,2.78315000000001));
#15647=CARTESIAN_POINT('',(-11.0454618251531,-2.83992376419127,4.05002500000001));
#15648=CARTESIAN_POINT('',(-11.0454618251531,3.64647623580872,4.05002500000001));
#15649=CARTESIAN_POINT('Origin',(-11.0454618251531,-2.83992376419127,2.78315000000001));
#15650=CARTESIAN_POINT('Origin',(-11.0454618251531,-2.83992376419127,2.12437500000001));
#15651=CARTESIAN_POINT('',(-11.0454618251531,-3.32977583023129,2.35000000000001));
#15652=CARTESIAN_POINT('',(-11.0454618251531,-3.32977583023129,2.15000000000001));
#15653=CARTESIAN_POINT('',(-11.0454618251531,-3.32977583023129,2.98751250000001));
#15654=CARTESIAN_POINT('',(-11.0454618251531,-3.12977583023129,2.35000000000001));
#15655=CARTESIAN_POINT('',(-11.0454618251531,-1.41324979721128,2.35000000000001));
#15656=CARTESIAN_POINT('',(-11.0454618251531,-3.12977583023129,2.15000000000001));
#15657=CARTESIAN_POINT('',(-11.0454618251531,-3.12977583023129,2.98751250000001));
#15658=CARTESIAN_POINT('',(-11.0454618251531,-1.41324979721128,2.15000000000001));
#15659=CARTESIAN_POINT('',(-11.0454618251531,-2.49644249689796,2.35000000000001));
#15660=CARTESIAN_POINT('',(-11.0454618251531,-2.49644249689796,2.15000000000001));
#15661=CARTESIAN_POINT('',(-11.0454618251531,-2.49644249689796,2.98751250000001));
#15662=CARTESIAN_POINT('',(-11.0454618251531,-2.29644249689796,2.35000000000001));
#15663=CARTESIAN_POINT('',(-11.0454618251531,-0.996583130544617,2.35000000000001));
#15664=CARTESIAN_POINT('',(-11.0454618251531,-2.29644249689796,2.15000000000001));
#15665=CARTESIAN_POINT('',(-11.0454618251531,-2.29644249689797,2.98751250000001));
#15666=CARTESIAN_POINT('',(-11.0454618251531,-0.996583130544617,2.15000000000001));
#15667=CARTESIAN_POINT('',(-11.0454618251531,-1.66310916356463,2.35000000000001));
#15668=CARTESIAN_POINT('',(-11.0454618251531,-1.66310916356463,2.15000000000001));
#15669=CARTESIAN_POINT('',(-11.0454618251531,-1.66310916356463,2.98751250000001));
#15670=CARTESIAN_POINT('',(-11.0454618251531,-1.46310916356463,2.35000000000001));
#15671=CARTESIAN_POINT('',(-11.0454618251531,-0.579916463877952,2.35000000000001));
#15672=CARTESIAN_POINT('',(-11.0454618251531,-1.46310916356463,2.15000000000001));
#15673=CARTESIAN_POINT('',(-11.0454618251531,-1.46310916356463,2.98751250000001));
#15674=CARTESIAN_POINT('',(-11.0454618251531,-0.579916463877952,2.15000000000001));
#15675=CARTESIAN_POINT('',(-11.0454618251531,-0.829775830231299,2.35000000000001));
#15676=CARTESIAN_POINT('',(-11.0454618251531,-0.829775830231299,2.15000000000001));
#15677=CARTESIAN_POINT('',(-11.0454618251531,-0.8297758302313,2.98751250000001));
#15678=CARTESIAN_POINT('',(-11.0454618251531,-0.629775830231303,2.35000000000001));
#15679=CARTESIAN_POINT('',(-11.0454618251531,-0.163249797211287,2.35000000000001));
#15680=CARTESIAN_POINT('',(-11.0454618251531,-0.629775830231303,2.15000000000001));
#15681=CARTESIAN_POINT('',(-11.0454618251531,-0.629775830231304,2.98751250000001));
#15682=CARTESIAN_POINT('',(-11.0454618251531,-0.163249797211287,2.15000000000001));
#15683=CARTESIAN_POINT('',(-11.0454618251531,0.00355750310203186,2.35000000000001));
#15684=CARTESIAN_POINT('',(-11.0454618251531,0.00355750310203134,2.15000000000001));
#15685=CARTESIAN_POINT('',(-11.0454618251531,0.0035575031020306,2.98751250000001));
#15686=CARTESIAN_POINT('',(-11.0454618251531,0.203557503102028,2.35000000000001));
#15687=CARTESIAN_POINT('',(-11.0454618251531,0.253416869455378,2.35000000000001));
#15688=CARTESIAN_POINT('',(-11.0454618251531,0.203557503102027,2.15000000000001));
#15689=CARTESIAN_POINT('',(-11.0454618251531,0.203557503102026,2.98751250000001));
#15690=CARTESIAN_POINT('',(-11.0454618251531,0.253416869455378,2.15000000000001));
#15691=CARTESIAN_POINT('',(-11.0454618251531,0.836890836435362,2.35000000000001));
#15692=CARTESIAN_POINT('',(-11.0454618251531,0.836890836435362,2.15000000000001));
#15693=CARTESIAN_POINT('',(-11.0454618251531,0.836890836435361,2.98751250000001));
#15694=CARTESIAN_POINT('',(-11.0454618251531,1.03689083643536,2.35000000000001));
#15695=CARTESIAN_POINT('',(-11.0454618251531,0.670083536122044,2.35000000000001));
#15696=CARTESIAN_POINT('',(-11.0454618251531,1.03689083643536,2.15000000000001));
#15697=CARTESIAN_POINT('',(-11.0454618251531,1.03689083643536,2.98751250000001));
#15698=CARTESIAN_POINT('',(-11.0454618251531,0.670083536122043,2.15000000000001));
#15699=CARTESIAN_POINT('',(-11.0454618251531,1.67022416976869,2.35000000000001));
#15700=CARTESIAN_POINT('',(-11.0454618251531,1.67022416976869,2.15000000000001));
#15701=CARTESIAN_POINT('',(-11.0454618251531,1.67022416976869,2.98751250000001));
#15702=CARTESIAN_POINT('',(-11.0454618251531,1.87022416976869,2.35000000000001));
#15703=CARTESIAN_POINT('',(-11.0454618251531,1.08675020278871,2.35000000000001));
#15704=CARTESIAN_POINT('',(-11.0454618251531,1.87022416976869,2.15000000000001));
#15705=CARTESIAN_POINT('',(-11.0454618251531,1.87022416976869,2.98751250000001));
#15706=CARTESIAN_POINT('',(-11.0454618251531,1.08675020278871,2.15000000000001));
#15707=CARTESIAN_POINT('',(-11.0454618251531,2.50355750310202,2.35000000000001));
#15708=CARTESIAN_POINT('',(-11.0454618251531,2.50355750310202,2.15000000000001));
#15709=CARTESIAN_POINT('',(-11.0454618251531,2.50355750310202,2.98751250000001));
#15710=CARTESIAN_POINT('',(-11.0454618251531,2.70355750310202,2.35000000000001));
#15711=CARTESIAN_POINT('',(-11.0454618251531,1.50341686945537,2.35000000000001));
#15712=CARTESIAN_POINT('',(-11.0454618251531,2.70355750310202,2.15000000000001));
#15713=CARTESIAN_POINT('',(-11.0454618251531,2.70355750310202,2.98751250000001));
#15714=CARTESIAN_POINT('',(-11.0454618251531,1.50341686945537,2.15000000000001));
#15715=CARTESIAN_POINT('',(-11.0454618251531,3.33689083643535,2.35000000000001));
#15716=CARTESIAN_POINT('',(-11.0454618251531,3.33689083643535,2.15000000000001));
#15717=CARTESIAN_POINT('',(-11.0454618251531,3.33689083643535,2.98751250000001));
#15718=CARTESIAN_POINT('',(-11.0454618251531,3.53689083643535,2.35000000000001));
#15719=CARTESIAN_POINT('',(-11.0454618251531,1.92008353612204,2.35000000000001));
#15720=CARTESIAN_POINT('',(-11.0454618251531,3.53689083643535,2.15000000000001));
#15721=CARTESIAN_POINT('',(-11.0454618251531,3.53689083643535,2.98751250000001));
#15722=CARTESIAN_POINT('',(-11.0454618251531,1.92008353612204,2.15000000000001));
#15723=CARTESIAN_POINT('',(-11.0454618251531,4.17022416976868,2.35000000000001));
#15724=CARTESIAN_POINT('',(-11.0454618251531,4.17022416976868,2.15000000000001));
#15725=CARTESIAN_POINT('',(-11.0454618251531,4.17022416976868,2.98751250000001));
#15726=CARTESIAN_POINT('',(-11.0454618251531,4.37022416976868,2.35000000000001));
#15727=CARTESIAN_POINT('',(-11.0454618251531,2.3367502027887,2.35000000000001));
#15728=CARTESIAN_POINT('',(-11.0454618251531,4.37022416976868,2.15000000000001));
#15729=CARTESIAN_POINT('',(-11.0454618251531,4.37022416976868,2.98751250000001));
#15730=CARTESIAN_POINT('',(-11.0454618251531,2.3367502027887,2.15000000000001));
#15731=CARTESIAN_POINT('Origin',(19.6635881748469,-8.76889876419116,4.05002500000001));
#15732=CARTESIAN_POINT('',(-11.0454618251531,3.64647623580872,4.05002500000001));
#15733=CARTESIAN_POINT('',(-18.4440118251531,-2.83992376419131,4.05002500000001));
#15734=CARTESIAN_POINT('Origin',(19.6635881748469,-8.76889876419116,0.857500000000008));
#15735=CARTESIAN_POINT('',(-18.4440118251531,3.64647623580869,0.857500000000008));
#15736=CARTESIAN_POINT('',(-11.0454618251531,-2.83992376419127,0.857500000000008));
#15737=CARTESIAN_POINT('Origin',(19.6635881748469,3.64647623580884,2.12437500000001));
#15738=CARTESIAN_POINT('',(19.6635881748469,4.91335123580891,2.12437500000001));
#15739=CARTESIAN_POINT('',(19.6635881748469,4.91335123580891,2.12437500000001));
#15740=CARTESIAN_POINT('Origin',(19.6635881748469,-2.83992376419116,2.12437500000001));
#15741=CARTESIAN_POINT('',(19.6635881748469,-4.10679876419101,2.12437500000001));
#15742=CARTESIAN_POINT('',(19.6635881748469,-4.10679876419101,2.12437500000001));
#15743=CARTESIAN_POINT('Origin',(-14.7447368251531,3.64647623580871,2.78315000000001));
#15744=CARTESIAN_POINT('Origin',(-14.7447368251531,-2.83992376419129,2.78315000000001));
#15745=CARTESIAN_POINT('Origin',(-14.7447368251532,4.50795123580871,4.05002500000001));
#15746=CARTESIAN_POINT('',(-11.4508618251531,4.50795123580872,2.78315000000001));
#15747=CARTESIAN_POINT('',(-11.4508618251531,4.50795123580872,2.12437500000001));
#15748=CARTESIAN_POINT('',(-11.4508618251531,4.50795123580872,2.78315000000001));
#15749=CARTESIAN_POINT('',(-18.4440118251531,4.50795123580869,2.78315000000001));
#15750=CARTESIAN_POINT('',(-11.4508618251531,4.50795123580872,2.12437500000001));
#15751=CARTESIAN_POINT('Origin',(-14.7447368251531,-3.70139876419129,4.05002500000001));
#15752=CARTESIAN_POINT('',(-11.4508618251531,-3.70139876419128,2.78315000000001));
#15753=CARTESIAN_POINT('',(-11.4508618251531,-3.70139876419128,2.78315000000001));
#15754=CARTESIAN_POINT('',(-11.4508618251531,-3.70139876419128,2.12437500000001));
#15755=CARTESIAN_POINT('',(-11.4508618251531,-3.70139876419128,2.78315000000001));
#15756=CARTESIAN_POINT('',(-18.4440118251531,-3.70139876419131,2.12437500000001));
#15757=CARTESIAN_POINT('Origin',(-11.4508618251531,0.403276235808718,4.05002500000001));
#15758=CARTESIAN_POINT('',(-11.4508618251531,3.64647623580872,1.26290000000001));
#15759=CARTESIAN_POINT('',(-11.4508618251531,-2.83992376419128,1.26290000000001));
#15760=CARTESIAN_POINT('',(-11.4508618251531,3.64647623580872,1.26290000000001));
#15761=CARTESIAN_POINT('Origin',(-11.4508618251531,-2.83992376419128,2.12437500000001));
#15762=CARTESIAN_POINT('',(-11.4508618251531,-2.83992376419128,3.64462500000001));
#15763=CARTESIAN_POINT('Origin',(-11.4508618251531,-2.83992376419128,2.78315000000001));
#15764=CARTESIAN_POINT('',(-11.4508618251531,3.64647623580872,3.64462500000001));
#15765=CARTESIAN_POINT('',(-11.4508618251531,3.64647623580872,3.64462500000001));
#15766=CARTESIAN_POINT('Origin',(-11.4508618251531,3.64647623580872,2.78315000000001));
#15767=CARTESIAN_POINT('Origin',(-11.4508618251531,3.64647623580872,2.12437500000001));
#15768=CARTESIAN_POINT('',(-11.4508618251531,-2.83992376419128,2.83382500000001));
#15769=CARTESIAN_POINT('',(-11.4508618251531,3.64647623580872,2.83382500000001));
#15770=CARTESIAN_POINT('',(-11.4508618251531,-2.83992376419128,2.83382500000001));
#15771=CARTESIAN_POINT('',(-11.4508618251531,-2.89059876419128,2.78315000000001));
#15772=CARTESIAN_POINT('Origin',(-11.4508618251531,-2.83992376419128,2.78315000000001));
#15773=CARTESIAN_POINT('',(-11.4508618251531,-2.89059876419128,2.12437500000001));
#15774=CARTESIAN_POINT('',(-11.4508618251531,-2.89059876419128,2.12437500000001));
#15775=CARTESIAN_POINT('',(-11.4508618251531,-2.83992376419128,2.07370000000001));
#15776=CARTESIAN_POINT('Origin',(-11.4508618251531,-2.83992376419128,2.12437500000001));
#15777=CARTESIAN_POINT('',(-11.4508618251531,3.64647623580872,2.07370000000001));
#15778=CARTESIAN_POINT('',(-11.4508618251531,3.64647623580872,2.07370000000001));
#15779=CARTESIAN_POINT('',(-11.4508618251531,3.69715123580872,2.12437500000001));
#15780=CARTESIAN_POINT('Origin',(-11.4508618251531,3.64647623580872,2.12437500000001));
#15781=CARTESIAN_POINT('',(-11.4508618251531,3.69715123580872,2.78315000000001));
#15782=CARTESIAN_POINT('',(-11.4508618251531,3.69715123580872,2.78315000000001));
#15783=CARTESIAN_POINT('Origin',(-11.4508618251531,3.64647623580872,2.78315000000001));
#15784=CARTESIAN_POINT('Origin',(19.6635881748469,-8.76889876419116,3.64462500000001));
#15785=CARTESIAN_POINT('',(-18.4440118251531,-2.83992376419131,3.64462500000001));
#15786=CARTESIAN_POINT('',(-11.4508618251531,3.64647623580872,3.64462500000001));
#15787=CARTESIAN_POINT('Origin',(19.6635881748469,-8.76889876419116,1.26290000000001));
#15788=CARTESIAN_POINT('',(-11.4508618251531,-2.83992376419128,1.26290000000001));
#15789=CARTESIAN_POINT('',(-18.4440118251531,3.64647623580869,1.26290000000001));
#15790=CARTESIAN_POINT('Origin',(19.6635881748469,3.64647623580884,2.12437500000001));
#15791=CARTESIAN_POINT('Origin',(19.6635881748469,-2.83992376419116,2.12437500000001));
#15792=CARTESIAN_POINT('Origin',(-14.7447368251531,3.64647623580871,2.78315000000001));
#15793=CARTESIAN_POINT('Origin',(-14.7447368251531,-2.83992376419129,2.78315000000001));
#15794=CARTESIAN_POINT('Origin',(-18.5453618251531,0.403276235808692,2.83382500000001));
#15795=CARTESIAN_POINT('',(-17.5453618251531,3.64647623580869,2.83382500000001));
#15796=CARTESIAN_POINT('',(-18.5453618251531,3.64647623580869,2.83382500000001));
#15797=CARTESIAN_POINT('',(-17.5453618251531,-2.8399237641913,2.83382500000001));
#15798=CARTESIAN_POINT('',(-17.5453618251531,-4.1828112641913,2.83382500000001));
#15799=CARTESIAN_POINT('',(-18.5453618251531,-2.83992376419131,2.83382500000001));
#15800=CARTESIAN_POINT('Origin',(-18.5453618251531,3.64647623580869,2.78315000000001));
#15801=CARTESIAN_POINT('',(-17.5453618251531,3.6971512358087,2.78315000000001));
#15802=CARTESIAN_POINT('',(-18.5453618251531,3.6971512358087,2.78315000000001));
#15803=CARTESIAN_POINT('Origin',(-17.5453618251531,3.6464762358087,2.78315000000001));
#15804=CARTESIAN_POINT('Origin',(-18.5453618251531,3.6971512358087,2.45376250000001));
#15805=CARTESIAN_POINT('',(-17.5453618251531,3.6971512358087,2.12437500000001));
#15806=CARTESIAN_POINT('',(-18.5453618251531,3.6971512358087,2.12437500000001));
#15807=CARTESIAN_POINT('',(-17.5453618251531,3.6971512358087,1.65563125000001));
#15808=CARTESIAN_POINT('Origin',(-18.5453618251531,3.64647623580869,2.12437500000001));
#15809=CARTESIAN_POINT('',(-17.5453618251531,3.64647623580869,2.07370000000001));
#15810=CARTESIAN_POINT('',(-18.5453618251531,3.64647623580869,2.07370000000001));
#15811=CARTESIAN_POINT('Origin',(-17.5453618251531,3.6464762358087,2.12437500000001));
#15812=CARTESIAN_POINT('Origin',(-18.5453618251531,0.403276235808692,2.07370000000001));
#15813=CARTESIAN_POINT('',(-17.5453618251531,-2.8399237641913,2.07370000000001));
#15814=CARTESIAN_POINT('',(-18.5453618251531,-2.83992376419131,2.07370000000001));
#15815=CARTESIAN_POINT('',(-17.5453618251531,-4.1828112641913,2.07370000000001));
#15816=CARTESIAN_POINT('Origin',(-18.5453618251531,-2.83992376419131,2.12437500000001));
#15817=CARTESIAN_POINT('',(-17.5453618251531,-2.8905987641913,2.12437500000001));
#15818=CARTESIAN_POINT('',(-18.5453618251531,-2.89059876419131,2.12437500000001));
#15819=CARTESIAN_POINT('Origin',(-17.5453618251531,-2.8399237641913,2.12437500000001));
#15820=CARTESIAN_POINT('Origin',(-18.5453618251531,-2.89059876419131,2.45376250000001));
#15821=CARTESIAN_POINT('',(-17.5453618251531,-2.8905987641913,2.78315000000001));
#15822=CARTESIAN_POINT('',(-18.5453618251531,-2.89059876419131,2.78315000000001));
#15823=CARTESIAN_POINT('',(-17.5453618251531,-2.8905987641913,1.65563125000001));
#15824=CARTESIAN_POINT('Origin',(-18.5453618251531,-2.83992376419131,2.78315000000001));
#15825=CARTESIAN_POINT('Origin',(-17.5453618251531,-2.8399237641913,2.78315000000001));
#15826=CARTESIAN_POINT('Origin',(-17.5453618251531,-8.7688987641913,0.857500000000008));
#15827=CARTESIAN_POINT('Origin',(-14.7014349682209,-4.10679876419114,2.1334375));
#15828=CARTESIAN_POINT('',(-14.0574081112887,-4.10679876419114,1.6));
#15829=CARTESIAN_POINT('',(-14.0574081112887,-4.10679876419114,3.32565));
#15830=CARTESIAN_POINT('',(-15.3454618251532,-4.10679876419115,1.6));
#15831=CARTESIAN_POINT('',(-14.0574081112887,-4.10679876419114,1.6));
#15832=CARTESIAN_POINT('',(-15.3454618251532,-4.10679876419115,1.6));
#15833=CARTESIAN_POINT('Origin',(-11.7133812543565,-4.10679876419113,2.1334375));
#15834=CARTESIAN_POINT('',(-11.0693543974242,-4.10679876419113,1.6));
#15835=CARTESIAN_POINT('',(-11.0693543974242,-4.10679876419113,3.32565));
#15836=CARTESIAN_POINT('',(-12.3574081112887,-4.10679876419114,1.6));
#15837=CARTESIAN_POINT('',(-11.0693543974242,-4.10679876419113,1.6));
#15838=CARTESIAN_POINT('',(-12.3574081112887,-4.10679876419114,1.6));
#15839=CARTESIAN_POINT('Origin',(-10.725,4.37022416976868,1.92500000000001));
#15840=CARTESIAN_POINT('',(-10.9166666666666,4.37022416976868,2.35000000000001));
#15841=CARTESIAN_POINT('',(-11.05,4.37022416976868,2.35000000000001));
#15842=CARTESIAN_POINT('',(-10.65,4.37022416976868,2.08333333333334));
#15843=CARTESIAN_POINT('Origin',(-10.9166666666666,4.37022416976868,2.08333333333334));
#15844=CARTESIAN_POINT('',(-10.65,4.37022416976868,1.76666666666668));
#15845=CARTESIAN_POINT('',(-10.65,4.37022416976868,2.08333333333334));
#15846=CARTESIAN_POINT('',(-10.5833333333333,4.37022416976868,1.70000000000001));
#15847=CARTESIAN_POINT('Origin',(-10.5833333333333,4.37022416976868,1.76666666666668));
#15848=CARTESIAN_POINT('',(-10.4,4.37022416976868,1.70000000000001));
#15849=CARTESIAN_POINT('',(-10.5833333333333,4.37022416976868,1.70000000000001));
#15850=CARTESIAN_POINT('',(-10.4,4.37022416976868,1.6));
#15851=CARTESIAN_POINT('',(-10.4,4.37022416976868,1.70000000000001));
#15852=CARTESIAN_POINT('',(-10.6454618251532,4.37022416976868,1.6));
#15853=CARTESIAN_POINT('',(-5.43523091257658,4.3702241697687,1.6));
#15854=CARTESIAN_POINT('',(-10.6454618251532,4.37022416976868,1.50733837739746));
#15855=CARTESIAN_POINT('',(-10.6454618251532,4.37022416976868,0.962500000000005));
#15856=CARTESIAN_POINT('',(-10.85,4.37022416976868,1.76666666666668));
#15857=CARTESIAN_POINT('Origin',(-10.5833333333333,4.37022416976868,1.76666666666668));
#15858=CARTESIAN_POINT('',(-10.85,4.37022416976868,2.08333333333334));
#15859=CARTESIAN_POINT('',(-10.85,4.37022416976868,1.76666666666668));
#15860=CARTESIAN_POINT('',(-10.9166666666666,4.37022416976868,2.15000000000001));
#15861=CARTESIAN_POINT('Origin',(-10.9166666666666,4.37022416976868,2.08333333333334));
#15862=CARTESIAN_POINT('',(-10.9166666666666,4.37022416976868,2.15000000000001));
#15863=CARTESIAN_POINT('Origin',(-11.05,4.27022416976868,2.35000000000001));
#15864=CARTESIAN_POINT('',(-10.9166666666666,4.17022416976868,2.35000000000001));
#15865=CARTESIAN_POINT('',(-11.05,4.17022416976868,2.35000000000001));
#15866=CARTESIAN_POINT('',(-10.9166666666666,4.27022416976868,2.35000000000001));
#15867=CARTESIAN_POINT('Origin',(-10.725,3.53689083643535,1.92500000000001));
#15868=CARTESIAN_POINT('',(-10.9166666666666,3.53689083643535,2.35000000000001));
#15869=CARTESIAN_POINT('',(-11.05,3.53689083643535,2.35000000000001));
#15870=CARTESIAN_POINT('',(-10.65,3.53689083643535,2.08333333333334));
#15871=CARTESIAN_POINT('Origin',(-10.9166666666666,3.53689083643535,2.08333333333334));
#15872=CARTESIAN_POINT('',(-10.65,3.53689083643535,1.76666666666668));
#15873=CARTESIAN_POINT('',(-10.65,3.53689083643535,2.08333333333334));
#15874=CARTESIAN_POINT('',(-10.5833333333333,3.53689083643535,1.70000000000001));
#15875=CARTESIAN_POINT('Origin',(-10.5833333333333,3.53689083643535,1.76666666666668));
#15876=CARTESIAN_POINT('',(-10.4,3.53689083643535,1.70000000000001));
#15877=CARTESIAN_POINT('',(-10.5833333333333,3.53689083643535,1.70000000000001));
#15878=CARTESIAN_POINT('',(-10.4,3.53689083643535,1.6));
#15879=CARTESIAN_POINT('',(-10.4,3.53689083643535,1.70000000000001));
#15880=CARTESIAN_POINT('',(-10.6454618251532,3.53689083643535,1.6));
#15881=CARTESIAN_POINT('',(-5.43523091257658,3.53689083643537,1.6));
#15882=CARTESIAN_POINT('',(-10.6454618251532,3.53689083643535,1.50733837739746));
#15883=CARTESIAN_POINT('',(-10.6454618251532,3.53689083643535,0.962500000000005));
#15884=CARTESIAN_POINT('',(-10.85,3.53689083643535,1.76666666666668));
#15885=CARTESIAN_POINT('Origin',(-10.5833333333333,3.53689083643535,1.76666666666668));
#15886=CARTESIAN_POINT('',(-10.85,3.53689083643535,2.08333333333334));
#15887=CARTESIAN_POINT('',(-10.85,3.53689083643535,1.76666666666668));
#15888=CARTESIAN_POINT('',(-10.9166666666666,3.53689083643535,2.15000000000001));
#15889=CARTESIAN_POINT('Origin',(-10.9166666666666,3.53689083643535,2.08333333333334));
#15890=CARTESIAN_POINT('',(-10.9166666666666,3.53689083643535,2.15000000000001));
#15891=CARTESIAN_POINT('Origin',(-11.05,3.43689083643535,2.35000000000001));
#15892=CARTESIAN_POINT('',(-10.9166666666666,3.33689083643535,2.35000000000001));
#15893=CARTESIAN_POINT('',(-11.05,3.33689083643535,2.35000000000001));
#15894=CARTESIAN_POINT('',(-10.9166666666666,3.43689083643535,2.35000000000001));
#15895=CARTESIAN_POINT('Origin',(-10.725,2.70355750310202,1.92500000000001));
#15896=CARTESIAN_POINT('',(-10.9166666666666,2.70355750310202,2.35000000000001));
#15897=CARTESIAN_POINT('',(-11.05,2.70355750310202,2.35000000000001));
#15898=CARTESIAN_POINT('',(-10.65,2.70355750310202,2.08333333333334));
#15899=CARTESIAN_POINT('Origin',(-10.9166666666666,2.70355750310202,2.08333333333334));
#15900=CARTESIAN_POINT('',(-10.65,2.70355750310202,1.76666666666668));
#15901=CARTESIAN_POINT('',(-10.65,2.70355750310202,2.08333333333334));
#15902=CARTESIAN_POINT('',(-10.5833333333333,2.70355750310202,1.70000000000001));
#15903=CARTESIAN_POINT('Origin',(-10.5833333333333,2.70355750310202,1.76666666666668));
#15904=CARTESIAN_POINT('',(-10.4,2.70355750310202,1.70000000000001));
#15905=CARTESIAN_POINT('',(-10.5833333333333,2.70355750310202,1.70000000000001));
#15906=CARTESIAN_POINT('',(-10.4,2.70355750310202,1.6));
#15907=CARTESIAN_POINT('',(-10.4,2.70355750310202,1.70000000000001));
#15908=CARTESIAN_POINT('',(-10.6454618251532,2.70355750310202,1.6));
#15909=CARTESIAN_POINT('',(-5.43523091257658,2.70355750310204,1.6));
#15910=CARTESIAN_POINT('',(-10.6454618251532,2.70355750310202,1.50733837739746));
#15911=CARTESIAN_POINT('',(-10.6454618251532,2.70355750310202,0.962500000000005));
#15912=CARTESIAN_POINT('',(-10.85,2.70355750310202,1.76666666666668));
#15913=CARTESIAN_POINT('Origin',(-10.5833333333333,2.70355750310202,1.76666666666668));
#15914=CARTESIAN_POINT('',(-10.85,2.70355750310202,2.08333333333334));
#15915=CARTESIAN_POINT('',(-10.85,2.70355750310202,1.76666666666668));
#15916=CARTESIAN_POINT('',(-10.9166666666666,2.70355750310202,2.15000000000001));
#15917=CARTESIAN_POINT('Origin',(-10.9166666666666,2.70355750310202,2.08333333333334));
#15918=CARTESIAN_POINT('',(-10.9166666666666,2.70355750310202,2.15000000000001));
#15919=CARTESIAN_POINT('Origin',(-11.05,2.60355750310202,2.35000000000001));
#15920=CARTESIAN_POINT('',(-10.9166666666666,2.50355750310202,2.35000000000001));
#15921=CARTESIAN_POINT('',(-11.05,2.50355750310202,2.35000000000001));
#15922=CARTESIAN_POINT('',(-10.9166666666666,2.60355750310202,2.35000000000001));
#15923=CARTESIAN_POINT('Origin',(-10.725,1.87022416976869,1.92500000000001));
#15924=CARTESIAN_POINT('',(-10.9166666666666,1.87022416976869,2.35000000000001));
#15925=CARTESIAN_POINT('',(-11.05,1.87022416976869,2.35000000000001));
#15926=CARTESIAN_POINT('',(-10.65,1.87022416976869,2.08333333333334));
#15927=CARTESIAN_POINT('Origin',(-10.9166666666666,1.87022416976869,2.08333333333334));
#15928=CARTESIAN_POINT('',(-10.65,1.87022416976869,1.76666666666668));
#15929=CARTESIAN_POINT('',(-10.65,1.87022416976869,2.08333333333334));
#15930=CARTESIAN_POINT('',(-10.5833333333333,1.87022416976869,1.70000000000001));
#15931=CARTESIAN_POINT('Origin',(-10.5833333333333,1.87022416976869,1.76666666666668));
#15932=CARTESIAN_POINT('',(-10.4,1.87022416976869,1.70000000000001));
#15933=CARTESIAN_POINT('',(-10.5833333333333,1.87022416976869,1.70000000000001));
#15934=CARTESIAN_POINT('',(-10.4,1.87022416976869,1.6));
#15935=CARTESIAN_POINT('',(-10.4,1.87022416976869,1.70000000000001));
#15936=CARTESIAN_POINT('',(-10.6454618251532,1.87022416976869,1.6));
#15937=CARTESIAN_POINT('',(-5.43523091257658,1.87022416976871,1.6));
#15938=CARTESIAN_POINT('',(-10.6454618251532,1.87022416976869,1.50733837739746));
#15939=CARTESIAN_POINT('',(-10.6454618251532,1.87022416976869,0.962500000000005));
#15940=CARTESIAN_POINT('',(-10.85,1.87022416976869,1.76666666666668));
#15941=CARTESIAN_POINT('Origin',(-10.5833333333333,1.87022416976869,1.76666666666668));
#15942=CARTESIAN_POINT('',(-10.85,1.87022416976869,2.08333333333334));
#15943=CARTESIAN_POINT('',(-10.85,1.87022416976869,1.76666666666668));
#15944=CARTESIAN_POINT('',(-10.9166666666666,1.87022416976869,2.15000000000001));
#15945=CARTESIAN_POINT('Origin',(-10.9166666666666,1.87022416976869,2.08333333333334));
#15946=CARTESIAN_POINT('',(-10.9166666666666,1.87022416976869,2.15000000000001));
#15947=CARTESIAN_POINT('Origin',(-11.05,1.77022416976869,2.35000000000001));
#15948=CARTESIAN_POINT('',(-10.9166666666666,1.67022416976869,2.35000000000001));
#15949=CARTESIAN_POINT('',(-11.05,1.67022416976869,2.35000000000001));
#15950=CARTESIAN_POINT('',(-10.9166666666666,1.77022416976869,2.35000000000001));
#15951=CARTESIAN_POINT('Origin',(-10.725,1.03689083643536,1.92500000000001));
#15952=CARTESIAN_POINT('',(-10.9166666666666,1.03689083643536,2.35000000000001));
#15953=CARTESIAN_POINT('',(-11.05,1.03689083643536,2.35000000000001));
#15954=CARTESIAN_POINT('',(-10.65,1.03689083643536,2.08333333333334));
#15955=CARTESIAN_POINT('Origin',(-10.9166666666666,1.03689083643536,2.08333333333334));
#15956=CARTESIAN_POINT('',(-10.65,1.03689083643536,1.76666666666668));
#15957=CARTESIAN_POINT('',(-10.65,1.03689083643536,2.08333333333334));
#15958=CARTESIAN_POINT('',(-10.5833333333333,1.03689083643536,1.70000000000001));
#15959=CARTESIAN_POINT('Origin',(-10.5833333333333,1.03689083643536,1.76666666666668));
#15960=CARTESIAN_POINT('',(-10.4,1.03689083643536,1.70000000000001));
#15961=CARTESIAN_POINT('',(-10.5833333333333,1.03689083643536,1.70000000000001));
#15962=CARTESIAN_POINT('',(-10.4,1.03689083643536,1.6));
#15963=CARTESIAN_POINT('',(-10.4,1.03689083643536,1.70000000000001));
#15964=CARTESIAN_POINT('',(-10.6454618251532,1.03689083643536,1.6));
#15965=CARTESIAN_POINT('',(-5.43523091257657,1.03689083643538,1.6));
#15966=CARTESIAN_POINT('',(-10.6454618251532,1.03689083643536,1.50733837739746));
#15967=CARTESIAN_POINT('',(-10.6454618251532,1.03689083643536,0.962500000000005));
#15968=CARTESIAN_POINT('',(-10.85,1.03689083643536,1.76666666666668));
#15969=CARTESIAN_POINT('Origin',(-10.5833333333333,1.03689083643536,1.76666666666668));
#15970=CARTESIAN_POINT('',(-10.85,1.03689083643536,2.08333333333334));
#15971=CARTESIAN_POINT('',(-10.85,1.03689083643536,1.76666666666668));
#15972=CARTESIAN_POINT('',(-10.9166666666666,1.03689083643536,2.15000000000001));
#15973=CARTESIAN_POINT('Origin',(-10.9166666666666,1.03689083643536,2.08333333333334));
#15974=CARTESIAN_POINT('',(-10.9166666666666,1.03689083643536,2.15000000000001));
#15975=CARTESIAN_POINT('Origin',(-11.05,0.93689083643536,2.35000000000001));
#15976=CARTESIAN_POINT('',(-10.9166666666666,0.836890836435362,2.35000000000001));
#15977=CARTESIAN_POINT('',(-11.05,0.836890836435362,2.35000000000001));
#15978=CARTESIAN_POINT('',(-10.9166666666666,0.93689083643536,2.35000000000001));
#15979=CARTESIAN_POINT('Origin',(-10.725,0.203557503102028,1.92500000000001));
#15980=CARTESIAN_POINT('',(-10.9166666666666,0.203557503102028,2.35000000000001));
#15981=CARTESIAN_POINT('',(-11.05,0.203557503102028,2.35000000000001));
#15982=CARTESIAN_POINT('',(-10.65,0.203557503102028,2.08333333333334));
#15983=CARTESIAN_POINT('Origin',(-10.9166666666666,0.203557503102028,2.08333333333334));
#15984=CARTESIAN_POINT('',(-10.65,0.203557503102028,1.76666666666668));
#15985=CARTESIAN_POINT('',(-10.65,0.203557503102028,2.08333333333334));
#15986=CARTESIAN_POINT('',(-10.5833333333333,0.203557503102028,1.70000000000001));
#15987=CARTESIAN_POINT('Origin',(-10.5833333333333,0.203557503102028,1.76666666666668));
#15988=CARTESIAN_POINT('',(-10.4,0.203557503102028,1.70000000000001));
#15989=CARTESIAN_POINT('',(-10.5833333333333,0.203557503102028,1.70000000000001));
#15990=CARTESIAN_POINT('',(-10.4,0.203557503102028,1.6));
#15991=CARTESIAN_POINT('',(-10.4,0.203557503102028,1.70000000000001));
#15992=CARTESIAN_POINT('',(-10.6454618251532,0.203557503102028,1.6));
#15993=CARTESIAN_POINT('',(-5.43523091257657,0.203557503102048,1.6));
#15994=CARTESIAN_POINT('',(-10.6454618251532,0.203557503102027,1.50733837739746));
#15995=CARTESIAN_POINT('',(-10.6454618251532,0.203557503102028,0.962500000000005));
#15996=CARTESIAN_POINT('',(-10.85,0.203557503102028,1.76666666666668));
#15997=CARTESIAN_POINT('Origin',(-10.5833333333333,0.203557503102028,1.76666666666668));
#15998=CARTESIAN_POINT('',(-10.85,0.203557503102028,2.08333333333334));
#15999=CARTESIAN_POINT('',(-10.85,0.203557503102028,1.76666666666668));
#16000=CARTESIAN_POINT('',(-10.9166666666666,0.203557503102028,2.15000000000001));
#16001=CARTESIAN_POINT('Origin',(-10.9166666666666,0.203557503102028,2.08333333333334));
#16002=CARTESIAN_POINT('',(-10.9166666666666,0.203557503102028,2.15000000000001));
#16003=CARTESIAN_POINT('Origin',(-11.05,0.10355750310203,2.35000000000001));
#16004=CARTESIAN_POINT('',(-10.9166666666666,0.00355750310203184,2.35000000000001));
#16005=CARTESIAN_POINT('',(-11.05,0.00355750310203184,2.35000000000001));
#16006=CARTESIAN_POINT('',(-10.9166666666666,0.10355750310203,2.35000000000001));
#16007=CARTESIAN_POINT('Origin',(-10.725,-0.629775830231303,1.92500000000001));
#16008=CARTESIAN_POINT('',(-10.9166666666666,-0.629775830231303,2.35000000000001));
#16009=CARTESIAN_POINT('',(-11.05,-0.629775830231303,2.35000000000001));
#16010=CARTESIAN_POINT('',(-10.65,-0.629775830231303,2.08333333333334));
#16011=CARTESIAN_POINT('Origin',(-10.9166666666666,-0.629775830231303,2.08333333333334));
#16012=CARTESIAN_POINT('',(-10.65,-0.629775830231303,1.76666666666668));
#16013=CARTESIAN_POINT('',(-10.65,-0.629775830231303,2.08333333333334));
#16014=CARTESIAN_POINT('',(-10.5833333333333,-0.629775830231303,1.70000000000001));
#16015=CARTESIAN_POINT('Origin',(-10.5833333333333,-0.629775830231303,1.76666666666668));
#16016=CARTESIAN_POINT('',(-10.4,-0.629775830231303,1.70000000000001));
#16017=CARTESIAN_POINT('',(-10.5833333333333,-0.629775830231303,1.70000000000001));
#16018=CARTESIAN_POINT('',(-10.4,-0.629775830231303,1.6));
#16019=CARTESIAN_POINT('',(-10.4,-0.629775830231303,1.70000000000001));
#16020=CARTESIAN_POINT('',(-10.6454618251532,-0.629775830231303,1.6));
#16021=CARTESIAN_POINT('',(-5.43523091257657,-0.629775830231282,1.6));
#16022=CARTESIAN_POINT('',(-10.6454618251532,-0.629775830231303,1.50733837739746));
#16023=CARTESIAN_POINT('',(-10.6454618251532,-0.629775830231303,0.962500000000005));
#16024=CARTESIAN_POINT('',(-10.85,-0.629775830231303,1.76666666666668));
#16025=CARTESIAN_POINT('Origin',(-10.5833333333333,-0.629775830231303,1.76666666666668));
#16026=CARTESIAN_POINT('',(-10.85,-0.629775830231303,2.08333333333334));
#16027=CARTESIAN_POINT('',(-10.85,-0.629775830231303,1.76666666666668));
#16028=CARTESIAN_POINT('',(-10.9166666666666,-0.629775830231303,2.15000000000001));
#16029=CARTESIAN_POINT('Origin',(-10.9166666666666,-0.629775830231303,2.08333333333334));
#16030=CARTESIAN_POINT('',(-10.9166666666666,-0.629775830231303,2.15000000000001));
#16031=CARTESIAN_POINT('Origin',(-11.05,-0.729775830231301,2.35000000000001));
#16032=CARTESIAN_POINT('',(-10.9166666666666,-0.829775830231299,2.35000000000001));
#16033=CARTESIAN_POINT('',(-11.05,-0.829775830231299,2.35000000000001));
#16034=CARTESIAN_POINT('',(-10.9166666666666,-0.729775830231301,2.35000000000001));
#16035=CARTESIAN_POINT('Origin',(-10.725,-1.46310916356463,1.92500000000001));
#16036=CARTESIAN_POINT('',(-10.9166666666666,-1.46310916356463,2.35000000000001));
#16037=CARTESIAN_POINT('',(-11.05,-1.46310916356463,2.35000000000001));
#16038=CARTESIAN_POINT('',(-10.65,-1.46310916356463,2.08333333333334));
#16039=CARTESIAN_POINT('Origin',(-10.9166666666666,-1.46310916356463,2.08333333333334));
#16040=CARTESIAN_POINT('',(-10.65,-1.46310916356463,1.76666666666668));
#16041=CARTESIAN_POINT('',(-10.65,-1.46310916356463,2.08333333333334));
#16042=CARTESIAN_POINT('',(-10.5833333333333,-1.46310916356463,1.70000000000001));
#16043=CARTESIAN_POINT('Origin',(-10.5833333333333,-1.46310916356463,1.76666666666668));
#16044=CARTESIAN_POINT('',(-10.4,-1.46310916356463,1.70000000000001));
#16045=CARTESIAN_POINT('',(-10.5833333333333,-1.46310916356463,1.70000000000001));
#16046=CARTESIAN_POINT('',(-10.4,-1.46310916356463,1.6));
#16047=CARTESIAN_POINT('',(-10.4,-1.46310916356463,1.70000000000001));
#16048=CARTESIAN_POINT('',(-10.6454618251532,-1.46310916356463,1.6));
#16049=CARTESIAN_POINT('',(-5.43523091257657,-1.46310916356461,1.6));
#16050=CARTESIAN_POINT('',(-10.6454618251532,-1.46310916356463,1.50733837739746));
#16051=CARTESIAN_POINT('',(-10.6454618251532,-1.46310916356463,0.962500000000005));
#16052=CARTESIAN_POINT('',(-10.85,-1.46310916356463,1.76666666666668));
#16053=CARTESIAN_POINT('Origin',(-10.5833333333333,-1.46310916356463,1.76666666666668));
#16054=CARTESIAN_POINT('',(-10.85,-1.46310916356463,2.08333333333334));
#16055=CARTESIAN_POINT('',(-10.85,-1.46310916356463,1.76666666666668));
#16056=CARTESIAN_POINT('',(-10.9166666666666,-1.46310916356463,2.15000000000001));
#16057=CARTESIAN_POINT('Origin',(-10.9166666666666,-1.46310916356463,2.08333333333334));
#16058=CARTESIAN_POINT('',(-10.9166666666666,-1.46310916356463,2.15000000000001));
#16059=CARTESIAN_POINT('Origin',(-11.05,-1.56310916356463,2.35000000000001));
#16060=CARTESIAN_POINT('',(-10.9166666666666,-1.66310916356463,2.35000000000001));
#16061=CARTESIAN_POINT('',(-11.05,-1.66310916356463,2.35000000000001));
#16062=CARTESIAN_POINT('',(-10.9166666666666,-1.56310916356463,2.35000000000001));
#16063=CARTESIAN_POINT('Origin',(-10.725,-2.29644249689796,1.92500000000001));
#16064=CARTESIAN_POINT('',(-10.9166666666666,-2.29644249689796,2.35000000000001));
#16065=CARTESIAN_POINT('',(-11.05,-2.29644249689796,2.35000000000001));
#16066=CARTESIAN_POINT('',(-10.65,-2.29644249689796,2.08333333333334));
#16067=CARTESIAN_POINT('Origin',(-10.9166666666666,-2.29644249689796,2.08333333333334));
#16068=CARTESIAN_POINT('',(-10.65,-2.29644249689796,1.76666666666668));
#16069=CARTESIAN_POINT('',(-10.65,-2.29644249689796,2.08333333333334));
#16070=CARTESIAN_POINT('',(-10.5833333333333,-2.29644249689796,1.70000000000001));
#16071=CARTESIAN_POINT('Origin',(-10.5833333333333,-2.29644249689796,1.76666666666668));
#16072=CARTESIAN_POINT('',(-10.4,-2.29644249689796,1.70000000000001));
#16073=CARTESIAN_POINT('',(-10.5833333333333,-2.29644249689796,1.70000000000001));
#16074=CARTESIAN_POINT('',(-10.4,-2.29644249689796,1.6));
#16075=CARTESIAN_POINT('',(-10.4,-2.29644249689796,1.70000000000001));
#16076=CARTESIAN_POINT('',(-10.6454618251532,-2.29644249689796,1.6));
#16077=CARTESIAN_POINT('',(-5.43523091257657,-2.29644249689794,1.6));
#16078=CARTESIAN_POINT('',(-10.6454618251532,-2.29644249689796,1.50733837739746));
#16079=CARTESIAN_POINT('',(-10.6454618251532,-2.29644249689796,0.962500000000005));
#16080=CARTESIAN_POINT('',(-10.85,-2.29644249689796,1.76666666666668));
#16081=CARTESIAN_POINT('Origin',(-10.5833333333333,-2.29644249689796,1.76666666666668));
#16082=CARTESIAN_POINT('',(-10.85,-2.29644249689796,2.08333333333334));
#16083=CARTESIAN_POINT('',(-10.85,-2.29644249689796,1.76666666666668));
#16084=CARTESIAN_POINT('',(-10.9166666666666,-2.29644249689796,2.15000000000001));
#16085=CARTESIAN_POINT('Origin',(-10.9166666666666,-2.29644249689796,2.08333333333334));
#16086=CARTESIAN_POINT('',(-10.9166666666666,-2.29644249689796,2.15000000000001));
#16087=CARTESIAN_POINT('Origin',(-11.05,-2.39644249689796,2.35000000000001));
#16088=CARTESIAN_POINT('',(-10.9166666666666,-2.49644249689796,2.35000000000001));
#16089=CARTESIAN_POINT('',(-11.05,-2.49644249689796,2.35000000000001));
#16090=CARTESIAN_POINT('',(-10.9166666666666,-2.39644249689796,2.35000000000001));
#16091=CARTESIAN_POINT('Origin',(-10.725,-3.12977583023129,1.92500000000001));
#16092=CARTESIAN_POINT('',(-10.9166666666666,-3.12977583023129,2.35000000000001));
#16093=CARTESIAN_POINT('',(-11.05,-3.12977583023129,2.35000000000001));
#16094=CARTESIAN_POINT('',(-10.65,-3.12977583023129,2.08333333333334));
#16095=CARTESIAN_POINT('Origin',(-10.9166666666666,-3.12977583023129,2.08333333333334));
#16096=CARTESIAN_POINT('',(-10.65,-3.12977583023129,1.76666666666668));
#16097=CARTESIAN_POINT('',(-10.65,-3.12977583023129,2.08333333333334));
#16098=CARTESIAN_POINT('',(-10.5833333333333,-3.12977583023129,1.70000000000001));
#16099=CARTESIAN_POINT('Origin',(-10.5833333333333,-3.12977583023129,1.76666666666668));
#16100=CARTESIAN_POINT('',(-10.4,-3.12977583023129,1.70000000000001));
#16101=CARTESIAN_POINT('',(-10.5833333333333,-3.12977583023129,1.70000000000001));
#16102=CARTESIAN_POINT('',(-10.4,-3.12977583023129,1.6));
#16103=CARTESIAN_POINT('',(-10.4,-3.12977583023129,1.70000000000001));
#16104=CARTESIAN_POINT('',(-10.6454618251532,-3.12977583023129,1.6));
#16105=CARTESIAN_POINT('',(-5.43523091257657,-3.12977583023127,1.6));
#16106=CARTESIAN_POINT('',(-10.6454618251532,-3.12977583023129,1.50733837739746));
#16107=CARTESIAN_POINT('',(-10.6454618251532,-3.12977583023129,0.962500000000005));
#16108=CARTESIAN_POINT('',(-10.85,-3.12977583023129,1.76666666666668));
#16109=CARTESIAN_POINT('Origin',(-10.5833333333333,-3.12977583023129,1.76666666666668));
#16110=CARTESIAN_POINT('',(-10.85,-3.12977583023129,2.08333333333334));
#16111=CARTESIAN_POINT('',(-10.85,-3.12977583023129,1.76666666666668));
#16112=CARTESIAN_POINT('',(-10.9166666666666,-3.12977583023129,2.15000000000001));
#16113=CARTESIAN_POINT('Origin',(-10.9166666666666,-3.12977583023129,2.08333333333334));
#16114=CARTESIAN_POINT('',(-10.9166666666666,-3.12977583023129,2.15000000000001));
#16115=CARTESIAN_POINT('Origin',(-11.05,-3.22977583023129,2.35000000000001));
#16116=CARTESIAN_POINT('',(-10.9166666666666,-3.32977583023129,2.35000000000001));
#16117=CARTESIAN_POINT('',(-11.05,-3.32977583023129,2.35000000000001));
#16118=CARTESIAN_POINT('',(-10.9166666666666,-3.22977583023129,2.35000000000001));
#16119=CARTESIAN_POINT('Origin',(-12.3574081112887,-4.10679876419114,1.6));
#16120=CARTESIAN_POINT('',(-12.3574081112887,-5.14872376419114,1.6));
#16121=CARTESIAN_POINT('',(-11.0693543974242,-5.14872376419114,1.6));
#16122=CARTESIAN_POINT('',(-6.25143496822094,-5.14872376419114,1.6));
#16123=CARTESIAN_POINT('',(-11.0693543974242,-5.86796173747655,1.6));
#16124=CARTESIAN_POINT('',(-11.0693543974242,-4.10679876419113,1.6));
#16125=CARTESIAN_POINT('',(-12.3574081112887,-5.86796173747655,1.6));
#16126=CARTESIAN_POINT('',(-5.60740811128869,-5.86796173747655,1.6));
#16127=CARTESIAN_POINT('',(-12.3574081112887,-4.10679876419114,1.6));
#16128=CARTESIAN_POINT('Origin',(-12.0353946828226,-5.43207184312248,0.7));
#16129=CARTESIAN_POINT('',(-11.0693543974242,-5.43207184312248,1.7));
#16130=CARTESIAN_POINT('Origin',(-11.0693543974242,-5.43207184312248,0.7));
#16131=CARTESIAN_POINT('',(-12.3574081112887,-5.43207184312248,1.7));
#16132=CARTESIAN_POINT('',(-12.0353946828226,-5.43207184312248,1.7));
#16133=CARTESIAN_POINT('Origin',(-12.3574081112887,-5.43207184312248,0.7));
#16134=CARTESIAN_POINT('Origin',(-11.0693543974242,-4.10679876419113,1.7));
#16135=CARTESIAN_POINT('',(-12.3574081112887,-4.20679876419114,1.7));
#16136=CARTESIAN_POINT('',(-11.0693543974242,-4.20679876419113,1.7));
#16137=CARTESIAN_POINT('',(-11.3913678258903,-4.20679876419114,1.7));
#16138=CARTESIAN_POINT('',(-12.3574081112887,-4.10679876419114,1.7));
#16139=CARTESIAN_POINT('',(-11.0693543974242,-4.10679876419113,1.7));
#16140=CARTESIAN_POINT('Origin',(-0.145461825153179,0.403276235808856,1.6));
#16141=CARTESIAN_POINT('',(-12.3574081112887,-4.24672376419114,1.6));
#16142=CARTESIAN_POINT('',(-12.3574081112887,-1.85176126419116,1.6));
#16143=CARTESIAN_POINT('',(-14.0574081112887,-4.24672376419114,1.6));
#16144=CARTESIAN_POINT('',(-10.6454618251532,-4.24672376419114,1.6));
#16145=CARTESIAN_POINT('',(-14.0574081112887,-5.14872376419114,1.6));
#16146=CARTESIAN_POINT('',(-14.0574081112887,-1.85176126419117,1.6));
#16147=CARTESIAN_POINT('',(-13.8574081112887,-5.34872376419114,1.6));
#16148=CARTESIAN_POINT('Origin',(-14.0574081112887,-5.34872376419114,1.6));
#16149=CARTESIAN_POINT('',(-13.8574081112887,-5.66796173747655,1.6));
#16150=CARTESIAN_POINT('',(-13.8574081112887,-2.47272376419114,1.6));
#16151=CARTESIAN_POINT('',(-14.0574081112887,-5.86796173747655,1.6));
#16152=CARTESIAN_POINT('Origin',(-14.0574081112887,-5.66796173747655,1.6));
#16153=CARTESIAN_POINT('',(-15.3454618251532,-5.86796173747655,1.6));
#16154=CARTESIAN_POINT('',(-7.10143496822094,-5.86796173747655,1.6));
#16155=CARTESIAN_POINT('',(-15.5454618251532,-5.66796173747655,1.6));
#16156=CARTESIAN_POINT('Origin',(-15.3454618251532,-5.66796173747655,1.6));
#16157=CARTESIAN_POINT('',(-15.5454618251532,-5.34872376419114,1.6));
#16158=CARTESIAN_POINT('',(-15.5454618251532,-2.63234275083385,1.6));
#16159=CARTESIAN_POINT('',(-15.3454618251532,-5.14872376419114,1.6));
#16160=CARTESIAN_POINT('Origin',(-15.3454618251532,-5.34872376419114,1.6));
#16161=CARTESIAN_POINT('',(-15.3454618251532,-4.24672376419114,1.6));
#16162=CARTESIAN_POINT('',(-15.3454618251532,-1.85176126419117,1.6));
#16163=CARTESIAN_POINT('',(-16.6454618251532,-4.24672376419114,1.6));
#16164=CARTESIAN_POINT('',(-10.6454618251532,-4.24672376419114,1.6));
#16165=CARTESIAN_POINT('',(-16.6454618251532,-8.44672376419114,1.6));
#16166=CARTESIAN_POINT('',(-16.6454618251532,-8.44672376419114,1.6));
#16167=CARTESIAN_POINT('',(16.3545381748468,-8.44672376419114,1.6));
#16168=CARTESIAN_POINT('',(16.3545381748468,-8.44672376419114,1.6));
#16169=CARTESIAN_POINT('',(16.3545381748468,9.25327623580886,1.6));
#16170=CARTESIAN_POINT('',(16.3545381748468,9.25327623580886,1.6));
#16171=CARTESIAN_POINT('',(-16.6454618251532,9.25327623580886,1.6));
#16172=CARTESIAN_POINT('',(-16.6454618251532,9.25327623580886,1.6));
#16173=CARTESIAN_POINT('',(-16.6454618251532,5.05327623580886,1.6));
#16174=CARTESIAN_POINT('',(-16.6454618251532,-8.44672376419114,1.6));
#16175=CARTESIAN_POINT('',(-15.3454618251532,5.05327623580886,1.6));
#16176=CARTESIAN_POINT('',(-16.6454618251532,5.05327623580886,1.6));
#16177=CARTESIAN_POINT('',(-15.3454618251532,5.95527623580886,1.6));
#16178=CARTESIAN_POINT('',(-15.3454618251532,2.6583137358088,1.6));
#16179=CARTESIAN_POINT('',(-15.5454618251532,6.15527623580885,1.6));
#16180=CARTESIAN_POINT('Origin',(-15.3454618251532,6.15527623580885,1.6));
#16181=CARTESIAN_POINT('',(-15.5454618251532,6.47451420909426,1.6));
#16182=CARTESIAN_POINT('',(-15.5454618251532,3.27927623580885,1.6));
#16183=CARTESIAN_POINT('',(-15.3454618251532,6.67451420909426,1.6));
#16184=CARTESIAN_POINT('Origin',(-15.3454618251532,6.47451420909426,1.6));
#16185=CARTESIAN_POINT('',(-14.0574081112887,6.67451420909426,1.6));
#16186=CARTESIAN_POINT('',(-7.74546182515318,6.67451420909426,1.6));
#16187=CARTESIAN_POINT('',(-13.8574081112887,6.47451420909426,1.6));
#16188=CARTESIAN_POINT('Origin',(-14.0574081112887,6.47451420909426,1.6));
#16189=CARTESIAN_POINT('',(-13.8574081112887,6.15527623580885,1.6));
#16190=CARTESIAN_POINT('',(-13.8574081112887,3.43889522245156,1.6));
#16191=CARTESIAN_POINT('',(-14.0574081112887,5.95527623580886,1.6));
#16192=CARTESIAN_POINT('Origin',(-14.0574081112887,6.15527623580885,1.6));
#16193=CARTESIAN_POINT('',(-14.0574081112887,5.05327623580886,1.6));
#16194=CARTESIAN_POINT('',(-14.0574081112887,2.65831373580881,1.6));
#16195=CARTESIAN_POINT('',(-12.3574081112887,5.05327623580886,1.6));
#16196=CARTESIAN_POINT('',(-16.6454618251532,5.05327623580886,1.6));
#16197=CARTESIAN_POINT('',(-12.3574081112887,5.95527623580886,1.6));
#16198=CARTESIAN_POINT('',(-12.3574081112887,2.65831373580881,1.6));
#16199=CARTESIAN_POINT('',(-12.5574081112887,6.15527623580885,1.6));
#16200=CARTESIAN_POINT('Origin',(-12.3574081112887,6.15527623580885,1.6));
#16201=CARTESIAN_POINT('',(-12.5574081112887,6.47451420909426,1.6));
#16202=CARTESIAN_POINT('',(-12.5574081112887,3.27927623580885,1.6));
#16203=CARTESIAN_POINT('',(-12.3574081112887,6.67451420909426,1.6));
#16204=CARTESIAN_POINT('Origin',(-12.3574081112887,6.47451420909426,1.6));
#16205=CARTESIAN_POINT('',(-11.0693543974242,6.67451420909426,1.6));
#16206=CARTESIAN_POINT('',(-6.25143496822094,6.67451420909426,1.6));
#16207=CARTESIAN_POINT('',(-10.8693543974242,6.47451420909426,1.6));
#16208=CARTESIAN_POINT('Origin',(-11.0693543974242,6.47451420909426,1.6));
#16209=CARTESIAN_POINT('',(-10.8693543974242,6.15527623580885,1.6));
#16210=CARTESIAN_POINT('',(-10.8693543974242,3.43889522245156,1.6));
#16211=CARTESIAN_POINT('',(-11.0693543974242,5.95527623580886,1.6));
#16212=CARTESIAN_POINT('Origin',(-11.0693543974242,6.15527623580885,1.6));
#16213=CARTESIAN_POINT('',(-11.0693543974242,5.05327623580886,1.6));
#16214=CARTESIAN_POINT('',(-11.0693543974242,2.65831373580882,1.6));
#16215=CARTESIAN_POINT('',(-10.6454618251532,5.05327623580886,1.6));
#16216=CARTESIAN_POINT('',(-16.6454618251532,5.05327623580886,1.6));
#16217=CARTESIAN_POINT('',(-10.6454618251532,5.05327623580886,1.6));
#16218=CARTESIAN_POINT('',(-10.4,4.17022416976868,1.6));
#16219=CARTESIAN_POINT('',(-10.4,2.33675020278875,1.6));
#16220=CARTESIAN_POINT('',(-10.6454618251532,4.17022416976868,1.6));
#16221=CARTESIAN_POINT('',(-5.43523091257658,4.17022416976871,1.6));
#16222=CARTESIAN_POINT('',(-10.6454618251532,5.05327623580886,1.6));
#16223=CARTESIAN_POINT('',(-10.4,3.33689083643535,1.6));
#16224=CARTESIAN_POINT('',(-10.4,1.92008353612208,1.6));
#16225=CARTESIAN_POINT('',(-10.6454618251532,3.33689083643535,1.6));
#16226=CARTESIAN_POINT('',(-5.43523091257658,3.33689083643537,1.6));
#16227=CARTESIAN_POINT('',(-10.6454618251532,5.05327623580886,1.6));
#16228=CARTESIAN_POINT('',(-10.4,2.50355750310202,1.6));
#16229=CARTESIAN_POINT('',(-10.4,1.50341686945542,1.6));
#16230=CARTESIAN_POINT('',(-10.6454618251532,2.50355750310202,1.6));
#16231=CARTESIAN_POINT('',(-5.43523091257658,2.50355750310204,1.6));
#16232=CARTESIAN_POINT('',(-10.6454618251532,5.05327623580886,1.6));
#16233=CARTESIAN_POINT('',(-10.4,1.67022416976869,1.6));
#16234=CARTESIAN_POINT('',(-10.4,1.08675020278875,1.6));
#16235=CARTESIAN_POINT('',(-10.6454618251532,1.67022416976869,1.6));
#16236=CARTESIAN_POINT('',(-5.43523091257657,1.67022416976871,1.6));
#16237=CARTESIAN_POINT('',(-10.6454618251532,5.05327623580886,1.6));
#16238=CARTESIAN_POINT('',(-10.4,0.836890836435362,1.6));
#16239=CARTESIAN_POINT('',(-10.4,0.670083536122088,1.6));
#16240=CARTESIAN_POINT('',(-10.6454618251532,0.836890836435363,1.6));
#16241=CARTESIAN_POINT('',(-5.43523091257657,0.836890836435383,1.6));
#16242=CARTESIAN_POINT('',(-10.6454618251532,5.05327623580886,1.6));
#16243=CARTESIAN_POINT('',(-10.4,0.00355750310203184,1.6));
#16244=CARTESIAN_POINT('',(-10.4,0.253416869455423,1.6));
#16245=CARTESIAN_POINT('',(-10.6454618251532,0.00355750310203184,1.6));
#16246=CARTESIAN_POINT('',(-5.43523091257657,0.00355750310205263,1.6));
#16247=CARTESIAN_POINT('',(-10.6454618251532,5.05327623580886,1.6));
#16248=CARTESIAN_POINT('',(-10.4,-0.829775830231299,1.6));
#16249=CARTESIAN_POINT('',(-10.4,-0.163249797211242,1.6));
#16250=CARTESIAN_POINT('',(-10.6454618251532,-0.829775830231299,1.6));
#16251=CARTESIAN_POINT('',(-5.43523091257657,-0.829775830231278,1.6));
#16252=CARTESIAN_POINT('',(-10.6454618251532,5.05327623580886,1.6));
#16253=CARTESIAN_POINT('',(-10.4,-1.66310916356463,1.6));
#16254=CARTESIAN_POINT('',(-10.4,-0.579916463877908,1.6));
#16255=CARTESIAN_POINT('',(-10.6454618251532,-1.66310916356463,1.6));
#16256=CARTESIAN_POINT('',(-5.43523091257657,-1.66310916356461,1.6));
#16257=CARTESIAN_POINT('',(-10.6454618251532,5.05327623580886,1.6));
#16258=CARTESIAN_POINT('',(-10.4,-2.49644249689796,1.6));
#16259=CARTESIAN_POINT('',(-10.4,-0.996583130544573,1.6));
#16260=CARTESIAN_POINT('',(-10.6454618251532,-2.49644249689796,1.6));
#16261=CARTESIAN_POINT('',(-5.43523091257657,-2.49644249689794,1.6));
#16262=CARTESIAN_POINT('',(-10.6454618251532,5.05327623580886,1.6));
#16263=CARTESIAN_POINT('',(-10.4,-3.32977583023129,1.6));
#16264=CARTESIAN_POINT('',(-10.4,-1.41324979721124,1.6));
#16265=CARTESIAN_POINT('',(-10.6454618251532,-3.32977583023129,1.6));
#16266=CARTESIAN_POINT('',(-5.43523091257657,-3.32977583023127,1.6));
#16267=CARTESIAN_POINT('',(-10.6454618251532,-4.24672376419114,1.6));
#16268=CARTESIAN_POINT('',(-10.6454618251532,5.05327623580886,1.6));
#16269=CARTESIAN_POINT('',(-11.0693543974242,-4.24672376419114,1.6));
#16270=CARTESIAN_POINT('',(-10.6454618251532,-4.24672376419114,1.6));
#16271=CARTESIAN_POINT('',(-11.0693543974242,-1.85176126419116,1.6));
#16272=CARTESIAN_POINT('',(-10.8693543974242,-5.34872376419114,1.6));
#16273=CARTESIAN_POINT('Origin',(-11.0693543974242,-5.34872376419114,1.6));
#16274=CARTESIAN_POINT('',(-10.8693543974242,-5.66796173747655,1.6));
#16275=CARTESIAN_POINT('',(-10.8693543974242,-2.47272376419114,1.6));
#16276=CARTESIAN_POINT('Origin',(-11.0693543974242,-5.66796173747655,1.6));
#16277=CARTESIAN_POINT('',(-5.60740811128869,-5.86796173747655,1.6));
#16278=CARTESIAN_POINT('',(-12.5574081112887,-5.66796173747655,1.6));
#16279=CARTESIAN_POINT('Origin',(-12.3574081112887,-5.66796173747655,1.6));
#16280=CARTESIAN_POINT('',(-12.5574081112887,-5.34872376419114,1.6));
#16281=CARTESIAN_POINT('',(-12.5574081112887,-2.63234275083385,1.6));
#16282=CARTESIAN_POINT('Origin',(-12.3574081112887,-5.34872376419114,1.6));
#16283=CARTESIAN_POINT('',(16.2545381748468,-0.923723764191145,1.6));
#16284=CARTESIAN_POINT('Origin',(16.2025381748468,-0.923723764191145,1.6));
#16285=CARTESIAN_POINT('',(16.2545381748468,-1.72972376419115,1.6));
#16286=CARTESIAN_POINT('',(16.2545381748468,-0.234223764191145,1.6));
#16287=CARTESIAN_POINT('Origin',(16.2025381748468,-1.72972376419115,1.6));
#16288=CARTESIAN_POINT('',(14.9545381748468,-1.72972376419115,1.6));
#16289=CARTESIAN_POINT('Origin',(15.0065381748468,-1.72972376419115,1.6));
#16290=CARTESIAN_POINT('',(14.9545381748468,-0.923723764191145,1.6));
#16291=CARTESIAN_POINT('',(14.9545381748468,-0.689223764191145,1.6));
#16292=CARTESIAN_POINT('Origin',(15.0065381748468,-0.923723764191145,1.6));
#16293=CARTESIAN_POINT('',(-7.10850006672005,5.2,1.6));
#16294=CARTESIAN_POINT('',(-7.10850006672005,4.7,1.6));
#16295=CARTESIAN_POINT('',(-7.10850006672005,4.7,1.6));
#16296=CARTESIAN_POINT('',(-7.5,4.7,1.6));
#16297=CARTESIAN_POINT('',(-3.49773091257659,4.7,1.6));
#16298=CARTESIAN_POINT('',(-7.5,5.2,1.6));
#16299=CARTESIAN_POINT('',(-7.5,2.55163811790443,1.6));
#16300=CARTESIAN_POINT('',(-3.49773091257659,5.2,1.6));
#16301=CARTESIAN_POINT('',(-7.10850006672005,4.25,1.6));
#16302=CARTESIAN_POINT('',(-7.10850006672005,3.75,1.6));
#16303=CARTESIAN_POINT('',(-7.10850006672005,3.75,1.6));
#16304=CARTESIAN_POINT('',(-7.5,3.75,1.6));
#16305=CARTESIAN_POINT('',(-3.49773091257659,3.75,1.6));
#16306=CARTESIAN_POINT('',(-7.5,4.25,1.6));
#16307=CARTESIAN_POINT('',(-7.5,2.07663811790443,1.6));
#16308=CARTESIAN_POINT('',(-3.49773091257659,4.25,1.6));
#16309=CARTESIAN_POINT('',(-7.10850006672005,3.3,1.6));
#16310=CARTESIAN_POINT('',(-7.10850006672005,2.8,1.6));
#16311=CARTESIAN_POINT('',(-7.10850006672005,2.8,1.6));
#16312=CARTESIAN_POINT('',(-7.5,2.8,1.6));
#16313=CARTESIAN_POINT('',(-3.49773091257659,2.8,1.6));
#16314=CARTESIAN_POINT('',(-7.5,3.3,1.6));
#16315=CARTESIAN_POINT('',(-7.5,1.60163811790443,1.6));
#16316=CARTESIAN_POINT('',(-3.49773091257659,3.3,1.6));
#16317=CARTESIAN_POINT('',(-4.89149993327994,4.7,1.6));
#16318=CARTESIAN_POINT('',(-4.89149993327994,5.2,1.6));
#16319=CARTESIAN_POINT('',(-4.89149993327994,5.2,1.6));
#16320=CARTESIAN_POINT('',(-4.5,5.2,1.6));
#16321=CARTESIAN_POINT('',(-2.64773091257659,5.2,1.6));
#16322=CARTESIAN_POINT('',(-4.5,4.7,1.6));
#16323=CARTESIAN_POINT('',(-4.5,2.80163811790443,1.6));
#16324=CARTESIAN_POINT('',(-2.64773091257659,4.7,1.6));
#16325=CARTESIAN_POINT('',(-4.89149993327994,2.8,1.6));
#16326=CARTESIAN_POINT('',(-4.89149993327994,3.3,1.6));
#16327=CARTESIAN_POINT('',(-4.89149993327994,3.3,1.6));
#16328=CARTESIAN_POINT('',(-4.5,3.3,1.6));
#16329=CARTESIAN_POINT('',(-2.64773091257659,3.3,1.6));
#16330=CARTESIAN_POINT('',(-4.5,2.8,1.6));
#16331=CARTESIAN_POINT('',(-4.5,1.85163811790443,1.6));
#16332=CARTESIAN_POINT('',(-2.64773091257659,2.8,1.6));
#16333=CARTESIAN_POINT('',(-5.15,2.5,1.6));
#16334=CARTESIAN_POINT('',(-6.85,2.5,1.6));
#16335=CARTESIAN_POINT('',(-3.07273091257659,2.5,1.6));
#16336=CARTESIAN_POINT('',(-6.85,5.5,1.6));
#16337=CARTESIAN_POINT('',(-6.85,2.20163811790443,1.6));
#16338=CARTESIAN_POINT('',(-5.15,5.5,1.6));
#16339=CARTESIAN_POINT('',(-3.07273091257659,5.5,1.6));
#16340=CARTESIAN_POINT('',(-5.15,2.20163811790443,1.6));
#16341=CARTESIAN_POINT('',(-7.10850006672005,-1.3,1.6));
#16342=CARTESIAN_POINT('',(-7.10850006672005,-1.8,1.6));
#16343=CARTESIAN_POINT('',(-7.10850006672005,-1.8,1.6));
#16344=CARTESIAN_POINT('',(-7.5,-1.8,1.6));
#16345=CARTESIAN_POINT('',(-3.49773091257659,-1.8,1.6));
#16346=CARTESIAN_POINT('',(-7.5,-1.3,1.6));
#16347=CARTESIAN_POINT('',(-7.5,-0.698361882095572,1.6));
#16348=CARTESIAN_POINT('',(-3.49773091257659,-1.3,1.6));
#16349=CARTESIAN_POINT('',(-7.10850006672005,-2.25,1.6));
#16350=CARTESIAN_POINT('',(-7.10850006672005,-2.75,1.6));
#16351=CARTESIAN_POINT('',(-7.10850006672005,-2.75,1.6));
#16352=CARTESIAN_POINT('',(-7.5,-2.75,1.6));
#16353=CARTESIAN_POINT('',(-3.49773091257659,-2.75,1.6));
#16354=CARTESIAN_POINT('',(-7.5,-2.25,1.6));
#16355=CARTESIAN_POINT('',(-7.5,-1.17336188209557,1.6));
#16356=CARTESIAN_POINT('',(-3.49773091257659,-2.25,1.6));
#16357=CARTESIAN_POINT('',(-7.10850006672005,-3.2,1.6));
#16358=CARTESIAN_POINT('',(-7.10850006672005,-3.7,1.6));
#16359=CARTESIAN_POINT('',(-7.10850006672005,-3.7,1.6));
#16360=CARTESIAN_POINT('',(-7.5,-3.7,1.6));
#16361=CARTESIAN_POINT('',(-3.49773091257659,-3.7,1.6));
#16362=CARTESIAN_POINT('',(-7.5,-3.2,1.6));
#16363=CARTESIAN_POINT('',(-7.5,-1.64836188209557,1.6));
#16364=CARTESIAN_POINT('',(-3.49773091257659,-3.2,1.6));
#16365=CARTESIAN_POINT('',(-4.89149993327994,-1.8,1.6));
#16366=CARTESIAN_POINT('',(-4.89149993327994,-1.3,1.6));
#16367=CARTESIAN_POINT('',(-4.89149993327994,-1.3,1.6));
#16368=CARTESIAN_POINT('',(-4.5,-1.3,1.6));
#16369=CARTESIAN_POINT('',(-2.64773091257659,-1.3,1.6));
#16370=CARTESIAN_POINT('',(-4.5,-1.8,1.6));
#16371=CARTESIAN_POINT('',(-4.5,-0.448361882095572,1.6));
#16372=CARTESIAN_POINT('',(-2.64773091257659,-1.8,1.6));
#16373=CARTESIAN_POINT('',(-4.89149993327994,-3.7,1.6));
#16374=CARTESIAN_POINT('',(-4.89149993327994,-3.2,1.6));
#16375=CARTESIAN_POINT('',(-4.89149993327994,-3.2,1.6));
#16376=CARTESIAN_POINT('',(-4.5,-3.2,1.6));
#16377=CARTESIAN_POINT('',(-2.64773091257659,-3.2,1.6));
#16378=CARTESIAN_POINT('',(-4.5,-3.7,1.6));
#16379=CARTESIAN_POINT('',(-4.5,-1.39836188209557,1.6));
#16380=CARTESIAN_POINT('',(-2.64773091257659,-3.7,1.6));
#16381=CARTESIAN_POINT('',(-5.15,-4.,1.6));
#16382=CARTESIAN_POINT('',(-6.85,-4.,1.6));
#16383=CARTESIAN_POINT('',(-3.07273091257659,-4.,1.6));
#16384=CARTESIAN_POINT('',(-6.85,-1.,1.6));
#16385=CARTESIAN_POINT('',(-6.85,-1.04836188209557,1.6));
#16386=CARTESIAN_POINT('',(-5.15,-1.,1.6));
#16387=CARTESIAN_POINT('',(-3.07273091257659,-1.,1.6));
#16388=CARTESIAN_POINT('',(-5.15,-1.04836188209557,1.6));
#16389=CARTESIAN_POINT('',(11.4645381748468,-1.80672376419114,1.6));
#16390=CARTESIAN_POINT('Origin',(12.1145381748468,-1.80672376419114,1.6));
#16391=CARTESIAN_POINT('',(11.4645381748468,0.593276235808855,1.6));
#16392=CARTESIAN_POINT('Origin',(12.1145381748468,0.593276235808855,1.6));
#16393=CARTESIAN_POINT('',(11.4645381748468,-4.20672376419114,1.6));
#16394=CARTESIAN_POINT('Origin',(12.1145381748468,-4.20672376419114,1.6));
#16395=CARTESIAN_POINT('',(-11.0554618251532,-7.44672376419115,1.6));
#16396=CARTESIAN_POINT('Origin',(-10.3054618251532,-7.44672376419115,1.6));
#16397=CARTESIAN_POINT('',(-5.97546182515318,-7.44672376419115,1.6));
#16398=CARTESIAN_POINT('Origin',(-5.22546182515318,-7.44672376419115,1.6));
#16399=CARTESIAN_POINT('',(-0.895461825153182,-7.44672376419115,1.6));
#16400=CARTESIAN_POINT('Origin',(-0.145461825153181,-7.44672376419115,1.6));
#16401=CARTESIAN_POINT('',(4.18453817484682,-7.44672376419115,1.6));
#16402=CARTESIAN_POINT('Origin',(4.93453817484682,-7.44672376419115,1.6));
#16403=CARTESIAN_POINT('',(9.26453817484682,-7.44672376419115,1.6));
#16404=CARTESIAN_POINT('Origin',(10.0145381748468,-7.44672376419115,1.6));
#16405=CARTESIAN_POINT('',(14.3445381748468,-7.44672376419115,1.6));
#16406=CARTESIAN_POINT('Origin',(15.0945381748468,-7.44672376419115,1.6));
#16407=CARTESIAN_POINT('',(11.8045381748468,8.25327623580885,1.6));
#16408=CARTESIAN_POINT('Origin',(12.5545381748468,8.25327623580885,1.6));
#16409=CARTESIAN_POINT('',(6.72453817484682,8.25327623580885,1.6));
#16410=CARTESIAN_POINT('Origin',(7.47453817484682,8.25327623580885,1.6));
#16411=CARTESIAN_POINT('',(1.64453817484682,8.25327623580885,1.6));
#16412=CARTESIAN_POINT('Origin',(2.39453817484682,8.25327623580885,1.6));
#16413=CARTESIAN_POINT('',(-3.43546182515318,8.25327623580885,1.6));
#16414=CARTESIAN_POINT('Origin',(-2.68546182515318,8.25327623580885,1.6));
#16415=CARTESIAN_POINT('',(-8.51546182515318,8.25327623580885,1.6));
#16416=CARTESIAN_POINT('Origin',(-7.76546182515318,8.25327623580885,1.6));
#16417=CARTESIAN_POINT('',(-13.5954618251532,8.25327623580885,1.6));
#16418=CARTESIAN_POINT('Origin',(-12.8454618251532,8.25327623580885,1.6));
#16419=CARTESIAN_POINT('',(-16.1354618251532,-7.44672376419115,1.6));
#16420=CARTESIAN_POINT('Origin',(-15.3854618251532,-7.44672376419115,1.6));
#16421=CARTESIAN_POINT('',(-16.1354618251532,8.25327623580885,1.6));
#16422=CARTESIAN_POINT('Origin',(-15.3854618251532,8.25327623580885,1.6));
#16423=CARTESIAN_POINT('',(-13.5954618251532,-7.44672376419115,1.6));
#16424=CARTESIAN_POINT('Origin',(-12.8454618251532,-7.44672376419115,1.6));
#16425=CARTESIAN_POINT('',(-11.0554618251532,8.25327623580885,1.6));
#16426=CARTESIAN_POINT('Origin',(-10.3054618251532,8.25327623580885,1.6));
#16427=CARTESIAN_POINT('',(-5.97546182515318,8.25327623580885,1.6));
#16428=CARTESIAN_POINT('Origin',(-5.22546182515318,8.25327623580885,1.6));
#16429=CARTESIAN_POINT('',(-0.895461825153182,8.25327623580885,1.6));
#16430=CARTESIAN_POINT('Origin',(-0.145461825153181,8.25327623580885,1.6));
#16431=CARTESIAN_POINT('',(4.18453817484682,8.25327623580885,1.6));
#16432=CARTESIAN_POINT('Origin',(4.93453817484682,8.25327623580885,1.6));
#16433=CARTESIAN_POINT('',(9.26453817484682,8.25327623580885,1.6));
#16434=CARTESIAN_POINT('Origin',(10.0145381748468,8.25327623580885,1.6));
#16435=CARTESIAN_POINT('',(14.3445381748468,8.25327623580885,1.6));
#16436=CARTESIAN_POINT('Origin',(15.0945381748468,8.25327623580885,1.6));
#16437=CARTESIAN_POINT('',(11.8045381748468,-7.44672376419115,1.6));
#16438=CARTESIAN_POINT('Origin',(12.5545381748468,-7.44672376419115,1.6));
#16439=CARTESIAN_POINT('',(6.72453817484682,-7.44672376419115,1.6));
#16440=CARTESIAN_POINT('Origin',(7.47453817484682,-7.44672376419115,1.6));
#16441=CARTESIAN_POINT('',(1.64453817484682,-7.44672376419115,1.6));
#16442=CARTESIAN_POINT('Origin',(2.39453817484682,-7.44672376419115,1.6));
#16443=CARTESIAN_POINT('',(-3.43546182515318,-7.44672376419115,1.6));
#16444=CARTESIAN_POINT('Origin',(-2.68546182515318,-7.44672376419115,1.6));
#16445=CARTESIAN_POINT('',(-8.51546182515318,-7.44672376419115,1.6));
#16446=CARTESIAN_POINT('Origin',(-7.76546182515318,-7.44672376419115,1.6));
#16447=CARTESIAN_POINT('',(2.68700576850888,-4.70782104868019,1.6));
#16448=CARTESIAN_POINT('',(-2.26274169979695,0.241926419625644,1.6));
#16449=CARTESIAN_POINT('',(-1.77375918518181,-0.247056094989496,1.6));
#16450=CARTESIAN_POINT('',(2.68700576850888,5.19167388793148,1.6));
#16451=CARTESIAN_POINT('',(0.781789457062708,3.28645757648531,1.6));
#16452=CARTESIAN_POINT('',(7.63675323681471,0.241926419625648,1.6));
#16453=CARTESIAN_POINT('',(5.65086201727694,2.22781763916342,1.6));
#16454=CARTESIAN_POINT('',(3.25666319121563,-4.13816362597344,1.6));
#16455=CARTESIAN_POINT('Origin',(-15.3454618251532,-4.10679876419115,1.6));
#16456=CARTESIAN_POINT('',(-7.74546182515318,-5.14872376419114,1.6));
#16457=CARTESIAN_POINT('',(-14.0574081112887,-4.10679876419114,1.6));
#16458=CARTESIAN_POINT('',(-7.10143496822094,-5.86796173747655,1.6));
#16459=CARTESIAN_POINT('',(-15.3454618251532,-4.10679876419115,1.6));
#16460=CARTESIAN_POINT('Origin',(-15.0234483966871,-5.43207184312248,0.7));
#16461=CARTESIAN_POINT('',(-14.0574081112887,-5.43207184312248,1.7));
#16462=CARTESIAN_POINT('Origin',(-14.0574081112887,-5.43207184312248,0.7));
#16463=CARTESIAN_POINT('',(-15.3454618251532,-5.43207184312248,1.7));
#16464=CARTESIAN_POINT('',(-15.0234483966871,-5.43207184312248,1.7));
#16465=CARTESIAN_POINT('Origin',(-15.3454618251532,-5.43207184312248,0.7));
#16466=CARTESIAN_POINT('Origin',(-14.0574081112887,-4.10679876419114,1.7));
#16467=CARTESIAN_POINT('',(-15.3454618251532,-4.20679876419115,1.7));
#16468=CARTESIAN_POINT('',(-14.0574081112887,-4.20679876419114,1.7));
#16469=CARTESIAN_POINT('',(-14.3794215397548,-4.20679876419115,1.7));
#16470=CARTESIAN_POINT('',(-15.3454618251532,-4.10679876419115,1.7));
#16471=CARTESIAN_POINT('',(-14.0574081112887,-4.10679876419114,1.7));
#16472=CARTESIAN_POINT('Origin',(-14.701434968221,5.01335123580881,2.1334375));
#16473=CARTESIAN_POINT('',(-15.3454618251532,5.0133512358088,1.7));
#16474=CARTESIAN_POINT('',(-14.0574081112887,5.01335123580881,1.7));
#16475=CARTESIAN_POINT('',(-14.3794215397549,5.01335123580881,1.7));
#16476=CARTESIAN_POINT('',(-15.3454618251532,5.0133512358088,2.44326820225003));
#16477=CARTESIAN_POINT('',(-15.3454618251532,5.0133512358088,1.6));
#16478=CARTESIAN_POINT('',(-14.0574081112887,5.01335123580881,2.44326820225003));
#16479=CARTESIAN_POINT('',(-17.2454118251532,5.01335123580879,2.44326820225003));
#16480=CARTESIAN_POINT('',(-14.0574081112887,5.01335123580881,3.32565));
#16481=CARTESIAN_POINT('Origin',(-17.2454118251532,4.71335123580879,2.44326820225003));
#16482=CARTESIAN_POINT('Origin',(-14.0574081112887,4.71335123580881,2.44326820225003));
#16483=CARTESIAN_POINT('Origin',(-15.3454618251532,4.7133512358088,2.44326820225003));
#16484=CARTESIAN_POINT('Origin',(-15.3454618251532,4.9133512358088,1.6));
#16485=CARTESIAN_POINT('',(-15.3454618251532,4.9133512358088,1.6));
#16486=CARTESIAN_POINT('',(-15.3454618251532,4.9133512358088,1.6));
#16487=CARTESIAN_POINT('',(-16.6454618251532,5.05327623580886,1.6));
#16488=CARTESIAN_POINT('',(-14.0574081112887,4.9133512358088,1.6));
#16489=CARTESIAN_POINT('',(-14.0574081112887,4.9133512358088,1.6));
#16490=CARTESIAN_POINT('',(-15.3454618251532,4.9133512358088,1.6));
#16491=CARTESIAN_POINT('Origin',(-15.3454618251532,4.9133512358088,1.7));
#16492=CARTESIAN_POINT('',(-15.3454618251532,6.23862431474014,1.7));
#16493=CARTESIAN_POINT('',(-15.3454618251532,4.9133512358088,1.7));
#16494=CARTESIAN_POINT('Origin',(-15.3454618251532,6.23862431474014,0.7));
#16495=CARTESIAN_POINT('',(-15.3454618251532,4.9133512358088,1.6));
#16496=CARTESIAN_POINT('',(-15.3454618251532,4.9133512358088,1.6));
#16497=CARTESIAN_POINT('Origin',(-11.7133812543565,5.01335123580881,2.1334375));
#16498=CARTESIAN_POINT('',(-12.3574081112887,5.01335123580881,1.7));
#16499=CARTESIAN_POINT('',(-11.0693543974242,5.01335123580881,1.7));
#16500=CARTESIAN_POINT('',(-11.3913678258904,5.01335123580882,1.7));
#16501=CARTESIAN_POINT('',(-12.3574081112887,5.01335123580881,2.44326820225004));
#16502=CARTESIAN_POINT('',(-12.3574081112887,5.01335123580881,1.6));
#16503=CARTESIAN_POINT('',(-11.0693543974242,5.01335123580881,2.44326820225004));
#16504=CARTESIAN_POINT('',(-17.2454118251532,5.01335123580878,2.44326820225004));
#16505=CARTESIAN_POINT('',(-11.0693543974242,5.01335123580881,3.32565));
#16506=CARTESIAN_POINT('Origin',(-17.2454118251532,4.71335123580878,2.44326820225004));
#16507=CARTESIAN_POINT('Origin',(-11.0693543974242,4.71335123580882,2.44326820225004));
#16508=CARTESIAN_POINT('Origin',(-12.3574081112887,4.71335123580881,2.44326820225004));
#16509=CARTESIAN_POINT('Origin',(-12.3574081112887,4.91335123580881,1.6));
#16510=CARTESIAN_POINT('',(-12.3574081112887,4.91335123580881,1.6));
#16511=CARTESIAN_POINT('',(-12.3574081112887,4.91335123580881,1.6));
#16512=CARTESIAN_POINT('',(-16.6454618251532,5.05327623580886,1.6));
#16513=CARTESIAN_POINT('',(-11.0693543974242,4.91335123580881,1.6));
#16514=CARTESIAN_POINT('',(-11.0693543974242,4.91335123580881,1.6));
#16515=CARTESIAN_POINT('',(-12.3574081112887,4.91335123580881,1.6));
#16516=CARTESIAN_POINT('Origin',(-12.3574081112887,4.91335123580881,1.7));
#16517=CARTESIAN_POINT('',(-12.3574081112887,6.23862431474016,1.7));
#16518=CARTESIAN_POINT('',(-12.3574081112887,4.91335123580881,1.7));
#16519=CARTESIAN_POINT('Origin',(-12.3574081112887,6.23862431474016,0.7));
#16520=CARTESIAN_POINT('',(-12.3574081112887,4.91335123580881,1.6));
#16521=CARTESIAN_POINT('',(-12.3574081112887,4.91335123580881,1.7));
#16522=CARTESIAN_POINT('Origin',(-15.3454618251532,4.9133512358088,1.6));
#16523=CARTESIAN_POINT('',(-7.10143496822094,5.95527623580886,1.6));
#16524=CARTESIAN_POINT('',(-7.74546182515318,6.67451420909426,1.6));
#16525=CARTESIAN_POINT('',(-14.0574081112887,4.9133512358088,1.6));
#16526=CARTESIAN_POINT('Origin',(-15.0234483966871,6.23862431474014,0.7));
#16527=CARTESIAN_POINT('',(-14.0574081112887,6.23862431474014,1.7));
#16528=CARTESIAN_POINT('',(-15.0234483966871,6.23862431474014,1.7));
#16529=CARTESIAN_POINT('Origin',(-14.0574081112887,6.23862431474014,0.7));
#16530=CARTESIAN_POINT('Origin',(-14.0574081112887,4.9133512358088,1.7));
#16531=CARTESIAN_POINT('',(-14.0574081112887,4.9133512358088,1.7));
#16532=CARTESIAN_POINT('Origin',(-14.0574081112887,4.9133512358088,1.6));
#16533=CARTESIAN_POINT('',(-14.0574081112887,4.9133512358088,3.32565));
#16534=CARTESIAN_POINT('Origin',(-14.701434968221,4.9133512358088,1.65));
#16535=CARTESIAN_POINT('Origin',(-12.3574081112887,4.91335123580881,1.6));
#16536=CARTESIAN_POINT('',(-5.60740811128869,5.95527623580886,1.6));
#16537=CARTESIAN_POINT('',(-6.25143496822094,6.67451420909426,1.6));
#16538=CARTESIAN_POINT('',(-11.0693543974242,4.91335123580881,1.6));
#16539=CARTESIAN_POINT('Origin',(-12.0353946828226,6.23862431474016,0.7));
#16540=CARTESIAN_POINT('',(-11.0693543974242,6.23862431474017,1.7));
#16541=CARTESIAN_POINT('',(-12.0353946828226,6.23862431474016,1.7));
#16542=CARTESIAN_POINT('Origin',(-11.0693543974243,6.23862431474017,0.7));
#16543=CARTESIAN_POINT('Origin',(-11.0693543974242,4.91335123580881,1.7));
#16544=CARTESIAN_POINT('',(-11.0693543974242,4.91335123580881,1.7));
#16545=CARTESIAN_POINT('Origin',(-11.0693543974242,4.91335123580881,1.6));
#16546=CARTESIAN_POINT('',(-11.0693543974242,4.91335123580881,3.32565));
#16547=CARTESIAN_POINT('Origin',(-11.7133812543565,4.91335123580881,1.65));
#16548=CARTESIAN_POINT('Origin',(-10.5833333333333,4.27022416976868,1.76666666666668));
#16549=CARTESIAN_POINT('',(-10.6454618251532,4.17022416976868,1.50733837739746));
#16550=CARTESIAN_POINT('',(-10.6454618251532,4.27022416976868,1.50733837739746));
#16551=CARTESIAN_POINT('',(-10.85,4.17022416976868,1.76666666666668));
#16552=CARTESIAN_POINT('Origin',(-10.5833333333333,4.17022416976868,1.76666666666668));
#16553=CARTESIAN_POINT('',(-10.85,4.27022416976868,1.76666666666668));
#16554=CARTESIAN_POINT('Origin',(-10.725,4.17022416976868,1.92500000000001));
#16555=CARTESIAN_POINT('',(-10.9166666666666,4.17022416976868,2.15000000000001));
#16556=CARTESIAN_POINT('',(-10.9166666666666,4.17022416976868,2.15000000000001));
#16557=CARTESIAN_POINT('',(-10.85,4.17022416976868,2.08333333333334));
#16558=CARTESIAN_POINT('Origin',(-10.9166666666666,4.17022416976868,2.08333333333334));
#16559=CARTESIAN_POINT('',(-10.85,4.17022416976868,1.76666666666668));
#16560=CARTESIAN_POINT('',(-10.6454618251532,4.17022416976868,0.962500000000005));
#16561=CARTESIAN_POINT('',(-10.4,4.17022416976868,1.70000000000001));
#16562=CARTESIAN_POINT('',(-10.4,4.17022416976868,1.70000000000001));
#16563=CARTESIAN_POINT('',(-10.5833333333333,4.17022416976868,1.70000000000001));
#16564=CARTESIAN_POINT('',(-10.5833333333333,4.17022416976868,1.70000000000001));
#16565=CARTESIAN_POINT('',(-10.65,4.17022416976868,1.76666666666668));
#16566=CARTESIAN_POINT('Origin',(-10.5833333333333,4.17022416976868,1.76666666666668));
#16567=CARTESIAN_POINT('',(-10.65,4.17022416976868,2.08333333333334));
#16568=CARTESIAN_POINT('',(-10.65,4.17022416976868,2.08333333333334));
#16569=CARTESIAN_POINT('Origin',(-10.9166666666666,4.17022416976868,2.08333333333334));
#16570=CARTESIAN_POINT('Origin',(-10.5833333333333,4.27022416976868,1.76666666666668));
#16571=CARTESIAN_POINT('',(-10.5833333333333,4.27022416976868,1.70000000000001));
#16572=CARTESIAN_POINT('',(-10.65,4.27022416976868,1.76666666666668));
#16573=CARTESIAN_POINT('Origin',(-10.65,4.27022416976868,2.08333333333334));
#16574=CARTESIAN_POINT('',(-10.65,4.27022416976868,2.08333333333334));
#16575=CARTESIAN_POINT('Origin',(-10.9166666666666,4.27022416976868,2.08333333333334));
#16576=CARTESIAN_POINT('Origin',(-10.9166666666666,4.27022416976868,2.15000000000001));
#16577=CARTESIAN_POINT('',(-10.9166666666666,4.27022416976868,2.15000000000001));
#16578=CARTESIAN_POINT('Origin',(-10.9166666666666,4.27022416976868,2.08333333333334));
#16579=CARTESIAN_POINT('',(-10.85,4.27022416976868,2.08333333333334));
#16580=CARTESIAN_POINT('Origin',(-10.85,4.27022416976868,1.76666666666668));
#16581=CARTESIAN_POINT('Origin',(-10.4,4.27022416976868,1.70000000000001));
#16582=CARTESIAN_POINT('',(-10.4,4.27022416976868,1.70000000000001));
#16583=CARTESIAN_POINT('Origin',(-10.5833333333333,4.27022416976868,1.70000000000001));
#16584=CARTESIAN_POINT('Origin',(-10.5833333333333,3.43689083643535,1.76666666666668));
#16585=CARTESIAN_POINT('',(-10.6454618251532,3.33689083643535,1.50733837739746));
#16586=CARTESIAN_POINT('',(-10.6454618251532,3.43689083643535,1.50733837739746));
#16587=CARTESIAN_POINT('',(-10.85,3.33689083643535,1.76666666666668));
#16588=CARTESIAN_POINT('Origin',(-10.5833333333333,3.33689083643535,1.76666666666668));
#16589=CARTESIAN_POINT('',(-10.85,3.43689083643535,1.76666666666668));
#16590=CARTESIAN_POINT('Origin',(-10.725,3.33689083643535,1.92500000000001));
#16591=CARTESIAN_POINT('',(-10.9166666666666,3.33689083643535,2.15000000000001));
#16592=CARTESIAN_POINT('',(-10.9166666666666,3.33689083643535,2.15000000000001));
#16593=CARTESIAN_POINT('',(-10.85,3.33689083643535,2.08333333333334));
#16594=CARTESIAN_POINT('Origin',(-10.9166666666666,3.33689083643535,2.08333333333334));
#16595=CARTESIAN_POINT('',(-10.85,3.33689083643535,1.76666666666668));
#16596=CARTESIAN_POINT('',(-10.6454618251532,3.33689083643535,0.962500000000005));
#16597=CARTESIAN_POINT('',(-10.4,3.33689083643535,1.70000000000001));
#16598=CARTESIAN_POINT('',(-10.4,3.33689083643535,1.70000000000001));
#16599=CARTESIAN_POINT('',(-10.5833333333333,3.33689083643535,1.70000000000001));
#16600=CARTESIAN_POINT('',(-10.5833333333333,3.33689083643535,1.70000000000001));
#16601=CARTESIAN_POINT('',(-10.65,3.33689083643535,1.76666666666668));
#16602=CARTESIAN_POINT('Origin',(-10.5833333333333,3.33689083643535,1.76666666666668));
#16603=CARTESIAN_POINT('',(-10.65,3.33689083643535,2.08333333333334));
#16604=CARTESIAN_POINT('',(-10.65,3.33689083643535,2.08333333333334));
#16605=CARTESIAN_POINT('Origin',(-10.9166666666666,3.33689083643535,2.08333333333334));
#16606=CARTESIAN_POINT('Origin',(-10.5833333333333,3.43689083643535,1.76666666666668));
#16607=CARTESIAN_POINT('',(-10.5833333333333,3.43689083643535,1.70000000000001));
#16608=CARTESIAN_POINT('',(-10.65,3.43689083643535,1.76666666666668));
#16609=CARTESIAN_POINT('Origin',(-10.65,3.43689083643535,2.08333333333334));
#16610=CARTESIAN_POINT('',(-10.65,3.43689083643535,2.08333333333334));
#16611=CARTESIAN_POINT('Origin',(-10.9166666666666,3.43689083643535,2.08333333333334));
#16612=CARTESIAN_POINT('Origin',(-10.9166666666666,3.43689083643535,2.15000000000001));
#16613=CARTESIAN_POINT('',(-10.9166666666666,3.43689083643535,2.15000000000001));
#16614=CARTESIAN_POINT('Origin',(-10.9166666666666,3.43689083643535,2.08333333333334));
#16615=CARTESIAN_POINT('',(-10.85,3.43689083643535,2.08333333333334));
#16616=CARTESIAN_POINT('Origin',(-10.85,3.43689083643535,1.76666666666668));
#16617=CARTESIAN_POINT('Origin',(-10.4,3.43689083643535,1.70000000000001));
#16618=CARTESIAN_POINT('',(-10.4,3.43689083643535,1.70000000000001));
#16619=CARTESIAN_POINT('Origin',(-10.5833333333333,3.43689083643535,1.70000000000001));
#16620=CARTESIAN_POINT('Origin',(-10.5833333333333,2.60355750310202,1.76666666666668));
#16621=CARTESIAN_POINT('',(-10.6454618251532,2.50355750310202,1.50733837739746));
#16622=CARTESIAN_POINT('',(-10.6454618251532,2.60355750310202,1.50733837739746));
#16623=CARTESIAN_POINT('',(-10.85,2.50355750310202,1.76666666666668));
#16624=CARTESIAN_POINT('Origin',(-10.5833333333333,2.50355750310202,1.76666666666668));
#16625=CARTESIAN_POINT('',(-10.85,2.60355750310202,1.76666666666668));
#16626=CARTESIAN_POINT('Origin',(-10.725,2.50355750310202,1.92500000000001));
#16627=CARTESIAN_POINT('',(-10.9166666666666,2.50355750310202,2.15000000000001));
#16628=CARTESIAN_POINT('',(-10.9166666666666,2.50355750310202,2.15000000000001));
#16629=CARTESIAN_POINT('',(-10.85,2.50355750310202,2.08333333333334));
#16630=CARTESIAN_POINT('Origin',(-10.9166666666666,2.50355750310202,2.08333333333334));
#16631=CARTESIAN_POINT('',(-10.85,2.50355750310202,1.76666666666668));
#16632=CARTESIAN_POINT('',(-10.6454618251532,2.50355750310202,0.962500000000005));
#16633=CARTESIAN_POINT('',(-10.4,2.50355750310202,1.70000000000001));
#16634=CARTESIAN_POINT('',(-10.4,2.50355750310202,1.70000000000001));
#16635=CARTESIAN_POINT('',(-10.5833333333333,2.50355750310202,1.70000000000001));
#16636=CARTESIAN_POINT('',(-10.5833333333333,2.50355750310202,1.70000000000001));
#16637=CARTESIAN_POINT('',(-10.65,2.50355750310202,1.76666666666668));
#16638=CARTESIAN_POINT('Origin',(-10.5833333333333,2.50355750310202,1.76666666666668));
#16639=CARTESIAN_POINT('',(-10.65,2.50355750310202,2.08333333333334));
#16640=CARTESIAN_POINT('',(-10.65,2.50355750310202,2.08333333333334));
#16641=CARTESIAN_POINT('Origin',(-10.9166666666666,2.50355750310202,2.08333333333334));
#16642=CARTESIAN_POINT('Origin',(-10.5833333333333,2.60355750310202,1.76666666666668));
#16643=CARTESIAN_POINT('',(-10.5833333333333,2.60355750310202,1.70000000000001));
#16644=CARTESIAN_POINT('',(-10.65,2.60355750310202,1.76666666666668));
#16645=CARTESIAN_POINT('Origin',(-10.65,2.60355750310202,2.08333333333334));
#16646=CARTESIAN_POINT('',(-10.65,2.60355750310202,2.08333333333334));
#16647=CARTESIAN_POINT('Origin',(-10.9166666666666,2.60355750310202,2.08333333333334));
#16648=CARTESIAN_POINT('Origin',(-10.9166666666666,2.60355750310202,2.15000000000001));
#16649=CARTESIAN_POINT('',(-10.9166666666666,2.60355750310202,2.15000000000001));
#16650=CARTESIAN_POINT('Origin',(-10.9166666666666,2.60355750310202,2.08333333333334));
#16651=CARTESIAN_POINT('',(-10.85,2.60355750310202,2.08333333333334));
#16652=CARTESIAN_POINT('Origin',(-10.85,2.60355750310202,1.76666666666668));
#16653=CARTESIAN_POINT('Origin',(-10.4,2.60355750310202,1.70000000000001));
#16654=CARTESIAN_POINT('',(-10.4,2.60355750310202,1.70000000000001));
#16655=CARTESIAN_POINT('Origin',(-10.5833333333333,2.60355750310202,1.70000000000001));
#16656=CARTESIAN_POINT('Origin',(-10.5833333333333,1.77022416976869,1.76666666666668));
#16657=CARTESIAN_POINT('',(-10.6454618251532,1.67022416976869,1.50733837739746));
#16658=CARTESIAN_POINT('',(-10.6454618251532,1.77022416976869,1.50733837739746));
#16659=CARTESIAN_POINT('',(-10.85,1.67022416976869,1.76666666666668));
#16660=CARTESIAN_POINT('Origin',(-10.5833333333333,1.67022416976869,1.76666666666668));
#16661=CARTESIAN_POINT('',(-10.85,1.77022416976869,1.76666666666668));
#16662=CARTESIAN_POINT('Origin',(-10.725,1.67022416976869,1.92500000000001));
#16663=CARTESIAN_POINT('',(-10.9166666666666,1.67022416976869,2.15000000000001));
#16664=CARTESIAN_POINT('',(-10.9166666666666,1.67022416976869,2.15000000000001));
#16665=CARTESIAN_POINT('',(-10.85,1.67022416976869,2.08333333333334));
#16666=CARTESIAN_POINT('Origin',(-10.9166666666666,1.67022416976869,2.08333333333334));
#16667=CARTESIAN_POINT('',(-10.85,1.67022416976869,1.76666666666668));
#16668=CARTESIAN_POINT('',(-10.6454618251532,1.67022416976869,0.962500000000005));
#16669=CARTESIAN_POINT('',(-10.4,1.67022416976869,1.70000000000001));
#16670=CARTESIAN_POINT('',(-10.4,1.67022416976869,1.70000000000001));
#16671=CARTESIAN_POINT('',(-10.5833333333333,1.67022416976869,1.70000000000001));
#16672=CARTESIAN_POINT('',(-10.5833333333333,1.67022416976869,1.70000000000001));
#16673=CARTESIAN_POINT('',(-10.65,1.67022416976869,1.76666666666668));
#16674=CARTESIAN_POINT('Origin',(-10.5833333333333,1.67022416976869,1.76666666666668));
#16675=CARTESIAN_POINT('',(-10.65,1.67022416976869,2.08333333333334));
#16676=CARTESIAN_POINT('',(-10.65,1.67022416976869,2.08333333333334));
#16677=CARTESIAN_POINT('Origin',(-10.9166666666666,1.67022416976869,2.08333333333334));
#16678=CARTESIAN_POINT('Origin',(-10.5833333333333,1.77022416976869,1.76666666666668));
#16679=CARTESIAN_POINT('',(-10.5833333333333,1.77022416976869,1.70000000000001));
#16680=CARTESIAN_POINT('',(-10.65,1.77022416976869,1.76666666666668));
#16681=CARTESIAN_POINT('Origin',(-10.65,1.77022416976869,2.08333333333334));
#16682=CARTESIAN_POINT('',(-10.65,1.77022416976869,2.08333333333334));
#16683=CARTESIAN_POINT('Origin',(-10.9166666666666,1.77022416976869,2.08333333333334));
#16684=CARTESIAN_POINT('Origin',(-10.9166666666666,1.77022416976869,2.15000000000001));
#16685=CARTESIAN_POINT('',(-10.9166666666666,1.77022416976869,2.15000000000001));
#16686=CARTESIAN_POINT('Origin',(-10.9166666666666,1.77022416976869,2.08333333333334));
#16687=CARTESIAN_POINT('',(-10.85,1.77022416976869,2.08333333333334));
#16688=CARTESIAN_POINT('Origin',(-10.85,1.77022416976869,1.76666666666668));
#16689=CARTESIAN_POINT('Origin',(-10.4,1.77022416976869,1.70000000000001));
#16690=CARTESIAN_POINT('',(-10.4,1.77022416976869,1.70000000000001));
#16691=CARTESIAN_POINT('Origin',(-10.5833333333333,1.77022416976869,1.70000000000001));
#16692=CARTESIAN_POINT('Origin',(-10.5833333333333,0.93689083643536,1.76666666666668));
#16693=CARTESIAN_POINT('',(-10.6454618251532,0.836890836435362,1.50733837739746));
#16694=CARTESIAN_POINT('',(-10.6454618251532,0.93689083643536,1.50733837739746));
#16695=CARTESIAN_POINT('',(-10.85,0.836890836435362,1.76666666666668));
#16696=CARTESIAN_POINT('Origin',(-10.5833333333333,0.836890836435362,1.76666666666668));
#16697=CARTESIAN_POINT('',(-10.85,0.93689083643536,1.76666666666668));
#16698=CARTESIAN_POINT('Origin',(-10.725,0.836890836435362,1.92500000000001));
#16699=CARTESIAN_POINT('',(-10.9166666666666,0.836890836435362,2.15000000000001));
#16700=CARTESIAN_POINT('',(-10.9166666666666,0.836890836435362,2.15000000000001));
#16701=CARTESIAN_POINT('',(-10.85,0.836890836435362,2.08333333333334));
#16702=CARTESIAN_POINT('Origin',(-10.9166666666666,0.836890836435362,2.08333333333334));
#16703=CARTESIAN_POINT('',(-10.85,0.836890836435362,1.76666666666668));
#16704=CARTESIAN_POINT('',(-10.6454618251532,0.836890836435363,0.962500000000005));
#16705=CARTESIAN_POINT('',(-10.4,0.836890836435362,1.70000000000001));
#16706=CARTESIAN_POINT('',(-10.4,0.836890836435362,1.70000000000001));
#16707=CARTESIAN_POINT('',(-10.5833333333333,0.836890836435362,1.70000000000001));
#16708=CARTESIAN_POINT('',(-10.5833333333333,0.836890836435362,1.70000000000001));
#16709=CARTESIAN_POINT('',(-10.65,0.836890836435362,1.76666666666668));
#16710=CARTESIAN_POINT('Origin',(-10.5833333333333,0.836890836435362,1.76666666666668));
#16711=CARTESIAN_POINT('',(-10.65,0.836890836435362,2.08333333333334));
#16712=CARTESIAN_POINT('',(-10.65,0.836890836435362,2.08333333333334));
#16713=CARTESIAN_POINT('Origin',(-10.9166666666666,0.836890836435362,2.08333333333334));
#16714=CARTESIAN_POINT('Origin',(-10.5833333333333,0.93689083643536,1.76666666666668));
#16715=CARTESIAN_POINT('',(-10.5833333333333,0.93689083643536,1.70000000000001));
#16716=CARTESIAN_POINT('',(-10.65,0.93689083643536,1.76666666666668));
#16717=CARTESIAN_POINT('Origin',(-10.65,0.93689083643536,2.08333333333334));
#16718=CARTESIAN_POINT('',(-10.65,0.93689083643536,2.08333333333334));
#16719=CARTESIAN_POINT('Origin',(-10.9166666666666,0.93689083643536,2.08333333333334));
#16720=CARTESIAN_POINT('Origin',(-10.9166666666666,0.93689083643536,2.15000000000001));
#16721=CARTESIAN_POINT('',(-10.9166666666666,0.93689083643536,2.15000000000001));
#16722=CARTESIAN_POINT('Origin',(-10.9166666666666,0.93689083643536,2.08333333333334));
#16723=CARTESIAN_POINT('',(-10.85,0.93689083643536,2.08333333333334));
#16724=CARTESIAN_POINT('Origin',(-10.85,0.93689083643536,1.76666666666668));
#16725=CARTESIAN_POINT('Origin',(-10.4,0.93689083643536,1.70000000000001));
#16726=CARTESIAN_POINT('',(-10.4,0.93689083643536,1.70000000000001));
#16727=CARTESIAN_POINT('Origin',(-10.5833333333333,0.93689083643536,1.70000000000001));
#16728=CARTESIAN_POINT('Origin',(-10.5833333333333,0.10355750310203,1.76666666666668));
#16729=CARTESIAN_POINT('',(-10.6454618251532,0.00355750310203172,1.50733837739746));
#16730=CARTESIAN_POINT('',(-10.6454618251532,0.10355750310203,1.50733837739746));
#16731=CARTESIAN_POINT('',(-10.85,0.00355750310203184,1.76666666666668));
#16732=CARTESIAN_POINT('Origin',(-10.5833333333333,0.00355750310203184,
1.76666666666668));
#16733=CARTESIAN_POINT('',(-10.85,0.10355750310203,1.76666666666668));
#16734=CARTESIAN_POINT('Origin',(-10.725,0.00355750310203184,1.92500000000001));
#16735=CARTESIAN_POINT('',(-10.9166666666666,0.00355750310203184,2.15000000000001));
#16736=CARTESIAN_POINT('',(-10.9166666666666,0.00355750310203184,2.15000000000001));
#16737=CARTESIAN_POINT('',(-10.85,0.00355750310203184,2.08333333333334));
#16738=CARTESIAN_POINT('Origin',(-10.9166666666666,0.00355750310203184,
2.08333333333334));
#16739=CARTESIAN_POINT('',(-10.85,0.00355750310203184,1.76666666666668));
#16740=CARTESIAN_POINT('',(-10.6454618251532,0.003557503102032,0.962500000000005));
#16741=CARTESIAN_POINT('',(-10.4,0.00355750310203184,1.70000000000001));
#16742=CARTESIAN_POINT('',(-10.4,0.00355750310203184,1.70000000000001));
#16743=CARTESIAN_POINT('',(-10.5833333333333,0.00355750310203184,1.70000000000001));
#16744=CARTESIAN_POINT('',(-10.5833333333333,0.00355750310203184,1.70000000000001));
#16745=CARTESIAN_POINT('',(-10.65,0.00355750310203184,1.76666666666668));
#16746=CARTESIAN_POINT('Origin',(-10.5833333333333,0.00355750310203184,
1.76666666666668));
#16747=CARTESIAN_POINT('',(-10.65,0.00355750310203184,2.08333333333334));
#16748=CARTESIAN_POINT('',(-10.65,0.00355750310203184,2.08333333333334));
#16749=CARTESIAN_POINT('Origin',(-10.9166666666666,0.00355750310203184,
2.08333333333334));
#16750=CARTESIAN_POINT('Origin',(-10.5833333333333,0.10355750310203,1.76666666666668));
#16751=CARTESIAN_POINT('',(-10.5833333333333,0.10355750310203,1.70000000000001));
#16752=CARTESIAN_POINT('',(-10.65,0.10355750310203,1.76666666666668));
#16753=CARTESIAN_POINT('Origin',(-10.65,0.10355750310203,2.08333333333334));
#16754=CARTESIAN_POINT('',(-10.65,0.10355750310203,2.08333333333334));
#16755=CARTESIAN_POINT('Origin',(-10.9166666666666,0.10355750310203,2.08333333333334));
#16756=CARTESIAN_POINT('Origin',(-10.9166666666666,0.10355750310203,2.15000000000001));
#16757=CARTESIAN_POINT('',(-10.9166666666666,0.10355750310203,2.15000000000001));
#16758=CARTESIAN_POINT('Origin',(-10.9166666666666,0.10355750310203,2.08333333333334));
#16759=CARTESIAN_POINT('',(-10.85,0.10355750310203,2.08333333333334));
#16760=CARTESIAN_POINT('Origin',(-10.85,0.10355750310203,1.76666666666668));
#16761=CARTESIAN_POINT('Origin',(-10.4,0.10355750310203,1.70000000000001));
#16762=CARTESIAN_POINT('',(-10.4,0.10355750310203,1.70000000000001));
#16763=CARTESIAN_POINT('Origin',(-10.5833333333333,0.10355750310203,1.70000000000001));
#16764=CARTESIAN_POINT('Origin',(-10.5833333333333,-0.729775830231301,1.76666666666668));
#16765=CARTESIAN_POINT('',(-10.6454618251532,-0.829775830231299,1.50733837739746));
#16766=CARTESIAN_POINT('',(-10.6454618251532,-0.729775830231301,1.50733837739746));
#16767=CARTESIAN_POINT('',(-10.85,-0.829775830231299,1.76666666666668));
#16768=CARTESIAN_POINT('Origin',(-10.5833333333333,-0.829775830231299,1.76666666666668));
#16769=CARTESIAN_POINT('',(-10.85,-0.729775830231301,1.76666666666668));
#16770=CARTESIAN_POINT('Origin',(-10.725,-0.829775830231299,1.92500000000001));
#16771=CARTESIAN_POINT('',(-10.9166666666666,-0.829775830231299,2.15000000000001));
#16772=CARTESIAN_POINT('',(-10.9166666666666,-0.829775830231299,2.15000000000001));
#16773=CARTESIAN_POINT('',(-10.85,-0.829775830231299,2.08333333333334));
#16774=CARTESIAN_POINT('Origin',(-10.9166666666666,-0.829775830231299,2.08333333333334));
#16775=CARTESIAN_POINT('',(-10.85,-0.829775830231299,1.76666666666668));
#16776=CARTESIAN_POINT('',(-10.6454618251532,-0.829775830231298,0.962500000000005));
#16777=CARTESIAN_POINT('',(-10.4,-0.829775830231299,1.70000000000001));
#16778=CARTESIAN_POINT('',(-10.4,-0.829775830231299,1.70000000000001));
#16779=CARTESIAN_POINT('',(-10.5833333333333,-0.829775830231299,1.70000000000001));
#16780=CARTESIAN_POINT('',(-10.5833333333333,-0.829775830231299,1.70000000000001));
#16781=CARTESIAN_POINT('',(-10.65,-0.829775830231299,1.76666666666668));
#16782=CARTESIAN_POINT('Origin',(-10.5833333333333,-0.829775830231299,1.76666666666668));
#16783=CARTESIAN_POINT('',(-10.65,-0.829775830231299,2.08333333333334));
#16784=CARTESIAN_POINT('',(-10.65,-0.829775830231299,2.08333333333334));
#16785=CARTESIAN_POINT('Origin',(-10.9166666666666,-0.829775830231299,2.08333333333334));
#16786=CARTESIAN_POINT('Origin',(-10.5833333333333,-0.729775830231301,1.76666666666668));
#16787=CARTESIAN_POINT('',(-10.5833333333333,-0.729775830231301,1.70000000000001));
#16788=CARTESIAN_POINT('',(-10.65,-0.729775830231301,1.76666666666668));
#16789=CARTESIAN_POINT('Origin',(-10.65,-0.729775830231301,2.08333333333334));
#16790=CARTESIAN_POINT('',(-10.65,-0.729775830231301,2.08333333333334));
#16791=CARTESIAN_POINT('Origin',(-10.9166666666666,-0.729775830231301,2.08333333333334));
#16792=CARTESIAN_POINT('Origin',(-10.9166666666666,-0.729775830231301,2.15000000000001));
#16793=CARTESIAN_POINT('',(-10.9166666666666,-0.729775830231301,2.15000000000001));
#16794=CARTESIAN_POINT('Origin',(-10.9166666666666,-0.729775830231301,2.08333333333334));
#16795=CARTESIAN_POINT('',(-10.85,-0.729775830231301,2.08333333333334));
#16796=CARTESIAN_POINT('Origin',(-10.85,-0.729775830231301,1.76666666666668));
#16797=CARTESIAN_POINT('Origin',(-10.4,-0.729775830231301,1.70000000000001));
#16798=CARTESIAN_POINT('',(-10.4,-0.729775830231301,1.70000000000001));
#16799=CARTESIAN_POINT('Origin',(-10.5833333333333,-0.729775830231301,1.70000000000001));
#16800=CARTESIAN_POINT('Origin',(-10.5833333333333,-1.56310916356463,1.76666666666668));
#16801=CARTESIAN_POINT('',(-10.6454618251532,-1.66310916356463,1.50733837739746));
#16802=CARTESIAN_POINT('',(-10.6454618251532,-1.56310916356463,1.50733837739746));
#16803=CARTESIAN_POINT('',(-10.85,-1.66310916356463,1.76666666666668));
#16804=CARTESIAN_POINT('Origin',(-10.5833333333333,-1.66310916356463,1.76666666666668));
#16805=CARTESIAN_POINT('',(-10.85,-1.56310916356463,1.76666666666668));
#16806=CARTESIAN_POINT('Origin',(-10.725,-1.66310916356463,1.92500000000001));
#16807=CARTESIAN_POINT('',(-10.9166666666666,-1.66310916356463,2.15000000000001));
#16808=CARTESIAN_POINT('',(-10.9166666666666,-1.66310916356463,2.15000000000001));
#16809=CARTESIAN_POINT('',(-10.85,-1.66310916356463,2.08333333333334));
#16810=CARTESIAN_POINT('Origin',(-10.9166666666666,-1.66310916356463,2.08333333333334));
#16811=CARTESIAN_POINT('',(-10.85,-1.66310916356463,1.76666666666668));
#16812=CARTESIAN_POINT('',(-10.6454618251532,-1.66310916356463,0.962500000000005));
#16813=CARTESIAN_POINT('',(-10.4,-1.66310916356463,1.70000000000001));
#16814=CARTESIAN_POINT('',(-10.4,-1.66310916356463,1.70000000000001));
#16815=CARTESIAN_POINT('',(-10.5833333333333,-1.66310916356463,1.70000000000001));
#16816=CARTESIAN_POINT('',(-10.5833333333333,-1.66310916356463,1.70000000000001));
#16817=CARTESIAN_POINT('',(-10.65,-1.66310916356463,1.76666666666668));
#16818=CARTESIAN_POINT('Origin',(-10.5833333333333,-1.66310916356463,1.76666666666668));
#16819=CARTESIAN_POINT('',(-10.65,-1.66310916356463,2.08333333333334));
#16820=CARTESIAN_POINT('',(-10.65,-1.66310916356463,2.08333333333334));
#16821=CARTESIAN_POINT('Origin',(-10.9166666666666,-1.66310916356463,2.08333333333334));
#16822=CARTESIAN_POINT('Origin',(-10.5833333333333,-1.56310916356463,1.76666666666668));
#16823=CARTESIAN_POINT('',(-10.5833333333333,-1.56310916356463,1.70000000000001));
#16824=CARTESIAN_POINT('',(-10.65,-1.56310916356463,1.76666666666668));
#16825=CARTESIAN_POINT('Origin',(-10.65,-1.56310916356463,2.08333333333334));
#16826=CARTESIAN_POINT('',(-10.65,-1.56310916356463,2.08333333333334));
#16827=CARTESIAN_POINT('Origin',(-10.9166666666666,-1.56310916356463,2.08333333333334));
#16828=CARTESIAN_POINT('Origin',(-10.9166666666666,-1.56310916356463,2.15000000000001));
#16829=CARTESIAN_POINT('',(-10.9166666666666,-1.56310916356463,2.15000000000001));
#16830=CARTESIAN_POINT('Origin',(-10.9166666666666,-1.56310916356463,2.08333333333334));
#16831=CARTESIAN_POINT('',(-10.85,-1.56310916356463,2.08333333333334));
#16832=CARTESIAN_POINT('Origin',(-10.85,-1.56310916356463,1.76666666666668));
#16833=CARTESIAN_POINT('Origin',(-10.4,-1.56310916356463,1.70000000000001));
#16834=CARTESIAN_POINT('',(-10.4,-1.56310916356463,1.70000000000001));
#16835=CARTESIAN_POINT('Origin',(-10.5833333333333,-1.56310916356463,1.70000000000001));
#16836=CARTESIAN_POINT('Origin',(-10.5833333333333,-2.39644249689796,1.76666666666668));
#16837=CARTESIAN_POINT('',(-10.6454618251532,-2.49644249689796,1.50733837739746));
#16838=CARTESIAN_POINT('',(-10.6454618251532,-2.39644249689796,1.50733837739746));
#16839=CARTESIAN_POINT('',(-10.85,-2.49644249689796,1.76666666666668));
#16840=CARTESIAN_POINT('Origin',(-10.5833333333333,-2.49644249689796,1.76666666666668));
#16841=CARTESIAN_POINT('',(-10.85,-2.39644249689796,1.76666666666668));
#16842=CARTESIAN_POINT('Origin',(-10.725,-2.49644249689796,1.92500000000001));
#16843=CARTESIAN_POINT('',(-10.9166666666666,-2.49644249689796,2.15000000000001));
#16844=CARTESIAN_POINT('',(-10.9166666666666,-2.49644249689796,2.15000000000001));
#16845=CARTESIAN_POINT('',(-10.85,-2.49644249689796,2.08333333333334));
#16846=CARTESIAN_POINT('Origin',(-10.9166666666666,-2.49644249689796,2.08333333333334));
#16847=CARTESIAN_POINT('',(-10.85,-2.49644249689796,1.76666666666668));
#16848=CARTESIAN_POINT('',(-10.6454618251532,-2.49644249689796,0.962500000000005));
#16849=CARTESIAN_POINT('',(-10.4,-2.49644249689796,1.70000000000001));
#16850=CARTESIAN_POINT('',(-10.4,-2.49644249689796,1.70000000000001));
#16851=CARTESIAN_POINT('',(-10.5833333333333,-2.49644249689796,1.70000000000001));
#16852=CARTESIAN_POINT('',(-10.5833333333333,-2.49644249689796,1.70000000000001));
#16853=CARTESIAN_POINT('',(-10.65,-2.49644249689796,1.76666666666668));
#16854=CARTESIAN_POINT('Origin',(-10.5833333333333,-2.49644249689796,1.76666666666668));
#16855=CARTESIAN_POINT('',(-10.65,-2.49644249689796,2.08333333333334));
#16856=CARTESIAN_POINT('',(-10.65,-2.49644249689796,2.08333333333334));
#16857=CARTESIAN_POINT('Origin',(-10.9166666666666,-2.49644249689796,2.08333333333334));
#16858=CARTESIAN_POINT('Origin',(-10.5833333333333,-2.39644249689796,1.76666666666668));
#16859=CARTESIAN_POINT('',(-10.5833333333333,-2.39644249689796,1.70000000000001));
#16860=CARTESIAN_POINT('',(-10.65,-2.39644249689796,1.76666666666668));
#16861=CARTESIAN_POINT('Origin',(-10.65,-2.39644249689796,2.08333333333334));
#16862=CARTESIAN_POINT('',(-10.65,-2.39644249689796,2.08333333333334));
#16863=CARTESIAN_POINT('Origin',(-10.9166666666666,-2.39644249689796,2.08333333333334));
#16864=CARTESIAN_POINT('Origin',(-10.9166666666666,-2.39644249689796,2.15000000000001));
#16865=CARTESIAN_POINT('',(-10.9166666666666,-2.39644249689796,2.15000000000001));
#16866=CARTESIAN_POINT('Origin',(-10.9166666666666,-2.39644249689796,2.08333333333334));
#16867=CARTESIAN_POINT('',(-10.85,-2.39644249689796,2.08333333333334));
#16868=CARTESIAN_POINT('Origin',(-10.85,-2.39644249689796,1.76666666666668));
#16869=CARTESIAN_POINT('Origin',(-10.4,-2.39644249689796,1.70000000000001));
#16870=CARTESIAN_POINT('',(-10.4,-2.39644249689796,1.70000000000001));
#16871=CARTESIAN_POINT('Origin',(-10.5833333333333,-2.39644249689796,1.70000000000001));
#16872=CARTESIAN_POINT('Origin',(-10.5833333333333,-3.22977583023129,1.76666666666668));
#16873=CARTESIAN_POINT('',(-10.6454618251532,-3.32977583023129,1.50733837739746));
#16874=CARTESIAN_POINT('',(-10.6454618251532,-3.22977583023129,1.50733837739746));
#16875=CARTESIAN_POINT('',(-10.85,-3.32977583023129,1.76666666666668));
#16876=CARTESIAN_POINT('Origin',(-10.5833333333333,-3.32977583023129,1.76666666666668));
#16877=CARTESIAN_POINT('',(-10.85,-3.22977583023129,1.76666666666668));
#16878=CARTESIAN_POINT('Origin',(-10.725,-3.32977583023129,1.92500000000001));
#16879=CARTESIAN_POINT('',(-10.9166666666666,-3.32977583023129,2.15000000000001));
#16880=CARTESIAN_POINT('',(-10.9166666666666,-3.32977583023129,2.15000000000001));
#16881=CARTESIAN_POINT('',(-10.85,-3.32977583023129,2.08333333333334));
#16882=CARTESIAN_POINT('Origin',(-10.9166666666666,-3.32977583023129,2.08333333333334));
#16883=CARTESIAN_POINT('',(-10.85,-3.32977583023129,1.76666666666668));
#16884=CARTESIAN_POINT('',(-10.6454618251532,-3.32977583023129,0.962500000000005));
#16885=CARTESIAN_POINT('',(-10.4,-3.32977583023129,1.70000000000001));
#16886=CARTESIAN_POINT('',(-10.4,-3.32977583023129,1.70000000000001));
#16887=CARTESIAN_POINT('',(-10.5833333333333,-3.32977583023129,1.70000000000001));
#16888=CARTESIAN_POINT('',(-10.5833333333333,-3.32977583023129,1.70000000000001));
#16889=CARTESIAN_POINT('',(-10.65,-3.32977583023129,1.76666666666668));
#16890=CARTESIAN_POINT('Origin',(-10.5833333333333,-3.32977583023129,1.76666666666668));
#16891=CARTESIAN_POINT('',(-10.65,-3.32977583023129,2.08333333333334));
#16892=CARTESIAN_POINT('',(-10.65,-3.32977583023129,2.08333333333334));
#16893=CARTESIAN_POINT('Origin',(-10.9166666666666,-3.32977583023129,2.08333333333334));
#16894=CARTESIAN_POINT('Origin',(-10.5833333333333,-3.22977583023129,1.76666666666668));
#16895=CARTESIAN_POINT('',(-10.5833333333333,-3.22977583023129,1.70000000000001));
#16896=CARTESIAN_POINT('',(-10.65,-3.22977583023129,1.76666666666668));
#16897=CARTESIAN_POINT('Origin',(-10.65,-3.22977583023129,2.08333333333334));
#16898=CARTESIAN_POINT('',(-10.65,-3.22977583023129,2.08333333333334));
#16899=CARTESIAN_POINT('Origin',(-10.9166666666666,-3.22977583023129,2.08333333333334));
#16900=CARTESIAN_POINT('Origin',(-10.9166666666666,-3.22977583023129,2.15000000000001));
#16901=CARTESIAN_POINT('',(-10.9166666666666,-3.22977583023129,2.15000000000001));
#16902=CARTESIAN_POINT('Origin',(-10.9166666666666,-3.22977583023129,2.08333333333334));
#16903=CARTESIAN_POINT('',(-10.85,-3.22977583023129,2.08333333333334));
#16904=CARTESIAN_POINT('Origin',(-10.85,-3.22977583023129,1.76666666666668));
#16905=CARTESIAN_POINT('Origin',(-10.4,-3.22977583023129,1.70000000000001));
#16906=CARTESIAN_POINT('',(-10.4,-3.22977583023129,1.70000000000001));
#16907=CARTESIAN_POINT('Origin',(-10.5833333333333,-3.22977583023129,1.70000000000001));
#16908=CARTESIAN_POINT('Origin',(15.0065381748468,-0.923723764191145,2.1));
#16909=CARTESIAN_POINT('',(14.9545381748468,-0.923723764191145,2.048));
#16910=CARTESIAN_POINT('',(14.9545381748468,-0.923723764191145,2.1));
#16911=CARTESIAN_POINT('Origin',(15.0065381748468,-0.923723764191145,2.048));
#16912=CARTESIAN_POINT('Origin',(14.9545381748468,-1.78172376419115,2.1));
#16913=CARTESIAN_POINT('',(14.9545381748468,-1.72972376419115,2.048));
#16914=CARTESIAN_POINT('',(14.9545381748468,-1.72972376419115,2.1));
#16915=CARTESIAN_POINT('',(14.9545381748468,-1.55422376419115,2.048));
#16916=CARTESIAN_POINT('Origin',(15.0065381748468,-1.72972376419115,2.1));
#16917=CARTESIAN_POINT('Origin',(15.0065381748468,-1.72972376419115,2.048));
#16918=CARTESIAN_POINT('Origin',(15.0065381748468,-1.72972376419115,2.048));
#16919=CARTESIAN_POINT('',(15.0065381748468,-1.72972376419115,2.1));
#16920=CARTESIAN_POINT('Origin',(15.0065381748468,-1.72972376419115,2.048));
#16921=CARTESIAN_POINT('Origin',(15.0065381748468,-1.72972376419115,2.048));
#16922=CARTESIAN_POINT('Origin',(15.0065381748468,-0.923723764191145,2.048));
#16923=CARTESIAN_POINT('',(15.0065381748468,-0.923723764191145,2.1));
#16924=CARTESIAN_POINT('Origin',(15.0065381748468,-0.923723764191145,2.048));
#16925=CARTESIAN_POINT('Origin',(15.0065381748468,-0.923723764191145,2.048));
#16926=CARTESIAN_POINT('Origin',(15.0065381748468,-1.55422376419115,2.048));
#16927=CARTESIAN_POINT('',(15.0065381748468,-1.55422376419115,2.1));
#16928=CARTESIAN_POINT('Origin',(16.2025381748468,-1.72972376419115,2.048));
#16929=CARTESIAN_POINT('',(16.2025381748468,-1.72972376419115,2.1));
#16930=CARTESIAN_POINT('',(16.2545381748468,-1.72972376419115,2.048));
#16931=CARTESIAN_POINT('Origin',(16.2025381748468,-1.72972376419115,2.048));
#16932=CARTESIAN_POINT('Origin',(16.2025381748468,-1.72972376419115,2.048));
#16933=CARTESIAN_POINT('Origin',(16.2025381748468,-1.72972376419115,2.048));
#16934=CARTESIAN_POINT('Origin',(15.9295381748468,-1.72972376419115,2.048));
#16935=CARTESIAN_POINT('',(15.9295381748468,-1.72972376419115,2.1));
#16936=CARTESIAN_POINT('Origin',(16.2025381748468,-1.72972376419115,2.1));
#16937=CARTESIAN_POINT('',(16.2545381748468,-1.72972376419115,2.1));
#16938=CARTESIAN_POINT('Origin',(16.2025381748468,-0.923723764191145,2.048));
#16939=CARTESIAN_POINT('',(16.2545381748468,-0.923723764191145,2.048));
#16940=CARTESIAN_POINT('Origin',(16.2025381748468,-0.923723764191145,2.048));
#16941=CARTESIAN_POINT('',(16.2025381748468,-0.923723764191145,2.1));
#16942=CARTESIAN_POINT('Origin',(16.2025381748468,-0.923723764191145,2.048));
#16943=CARTESIAN_POINT('Origin',(16.2025381748468,-0.923723764191145,2.048));
#16944=CARTESIAN_POINT('Origin',(15.2795381748468,-0.923723764191145,2.048));
#16945=CARTESIAN_POINT('',(15.2795381748468,-0.923723764191145,2.1));
#16946=CARTESIAN_POINT('Origin',(16.2025381748468,-1.09922376419115,2.048));
#16947=CARTESIAN_POINT('',(16.2545381748468,-1.09922376419115,2.048));
#16948=CARTESIAN_POINT('',(16.2025381748468,-1.09922376419115,2.1));
#16949=CARTESIAN_POINT('Origin',(16.2025381748468,-0.923723764191145,2.1));
#16950=CARTESIAN_POINT('',(16.2545381748468,-0.923723764191145,2.1));
#16951=CARTESIAN_POINT('Origin',(15.6045381748468,-1.32672376419115,2.1));
#16952=CARTESIAN_POINT('Origin',(16.2545381748468,-0.871723764191145,2.1));
#16953=CARTESIAN_POINT('Origin',(-6.85,4.7,2.35));
#16954=CARTESIAN_POINT('',(-7.05,4.7,1.76666666666667));
#16955=CARTESIAN_POINT('Origin',(-7.31666666666667,4.7,1.76666666666667));
#16956=CARTESIAN_POINT('',(-7.05,4.7,2.08333333333333));
#16957=CARTESIAN_POINT('',(-7.05,4.7,1.76666666666667));
#16958=CARTESIAN_POINT('',(-6.98333333333333,4.7,2.15));
#16959=CARTESIAN_POINT('Origin',(-6.98333333333333,4.7,2.08333333333333));
#16960=CARTESIAN_POINT('',(-6.85,4.7,2.15));
#16961=CARTESIAN_POINT('',(-6.98333333333333,4.7,2.15));
#16962=CARTESIAN_POINT('',(-6.85,4.7,2.35));
#16963=CARTESIAN_POINT('',(-6.85,4.7,2.3));
#16964=CARTESIAN_POINT('',(-6.98333333333333,4.7,2.35));
#16965=CARTESIAN_POINT('',(-6.85,4.7,2.35));
#16966=CARTESIAN_POINT('',(-7.25,4.7,2.08333333333333));
#16967=CARTESIAN_POINT('Origin',(-6.98333333333333,4.7,2.08333333333333));
#16968=CARTESIAN_POINT('',(-7.25,4.7,1.76666666666667));
#16969=CARTESIAN_POINT('',(-7.25,4.7,2.08333333333333));
#16970=CARTESIAN_POINT('',(-7.31666666666667,4.7,1.7));
#16971=CARTESIAN_POINT('Origin',(-7.31666666666667,4.7,1.76666666666667));
#16972=CARTESIAN_POINT('',(-7.5,4.7,1.7));
#16973=CARTESIAN_POINT('',(-7.31666666666667,4.7,1.7));
#16974=CARTESIAN_POINT('',(-7.5,4.7,1.7));
#16975=CARTESIAN_POINT('Origin',(-7.31666666666667,4.7,1.76666666666667));
#16976=CARTESIAN_POINT('',(-7.05,5.2,1.76666666666667));
#16977=CARTESIAN_POINT('Origin',(-7.31666666666667,5.2,1.76666666666667));
#16978=CARTESIAN_POINT('',(-7.05,4.7,1.76666666666667));
#16979=CARTESIAN_POINT('Origin',(-6.85,3.75,2.35));
#16980=CARTESIAN_POINT('',(-7.05,3.75,1.76666666666667));
#16981=CARTESIAN_POINT('Origin',(-7.31666666666667,3.75,1.76666666666667));
#16982=CARTESIAN_POINT('',(-7.05,3.75,2.08333333333333));
#16983=CARTESIAN_POINT('',(-7.05,3.75,1.76666666666667));
#16984=CARTESIAN_POINT('',(-6.98333333333333,3.75,2.15));
#16985=CARTESIAN_POINT('Origin',(-6.98333333333333,3.75,2.08333333333333));
#16986=CARTESIAN_POINT('',(-6.85,3.75,2.15));
#16987=CARTESIAN_POINT('',(-6.98333333333333,3.75,2.15));
#16988=CARTESIAN_POINT('',(-6.85,3.75,2.35));
#16989=CARTESIAN_POINT('',(-6.85,3.75,2.3));
#16990=CARTESIAN_POINT('',(-6.98333333333333,3.75,2.35));
#16991=CARTESIAN_POINT('',(-6.85,3.75,2.35));
#16992=CARTESIAN_POINT('',(-7.25,3.75,2.08333333333333));
#16993=CARTESIAN_POINT('Origin',(-6.98333333333333,3.75,2.08333333333333));
#16994=CARTESIAN_POINT('',(-7.25,3.75,1.76666666666667));
#16995=CARTESIAN_POINT('',(-7.25,3.75,2.08333333333333));
#16996=CARTESIAN_POINT('',(-7.31666666666667,3.75,1.7));
#16997=CARTESIAN_POINT('Origin',(-7.31666666666667,3.75,1.76666666666667));
#16998=CARTESIAN_POINT('',(-7.5,3.75,1.7));
#16999=CARTESIAN_POINT('',(-7.31666666666667,3.75,1.7));
#17000=CARTESIAN_POINT('',(-7.5,3.75,1.7));
#17001=CARTESIAN_POINT('Origin',(-7.31666666666667,3.75,1.76666666666667));
#17002=CARTESIAN_POINT('',(-7.05,4.25,1.76666666666667));
#17003=CARTESIAN_POINT('Origin',(-7.31666666666667,4.25,1.76666666666667));
#17004=CARTESIAN_POINT('',(-7.05,3.75,1.76666666666667));
#17005=CARTESIAN_POINT('Origin',(-6.85,2.8,2.35));
#17006=CARTESIAN_POINT('',(-7.05,2.8,1.76666666666667));
#17007=CARTESIAN_POINT('Origin',(-7.31666666666667,2.8,1.76666666666667));
#17008=CARTESIAN_POINT('',(-7.05,2.8,2.08333333333333));
#17009=CARTESIAN_POINT('',(-7.05,2.8,1.76666666666667));
#17010=CARTESIAN_POINT('',(-6.98333333333333,2.8,2.15));
#17011=CARTESIAN_POINT('Origin',(-6.98333333333333,2.8,2.08333333333333));
#17012=CARTESIAN_POINT('',(-6.85,2.8,2.15));
#17013=CARTESIAN_POINT('',(-6.98333333333333,2.8,2.15));
#17014=CARTESIAN_POINT('',(-6.85,2.8,2.35));
#17015=CARTESIAN_POINT('',(-6.85,2.8,2.3));
#17016=CARTESIAN_POINT('',(-6.98333333333333,2.8,2.35));
#17017=CARTESIAN_POINT('',(-6.85,2.8,2.35));
#17018=CARTESIAN_POINT('',(-7.25,2.8,2.08333333333333));
#17019=CARTESIAN_POINT('Origin',(-6.98333333333333,2.8,2.08333333333333));
#17020=CARTESIAN_POINT('',(-7.25,2.8,1.76666666666667));
#17021=CARTESIAN_POINT('',(-7.25,2.8,2.08333333333333));
#17022=CARTESIAN_POINT('',(-7.31666666666667,2.8,1.7));
#17023=CARTESIAN_POINT('Origin',(-7.31666666666667,2.8,1.76666666666667));
#17024=CARTESIAN_POINT('',(-7.5,2.8,1.7));
#17025=CARTESIAN_POINT('',(-7.31666666666667,2.8,1.7));
#17026=CARTESIAN_POINT('',(-7.5,2.8,1.7));
#17027=CARTESIAN_POINT('Origin',(-7.31666666666667,2.8,1.76666666666667));
#17028=CARTESIAN_POINT('',(-7.05,3.3,1.76666666666667));
#17029=CARTESIAN_POINT('Origin',(-7.31666666666667,3.3,1.76666666666667));
#17030=CARTESIAN_POINT('',(-7.05,2.8,1.76666666666667));
#17031=CARTESIAN_POINT('Origin',(-5.15,5.2,2.35));
#17032=CARTESIAN_POINT('',(-4.95,5.2,1.76666666666667));
#17033=CARTESIAN_POINT('Origin',(-4.68333333333333,5.2,1.76666666666667));
#17034=CARTESIAN_POINT('',(-4.95,5.2,2.08333333333333));
#17035=CARTESIAN_POINT('',(-4.95,5.2,1.76666666666667));
#17036=CARTESIAN_POINT('',(-5.01666666666667,5.2,2.15));
#17037=CARTESIAN_POINT('Origin',(-5.01666666666667,5.2,2.08333333333333));
#17038=CARTESIAN_POINT('',(-5.15,5.2,2.15));
#17039=CARTESIAN_POINT('',(-5.01666666666667,5.2,2.15));
#17040=CARTESIAN_POINT('',(-5.15,5.2,2.35));
#17041=CARTESIAN_POINT('',(-5.15,5.2,2.3));
#17042=CARTESIAN_POINT('',(-5.01666666666667,5.2,2.35));
#17043=CARTESIAN_POINT('',(-5.15,5.2,2.35));
#17044=CARTESIAN_POINT('',(-4.75,5.2,2.08333333333333));
#17045=CARTESIAN_POINT('Origin',(-5.01666666666667,5.2,2.08333333333333));
#17046=CARTESIAN_POINT('',(-4.75,5.2,1.76666666666667));
#17047=CARTESIAN_POINT('',(-4.75,5.2,2.08333333333333));
#17048=CARTESIAN_POINT('',(-4.68333333333333,5.2,1.7));
#17049=CARTESIAN_POINT('Origin',(-4.68333333333333,5.2,1.76666666666667));
#17050=CARTESIAN_POINT('',(-4.5,5.2,1.7));
#17051=CARTESIAN_POINT('',(-4.68333333333333,5.2,1.7));
#17052=CARTESIAN_POINT('',(-4.5,5.2,1.7));
#17053=CARTESIAN_POINT('Origin',(-4.68333333333333,5.2,1.76666666666667));
#17054=CARTESIAN_POINT('',(-4.95,4.7,1.76666666666667));
#17055=CARTESIAN_POINT('Origin',(-4.68333333333333,4.7,1.76666666666667));
#17056=CARTESIAN_POINT('',(-4.95,5.2,1.76666666666667));
#17057=CARTESIAN_POINT('Origin',(-5.15,3.3,2.35));
#17058=CARTESIAN_POINT('',(-4.95,3.3,1.76666666666667));
#17059=CARTESIAN_POINT('Origin',(-4.68333333333333,3.3,1.76666666666667));
#17060=CARTESIAN_POINT('',(-4.95,3.3,2.08333333333333));
#17061=CARTESIAN_POINT('',(-4.95,3.3,1.76666666666667));
#17062=CARTESIAN_POINT('',(-5.01666666666667,3.3,2.15));
#17063=CARTESIAN_POINT('Origin',(-5.01666666666667,3.3,2.08333333333333));
#17064=CARTESIAN_POINT('',(-5.15,3.3,2.15));
#17065=CARTESIAN_POINT('',(-5.01666666666667,3.3,2.15));
#17066=CARTESIAN_POINT('',(-5.15,3.3,2.35));
#17067=CARTESIAN_POINT('',(-5.15,3.3,2.3));
#17068=CARTESIAN_POINT('',(-5.01666666666667,3.3,2.35));
#17069=CARTESIAN_POINT('',(-5.15,3.3,2.35));
#17070=CARTESIAN_POINT('',(-4.75,3.3,2.08333333333333));
#17071=CARTESIAN_POINT('Origin',(-5.01666666666667,3.3,2.08333333333333));
#17072=CARTESIAN_POINT('',(-4.75,3.3,1.76666666666667));
#17073=CARTESIAN_POINT('',(-4.75,3.3,2.08333333333333));
#17074=CARTESIAN_POINT('',(-4.68333333333333,3.3,1.7));
#17075=CARTESIAN_POINT('Origin',(-4.68333333333333,3.3,1.76666666666667));
#17076=CARTESIAN_POINT('',(-4.5,3.3,1.7));
#17077=CARTESIAN_POINT('',(-4.68333333333333,3.3,1.7));
#17078=CARTESIAN_POINT('',(-4.5,3.3,1.7));
#17079=CARTESIAN_POINT('Origin',(-4.68333333333333,3.3,1.76666666666667));
#17080=CARTESIAN_POINT('',(-4.95,2.8,1.76666666666667));
#17081=CARTESIAN_POINT('Origin',(-4.68333333333333,2.8,1.76666666666667));
#17082=CARTESIAN_POINT('',(-4.95,3.3,1.76666666666667));
#17083=CARTESIAN_POINT('Origin',(-6.85,4.,2.25));
#17084=CARTESIAN_POINT('',(-6.85,2.5,2.95));
#17085=CARTESIAN_POINT('',(-6.85,2.5,2.25));
#17086=CARTESIAN_POINT('',(-6.85,5.5,2.95));
#17087=CARTESIAN_POINT('',(-6.85,4.,2.95));
#17088=CARTESIAN_POINT('',(-6.85,5.5,2.25));
#17089=CARTESIAN_POINT('',(-6.85,3.3,2.15));
#17090=CARTESIAN_POINT('',(-6.85,3.4,2.15));
#17091=CARTESIAN_POINT('',(-6.85,3.3,2.35));
#17092=CARTESIAN_POINT('',(-6.85,3.3,2.3));
#17093=CARTESIAN_POINT('',(-6.85,3.4,2.35));
#17094=CARTESIAN_POINT('',(-6.85,4.25,2.15));
#17095=CARTESIAN_POINT('',(-6.85,3.875,2.15));
#17096=CARTESIAN_POINT('',(-6.85,4.25,2.35));
#17097=CARTESIAN_POINT('',(-6.85,4.25,2.3));
#17098=CARTESIAN_POINT('',(-6.85,3.875,2.35));
#17099=CARTESIAN_POINT('',(-6.85,5.2,2.15));
#17100=CARTESIAN_POINT('',(-6.85,4.35,2.15));
#17101=CARTESIAN_POINT('',(-6.85,5.2,2.35));
#17102=CARTESIAN_POINT('',(-6.85,5.2,2.3));
#17103=CARTESIAN_POINT('',(-6.85,4.35,2.35));
#17104=CARTESIAN_POINT('Origin',(-6.,2.5,2.25));
#17105=CARTESIAN_POINT('',(-5.15,2.5,2.95));
#17106=CARTESIAN_POINT('',(-5.15,2.5,2.25));
#17107=CARTESIAN_POINT('',(-6.,2.5,2.95));
#17108=CARTESIAN_POINT('Origin',(-6.98333333333333,4.7,2.35));
#17109=CARTESIAN_POINT('',(-6.98333333333333,5.2,2.35));
#17110=CARTESIAN_POINT('',(-6.85,5.2,2.35));
#17111=CARTESIAN_POINT('',(-6.98333333333333,4.7,2.35));
#17112=CARTESIAN_POINT('Origin',(-6.98333333333333,4.7,2.08333333333333));
#17113=CARTESIAN_POINT('',(-7.25,5.2,2.08333333333333));
#17114=CARTESIAN_POINT('Origin',(-6.98333333333333,5.2,2.08333333333333));
#17115=CARTESIAN_POINT('',(-7.25,4.7,2.08333333333333));
#17116=CARTESIAN_POINT('Origin',(-7.25,4.7,1.76666666666667));
#17117=CARTESIAN_POINT('',(-7.25,5.2,1.76666666666667));
#17118=CARTESIAN_POINT('',(-7.25,5.2,2.08333333333333));
#17119=CARTESIAN_POINT('',(-7.25,4.7,1.76666666666667));
#17120=CARTESIAN_POINT('Origin',(-7.31666666666667,4.7,1.76666666666667));
#17121=CARTESIAN_POINT('',(-7.31666666666667,5.2,1.7));
#17122=CARTESIAN_POINT('Origin',(-7.31666666666667,5.2,1.76666666666667));
#17123=CARTESIAN_POINT('',(-7.31666666666667,4.7,1.7));
#17124=CARTESIAN_POINT('Origin',(-7.5,4.7,1.7));
#17125=CARTESIAN_POINT('',(-7.5,5.2,1.7));
#17126=CARTESIAN_POINT('',(-7.31666666666667,5.2,1.7));
#17127=CARTESIAN_POINT('',(-7.5,4.7,1.7));
#17128=CARTESIAN_POINT('Origin',(-7.5,4.7,1.5));
#17129=CARTESIAN_POINT('',(-7.5,5.2,1.7));
#17130=CARTESIAN_POINT('Origin',(-7.05,4.7,2.08333333333333));
#17131=CARTESIAN_POINT('',(-7.05,5.2,2.08333333333333));
#17132=CARTESIAN_POINT('',(-7.05,5.2,1.76666666666667));
#17133=CARTESIAN_POINT('',(-7.05,4.7,2.08333333333333));
#17134=CARTESIAN_POINT('Origin',(-6.98333333333333,4.7,2.08333333333333));
#17135=CARTESIAN_POINT('',(-6.98333333333333,5.2,2.15));
#17136=CARTESIAN_POINT('Origin',(-6.98333333333333,5.2,2.08333333333333));
#17137=CARTESIAN_POINT('',(-6.98333333333333,4.7,2.15));
#17138=CARTESIAN_POINT('Origin',(-6.85,4.7,2.15));
#17139=CARTESIAN_POINT('',(-6.98333333333333,5.2,2.15));
#17140=CARTESIAN_POINT('Origin',(-6.85,5.2,2.35));
#17141=CARTESIAN_POINT('Origin',(-6.98333333333333,3.75,2.35));
#17142=CARTESIAN_POINT('',(-6.98333333333333,4.25,2.35));
#17143=CARTESIAN_POINT('',(-6.85,4.25,2.35));
#17144=CARTESIAN_POINT('',(-6.98333333333333,3.75,2.35));
#17145=CARTESIAN_POINT('Origin',(-6.98333333333333,3.75,2.08333333333333));
#17146=CARTESIAN_POINT('',(-7.25,4.25,2.08333333333333));
#17147=CARTESIAN_POINT('Origin',(-6.98333333333333,4.25,2.08333333333333));
#17148=CARTESIAN_POINT('',(-7.25,3.75,2.08333333333333));
#17149=CARTESIAN_POINT('Origin',(-7.25,3.75,1.76666666666667));
#17150=CARTESIAN_POINT('',(-7.25,4.25,1.76666666666667));
#17151=CARTESIAN_POINT('',(-7.25,4.25,2.08333333333333));
#17152=CARTESIAN_POINT('',(-7.25,3.75,1.76666666666667));
#17153=CARTESIAN_POINT('Origin',(-7.31666666666667,3.75,1.76666666666667));
#17154=CARTESIAN_POINT('',(-7.31666666666667,4.25,1.7));
#17155=CARTESIAN_POINT('Origin',(-7.31666666666667,4.25,1.76666666666667));
#17156=CARTESIAN_POINT('',(-7.31666666666667,3.75,1.7));
#17157=CARTESIAN_POINT('Origin',(-7.5,3.75,1.7));
#17158=CARTESIAN_POINT('',(-7.5,4.25,1.7));
#17159=CARTESIAN_POINT('',(-7.31666666666667,4.25,1.7));
#17160=CARTESIAN_POINT('',(-7.5,3.75,1.7));
#17161=CARTESIAN_POINT('Origin',(-7.5,3.75,1.5));
#17162=CARTESIAN_POINT('',(-7.5,4.25,1.7));
#17163=CARTESIAN_POINT('Origin',(-7.05,3.75,2.08333333333333));
#17164=CARTESIAN_POINT('',(-7.05,4.25,2.08333333333333));
#17165=CARTESIAN_POINT('',(-7.05,4.25,1.76666666666667));
#17166=CARTESIAN_POINT('',(-7.05,3.75,2.08333333333333));
#17167=CARTESIAN_POINT('Origin',(-6.98333333333333,3.75,2.08333333333333));
#17168=CARTESIAN_POINT('',(-6.98333333333333,4.25,2.15));
#17169=CARTESIAN_POINT('Origin',(-6.98333333333333,4.25,2.08333333333333));
#17170=CARTESIAN_POINT('',(-6.98333333333333,3.75,2.15));
#17171=CARTESIAN_POINT('Origin',(-6.85,3.75,2.15));
#17172=CARTESIAN_POINT('',(-6.98333333333333,4.25,2.15));
#17173=CARTESIAN_POINT('Origin',(-6.85,4.25,2.35));
#17174=CARTESIAN_POINT('Origin',(-6.98333333333333,2.8,2.35));
#17175=CARTESIAN_POINT('',(-6.98333333333333,3.3,2.35));
#17176=CARTESIAN_POINT('',(-6.85,3.3,2.35));
#17177=CARTESIAN_POINT('',(-6.98333333333333,2.8,2.35));
#17178=CARTESIAN_POINT('Origin',(-6.98333333333333,2.8,2.08333333333333));
#17179=CARTESIAN_POINT('',(-7.25,3.3,2.08333333333333));
#17180=CARTESIAN_POINT('Origin',(-6.98333333333333,3.3,2.08333333333333));
#17181=CARTESIAN_POINT('',(-7.25,2.8,2.08333333333333));
#17182=CARTESIAN_POINT('Origin',(-7.25,2.8,1.76666666666667));
#17183=CARTESIAN_POINT('',(-7.25,3.3,1.76666666666667));
#17184=CARTESIAN_POINT('',(-7.25,3.3,2.08333333333333));
#17185=CARTESIAN_POINT('',(-7.25,2.8,1.76666666666667));
#17186=CARTESIAN_POINT('Origin',(-7.31666666666667,2.8,1.76666666666667));
#17187=CARTESIAN_POINT('',(-7.31666666666667,3.3,1.7));
#17188=CARTESIAN_POINT('Origin',(-7.31666666666667,3.3,1.76666666666667));
#17189=CARTESIAN_POINT('',(-7.31666666666667,2.8,1.7));
#17190=CARTESIAN_POINT('Origin',(-7.5,2.8,1.7));
#17191=CARTESIAN_POINT('',(-7.5,3.3,1.7));
#17192=CARTESIAN_POINT('',(-7.31666666666667,3.3,1.7));
#17193=CARTESIAN_POINT('',(-7.5,2.8,1.7));
#17194=CARTESIAN_POINT('Origin',(-7.5,2.8,1.5));
#17195=CARTESIAN_POINT('',(-7.5,3.3,1.7));
#17196=CARTESIAN_POINT('Origin',(-7.05,2.8,2.08333333333333));
#17197=CARTESIAN_POINT('',(-7.05,3.3,2.08333333333333));
#17198=CARTESIAN_POINT('',(-7.05,3.3,1.76666666666667));
#17199=CARTESIAN_POINT('',(-7.05,2.8,2.08333333333333));
#17200=CARTESIAN_POINT('Origin',(-6.98333333333333,2.8,2.08333333333333));
#17201=CARTESIAN_POINT('',(-6.98333333333333,3.3,2.15));
#17202=CARTESIAN_POINT('Origin',(-6.98333333333333,3.3,2.08333333333333));
#17203=CARTESIAN_POINT('',(-6.98333333333333,2.8,2.15));
#17204=CARTESIAN_POINT('Origin',(-6.85,2.8,2.15));
#17205=CARTESIAN_POINT('',(-6.98333333333333,3.3,2.15));
#17206=CARTESIAN_POINT('Origin',(-6.85,3.3,2.35));
#17207=CARTESIAN_POINT('Origin',(-5.01666666666667,5.2,2.35));
#17208=CARTESIAN_POINT('',(-5.15,4.7,2.35));
#17209=CARTESIAN_POINT('',(-5.15,4.6,2.35));
#17210=CARTESIAN_POINT('',(-5.01666666666667,4.7,2.35));
#17211=CARTESIAN_POINT('',(-5.15,4.7,2.35));
#17212=CARTESIAN_POINT('',(-5.01666666666667,5.2,2.35));
#17213=CARTESIAN_POINT('Origin',(-5.01666666666667,5.2,2.08333333333333));
#17214=CARTESIAN_POINT('',(-4.75,4.7,2.08333333333333));
#17215=CARTESIAN_POINT('Origin',(-5.01666666666667,4.7,2.08333333333333));
#17216=CARTESIAN_POINT('',(-4.75,5.2,2.08333333333333));
#17217=CARTESIAN_POINT('Origin',(-4.75,5.2,1.76666666666667));
#17218=CARTESIAN_POINT('',(-4.75,4.7,1.76666666666667));
#17219=CARTESIAN_POINT('',(-4.75,4.7,2.08333333333333));
#17220=CARTESIAN_POINT('',(-4.75,5.2,1.76666666666667));
#17221=CARTESIAN_POINT('Origin',(-4.68333333333333,5.2,1.76666666666667));
#17222=CARTESIAN_POINT('',(-4.68333333333333,4.7,1.7));
#17223=CARTESIAN_POINT('Origin',(-4.68333333333333,4.7,1.76666666666667));
#17224=CARTESIAN_POINT('',(-4.68333333333333,5.2,1.7));
#17225=CARTESIAN_POINT('Origin',(-4.5,5.2,1.7));
#17226=CARTESIAN_POINT('',(-4.5,4.7,1.7));
#17227=CARTESIAN_POINT('',(-4.68333333333333,4.7,1.7));
#17228=CARTESIAN_POINT('',(-4.5,5.2,1.7));
#17229=CARTESIAN_POINT('Origin',(-4.5,5.2,1.5));
#17230=CARTESIAN_POINT('',(-4.5,4.7,1.7));
#17231=CARTESIAN_POINT('Origin',(-4.95,5.2,2.08333333333333));
#17232=CARTESIAN_POINT('',(-4.95,4.7,2.08333333333333));
#17233=CARTESIAN_POINT('',(-4.95,4.7,1.76666666666667));
#17234=CARTESIAN_POINT('',(-4.95,5.2,2.08333333333333));
#17235=CARTESIAN_POINT('Origin',(-5.01666666666667,5.2,2.08333333333333));
#17236=CARTESIAN_POINT('',(-5.01666666666667,4.7,2.15));
#17237=CARTESIAN_POINT('Origin',(-5.01666666666667,4.7,2.08333333333333));
#17238=CARTESIAN_POINT('',(-5.01666666666667,5.2,2.15));
#17239=CARTESIAN_POINT('Origin',(-5.15,5.2,2.15));
#17240=CARTESIAN_POINT('',(-5.15,4.7,2.15));
#17241=CARTESIAN_POINT('',(-5.01666666666667,4.7,2.15));
#17242=CARTESIAN_POINT('',(-5.15,4.6,2.15));
#17243=CARTESIAN_POINT('Origin',(-5.15,4.7,2.35));
#17244=CARTESIAN_POINT('',(-5.15,4.7,2.3));
#17245=CARTESIAN_POINT('Origin',(-5.01666666666667,3.3,2.35));
#17246=CARTESIAN_POINT('',(-5.15,2.8,2.35));
#17247=CARTESIAN_POINT('',(-5.15,3.65,2.35));
#17248=CARTESIAN_POINT('',(-5.01666666666667,2.8,2.35));
#17249=CARTESIAN_POINT('',(-5.15,2.8,2.35));
#17250=CARTESIAN_POINT('',(-5.01666666666667,3.3,2.35));
#17251=CARTESIAN_POINT('Origin',(-5.01666666666667,3.3,2.08333333333333));
#17252=CARTESIAN_POINT('',(-4.75,2.8,2.08333333333333));
#17253=CARTESIAN_POINT('Origin',(-5.01666666666667,2.8,2.08333333333333));
#17254=CARTESIAN_POINT('',(-4.75,3.3,2.08333333333333));
#17255=CARTESIAN_POINT('Origin',(-4.75,3.3,1.76666666666667));
#17256=CARTESIAN_POINT('',(-4.75,2.8,1.76666666666667));
#17257=CARTESIAN_POINT('',(-4.75,2.8,2.08333333333333));
#17258=CARTESIAN_POINT('',(-4.75,3.3,1.76666666666667));
#17259=CARTESIAN_POINT('Origin',(-4.68333333333333,3.3,1.76666666666667));
#17260=CARTESIAN_POINT('',(-4.68333333333333,2.8,1.7));
#17261=CARTESIAN_POINT('Origin',(-4.68333333333333,2.8,1.76666666666667));
#17262=CARTESIAN_POINT('',(-4.68333333333333,3.3,1.7));
#17263=CARTESIAN_POINT('Origin',(-4.5,3.3,1.7));
#17264=CARTESIAN_POINT('',(-4.5,2.8,1.7));
#17265=CARTESIAN_POINT('',(-4.68333333333333,2.8,1.7));
#17266=CARTESIAN_POINT('',(-4.5,3.3,1.7));
#17267=CARTESIAN_POINT('Origin',(-4.5,3.3,1.5));
#17268=CARTESIAN_POINT('',(-4.5,2.8,1.7));
#17269=CARTESIAN_POINT('Origin',(-4.95,3.3,2.08333333333333));
#17270=CARTESIAN_POINT('',(-4.95,2.8,2.08333333333333));
#17271=CARTESIAN_POINT('',(-4.95,2.8,1.76666666666667));
#17272=CARTESIAN_POINT('',(-4.95,3.3,2.08333333333333));
#17273=CARTESIAN_POINT('Origin',(-5.01666666666667,3.3,2.08333333333333));
#17274=CARTESIAN_POINT('',(-5.01666666666667,2.8,2.15));
#17275=CARTESIAN_POINT('Origin',(-5.01666666666667,2.8,2.08333333333333));
#17276=CARTESIAN_POINT('',(-5.01666666666667,3.3,2.15));
#17277=CARTESIAN_POINT('Origin',(-5.15,3.3,2.15));
#17278=CARTESIAN_POINT('',(-5.15,2.8,2.15));
#17279=CARTESIAN_POINT('',(-5.01666666666667,2.8,2.15));
#17280=CARTESIAN_POINT('',(-5.15,3.65,2.15));
#17281=CARTESIAN_POINT('Origin',(-5.15,2.8,2.35));
#17282=CARTESIAN_POINT('',(-5.15,2.8,2.3));
#17283=CARTESIAN_POINT('Origin',(-6.625,5.275,2.95));
#17284=CARTESIAN_POINT('',(-6.775,5.275,2.9));
#17285=CARTESIAN_POINT('Origin',(-6.625,5.275,2.9));
#17286=CARTESIAN_POINT('',(-6.775,5.275,2.95));
#17287=CARTESIAN_POINT('',(-6.775,5.275,2.95));
#17288=CARTESIAN_POINT('Origin',(-6.625,5.275,2.95));
#17289=CARTESIAN_POINT('Origin',(-6.625,5.275,2.9));
#17290=CARTESIAN_POINT('Origin',(-6.,4.,2.95));
#17291=CARTESIAN_POINT('',(-5.15,5.5,2.95));
#17292=CARTESIAN_POINT('',(-5.15,4.,2.95));
#17293=CARTESIAN_POINT('',(-6.,5.5,2.95));
#17294=CARTESIAN_POINT('Origin',(-6.,5.5,2.25));
#17295=CARTESIAN_POINT('',(-5.15,5.5,2.25));
#17296=CARTESIAN_POINT('Origin',(-5.15,4.,2.25));
#17297=CARTESIAN_POINT('Origin',(2.68700576850888,5.19167388793148,1.5));
#17298=CARTESIAN_POINT('',(-2.26274169979695,0.241926419625644,2.27));
#17299=CARTESIAN_POINT('',(-2.26274169979695,0.241926419625644,1.5));
#17300=CARTESIAN_POINT('',(2.68700576850888,5.19167388793148,2.27));
#17301=CARTESIAN_POINT('',(-2.26274169979695,0.241926419625644,2.27));
#17302=CARTESIAN_POINT('',(2.68700576850888,5.19167388793148,1.5));
#17303=CARTESIAN_POINT('Origin',(-2.26274169979695,0.241926419625644,1.5));
#17304=CARTESIAN_POINT('',(2.68700576850888,-4.70782104868019,2.27));
#17305=CARTESIAN_POINT('',(2.68700576850888,-4.70782104868019,1.5));
#17306=CARTESIAN_POINT('',(2.68700576850888,-4.70782104868019,2.27));
#17307=CARTESIAN_POINT('Origin',(-1.74438760547689,0.40571769226798,2.12));
#17308=CARTESIAN_POINT('',(-1.81509828359554,0.335007014149325,2.27));
#17309=CARTESIAN_POINT('Origin',(-1.74438760547689,0.40571769226798,2.27));
#17310=CARTESIAN_POINT('',(-1.81509828359554,0.335007014149325,1.97));
#17311=CARTESIAN_POINT('',(-1.81509828359555,0.335007014149325,2.12));
#17312=CARTESIAN_POINT('Origin',(-1.74438760547689,0.40571769226798,1.97));
#17313=CARTESIAN_POINT('Origin',(-1.74438760547689,0.40571769226798,1.97));
#17314=CARTESIAN_POINT('Origin',(7.63675323681471,0.241926419625648,1.5));
#17315=CARTESIAN_POINT('',(7.63675323681471,0.241926419625648,2.27));
#17316=CARTESIAN_POINT('',(2.68700576850888,5.19167388793148,2.27));
#17317=CARTESIAN_POINT('',(7.63675323681471,0.241926419625648,1.5));
#17318=CARTESIAN_POINT('Origin',(2.68700576850888,-4.70782104868019,1.5));
#17319=CARTESIAN_POINT('',(7.63675323681471,0.241926419625648,2.27));
#17320=CARTESIAN_POINT('Origin',(2.68700576850888,0.241926419625646,2.27));
#17321=CARTESIAN_POINT('Origin',(-6.85,-1.8,2.35));
#17322=CARTESIAN_POINT('',(-7.05,-1.8,1.76666666666667));
#17323=CARTESIAN_POINT('Origin',(-7.31666666666667,-1.8,1.76666666666667));
#17324=CARTESIAN_POINT('',(-7.05,-1.8,2.08333333333333));
#17325=CARTESIAN_POINT('',(-7.05,-1.8,1.76666666666667));
#17326=CARTESIAN_POINT('',(-6.98333333333333,-1.8,2.15));
#17327=CARTESIAN_POINT('Origin',(-6.98333333333333,-1.8,2.08333333333333));
#17328=CARTESIAN_POINT('',(-6.85,-1.8,2.15));
#17329=CARTESIAN_POINT('',(-6.98333333333333,-1.8,2.15));
#17330=CARTESIAN_POINT('',(-6.85,-1.8,2.35));
#17331=CARTESIAN_POINT('',(-6.85,-1.8,2.3));
#17332=CARTESIAN_POINT('',(-6.98333333333333,-1.8,2.35));
#17333=CARTESIAN_POINT('',(-6.85,-1.8,2.35));
#17334=CARTESIAN_POINT('',(-7.25,-1.8,2.08333333333333));
#17335=CARTESIAN_POINT('Origin',(-6.98333333333333,-1.8,2.08333333333333));
#17336=CARTESIAN_POINT('',(-7.25,-1.8,1.76666666666667));
#17337=CARTESIAN_POINT('',(-7.25,-1.8,2.08333333333333));
#17338=CARTESIAN_POINT('',(-7.31666666666667,-1.8,1.7));
#17339=CARTESIAN_POINT('Origin',(-7.31666666666667,-1.8,1.76666666666667));
#17340=CARTESIAN_POINT('',(-7.5,-1.8,1.7));
#17341=CARTESIAN_POINT('',(-7.31666666666667,-1.8,1.7));
#17342=CARTESIAN_POINT('',(-7.5,-1.8,1.7));
#17343=CARTESIAN_POINT('Origin',(-7.31666666666667,-1.8,1.76666666666667));
#17344=CARTESIAN_POINT('',(-7.05,-1.3,1.76666666666667));
#17345=CARTESIAN_POINT('Origin',(-7.31666666666667,-1.3,1.76666666666667));
#17346=CARTESIAN_POINT('',(-7.05,-1.8,1.76666666666667));
#17347=CARTESIAN_POINT('Origin',(-6.85,-2.75,2.35));
#17348=CARTESIAN_POINT('',(-7.05,-2.75,1.76666666666667));
#17349=CARTESIAN_POINT('Origin',(-7.31666666666667,-2.75,1.76666666666667));
#17350=CARTESIAN_POINT('',(-7.05,-2.75,2.08333333333333));
#17351=CARTESIAN_POINT('',(-7.05,-2.75,1.76666666666667));
#17352=CARTESIAN_POINT('',(-6.98333333333333,-2.75,2.15));
#17353=CARTESIAN_POINT('Origin',(-6.98333333333333,-2.75,2.08333333333333));
#17354=CARTESIAN_POINT('',(-6.85,-2.75,2.15));
#17355=CARTESIAN_POINT('',(-6.98333333333333,-2.75,2.15));
#17356=CARTESIAN_POINT('',(-6.85,-2.75,2.35));
#17357=CARTESIAN_POINT('',(-6.85,-2.75,2.3));
#17358=CARTESIAN_POINT('',(-6.98333333333333,-2.75,2.35));
#17359=CARTESIAN_POINT('',(-6.85,-2.75,2.35));
#17360=CARTESIAN_POINT('',(-7.25,-2.75,2.08333333333333));
#17361=CARTESIAN_POINT('Origin',(-6.98333333333333,-2.75,2.08333333333333));
#17362=CARTESIAN_POINT('',(-7.25,-2.75,1.76666666666667));
#17363=CARTESIAN_POINT('',(-7.25,-2.75,2.08333333333333));
#17364=CARTESIAN_POINT('',(-7.31666666666667,-2.75,1.7));
#17365=CARTESIAN_POINT('Origin',(-7.31666666666667,-2.75,1.76666666666667));
#17366=CARTESIAN_POINT('',(-7.5,-2.75,1.7));
#17367=CARTESIAN_POINT('',(-7.31666666666667,-2.75,1.7));
#17368=CARTESIAN_POINT('',(-7.5,-2.75,1.7));
#17369=CARTESIAN_POINT('Origin',(-7.31666666666667,-2.75,1.76666666666667));
#17370=CARTESIAN_POINT('',(-7.05,-2.25,1.76666666666667));
#17371=CARTESIAN_POINT('Origin',(-7.31666666666667,-2.25,1.76666666666667));
#17372=CARTESIAN_POINT('',(-7.05,-2.75,1.76666666666667));
#17373=CARTESIAN_POINT('Origin',(-6.85,-3.7,2.35));
#17374=CARTESIAN_POINT('',(-7.05,-3.7,1.76666666666667));
#17375=CARTESIAN_POINT('Origin',(-7.31666666666667,-3.7,1.76666666666667));
#17376=CARTESIAN_POINT('',(-7.05,-3.7,2.08333333333333));
#17377=CARTESIAN_POINT('',(-7.05,-3.7,1.76666666666667));
#17378=CARTESIAN_POINT('',(-6.98333333333333,-3.7,2.15));
#17379=CARTESIAN_POINT('Origin',(-6.98333333333333,-3.7,2.08333333333333));
#17380=CARTESIAN_POINT('',(-6.85,-3.7,2.15));
#17381=CARTESIAN_POINT('',(-6.98333333333333,-3.7,2.15));
#17382=CARTESIAN_POINT('',(-6.85,-3.7,2.35));
#17383=CARTESIAN_POINT('',(-6.85,-3.7,2.3));
#17384=CARTESIAN_POINT('',(-6.98333333333333,-3.7,2.35));
#17385=CARTESIAN_POINT('',(-6.85,-3.7,2.35));
#17386=CARTESIAN_POINT('',(-7.25,-3.7,2.08333333333333));
#17387=CARTESIAN_POINT('Origin',(-6.98333333333333,-3.7,2.08333333333333));
#17388=CARTESIAN_POINT('',(-7.25,-3.7,1.76666666666667));
#17389=CARTESIAN_POINT('',(-7.25,-3.7,2.08333333333333));
#17390=CARTESIAN_POINT('',(-7.31666666666667,-3.7,1.7));
#17391=CARTESIAN_POINT('Origin',(-7.31666666666667,-3.7,1.76666666666667));
#17392=CARTESIAN_POINT('',(-7.5,-3.7,1.7));
#17393=CARTESIAN_POINT('',(-7.31666666666667,-3.7,1.7));
#17394=CARTESIAN_POINT('',(-7.5,-3.7,1.7));
#17395=CARTESIAN_POINT('Origin',(-7.31666666666667,-3.7,1.76666666666667));
#17396=CARTESIAN_POINT('',(-7.05,-3.2,1.76666666666667));
#17397=CARTESIAN_POINT('Origin',(-7.31666666666667,-3.2,1.76666666666667));
#17398=CARTESIAN_POINT('',(-7.05,-3.7,1.76666666666667));
#17399=CARTESIAN_POINT('Origin',(-5.15,-1.3,2.35));
#17400=CARTESIAN_POINT('',(-4.95,-1.3,1.76666666666667));
#17401=CARTESIAN_POINT('Origin',(-4.68333333333333,-1.3,1.76666666666667));
#17402=CARTESIAN_POINT('',(-4.95,-1.3,2.08333333333333));
#17403=CARTESIAN_POINT('',(-4.95,-1.3,1.76666666666667));
#17404=CARTESIAN_POINT('',(-5.01666666666667,-1.3,2.15));
#17405=CARTESIAN_POINT('Origin',(-5.01666666666667,-1.3,2.08333333333333));
#17406=CARTESIAN_POINT('',(-5.15,-1.3,2.15));
#17407=CARTESIAN_POINT('',(-5.01666666666667,-1.3,2.15));
#17408=CARTESIAN_POINT('',(-5.15,-1.3,2.35));
#17409=CARTESIAN_POINT('',(-5.15,-1.3,2.3));
#17410=CARTESIAN_POINT('',(-5.01666666666667,-1.3,2.35));
#17411=CARTESIAN_POINT('',(-5.15,-1.3,2.35));
#17412=CARTESIAN_POINT('',(-4.75,-1.3,2.08333333333333));
#17413=CARTESIAN_POINT('Origin',(-5.01666666666667,-1.3,2.08333333333333));
#17414=CARTESIAN_POINT('',(-4.75,-1.3,1.76666666666667));
#17415=CARTESIAN_POINT('',(-4.75,-1.3,2.08333333333333));
#17416=CARTESIAN_POINT('',(-4.68333333333333,-1.3,1.7));
#17417=CARTESIAN_POINT('Origin',(-4.68333333333333,-1.3,1.76666666666667));
#17418=CARTESIAN_POINT('',(-4.5,-1.3,1.7));
#17419=CARTESIAN_POINT('',(-4.68333333333333,-1.3,1.7));
#17420=CARTESIAN_POINT('',(-4.5,-1.3,1.7));
#17421=CARTESIAN_POINT('Origin',(-4.68333333333333,-1.3,1.76666666666667));
#17422=CARTESIAN_POINT('',(-4.95,-1.8,1.76666666666667));
#17423=CARTESIAN_POINT('Origin',(-4.68333333333333,-1.8,1.76666666666667));
#17424=CARTESIAN_POINT('',(-4.95,-1.3,1.76666666666667));
#17425=CARTESIAN_POINT('Origin',(-5.15,-3.2,2.35));
#17426=CARTESIAN_POINT('',(-4.95,-3.2,1.76666666666667));
#17427=CARTESIAN_POINT('Origin',(-4.68333333333333,-3.2,1.76666666666667));
#17428=CARTESIAN_POINT('',(-4.95,-3.2,2.08333333333333));
#17429=CARTESIAN_POINT('',(-4.95,-3.2,1.76666666666667));
#17430=CARTESIAN_POINT('',(-5.01666666666667,-3.2,2.15));
#17431=CARTESIAN_POINT('Origin',(-5.01666666666667,-3.2,2.08333333333333));
#17432=CARTESIAN_POINT('',(-5.15,-3.2,2.15));
#17433=CARTESIAN_POINT('',(-5.01666666666667,-3.2,2.15));
#17434=CARTESIAN_POINT('',(-5.15,-3.2,2.35));
#17435=CARTESIAN_POINT('',(-5.15,-3.2,2.3));
#17436=CARTESIAN_POINT('',(-5.01666666666667,-3.2,2.35));
#17437=CARTESIAN_POINT('',(-5.15,-3.2,2.35));
#17438=CARTESIAN_POINT('',(-4.75,-3.2,2.08333333333333));
#17439=CARTESIAN_POINT('Origin',(-5.01666666666667,-3.2,2.08333333333333));
#17440=CARTESIAN_POINT('',(-4.75,-3.2,1.76666666666667));
#17441=CARTESIAN_POINT('',(-4.75,-3.2,2.08333333333333));
#17442=CARTESIAN_POINT('',(-4.68333333333333,-3.2,1.7));
#17443=CARTESIAN_POINT('Origin',(-4.68333333333333,-3.2,1.76666666666667));
#17444=CARTESIAN_POINT('',(-4.5,-3.2,1.7));
#17445=CARTESIAN_POINT('',(-4.68333333333333,-3.2,1.7));
#17446=CARTESIAN_POINT('',(-4.5,-3.2,1.7));
#17447=CARTESIAN_POINT('Origin',(-4.68333333333333,-3.2,1.76666666666667));
#17448=CARTESIAN_POINT('',(-4.95,-3.7,1.76666666666667));
#17449=CARTESIAN_POINT('Origin',(-4.68333333333333,-3.7,1.76666666666667));
#17450=CARTESIAN_POINT('',(-4.95,-3.2,1.76666666666667));
#17451=CARTESIAN_POINT('Origin',(-6.85,-2.5,2.25));
#17452=CARTESIAN_POINT('',(-6.85,-4.,2.95));
#17453=CARTESIAN_POINT('',(-6.85,-4.,2.25));
#17454=CARTESIAN_POINT('',(-6.85,-1.,2.95));
#17455=CARTESIAN_POINT('',(-6.85,-2.5,2.95));
#17456=CARTESIAN_POINT('',(-6.85,-1.,2.25));
#17457=CARTESIAN_POINT('',(-6.85,-3.2,2.15));
#17458=CARTESIAN_POINT('',(-6.85,-3.1,2.15));
#17459=CARTESIAN_POINT('',(-6.85,-3.2,2.35));
#17460=CARTESIAN_POINT('',(-6.85,-3.2,2.3));
#17461=CARTESIAN_POINT('',(-6.85,-3.1,2.35));
#17462=CARTESIAN_POINT('',(-6.85,-2.25,2.15));
#17463=CARTESIAN_POINT('',(-6.85,-2.625,2.15));
#17464=CARTESIAN_POINT('',(-6.85,-2.25,2.35));
#17465=CARTESIAN_POINT('',(-6.85,-2.25,2.3));
#17466=CARTESIAN_POINT('',(-6.85,-2.625,2.35));
#17467=CARTESIAN_POINT('',(-6.85,-1.3,2.15));
#17468=CARTESIAN_POINT('',(-6.85,-2.15,2.15));
#17469=CARTESIAN_POINT('',(-6.85,-1.3,2.35));
#17470=CARTESIAN_POINT('',(-6.85,-1.3,2.3));
#17471=CARTESIAN_POINT('',(-6.85,-2.15,2.35));
#17472=CARTESIAN_POINT('Origin',(-6.,-4.,2.25));
#17473=CARTESIAN_POINT('',(-5.15,-4.,2.95));
#17474=CARTESIAN_POINT('',(-5.15,-4.,2.25));
#17475=CARTESIAN_POINT('',(-6.,-4.,2.95));
#17476=CARTESIAN_POINT('Origin',(-6.98333333333333,-1.8,2.35));
#17477=CARTESIAN_POINT('',(-6.98333333333333,-1.3,2.35));
#17478=CARTESIAN_POINT('',(-6.85,-1.3,2.35));
#17479=CARTESIAN_POINT('',(-6.98333333333333,-1.8,2.35));
#17480=CARTESIAN_POINT('Origin',(-6.98333333333333,-1.8,2.08333333333333));
#17481=CARTESIAN_POINT('',(-7.25,-1.3,2.08333333333333));
#17482=CARTESIAN_POINT('Origin',(-6.98333333333333,-1.3,2.08333333333333));
#17483=CARTESIAN_POINT('',(-7.25,-1.8,2.08333333333333));
#17484=CARTESIAN_POINT('Origin',(-7.25,-1.8,1.76666666666667));
#17485=CARTESIAN_POINT('',(-7.25,-1.3,1.76666666666667));
#17486=CARTESIAN_POINT('',(-7.25,-1.3,2.08333333333333));
#17487=CARTESIAN_POINT('',(-7.25,-1.8,1.76666666666667));
#17488=CARTESIAN_POINT('Origin',(-7.31666666666667,-1.8,1.76666666666667));
#17489=CARTESIAN_POINT('',(-7.31666666666667,-1.3,1.7));
#17490=CARTESIAN_POINT('Origin',(-7.31666666666667,-1.3,1.76666666666667));
#17491=CARTESIAN_POINT('',(-7.31666666666667,-1.8,1.7));
#17492=CARTESIAN_POINT('Origin',(-7.5,-1.8,1.7));
#17493=CARTESIAN_POINT('',(-7.5,-1.3,1.7));
#17494=CARTESIAN_POINT('',(-7.31666666666667,-1.3,1.7));
#17495=CARTESIAN_POINT('',(-7.5,-1.8,1.7));
#17496=CARTESIAN_POINT('Origin',(-7.5,-1.8,1.5));
#17497=CARTESIAN_POINT('',(-7.5,-1.3,1.7));
#17498=CARTESIAN_POINT('Origin',(-7.05,-1.8,2.08333333333333));
#17499=CARTESIAN_POINT('',(-7.05,-1.3,2.08333333333333));
#17500=CARTESIAN_POINT('',(-7.05,-1.3,1.76666666666667));
#17501=CARTESIAN_POINT('',(-7.05,-1.8,2.08333333333333));
#17502=CARTESIAN_POINT('Origin',(-6.98333333333333,-1.8,2.08333333333333));
#17503=CARTESIAN_POINT('',(-6.98333333333333,-1.3,2.15));
#17504=CARTESIAN_POINT('Origin',(-6.98333333333333,-1.3,2.08333333333333));
#17505=CARTESIAN_POINT('',(-6.98333333333333,-1.8,2.15));
#17506=CARTESIAN_POINT('Origin',(-6.85,-1.8,2.15));
#17507=CARTESIAN_POINT('',(-6.98333333333333,-1.3,2.15));
#17508=CARTESIAN_POINT('Origin',(-6.85,-1.3,2.35));
#17509=CARTESIAN_POINT('Origin',(-6.98333333333333,-2.75,2.35));
#17510=CARTESIAN_POINT('',(-6.98333333333333,-2.25,2.35));
#17511=CARTESIAN_POINT('',(-6.85,-2.25,2.35));
#17512=CARTESIAN_POINT('',(-6.98333333333333,-2.75,2.35));
#17513=CARTESIAN_POINT('Origin',(-6.98333333333333,-2.75,2.08333333333333));
#17514=CARTESIAN_POINT('',(-7.25,-2.25,2.08333333333333));
#17515=CARTESIAN_POINT('Origin',(-6.98333333333333,-2.25,2.08333333333333));
#17516=CARTESIAN_POINT('',(-7.25,-2.75,2.08333333333333));
#17517=CARTESIAN_POINT('Origin',(-7.25,-2.75,1.76666666666667));
#17518=CARTESIAN_POINT('',(-7.25,-2.25,1.76666666666667));
#17519=CARTESIAN_POINT('',(-7.25,-2.25,2.08333333333333));
#17520=CARTESIAN_POINT('',(-7.25,-2.75,1.76666666666667));
#17521=CARTESIAN_POINT('Origin',(-7.31666666666667,-2.75,1.76666666666667));
#17522=CARTESIAN_POINT('',(-7.31666666666667,-2.25,1.7));
#17523=CARTESIAN_POINT('Origin',(-7.31666666666667,-2.25,1.76666666666667));
#17524=CARTESIAN_POINT('',(-7.31666666666667,-2.75,1.7));
#17525=CARTESIAN_POINT('Origin',(-7.5,-2.75,1.7));
#17526=CARTESIAN_POINT('',(-7.5,-2.25,1.7));
#17527=CARTESIAN_POINT('',(-7.31666666666667,-2.25,1.7));
#17528=CARTESIAN_POINT('',(-7.5,-2.75,1.7));
#17529=CARTESIAN_POINT('Origin',(-7.5,-2.75,1.5));
#17530=CARTESIAN_POINT('',(-7.5,-2.25,1.7));
#17531=CARTESIAN_POINT('Origin',(-7.05,-2.75,2.08333333333333));
#17532=CARTESIAN_POINT('',(-7.05,-2.25,2.08333333333333));
#17533=CARTESIAN_POINT('',(-7.05,-2.25,1.76666666666667));
#17534=CARTESIAN_POINT('',(-7.05,-2.75,2.08333333333333));
#17535=CARTESIAN_POINT('Origin',(-6.98333333333333,-2.75,2.08333333333333));
#17536=CARTESIAN_POINT('',(-6.98333333333333,-2.25,2.15));
#17537=CARTESIAN_POINT('Origin',(-6.98333333333333,-2.25,2.08333333333333));
#17538=CARTESIAN_POINT('',(-6.98333333333333,-2.75,2.15));
#17539=CARTESIAN_POINT('Origin',(-6.85,-2.75,2.15));
#17540=CARTESIAN_POINT('',(-6.98333333333333,-2.25,2.15));
#17541=CARTESIAN_POINT('Origin',(-6.85,-2.25,2.35));
#17542=CARTESIAN_POINT('Origin',(-6.98333333333333,-3.7,2.35));
#17543=CARTESIAN_POINT('',(-6.98333333333333,-3.2,2.35));
#17544=CARTESIAN_POINT('',(-6.85,-3.2,2.35));
#17545=CARTESIAN_POINT('',(-6.98333333333333,-3.7,2.35));
#17546=CARTESIAN_POINT('Origin',(-6.98333333333333,-3.7,2.08333333333333));
#17547=CARTESIAN_POINT('',(-7.25,-3.2,2.08333333333333));
#17548=CARTESIAN_POINT('Origin',(-6.98333333333333,-3.2,2.08333333333333));
#17549=CARTESIAN_POINT('',(-7.25,-3.7,2.08333333333333));
#17550=CARTESIAN_POINT('Origin',(-7.25,-3.7,1.76666666666667));
#17551=CARTESIAN_POINT('',(-7.25,-3.2,1.76666666666667));
#17552=CARTESIAN_POINT('',(-7.25,-3.2,2.08333333333333));
#17553=CARTESIAN_POINT('',(-7.25,-3.7,1.76666666666667));
#17554=CARTESIAN_POINT('Origin',(-7.31666666666667,-3.7,1.76666666666667));
#17555=CARTESIAN_POINT('',(-7.31666666666667,-3.2,1.7));
#17556=CARTESIAN_POINT('Origin',(-7.31666666666667,-3.2,1.76666666666667));
#17557=CARTESIAN_POINT('',(-7.31666666666667,-3.7,1.7));
#17558=CARTESIAN_POINT('Origin',(-7.5,-3.7,1.7));
#17559=CARTESIAN_POINT('',(-7.5,-3.2,1.7));
#17560=CARTESIAN_POINT('',(-7.31666666666667,-3.2,1.7));
#17561=CARTESIAN_POINT('',(-7.5,-3.7,1.7));
#17562=CARTESIAN_POINT('Origin',(-7.5,-3.7,1.5));
#17563=CARTESIAN_POINT('',(-7.5,-3.2,1.7));
#17564=CARTESIAN_POINT('Origin',(-7.05,-3.7,2.08333333333333));
#17565=CARTESIAN_POINT('',(-7.05,-3.2,2.08333333333333));
#17566=CARTESIAN_POINT('',(-7.05,-3.2,1.76666666666667));
#17567=CARTESIAN_POINT('',(-7.05,-3.7,2.08333333333333));
#17568=CARTESIAN_POINT('Origin',(-6.98333333333333,-3.7,2.08333333333333));
#17569=CARTESIAN_POINT('',(-6.98333333333333,-3.2,2.15));
#17570=CARTESIAN_POINT('Origin',(-6.98333333333333,-3.2,2.08333333333333));
#17571=CARTESIAN_POINT('',(-6.98333333333333,-3.7,2.15));
#17572=CARTESIAN_POINT('Origin',(-6.85,-3.7,2.15));
#17573=CARTESIAN_POINT('',(-6.98333333333333,-3.2,2.15));
#17574=CARTESIAN_POINT('Origin',(-6.85,-3.2,2.35));
#17575=CARTESIAN_POINT('Origin',(-5.01666666666667,-1.3,2.35));
#17576=CARTESIAN_POINT('',(-5.15,-1.8,2.35));
#17577=CARTESIAN_POINT('',(-5.15,-1.9,2.35));
#17578=CARTESIAN_POINT('',(-5.01666666666667,-1.8,2.35));
#17579=CARTESIAN_POINT('',(-5.15,-1.8,2.35));
#17580=CARTESIAN_POINT('',(-5.01666666666667,-1.3,2.35));
#17581=CARTESIAN_POINT('Origin',(-5.01666666666667,-1.3,2.08333333333333));
#17582=CARTESIAN_POINT('',(-4.75,-1.8,2.08333333333333));
#17583=CARTESIAN_POINT('Origin',(-5.01666666666667,-1.8,2.08333333333333));
#17584=CARTESIAN_POINT('',(-4.75,-1.3,2.08333333333333));
#17585=CARTESIAN_POINT('Origin',(-4.75,-1.3,1.76666666666667));
#17586=CARTESIAN_POINT('',(-4.75,-1.8,1.76666666666667));
#17587=CARTESIAN_POINT('',(-4.75,-1.8,2.08333333333333));
#17588=CARTESIAN_POINT('',(-4.75,-1.3,1.76666666666667));
#17589=CARTESIAN_POINT('Origin',(-4.68333333333333,-1.3,1.76666666666667));
#17590=CARTESIAN_POINT('',(-4.68333333333333,-1.8,1.7));
#17591=CARTESIAN_POINT('Origin',(-4.68333333333333,-1.8,1.76666666666667));
#17592=CARTESIAN_POINT('',(-4.68333333333333,-1.3,1.7));
#17593=CARTESIAN_POINT('Origin',(-4.5,-1.3,1.7));
#17594=CARTESIAN_POINT('',(-4.5,-1.8,1.7));
#17595=CARTESIAN_POINT('',(-4.68333333333333,-1.8,1.7));
#17596=CARTESIAN_POINT('',(-4.5,-1.3,1.7));
#17597=CARTESIAN_POINT('Origin',(-4.5,-1.3,1.5));
#17598=CARTESIAN_POINT('',(-4.5,-1.8,1.7));
#17599=CARTESIAN_POINT('Origin',(-4.95,-1.3,2.08333333333333));
#17600=CARTESIAN_POINT('',(-4.95,-1.8,2.08333333333333));
#17601=CARTESIAN_POINT('',(-4.95,-1.8,1.76666666666667));
#17602=CARTESIAN_POINT('',(-4.95,-1.3,2.08333333333333));
#17603=CARTESIAN_POINT('Origin',(-5.01666666666667,-1.3,2.08333333333333));
#17604=CARTESIAN_POINT('',(-5.01666666666667,-1.8,2.15));
#17605=CARTESIAN_POINT('Origin',(-5.01666666666667,-1.8,2.08333333333333));
#17606=CARTESIAN_POINT('',(-5.01666666666667,-1.3,2.15));
#17607=CARTESIAN_POINT('Origin',(-5.15,-1.3,2.15));
#17608=CARTESIAN_POINT('',(-5.15,-1.8,2.15));
#17609=CARTESIAN_POINT('',(-5.01666666666667,-1.8,2.15));
#17610=CARTESIAN_POINT('',(-5.15,-1.9,2.15));
#17611=CARTESIAN_POINT('Origin',(-5.15,-1.8,2.35));
#17612=CARTESIAN_POINT('',(-5.15,-1.8,2.3));
#17613=CARTESIAN_POINT('Origin',(-5.01666666666667,-3.2,2.35));
#17614=CARTESIAN_POINT('',(-5.15,-3.7,2.35));
#17615=CARTESIAN_POINT('',(-5.15,-2.85,2.35));
#17616=CARTESIAN_POINT('',(-5.01666666666667,-3.7,2.35));
#17617=CARTESIAN_POINT('',(-5.15,-3.7,2.35));
#17618=CARTESIAN_POINT('',(-5.01666666666667,-3.2,2.35));
#17619=CARTESIAN_POINT('Origin',(-5.01666666666667,-3.2,2.08333333333333));
#17620=CARTESIAN_POINT('',(-4.75,-3.7,2.08333333333333));
#17621=CARTESIAN_POINT('Origin',(-5.01666666666667,-3.7,2.08333333333333));
#17622=CARTESIAN_POINT('',(-4.75,-3.2,2.08333333333333));
#17623=CARTESIAN_POINT('Origin',(-4.75,-3.2,1.76666666666667));
#17624=CARTESIAN_POINT('',(-4.75,-3.7,1.76666666666667));
#17625=CARTESIAN_POINT('',(-4.75,-3.7,2.08333333333333));
#17626=CARTESIAN_POINT('',(-4.75,-3.2,1.76666666666667));
#17627=CARTESIAN_POINT('Origin',(-4.68333333333333,-3.2,1.76666666666667));
#17628=CARTESIAN_POINT('',(-4.68333333333333,-3.7,1.7));
#17629=CARTESIAN_POINT('Origin',(-4.68333333333333,-3.7,1.76666666666667));
#17630=CARTESIAN_POINT('',(-4.68333333333333,-3.2,1.7));
#17631=CARTESIAN_POINT('Origin',(-4.5,-3.2,1.7));
#17632=CARTESIAN_POINT('',(-4.5,-3.7,1.7));
#17633=CARTESIAN_POINT('',(-4.68333333333333,-3.7,1.7));
#17634=CARTESIAN_POINT('',(-4.5,-3.2,1.7));
#17635=CARTESIAN_POINT('Origin',(-4.5,-3.2,1.5));
#17636=CARTESIAN_POINT('',(-4.5,-3.7,1.7));
#17637=CARTESIAN_POINT('Origin',(-4.95,-3.2,2.08333333333333));
#17638=CARTESIAN_POINT('',(-4.95,-3.7,2.08333333333333));
#17639=CARTESIAN_POINT('',(-4.95,-3.7,1.76666666666667));
#17640=CARTESIAN_POINT('',(-4.95,-3.2,2.08333333333333));
#17641=CARTESIAN_POINT('Origin',(-5.01666666666667,-3.2,2.08333333333333));
#17642=CARTESIAN_POINT('',(-5.01666666666667,-3.7,2.15));
#17643=CARTESIAN_POINT('Origin',(-5.01666666666667,-3.7,2.08333333333333));
#17644=CARTESIAN_POINT('',(-5.01666666666667,-3.2,2.15));
#17645=CARTESIAN_POINT('Origin',(-5.15,-3.2,2.15));
#17646=CARTESIAN_POINT('',(-5.15,-3.7,2.15));
#17647=CARTESIAN_POINT('',(-5.01666666666667,-3.7,2.15));
#17648=CARTESIAN_POINT('',(-5.15,-2.85,2.15));
#17649=CARTESIAN_POINT('Origin',(-5.15,-3.7,2.35));
#17650=CARTESIAN_POINT('',(-5.15,-3.7,2.3));
#17651=CARTESIAN_POINT('Origin',(-6.625,-1.225,2.95));
#17652=CARTESIAN_POINT('',(-6.775,-1.225,2.9));
#17653=CARTESIAN_POINT('Origin',(-6.625,-1.225,2.9));
#17654=CARTESIAN_POINT('',(-6.775,-1.225,2.95));
#17655=CARTESIAN_POINT('',(-6.775,-1.225,2.95));
#17656=CARTESIAN_POINT('Origin',(-6.625,-1.225,2.95));
#17657=CARTESIAN_POINT('Origin',(-6.625,-1.225,2.9));
#17658=CARTESIAN_POINT('Origin',(-6.,-2.5,2.95));
#17659=CARTESIAN_POINT('',(-5.15,-1.,2.95));
#17660=CARTESIAN_POINT('',(-5.15,-2.5,2.95));
#17661=CARTESIAN_POINT('',(-6.,-1.,2.95));
#17662=CARTESIAN_POINT('Origin',(-6.,-1.,2.25));
#17663=CARTESIAN_POINT('',(-5.15,-1.,2.25));
#17664=CARTESIAN_POINT('Origin',(-5.15,-2.5,2.25));
#17665=CARTESIAN_POINT('Origin',(-13.8574081112887,-5.34872376419114,1.6));
#17666=CARTESIAN_POINT('',(-13.8574081112887,-5.66796173747655,0.));
#17667=CARTESIAN_POINT('',(-13.8574081112887,-5.34872376419114,0.));
#17668=CARTESIAN_POINT('',(-13.8574081112887,-2.47272376419114,0.));
#17669=CARTESIAN_POINT('',(-13.8574081112887,-5.66796173747655,1.6));
#17670=CARTESIAN_POINT('',(-13.8574081112887,-5.34872376419114,1.6));
#17671=CARTESIAN_POINT('Origin',(-14.0574081112887,-5.34872376419114,1.6));
#17672=CARTESIAN_POINT('',(-14.0574081112887,-5.14872376419114,0.));
#17673=CARTESIAN_POINT('Origin',(-14.0574081112887,-5.34872376419114,0.));
#17674=CARTESIAN_POINT('',(-14.0574081112887,-5.14872376419114,1.6));
#17675=CARTESIAN_POINT('Origin',(-15.3454618251532,-5.14872376419114,1.6));
#17676=CARTESIAN_POINT('',(-15.3454618251532,-5.14872376419114,0.));
#17677=CARTESIAN_POINT('',(-7.74546182515318,-5.14872376419114,0.));
#17678=CARTESIAN_POINT('',(-15.3454618251532,-5.14872376419114,1.6));
#17679=CARTESIAN_POINT('Origin',(-15.3454618251532,-5.34872376419114,1.6));
#17680=CARTESIAN_POINT('',(-15.5454618251532,-5.34872376419114,0.));
#17681=CARTESIAN_POINT('Origin',(-15.3454618251532,-5.34872376419114,0.));
#17682=CARTESIAN_POINT('',(-15.5454618251532,-5.34872376419114,1.6));
#17683=CARTESIAN_POINT('Origin',(-15.5454618251532,-5.66796173747655,1.6));
#17684=CARTESIAN_POINT('',(-15.5454618251532,-5.66796173747655,0.));
#17685=CARTESIAN_POINT('',(-15.5454618251532,-2.63234275083385,0.));
#17686=CARTESIAN_POINT('',(-15.5454618251532,-5.66796173747655,1.6));
#17687=CARTESIAN_POINT('Origin',(-15.3454618251532,-5.66796173747655,1.6));
#17688=CARTESIAN_POINT('',(-15.3454618251532,-5.86796173747655,0.));
#17689=CARTESIAN_POINT('Origin',(-15.3454618251532,-5.66796173747655,0.));
#17690=CARTESIAN_POINT('',(-15.3454618251532,-5.86796173747655,1.6));
#17691=CARTESIAN_POINT('Origin',(-14.0574081112887,-5.86796173747655,1.6));
#17692=CARTESIAN_POINT('',(-14.0574081112887,-5.86796173747655,0.));
#17693=CARTESIAN_POINT('',(-7.10143496822094,-5.86796173747655,0.));
#17694=CARTESIAN_POINT('',(-14.0574081112887,-5.86796173747655,1.6));
#17695=CARTESIAN_POINT('Origin',(-14.0574081112887,-5.66796173747655,1.6));
#17696=CARTESIAN_POINT('Origin',(-14.0574081112887,-5.66796173747655,0.));
#17697=CARTESIAN_POINT('Origin',(-10.8693543974242,6.47451420909426,1.6));
#17698=CARTESIAN_POINT('',(-10.8693543974242,6.15527623580885,0.));
#17699=CARTESIAN_POINT('',(-10.8693543974242,6.47451420909426,0.));
#17700=CARTESIAN_POINT('',(-10.8693543974242,3.43889522245156,0.));
#17701=CARTESIAN_POINT('',(-10.8693543974242,6.15527623580885,1.6));
#17702=CARTESIAN_POINT('',(-10.8693543974242,6.47451420909426,1.6));
#17703=CARTESIAN_POINT('Origin',(-11.0693543974242,6.47451420909426,1.6));
#17704=CARTESIAN_POINT('',(-11.0693543974242,6.67451420909426,0.));
#17705=CARTESIAN_POINT('Origin',(-11.0693543974242,6.47451420909426,0.));
#17706=CARTESIAN_POINT('',(-11.0693543974242,6.67451420909426,1.6));
#17707=CARTESIAN_POINT('Origin',(-12.3574081112887,6.67451420909426,1.6));
#17708=CARTESIAN_POINT('',(-12.3574081112887,6.67451420909426,0.));
#17709=CARTESIAN_POINT('',(-6.25143496822094,6.67451420909426,0.));
#17710=CARTESIAN_POINT('',(-12.3574081112887,6.67451420909426,1.6));
#17711=CARTESIAN_POINT('Origin',(-12.3574081112887,6.47451420909426,1.6));
#17712=CARTESIAN_POINT('',(-12.5574081112887,6.47451420909426,0.));
#17713=CARTESIAN_POINT('Origin',(-12.3574081112887,6.47451420909426,0.));
#17714=CARTESIAN_POINT('',(-12.5574081112887,6.47451420909426,1.6));
#17715=CARTESIAN_POINT('Origin',(-12.5574081112887,6.15527623580885,1.6));
#17716=CARTESIAN_POINT('',(-12.5574081112887,6.15527623580885,0.));
#17717=CARTESIAN_POINT('',(-12.5574081112887,3.27927623580885,0.));
#17718=CARTESIAN_POINT('',(-12.5574081112887,6.15527623580885,1.6));
#17719=CARTESIAN_POINT('Origin',(-12.3574081112887,6.15527623580885,1.6));
#17720=CARTESIAN_POINT('',(-12.3574081112887,5.95527623580886,0.));
#17721=CARTESIAN_POINT('Origin',(-12.3574081112887,6.15527623580885,0.));
#17722=CARTESIAN_POINT('',(-12.3574081112887,5.95527623580886,1.6));
#17723=CARTESIAN_POINT('Origin',(-11.0693543974242,5.95527623580886,1.6));
#17724=CARTESIAN_POINT('',(-11.0693543974242,5.95527623580886,0.));
#17725=CARTESIAN_POINT('',(-5.60740811128869,5.95527623580886,0.));
#17726=CARTESIAN_POINT('',(-11.0693543974242,5.95527623580886,1.6));
#17727=CARTESIAN_POINT('Origin',(-11.0693543974242,6.15527623580885,1.6));
#17728=CARTESIAN_POINT('Origin',(-11.0693543974242,6.15527623580885,0.));
#17729=CARTESIAN_POINT('Origin',(-10.8693543974242,-5.34872376419114,1.6));
#17730=CARTESIAN_POINT('',(-10.8693543974242,-5.66796173747655,0.));
#17731=CARTESIAN_POINT('',(-10.8693543974242,-5.34872376419114,0.));
#17732=CARTESIAN_POINT('',(-10.8693543974242,-2.47272376419114,0.));
#17733=CARTESIAN_POINT('',(-10.8693543974242,-5.66796173747655,1.6));
#17734=CARTESIAN_POINT('',(-10.8693543974242,-5.34872376419114,1.6));
#17735=CARTESIAN_POINT('Origin',(-11.0693543974242,-5.34872376419114,1.6));
#17736=CARTESIAN_POINT('',(-11.0693543974242,-5.14872376419114,0.));
#17737=CARTESIAN_POINT('Origin',(-11.0693543974242,-5.34872376419114,0.));
#17738=CARTESIAN_POINT('',(-11.0693543974242,-5.14872376419114,1.6));
#17739=CARTESIAN_POINT('Origin',(-12.3574081112887,-5.14872376419114,1.6));
#17740=CARTESIAN_POINT('',(-12.3574081112887,-5.14872376419114,0.));
#17741=CARTESIAN_POINT('',(-6.25143496822094,-5.14872376419114,0.));
#17742=CARTESIAN_POINT('',(-12.3574081112887,-5.14872376419114,1.6));
#17743=CARTESIAN_POINT('Origin',(-12.3574081112887,-5.34872376419114,1.6));
#17744=CARTESIAN_POINT('',(-12.5574081112887,-5.34872376419114,0.));
#17745=CARTESIAN_POINT('Origin',(-12.3574081112887,-5.34872376419114,0.));
#17746=CARTESIAN_POINT('',(-12.5574081112887,-5.34872376419114,1.6));
#17747=CARTESIAN_POINT('Origin',(-12.5574081112887,-5.66796173747655,1.6));
#17748=CARTESIAN_POINT('',(-12.5574081112887,-5.66796173747655,0.));
#17749=CARTESIAN_POINT('',(-12.5574081112887,-2.63234275083385,0.));
#17750=CARTESIAN_POINT('',(-12.5574081112887,-5.66796173747655,1.6));
#17751=CARTESIAN_POINT('Origin',(-12.3574081112887,-5.66796173747655,1.6));
#17752=CARTESIAN_POINT('',(-12.3574081112887,-5.86796173747655,0.));
#17753=CARTESIAN_POINT('Origin',(-12.3574081112887,-5.66796173747655,0.));
#17754=CARTESIAN_POINT('',(-12.3574081112887,-5.86796173747655,1.6));
#17755=CARTESIAN_POINT('Origin',(-11.0693543974242,-5.86796173747655,1.6));
#17756=CARTESIAN_POINT('',(-11.0693543974242,-5.86796173747655,0.));
#17757=CARTESIAN_POINT('',(-5.60740811128869,-5.86796173747655,0.));
#17758=CARTESIAN_POINT('',(-11.0693543974242,-5.86796173747655,1.6));
#17759=CARTESIAN_POINT('Origin',(-11.0693543974242,-5.66796173747655,1.6));
#17760=CARTESIAN_POINT('Origin',(-11.0693543974242,-5.66796173747655,0.));
#17761=CARTESIAN_POINT('Origin',(-13.8574081112887,6.47451420909426,1.6));
#17762=CARTESIAN_POINT('',(-13.8574081112887,6.15527623580885,0.));
#17763=CARTESIAN_POINT('',(-13.8574081112887,6.47451420909426,0.));
#17764=CARTESIAN_POINT('',(-13.8574081112887,3.43889522245156,0.));
#17765=CARTESIAN_POINT('',(-13.8574081112887,6.15527623580885,1.6));
#17766=CARTESIAN_POINT('',(-13.8574081112887,6.47451420909426,1.6));
#17767=CARTESIAN_POINT('Origin',(-14.0574081112887,6.47451420909426,1.6));
#17768=CARTESIAN_POINT('',(-14.0574081112887,6.67451420909426,0.));
#17769=CARTESIAN_POINT('Origin',(-14.0574081112887,6.47451420909426,0.));
#17770=CARTESIAN_POINT('',(-14.0574081112887,6.67451420909426,1.6));
#17771=CARTESIAN_POINT('Origin',(-15.3454618251532,6.67451420909426,1.6));
#17772=CARTESIAN_POINT('',(-15.3454618251532,6.67451420909426,0.));
#17773=CARTESIAN_POINT('',(-7.74546182515318,6.67451420909426,0.));
#17774=CARTESIAN_POINT('',(-15.3454618251532,6.67451420909426,1.6));
#17775=CARTESIAN_POINT('Origin',(-15.3454618251532,6.47451420909426,1.6));
#17776=CARTESIAN_POINT('',(-15.5454618251532,6.47451420909426,0.));
#17777=CARTESIAN_POINT('Origin',(-15.3454618251532,6.47451420909426,0.));
#17778=CARTESIAN_POINT('',(-15.5454618251532,6.47451420909426,1.6));
#17779=CARTESIAN_POINT('Origin',(-15.5454618251532,6.15527623580885,1.6));
#17780=CARTESIAN_POINT('',(-15.5454618251532,6.15527623580885,0.));
#17781=CARTESIAN_POINT('',(-15.5454618251532,3.27927623580885,0.));
#17782=CARTESIAN_POINT('',(-15.5454618251532,6.15527623580885,1.6));
#17783=CARTESIAN_POINT('Origin',(-15.3454618251532,6.15527623580885,1.6));
#17784=CARTESIAN_POINT('',(-15.3454618251532,5.95527623580886,0.));
#17785=CARTESIAN_POINT('Origin',(-15.3454618251532,6.15527623580885,0.));
#17786=CARTESIAN_POINT('',(-15.3454618251532,5.95527623580886,1.6));
#17787=CARTESIAN_POINT('Origin',(-14.0574081112887,5.95527623580886,1.6));
#17788=CARTESIAN_POINT('',(-14.0574081112887,5.95527623580886,0.));
#17789=CARTESIAN_POINT('',(-7.10143496822094,5.95527623580886,0.));
#17790=CARTESIAN_POINT('',(-14.0574081112887,5.95527623580886,1.6));
#17791=CARTESIAN_POINT('Origin',(-14.0574081112887,6.15527623580885,1.6));
#17792=CARTESIAN_POINT('Origin',(-14.0574081112887,6.15527623580885,0.));
#17793=CARTESIAN_POINT('Origin',(12.1145381748468,-1.80672376419114,0.1));
#17794=CARTESIAN_POINT('',(12.7645381748468,-1.80672376419114,0.1));
#17795=CARTESIAN_POINT('Origin',(12.1145381748468,-1.80672376419114,0.1));
#17796=CARTESIAN_POINT('',(11.6145381748468,-1.80672376419114,0.1));
#17797=CARTESIAN_POINT('Origin',(12.1145381748468,-1.80672376419114,0.1));
#17798=CARTESIAN_POINT('Origin',(12.1145381748468,-1.80672376419114,0.05));
#17799=CARTESIAN_POINT('',(12.7645381748468,-1.80672376419114,0.));
#17800=CARTESIAN_POINT('Origin',(12.1145381748468,-1.80672376419114,0.));
#17801=CARTESIAN_POINT('',(12.7645381748468,-1.80672376419114,0.05));
#17802=CARTESIAN_POINT('Origin',(12.1145381748468,-4.20672376419114,0.1));
#17803=CARTESIAN_POINT('',(12.7645381748468,-4.20672376419114,0.1));
#17804=CARTESIAN_POINT('Origin',(12.1145381748468,-4.20672376419114,0.1));
#17805=CARTESIAN_POINT('',(11.6145381748468,-4.20672376419114,0.1));
#17806=CARTESIAN_POINT('Origin',(12.1145381748468,-4.20672376419114,0.1));
#17807=CARTESIAN_POINT('Origin',(12.1145381748468,-4.20672376419114,0.05));
#17808=CARTESIAN_POINT('',(12.7645381748468,-4.20672376419114,0.));
#17809=CARTESIAN_POINT('Origin',(12.1145381748468,-4.20672376419114,0.));
#17810=CARTESIAN_POINT('',(12.7645381748468,-4.20672376419114,0.05));
#17811=CARTESIAN_POINT('Origin',(12.1145381748468,0.593276235808855,0.1));
#17812=CARTESIAN_POINT('',(12.7645381748468,0.593276235808855,0.1));
#17813=CARTESIAN_POINT('Origin',(12.1145381748468,0.593276235808855,0.1));
#17814=CARTESIAN_POINT('',(11.6145381748468,0.593276235808855,0.1));
#17815=CARTESIAN_POINT('Origin',(12.1145381748468,0.593276235808855,0.1));
#17816=CARTESIAN_POINT('Origin',(12.1145381748468,0.593276235808855,0.05));
#17817=CARTESIAN_POINT('',(12.7645381748468,0.593276235808855,0.));
#17818=CARTESIAN_POINT('Origin',(12.1145381748468,0.593276235808855,0.));
#17819=CARTESIAN_POINT('',(12.7645381748468,0.593276235808855,0.05));
#17820=CARTESIAN_POINT('Origin',(12.1145381748468,-1.80672376419114,1.5));
#17821=CARTESIAN_POINT('',(11.4645381748468,-1.80672376419114,1.5));
#17822=CARTESIAN_POINT('Origin',(12.1145381748468,-1.80672376419114,1.5));
#17823=CARTESIAN_POINT('',(11.6145381748468,-1.80672376419114,1.5));
#17824=CARTESIAN_POINT('Origin',(12.1145381748468,-1.80672376419114,1.5));
#17825=CARTESIAN_POINT('Origin',(12.1145381748468,-1.80672376419114,1.55));
#17826=CARTESIAN_POINT('',(11.4645381748468,-1.80672376419114,1.55));
#17827=CARTESIAN_POINT('Origin',(12.1145381748468,-1.80672376419114,0.8));
#17828=CARTESIAN_POINT('',(11.6145381748468,-1.80672376419114,0.8));
#17829=CARTESIAN_POINT('Origin',(12.1145381748468,0.593276235808855,1.5));
#17830=CARTESIAN_POINT('',(11.4645381748468,0.593276235808855,1.5));
#17831=CARTESIAN_POINT('Origin',(12.1145381748468,0.593276235808855,1.5));
#17832=CARTESIAN_POINT('',(11.6145381748468,0.593276235808855,1.5));
#17833=CARTESIAN_POINT('Origin',(12.1145381748468,0.593276235808855,1.5));
#17834=CARTESIAN_POINT('Origin',(12.1145381748468,0.593276235808855,1.55));
#17835=CARTESIAN_POINT('',(11.4645381748468,0.593276235808855,1.55));
#17836=CARTESIAN_POINT('Origin',(12.1145381748468,0.593276235808855,0.8));
#17837=CARTESIAN_POINT('',(11.6145381748468,0.593276235808855,0.8));
#17838=CARTESIAN_POINT('Origin',(12.1145381748468,-4.20672376419114,1.5));
#17839=CARTESIAN_POINT('',(11.4645381748468,-4.20672376419114,1.5));
#17840=CARTESIAN_POINT('Origin',(12.1145381748468,-4.20672376419114,1.5));
#17841=CARTESIAN_POINT('',(11.6145381748468,-4.20672376419114,1.5));
#17842=CARTESIAN_POINT('Origin',(12.1145381748468,-4.20672376419114,1.5));
#17843=CARTESIAN_POINT('Origin',(12.1145381748468,-4.20672376419114,1.55));
#17844=CARTESIAN_POINT('',(11.4645381748468,-4.20672376419114,1.55));
#17845=CARTESIAN_POINT('Origin',(12.1145381748468,-4.20672376419114,0.8));
#17846=CARTESIAN_POINT('',(11.6145381748468,-4.20672376419114,0.8));
#17847=CARTESIAN_POINT('Origin',(-12.8454618251532,-7.44672376419115,0.05));
#17848=CARTESIAN_POINT('',(-12.0954618251532,-7.44672376419115,0.05));
#17849=CARTESIAN_POINT('Origin',(-12.8454618251532,-7.44672376419115,0.05));
#17850=CARTESIAN_POINT('',(-13.3454618251532,-7.44672376419115,0.05));
#17851=CARTESIAN_POINT('Origin',(-12.8454618251532,-7.44672376419115,0.05));
#17852=CARTESIAN_POINT('Origin',(-12.8454618251532,-7.44672376419115,0.025));
#17853=CARTESIAN_POINT('',(-12.0954618251532,-7.44672376419115,0.));
#17854=CARTESIAN_POINT('Origin',(-12.8454618251532,-7.44672376419115,0.));
#17855=CARTESIAN_POINT('',(-12.0954618251532,-7.44672376419115,0.025));
#17856=CARTESIAN_POINT('Origin',(-7.76546182515318,-7.44672376419115,0.05));
#17857=CARTESIAN_POINT('',(-7.01546182515318,-7.44672376419115,0.05));
#17858=CARTESIAN_POINT('Origin',(-7.76546182515318,-7.44672376419115,0.05));
#17859=CARTESIAN_POINT('',(-8.26546182515318,-7.44672376419115,0.05));
#17860=CARTESIAN_POINT('Origin',(-7.76546182515318,-7.44672376419115,0.05));
#17861=CARTESIAN_POINT('Origin',(-7.76546182515318,-7.44672376419115,0.025));
#17862=CARTESIAN_POINT('',(-7.01546182515318,-7.44672376419115,0.));
#17863=CARTESIAN_POINT('Origin',(-7.76546182515318,-7.44672376419115,0.));
#17864=CARTESIAN_POINT('',(-7.01546182515318,-7.44672376419115,0.025));
#17865=CARTESIAN_POINT('Origin',(-2.68546182515318,-7.44672376419115,0.05));
#17866=CARTESIAN_POINT('',(-1.93546182515318,-7.44672376419115,0.05));
#17867=CARTESIAN_POINT('Origin',(-2.68546182515318,-7.44672376419115,0.05));
#17868=CARTESIAN_POINT('',(-3.18546182515318,-7.44672376419115,0.05));
#17869=CARTESIAN_POINT('Origin',(-2.68546182515318,-7.44672376419115,0.05));
#17870=CARTESIAN_POINT('Origin',(-2.68546182515318,-7.44672376419115,0.025));
#17871=CARTESIAN_POINT('',(-1.93546182515318,-7.44672376419115,0.));
#17872=CARTESIAN_POINT('Origin',(-2.68546182515318,-7.44672376419115,0.));
#17873=CARTESIAN_POINT('',(-1.93546182515318,-7.44672376419115,0.025));
#17874=CARTESIAN_POINT('Origin',(2.39453817484682,-7.44672376419115,0.05));
#17875=CARTESIAN_POINT('',(3.14453817484682,-7.44672376419115,0.05));
#17876=CARTESIAN_POINT('Origin',(2.39453817484682,-7.44672376419115,0.05));
#17877=CARTESIAN_POINT('',(1.89453817484682,-7.44672376419115,0.05));
#17878=CARTESIAN_POINT('Origin',(2.39453817484682,-7.44672376419115,0.05));
#17879=CARTESIAN_POINT('Origin',(2.39453817484682,-7.44672376419115,0.025));
#17880=CARTESIAN_POINT('',(3.14453817484682,-7.44672376419115,0.));
#17881=CARTESIAN_POINT('Origin',(2.39453817484682,-7.44672376419115,0.));
#17882=CARTESIAN_POINT('',(3.14453817484682,-7.44672376419115,0.025));
#17883=CARTESIAN_POINT('Origin',(7.47453817484682,-7.44672376419115,0.05));
#17884=CARTESIAN_POINT('',(8.22453817484682,-7.44672376419115,0.05));
#17885=CARTESIAN_POINT('Origin',(7.47453817484682,-7.44672376419115,0.05));
#17886=CARTESIAN_POINT('',(6.97453817484682,-7.44672376419115,0.05));
#17887=CARTESIAN_POINT('Origin',(7.47453817484682,-7.44672376419115,0.05));
#17888=CARTESIAN_POINT('Origin',(7.47453817484682,-7.44672376419115,0.025));
#17889=CARTESIAN_POINT('',(8.22453817484682,-7.44672376419115,0.));
#17890=CARTESIAN_POINT('Origin',(7.47453817484682,-7.44672376419115,0.));
#17891=CARTESIAN_POINT('',(8.22453817484682,-7.44672376419115,0.025));
#17892=CARTESIAN_POINT('Origin',(12.5545381748468,-7.44672376419115,0.05));
#17893=CARTESIAN_POINT('',(13.3045381748468,-7.44672376419115,0.05));
#17894=CARTESIAN_POINT('Origin',(12.5545381748468,-7.44672376419115,0.05));
#17895=CARTESIAN_POINT('',(12.0545381748468,-7.44672376419115,0.05));
#17896=CARTESIAN_POINT('Origin',(12.5545381748468,-7.44672376419115,0.05));
#17897=CARTESIAN_POINT('Origin',(12.5545381748468,-7.44672376419115,0.025));
#17898=CARTESIAN_POINT('',(13.3045381748468,-7.44672376419115,0.));
#17899=CARTESIAN_POINT('Origin',(12.5545381748468,-7.44672376419115,0.));
#17900=CARTESIAN_POINT('',(13.3045381748468,-7.44672376419115,0.025));
#17901=CARTESIAN_POINT('Origin',(15.0945381748468,8.25327623580885,0.05));
#17902=CARTESIAN_POINT('',(15.8445381748468,8.25327623580885,0.05));
#17903=CARTESIAN_POINT('Origin',(15.0945381748468,8.25327623580885,0.05));
#17904=CARTESIAN_POINT('',(14.5945381748468,8.25327623580885,0.05));
#17905=CARTESIAN_POINT('Origin',(15.0945381748468,8.25327623580885,0.05));
#17906=CARTESIAN_POINT('Origin',(15.0945381748468,8.25327623580885,0.025));
#17907=CARTESIAN_POINT('',(15.8445381748468,8.25327623580885,0.));
#17908=CARTESIAN_POINT('Origin',(15.0945381748468,8.25327623580885,0.));
#17909=CARTESIAN_POINT('',(15.8445381748468,8.25327623580885,0.025));
#17910=CARTESIAN_POINT('Origin',(10.0145381748468,8.25327623580885,0.05));
#17911=CARTESIAN_POINT('',(10.7645381748468,8.25327623580885,0.05));
#17912=CARTESIAN_POINT('Origin',(10.0145381748468,8.25327623580885,0.05));
#17913=CARTESIAN_POINT('',(9.51453817484682,8.25327623580885,0.05));
#17914=CARTESIAN_POINT('Origin',(10.0145381748468,8.25327623580885,0.05));
#17915=CARTESIAN_POINT('Origin',(10.0145381748468,8.25327623580885,0.025));
#17916=CARTESIAN_POINT('',(10.7645381748468,8.25327623580885,0.));
#17917=CARTESIAN_POINT('Origin',(10.0145381748468,8.25327623580885,0.));
#17918=CARTESIAN_POINT('',(10.7645381748468,8.25327623580885,0.025));
#17919=CARTESIAN_POINT('Origin',(4.93453817484682,8.25327623580885,0.05));
#17920=CARTESIAN_POINT('',(5.68453817484682,8.25327623580885,0.05));
#17921=CARTESIAN_POINT('Origin',(4.93453817484682,8.25327623580885,0.05));
#17922=CARTESIAN_POINT('',(4.43453817484682,8.25327623580885,0.05));
#17923=CARTESIAN_POINT('Origin',(4.93453817484682,8.25327623580885,0.05));
#17924=CARTESIAN_POINT('Origin',(4.93453817484682,8.25327623580885,0.025));
#17925=CARTESIAN_POINT('',(5.68453817484682,8.25327623580885,0.));
#17926=CARTESIAN_POINT('Origin',(4.93453817484682,8.25327623580885,0.));
#17927=CARTESIAN_POINT('',(5.68453817484682,8.25327623580885,0.025));
#17928=CARTESIAN_POINT('Origin',(-0.145461825153181,8.25327623580885,0.05));
#17929=CARTESIAN_POINT('',(0.604538174846819,8.25327623580885,0.05));
#17930=CARTESIAN_POINT('Origin',(-0.145461825153181,8.25327623580885,0.05));
#17931=CARTESIAN_POINT('',(-0.645461825153181,8.25327623580885,0.05));
#17932=CARTESIAN_POINT('Origin',(-0.145461825153181,8.25327623580885,0.05));
#17933=CARTESIAN_POINT('Origin',(-0.145461825153181,8.25327623580885,0.025));
#17934=CARTESIAN_POINT('',(0.604538174846819,8.25327623580885,0.));
#17935=CARTESIAN_POINT('Origin',(-0.145461825153181,8.25327623580885,0.));
#17936=CARTESIAN_POINT('',(0.604538174846819,8.25327623580885,0.025));
#17937=CARTESIAN_POINT('Origin',(-5.22546182515318,8.25327623580885,0.05));
#17938=CARTESIAN_POINT('',(-4.47546182515318,8.25327623580885,0.05));
#17939=CARTESIAN_POINT('Origin',(-5.22546182515318,8.25327623580885,0.05));
#17940=CARTESIAN_POINT('',(-5.72546182515318,8.25327623580885,0.05));
#17941=CARTESIAN_POINT('Origin',(-5.22546182515318,8.25327623580885,0.05));
#17942=CARTESIAN_POINT('Origin',(-5.22546182515318,8.25327623580885,0.025));
#17943=CARTESIAN_POINT('',(-4.47546182515318,8.25327623580885,0.));
#17944=CARTESIAN_POINT('Origin',(-5.22546182515318,8.25327623580885,0.));
#17945=CARTESIAN_POINT('',(-4.47546182515318,8.25327623580885,0.025));
#17946=CARTESIAN_POINT('Origin',(-10.3054618251532,8.25327623580885,0.05));
#17947=CARTESIAN_POINT('',(-9.55546182515318,8.25327623580885,0.05));
#17948=CARTESIAN_POINT('Origin',(-10.3054618251532,8.25327623580885,0.05));
#17949=CARTESIAN_POINT('',(-10.8054618251532,8.25327623580885,0.05));
#17950=CARTESIAN_POINT('Origin',(-10.3054618251532,8.25327623580885,0.05));
#17951=CARTESIAN_POINT('Origin',(-10.3054618251532,8.25327623580885,0.025));
#17952=CARTESIAN_POINT('',(-9.55546182515318,8.25327623580885,0.));
#17953=CARTESIAN_POINT('Origin',(-10.3054618251532,8.25327623580885,0.));
#17954=CARTESIAN_POINT('',(-9.5554618251532,8.25327623580885,0.025));
#17955=CARTESIAN_POINT('Origin',(-15.3854618251532,8.25327623580885,0.05));
#17956=CARTESIAN_POINT('',(-14.6354618251532,8.25327623580885,0.05));
#17957=CARTESIAN_POINT('Origin',(-15.3854618251532,8.25327623580885,0.05));
#17958=CARTESIAN_POINT('',(-15.8854618251532,8.25327623580885,0.05));
#17959=CARTESIAN_POINT('Origin',(-15.3854618251532,8.25327623580885,0.05));
#17960=CARTESIAN_POINT('Origin',(-15.3854618251532,8.25327623580885,0.025));
#17961=CARTESIAN_POINT('',(-14.6354618251532,8.25327623580885,0.));
#17962=CARTESIAN_POINT('Origin',(-15.3854618251532,8.25327623580885,0.));
#17963=CARTESIAN_POINT('',(-14.6354618251532,8.25327623580885,0.025));
#17964=CARTESIAN_POINT('Origin',(-12.8454618251532,8.25327623580885,0.05));
#17965=CARTESIAN_POINT('',(-12.0954618251532,8.25327623580885,0.05));
#17966=CARTESIAN_POINT('Origin',(-12.8454618251532,8.25327623580885,0.05));
#17967=CARTESIAN_POINT('',(-13.3454618251532,8.25327623580885,0.05));
#17968=CARTESIAN_POINT('Origin',(-12.8454618251532,8.25327623580885,0.05));
#17969=CARTESIAN_POINT('Origin',(-12.8454618251532,8.25327623580885,0.025));
#17970=CARTESIAN_POINT('',(-12.0954618251532,8.25327623580885,0.));
#17971=CARTESIAN_POINT('Origin',(-12.8454618251532,8.25327623580885,0.));
#17972=CARTESIAN_POINT('',(-12.0954618251532,8.25327623580885,0.025));
#17973=CARTESIAN_POINT('Origin',(-7.76546182515318,8.25327623580885,0.05));
#17974=CARTESIAN_POINT('',(-7.01546182515318,8.25327623580885,0.05));
#17975=CARTESIAN_POINT('Origin',(-7.76546182515318,8.25327623580885,0.05));
#17976=CARTESIAN_POINT('',(-8.26546182515318,8.25327623580885,0.05));
#17977=CARTESIAN_POINT('Origin',(-7.76546182515318,8.25327623580885,0.05));
#17978=CARTESIAN_POINT('Origin',(-7.76546182515318,8.25327623580885,0.025));
#17979=CARTESIAN_POINT('',(-7.01546182515318,8.25327623580885,0.));
#17980=CARTESIAN_POINT('Origin',(-7.76546182515318,8.25327623580885,0.));
#17981=CARTESIAN_POINT('',(-7.01546182515318,8.25327623580885,0.025));
#17982=CARTESIAN_POINT('Origin',(-2.68546182515318,8.25327623580885,0.05));
#17983=CARTESIAN_POINT('',(-1.93546182515318,8.25327623580885,0.05));
#17984=CARTESIAN_POINT('Origin',(-2.68546182515318,8.25327623580885,0.05));
#17985=CARTESIAN_POINT('',(-3.18546182515318,8.25327623580885,0.05));
#17986=CARTESIAN_POINT('Origin',(-2.68546182515318,8.25327623580885,0.05));
#17987=CARTESIAN_POINT('Origin',(-2.68546182515318,8.25327623580885,0.025));
#17988=CARTESIAN_POINT('',(-1.93546182515318,8.25327623580885,0.));
#17989=CARTESIAN_POINT('Origin',(-2.68546182515318,8.25327623580885,0.));
#17990=CARTESIAN_POINT('',(-1.93546182515318,8.25327623580885,0.025));
#17991=CARTESIAN_POINT('Origin',(2.39453817484682,8.25327623580885,0.05));
#17992=CARTESIAN_POINT('',(3.14453817484682,8.25327623580885,0.05));
#17993=CARTESIAN_POINT('Origin',(2.39453817484682,8.25327623580885,0.05));
#17994=CARTESIAN_POINT('',(1.89453817484682,8.25327623580885,0.05));
#17995=CARTESIAN_POINT('Origin',(2.39453817484682,8.25327623580885,0.05));
#17996=CARTESIAN_POINT('Origin',(2.39453817484682,8.25327623580885,0.025));
#17997=CARTESIAN_POINT('',(3.14453817484682,8.25327623580885,0.));
#17998=CARTESIAN_POINT('Origin',(2.39453817484682,8.25327623580885,0.));
#17999=CARTESIAN_POINT('',(3.14453817484682,8.25327623580885,0.025));
#18000=CARTESIAN_POINT('Origin',(7.47453817484682,8.25327623580885,0.05));
#18001=CARTESIAN_POINT('',(8.22453817484682,8.25327623580885,0.05));
#18002=CARTESIAN_POINT('Origin',(7.47453817484682,8.25327623580885,0.05));
#18003=CARTESIAN_POINT('',(6.97453817484682,8.25327623580885,0.05));
#18004=CARTESIAN_POINT('Origin',(7.47453817484682,8.25327623580885,0.05));
#18005=CARTESIAN_POINT('Origin',(7.47453817484682,8.25327623580885,0.025));
#18006=CARTESIAN_POINT('',(8.22453817484682,8.25327623580885,0.));
#18007=CARTESIAN_POINT('Origin',(7.47453817484682,8.25327623580885,0.));
#18008=CARTESIAN_POINT('',(8.22453817484682,8.25327623580885,0.025));
#18009=CARTESIAN_POINT('Origin',(12.5545381748468,8.25327623580885,0.05));
#18010=CARTESIAN_POINT('',(13.3045381748468,8.25327623580885,0.05));
#18011=CARTESIAN_POINT('Origin',(12.5545381748468,8.25327623580885,0.05));
#18012=CARTESIAN_POINT('',(12.0545381748468,8.25327623580885,0.05));
#18013=CARTESIAN_POINT('Origin',(12.5545381748468,8.25327623580885,0.05));
#18014=CARTESIAN_POINT('Origin',(12.5545381748468,8.25327623580885,0.025));
#18015=CARTESIAN_POINT('',(13.3045381748468,8.25327623580885,0.));
#18016=CARTESIAN_POINT('Origin',(12.5545381748468,8.25327623580885,0.));
#18017=CARTESIAN_POINT('',(13.3045381748468,8.25327623580885,0.025));
#18018=CARTESIAN_POINT('Origin',(15.0945381748468,-7.44672376419115,0.05));
#18019=CARTESIAN_POINT('',(15.8445381748468,-7.44672376419115,0.05));
#18020=CARTESIAN_POINT('Origin',(15.0945381748468,-7.44672376419115,0.05));
#18021=CARTESIAN_POINT('',(14.5945381748468,-7.44672376419115,0.05));
#18022=CARTESIAN_POINT('Origin',(15.0945381748468,-7.44672376419115,0.05));
#18023=CARTESIAN_POINT('Origin',(15.0945381748468,-7.44672376419115,0.025));
#18024=CARTESIAN_POINT('',(15.8445381748468,-7.44672376419115,0.));
#18025=CARTESIAN_POINT('Origin',(15.0945381748468,-7.44672376419115,0.));
#18026=CARTESIAN_POINT('',(15.8445381748468,-7.44672376419115,0.025));
#18027=CARTESIAN_POINT('Origin',(10.0145381748468,-7.44672376419115,0.05));
#18028=CARTESIAN_POINT('',(10.7645381748468,-7.44672376419115,0.05));
#18029=CARTESIAN_POINT('Origin',(10.0145381748468,-7.44672376419115,0.05));
#18030=CARTESIAN_POINT('',(9.51453817484682,-7.44672376419115,0.05));
#18031=CARTESIAN_POINT('Origin',(10.0145381748468,-7.44672376419115,0.05));
#18032=CARTESIAN_POINT('Origin',(10.0145381748468,-7.44672376419115,0.025));
#18033=CARTESIAN_POINT('',(10.7645381748468,-7.44672376419115,0.));
#18034=CARTESIAN_POINT('Origin',(10.0145381748468,-7.44672376419115,0.));
#18035=CARTESIAN_POINT('',(10.7645381748468,-7.44672376419115,0.025));
#18036=CARTESIAN_POINT('Origin',(4.93453817484682,-7.44672376419115,0.05));
#18037=CARTESIAN_POINT('',(5.68453817484682,-7.44672376419115,0.05));
#18038=CARTESIAN_POINT('Origin',(4.93453817484682,-7.44672376419115,0.05));
#18039=CARTESIAN_POINT('',(4.43453817484682,-7.44672376419115,0.05));
#18040=CARTESIAN_POINT('Origin',(4.93453817484682,-7.44672376419115,0.05));
#18041=CARTESIAN_POINT('Origin',(4.93453817484682,-7.44672376419115,0.025));
#18042=CARTESIAN_POINT('',(5.68453817484682,-7.44672376419115,0.));
#18043=CARTESIAN_POINT('Origin',(4.93453817484682,-7.44672376419115,0.));
#18044=CARTESIAN_POINT('',(5.68453817484682,-7.44672376419115,0.025));
#18045=CARTESIAN_POINT('Origin',(-0.145461825153181,-7.44672376419115,0.05));
#18046=CARTESIAN_POINT('',(0.604538174846819,-7.44672376419115,0.05));
#18047=CARTESIAN_POINT('Origin',(-0.145461825153181,-7.44672376419115,0.05));
#18048=CARTESIAN_POINT('',(-0.645461825153181,-7.44672376419115,0.05));
#18049=CARTESIAN_POINT('Origin',(-0.145461825153181,-7.44672376419115,0.05));
#18050=CARTESIAN_POINT('Origin',(-0.145461825153181,-7.44672376419115,0.025));
#18051=CARTESIAN_POINT('',(0.604538174846819,-7.44672376419115,0.));
#18052=CARTESIAN_POINT('Origin',(-0.145461825153181,-7.44672376419115,0.));
#18053=CARTESIAN_POINT('',(0.604538174846819,-7.44672376419115,0.025));
#18054=CARTESIAN_POINT('Origin',(-5.22546182515318,-7.44672376419115,0.05));
#18055=CARTESIAN_POINT('',(-4.47546182515318,-7.44672376419115,0.05));
#18056=CARTESIAN_POINT('Origin',(-5.22546182515318,-7.44672376419115,0.05));
#18057=CARTESIAN_POINT('',(-5.72546182515318,-7.44672376419115,0.05));
#18058=CARTESIAN_POINT('Origin',(-5.22546182515318,-7.44672376419115,0.05));
#18059=CARTESIAN_POINT('Origin',(-5.22546182515318,-7.44672376419115,0.025));
#18060=CARTESIAN_POINT('',(-4.47546182515318,-7.44672376419115,0.));
#18061=CARTESIAN_POINT('Origin',(-5.22546182515318,-7.44672376419115,0.));
#18062=CARTESIAN_POINT('',(-4.47546182515318,-7.44672376419115,0.025));
#18063=CARTESIAN_POINT('Origin',(-10.3054618251532,-7.44672376419115,0.05));
#18064=CARTESIAN_POINT('',(-9.55546182515318,-7.44672376419115,0.05));
#18065=CARTESIAN_POINT('Origin',(-10.3054618251532,-7.44672376419115,0.05));
#18066=CARTESIAN_POINT('',(-10.8054618251532,-7.44672376419115,0.05));
#18067=CARTESIAN_POINT('Origin',(-10.3054618251532,-7.44672376419115,0.05));
#18068=CARTESIAN_POINT('Origin',(-10.3054618251532,-7.44672376419115,0.025));
#18069=CARTESIAN_POINT('',(-9.55546182515318,-7.44672376419115,0.));
#18070=CARTESIAN_POINT('Origin',(-10.3054618251532,-7.44672376419115,0.));
#18071=CARTESIAN_POINT('',(-9.5554618251532,-7.44672376419115,0.025));
#18072=CARTESIAN_POINT('Origin',(-15.3854618251532,-7.44672376419115,0.05));
#18073=CARTESIAN_POINT('',(-14.6354618251532,-7.44672376419115,0.05));
#18074=CARTESIAN_POINT('Origin',(-15.3854618251532,-7.44672376419115,0.05));
#18075=CARTESIAN_POINT('',(-15.8854618251532,-7.44672376419115,0.05));
#18076=CARTESIAN_POINT('Origin',(-15.3854618251532,-7.44672376419115,0.05));
#18077=CARTESIAN_POINT('Origin',(-15.3854618251532,-7.44672376419115,0.025));
#18078=CARTESIAN_POINT('',(-14.6354618251532,-7.44672376419115,0.));
#18079=CARTESIAN_POINT('Origin',(-15.3854618251532,-7.44672376419115,0.));
#18080=CARTESIAN_POINT('',(-14.6354618251532,-7.44672376419115,0.025));
#18081=CARTESIAN_POINT('Origin',(-7.76546182515318,-7.44672376419115,1.55));
#18082=CARTESIAN_POINT('',(-8.51546182515318,-7.44672376419115,1.55));
#18083=CARTESIAN_POINT('Origin',(-7.76546182515318,-7.44672376419115,1.55));
#18084=CARTESIAN_POINT('',(-8.26546182515318,-7.44672376419115,1.55));
#18085=CARTESIAN_POINT('Origin',(-7.76546182515318,-7.44672376419115,1.55));
#18086=CARTESIAN_POINT('Origin',(-7.76546182515318,-7.44672376419115,1.575));
#18087=CARTESIAN_POINT('',(-8.51546182515318,-7.44672376419115,1.575));
#18088=CARTESIAN_POINT('Origin',(-7.76546182515318,-7.44672376419115,0.8));
#18089=CARTESIAN_POINT('',(-8.26546182515318,-7.44672376419115,0.8));
#18090=CARTESIAN_POINT('Origin',(-2.68546182515318,-7.44672376419115,1.55));
#18091=CARTESIAN_POINT('',(-3.43546182515318,-7.44672376419115,1.55));
#18092=CARTESIAN_POINT('Origin',(-2.68546182515318,-7.44672376419115,1.55));
#18093=CARTESIAN_POINT('',(-3.18546182515318,-7.44672376419115,1.55));
#18094=CARTESIAN_POINT('Origin',(-2.68546182515318,-7.44672376419115,1.55));
#18095=CARTESIAN_POINT('Origin',(-2.68546182515318,-7.44672376419115,1.575));
#18096=CARTESIAN_POINT('',(-3.43546182515318,-7.44672376419115,1.575));
#18097=CARTESIAN_POINT('Origin',(-2.68546182515318,-7.44672376419115,0.8));
#18098=CARTESIAN_POINT('',(-3.18546182515318,-7.44672376419115,0.8));
#18099=CARTESIAN_POINT('Origin',(2.39453817484682,-7.44672376419115,1.55));
#18100=CARTESIAN_POINT('',(1.64453817484682,-7.44672376419115,1.55));
#18101=CARTESIAN_POINT('Origin',(2.39453817484682,-7.44672376419115,1.55));
#18102=CARTESIAN_POINT('',(1.89453817484682,-7.44672376419115,1.55));
#18103=CARTESIAN_POINT('Origin',(2.39453817484682,-7.44672376419115,1.55));
#18104=CARTESIAN_POINT('Origin',(2.39453817484682,-7.44672376419115,1.575));
#18105=CARTESIAN_POINT('',(1.64453817484682,-7.44672376419115,1.575));
#18106=CARTESIAN_POINT('Origin',(2.39453817484682,-7.44672376419115,0.8));
#18107=CARTESIAN_POINT('',(1.89453817484682,-7.44672376419115,0.8));
#18108=CARTESIAN_POINT('Origin',(7.47453817484682,-7.44672376419115,1.55));
#18109=CARTESIAN_POINT('',(6.72453817484682,-7.44672376419115,1.55));
#18110=CARTESIAN_POINT('Origin',(7.47453817484682,-7.44672376419115,1.55));
#18111=CARTESIAN_POINT('',(6.97453817484682,-7.44672376419115,1.55));
#18112=CARTESIAN_POINT('Origin',(7.47453817484682,-7.44672376419115,1.55));
#18113=CARTESIAN_POINT('Origin',(7.47453817484682,-7.44672376419115,1.575));
#18114=CARTESIAN_POINT('',(6.72453817484682,-7.44672376419115,1.575));
#18115=CARTESIAN_POINT('Origin',(7.47453817484682,-7.44672376419115,0.8));
#18116=CARTESIAN_POINT('',(6.97453817484682,-7.44672376419115,0.8));
#18117=CARTESIAN_POINT('Origin',(12.5545381748468,-7.44672376419115,1.55));
#18118=CARTESIAN_POINT('',(11.8045381748468,-7.44672376419115,1.55));
#18119=CARTESIAN_POINT('Origin',(12.5545381748468,-7.44672376419115,1.55));
#18120=CARTESIAN_POINT('',(12.0545381748468,-7.44672376419115,1.55));
#18121=CARTESIAN_POINT('Origin',(12.5545381748468,-7.44672376419115,1.55));
#18122=CARTESIAN_POINT('Origin',(12.5545381748468,-7.44672376419115,1.575));
#18123=CARTESIAN_POINT('',(11.8045381748468,-7.44672376419115,1.575));
#18124=CARTESIAN_POINT('Origin',(12.5545381748468,-7.44672376419115,0.8));
#18125=CARTESIAN_POINT('',(12.0545381748468,-7.44672376419115,0.8));
#18126=CARTESIAN_POINT('Origin',(15.0945381748468,8.25327623580885,1.55));
#18127=CARTESIAN_POINT('',(14.3445381748468,8.25327623580885,1.55));
#18128=CARTESIAN_POINT('Origin',(15.0945381748468,8.25327623580885,1.55));
#18129=CARTESIAN_POINT('',(14.5945381748468,8.25327623580885,1.55));
#18130=CARTESIAN_POINT('Origin',(15.0945381748468,8.25327623580885,1.55));
#18131=CARTESIAN_POINT('Origin',(15.0945381748468,8.25327623580885,1.575));
#18132=CARTESIAN_POINT('',(14.3445381748468,8.25327623580885,1.575));
#18133=CARTESIAN_POINT('Origin',(15.0945381748468,8.25327623580885,0.8));
#18134=CARTESIAN_POINT('',(14.5945381748468,8.25327623580885,0.8));
#18135=CARTESIAN_POINT('Origin',(10.0145381748468,8.25327623580885,1.55));
#18136=CARTESIAN_POINT('',(9.26453817484682,8.25327623580885,1.55));
#18137=CARTESIAN_POINT('Origin',(10.0145381748468,8.25327623580885,1.55));
#18138=CARTESIAN_POINT('',(9.51453817484682,8.25327623580885,1.55));
#18139=CARTESIAN_POINT('Origin',(10.0145381748468,8.25327623580885,1.55));
#18140=CARTESIAN_POINT('Origin',(10.0145381748468,8.25327623580885,1.575));
#18141=CARTESIAN_POINT('',(9.2645381748468,8.25327623580885,1.575));
#18142=CARTESIAN_POINT('Origin',(10.0145381748468,8.25327623580885,0.8));
#18143=CARTESIAN_POINT('',(9.5145381748468,8.25327623580885,0.8));
#18144=CARTESIAN_POINT('Origin',(4.93453817484682,8.25327623580885,1.55));
#18145=CARTESIAN_POINT('',(4.18453817484682,8.25327623580885,1.55));
#18146=CARTESIAN_POINT('Origin',(4.93453817484682,8.25327623580885,1.55));
#18147=CARTESIAN_POINT('',(4.43453817484682,8.25327623580885,1.55));
#18148=CARTESIAN_POINT('Origin',(4.93453817484682,8.25327623580885,1.55));
#18149=CARTESIAN_POINT('Origin',(4.93453817484682,8.25327623580885,1.575));
#18150=CARTESIAN_POINT('',(4.18453817484682,8.25327623580885,1.575));
#18151=CARTESIAN_POINT('Origin',(4.93453817484682,8.25327623580885,0.8));
#18152=CARTESIAN_POINT('',(4.43453817484682,8.25327623580885,0.8));
#18153=CARTESIAN_POINT('Origin',(-0.145461825153181,8.25327623580885,1.55));
#18154=CARTESIAN_POINT('',(-0.895461825153182,8.25327623580885,1.55));
#18155=CARTESIAN_POINT('Origin',(-0.145461825153181,8.25327623580885,1.55));
#18156=CARTESIAN_POINT('',(-0.645461825153181,8.25327623580885,1.55));
#18157=CARTESIAN_POINT('Origin',(-0.145461825153181,8.25327623580885,1.55));
#18158=CARTESIAN_POINT('Origin',(-0.145461825153181,8.25327623580885,1.575));
#18159=CARTESIAN_POINT('',(-0.895461825153181,8.25327623580885,1.575));
#18160=CARTESIAN_POINT('Origin',(-0.145461825153181,8.25327623580885,0.8));
#18161=CARTESIAN_POINT('',(-0.645461825153181,8.25327623580885,0.8));
#18162=CARTESIAN_POINT('Origin',(-5.22546182515318,8.25327623580885,1.55));
#18163=CARTESIAN_POINT('',(-5.97546182515318,8.25327623580885,1.55));
#18164=CARTESIAN_POINT('Origin',(-5.22546182515318,8.25327623580885,1.55));
#18165=CARTESIAN_POINT('',(-5.72546182515318,8.25327623580885,1.55));
#18166=CARTESIAN_POINT('Origin',(-5.22546182515318,8.25327623580885,1.55));
#18167=CARTESIAN_POINT('Origin',(-5.22546182515318,8.25327623580885,1.575));
#18168=CARTESIAN_POINT('',(-5.97546182515318,8.25327623580885,1.575));
#18169=CARTESIAN_POINT('Origin',(-5.22546182515318,8.25327623580885,0.8));
#18170=CARTESIAN_POINT('',(-5.72546182515318,8.25327623580885,0.8));
#18171=CARTESIAN_POINT('Origin',(-10.3054618251532,8.25327623580885,1.55));
#18172=CARTESIAN_POINT('',(-11.0554618251532,8.25327623580885,1.55));
#18173=CARTESIAN_POINT('Origin',(-10.3054618251532,8.25327623580885,1.55));
#18174=CARTESIAN_POINT('',(-10.8054618251532,8.25327623580885,1.55));
#18175=CARTESIAN_POINT('Origin',(-10.3054618251532,8.25327623580885,1.55));
#18176=CARTESIAN_POINT('Origin',(-10.3054618251532,8.25327623580885,1.575));
#18177=CARTESIAN_POINT('',(-11.0554618251532,8.25327623580885,1.575));
#18178=CARTESIAN_POINT('Origin',(-10.3054618251532,8.25327623580885,0.8));
#18179=CARTESIAN_POINT('',(-10.8054618251532,8.25327623580885,0.8));
#18180=CARTESIAN_POINT('Origin',(-12.8454618251532,-7.44672376419115,1.55));
#18181=CARTESIAN_POINT('',(-13.5954618251532,-7.44672376419115,1.55));
#18182=CARTESIAN_POINT('Origin',(-12.8454618251532,-7.44672376419115,1.55));
#18183=CARTESIAN_POINT('',(-13.3454618251532,-7.44672376419115,1.55));
#18184=CARTESIAN_POINT('Origin',(-12.8454618251532,-7.44672376419115,1.55));
#18185=CARTESIAN_POINT('Origin',(-12.8454618251532,-7.44672376419115,1.575));
#18186=CARTESIAN_POINT('',(-13.5954618251532,-7.44672376419115,1.575));
#18187=CARTESIAN_POINT('Origin',(-12.8454618251532,-7.44672376419115,0.8));
#18188=CARTESIAN_POINT('',(-13.3454618251532,-7.44672376419115,0.8));
#18189=CARTESIAN_POINT('Origin',(-15.3854618251532,8.25327623580885,1.55));
#18190=CARTESIAN_POINT('',(-16.1354618251532,8.25327623580885,1.55));
#18191=CARTESIAN_POINT('Origin',(-15.3854618251532,8.25327623580885,1.55));
#18192=CARTESIAN_POINT('',(-15.8854618251532,8.25327623580885,1.55));
#18193=CARTESIAN_POINT('Origin',(-15.3854618251532,8.25327623580885,1.55));
#18194=CARTESIAN_POINT('Origin',(-15.3854618251532,8.25327623580885,1.575));
#18195=CARTESIAN_POINT('',(-16.1354618251532,8.25327623580885,1.575));
#18196=CARTESIAN_POINT('Origin',(-15.3854618251532,8.25327623580885,0.8));
#18197=CARTESIAN_POINT('',(-15.8854618251532,8.25327623580885,0.8));
#18198=CARTESIAN_POINT('Origin',(-15.3854618251532,-7.44672376419115,1.55));
#18199=CARTESIAN_POINT('',(-16.1354618251532,-7.44672376419115,1.55));
#18200=CARTESIAN_POINT('Origin',(-15.3854618251532,-7.44672376419115,1.55));
#18201=CARTESIAN_POINT('',(-15.8854618251532,-7.44672376419115,1.55));
#18202=CARTESIAN_POINT('Origin',(-15.3854618251532,-7.44672376419115,1.55));
#18203=CARTESIAN_POINT('Origin',(-15.3854618251532,-7.44672376419115,1.575));
#18204=CARTESIAN_POINT('',(-16.1354618251532,-7.44672376419115,1.575));
#18205=CARTESIAN_POINT('Origin',(-15.3854618251532,-7.44672376419115,0.8));
#18206=CARTESIAN_POINT('',(-15.8854618251532,-7.44672376419115,0.8));
#18207=CARTESIAN_POINT('Origin',(-12.8454618251532,8.25327623580885,1.55));
#18208=CARTESIAN_POINT('',(-13.5954618251532,8.25327623580885,1.55));
#18209=CARTESIAN_POINT('Origin',(-12.8454618251532,8.25327623580885,1.55));
#18210=CARTESIAN_POINT('',(-13.3454618251532,8.25327623580885,1.55));
#18211=CARTESIAN_POINT('Origin',(-12.8454618251532,8.25327623580885,1.55));
#18212=CARTESIAN_POINT('Origin',(-12.8454618251532,8.25327623580885,1.575));
#18213=CARTESIAN_POINT('',(-13.5954618251532,8.25327623580885,1.575));
#18214=CARTESIAN_POINT('Origin',(-12.8454618251532,8.25327623580885,0.8));
#18215=CARTESIAN_POINT('',(-13.3454618251532,8.25327623580885,0.8));
#18216=CARTESIAN_POINT('Origin',(-7.76546182515318,8.25327623580885,1.55));
#18217=CARTESIAN_POINT('',(-8.51546182515318,8.25327623580885,1.55));
#18218=CARTESIAN_POINT('Origin',(-7.76546182515318,8.25327623580885,1.55));
#18219=CARTESIAN_POINT('',(-8.26546182515318,8.25327623580885,1.55));
#18220=CARTESIAN_POINT('Origin',(-7.76546182515318,8.25327623580885,1.55));
#18221=CARTESIAN_POINT('Origin',(-7.76546182515318,8.25327623580885,1.575));
#18222=CARTESIAN_POINT('',(-8.51546182515318,8.25327623580885,1.575));
#18223=CARTESIAN_POINT('Origin',(-7.76546182515318,8.25327623580885,0.8));
#18224=CARTESIAN_POINT('',(-8.26546182515318,8.25327623580885,0.8));
#18225=CARTESIAN_POINT('Origin',(-2.68546182515318,8.25327623580885,1.55));
#18226=CARTESIAN_POINT('',(-3.43546182515318,8.25327623580885,1.55));
#18227=CARTESIAN_POINT('Origin',(-2.68546182515318,8.25327623580885,1.55));
#18228=CARTESIAN_POINT('',(-3.18546182515318,8.25327623580885,1.55));
#18229=CARTESIAN_POINT('Origin',(-2.68546182515318,8.25327623580885,1.55));
#18230=CARTESIAN_POINT('Origin',(-2.68546182515318,8.25327623580885,1.575));
#18231=CARTESIAN_POINT('',(-3.43546182515318,8.25327623580885,1.575));
#18232=CARTESIAN_POINT('Origin',(-2.68546182515318,8.25327623580885,0.8));
#18233=CARTESIAN_POINT('',(-3.18546182515318,8.25327623580885,0.8));
#18234=CARTESIAN_POINT('Origin',(2.39453817484682,8.25327623580885,1.55));
#18235=CARTESIAN_POINT('',(1.64453817484682,8.25327623580885,1.55));
#18236=CARTESIAN_POINT('Origin',(2.39453817484682,8.25327623580885,1.55));
#18237=CARTESIAN_POINT('',(1.89453817484682,8.25327623580885,1.55));
#18238=CARTESIAN_POINT('Origin',(2.39453817484682,8.25327623580885,1.55));
#18239=CARTESIAN_POINT('Origin',(2.39453817484682,8.25327623580885,1.575));
#18240=CARTESIAN_POINT('',(1.64453817484682,8.25327623580885,1.575));
#18241=CARTESIAN_POINT('Origin',(2.39453817484682,8.25327623580885,0.8));
#18242=CARTESIAN_POINT('',(1.89453817484682,8.25327623580885,0.8));
#18243=CARTESIAN_POINT('Origin',(7.47453817484682,8.25327623580885,1.55));
#18244=CARTESIAN_POINT('',(6.72453817484682,8.25327623580885,1.55));
#18245=CARTESIAN_POINT('Origin',(7.47453817484682,8.25327623580885,1.55));
#18246=CARTESIAN_POINT('',(6.97453817484682,8.25327623580885,1.55));
#18247=CARTESIAN_POINT('Origin',(7.47453817484682,8.25327623580885,1.55));
#18248=CARTESIAN_POINT('Origin',(7.47453817484682,8.25327623580885,1.575));
#18249=CARTESIAN_POINT('',(6.72453817484682,8.25327623580885,1.575));
#18250=CARTESIAN_POINT('Origin',(7.47453817484682,8.25327623580885,0.8));
#18251=CARTESIAN_POINT('',(6.97453817484682,8.25327623580885,0.8));
#18252=CARTESIAN_POINT('Origin',(12.5545381748468,8.25327623580885,1.55));
#18253=CARTESIAN_POINT('',(11.8045381748468,8.25327623580885,1.55));
#18254=CARTESIAN_POINT('Origin',(12.5545381748468,8.25327623580885,1.55));
#18255=CARTESIAN_POINT('',(12.0545381748468,8.25327623580885,1.55));
#18256=CARTESIAN_POINT('Origin',(12.5545381748468,8.25327623580885,1.55));
#18257=CARTESIAN_POINT('Origin',(12.5545381748468,8.25327623580885,1.575));
#18258=CARTESIAN_POINT('',(11.8045381748468,8.25327623580885,1.575));
#18259=CARTESIAN_POINT('Origin',(12.5545381748468,8.25327623580885,0.8));
#18260=CARTESIAN_POINT('',(12.0545381748468,8.25327623580885,0.8));
#18261=CARTESIAN_POINT('Origin',(15.0945381748468,-7.44672376419115,1.55));
#18262=CARTESIAN_POINT('',(14.3445381748468,-7.44672376419115,1.55));
#18263=CARTESIAN_POINT('Origin',(15.0945381748468,-7.44672376419115,1.55));
#18264=CARTESIAN_POINT('',(14.5945381748468,-7.44672376419115,1.55));
#18265=CARTESIAN_POINT('Origin',(15.0945381748468,-7.44672376419115,1.55));
#18266=CARTESIAN_POINT('Origin',(15.0945381748468,-7.44672376419115,1.575));
#18267=CARTESIAN_POINT('',(14.3445381748468,-7.44672376419115,1.575));
#18268=CARTESIAN_POINT('Origin',(15.0945381748468,-7.44672376419115,0.8));
#18269=CARTESIAN_POINT('',(14.5945381748468,-7.44672376419115,0.8));
#18270=CARTESIAN_POINT('Origin',(10.0145381748468,-7.44672376419115,1.55));
#18271=CARTESIAN_POINT('',(9.26453817484682,-7.44672376419115,1.55));
#18272=CARTESIAN_POINT('Origin',(10.0145381748468,-7.44672376419115,1.55));
#18273=CARTESIAN_POINT('',(9.51453817484682,-7.44672376419115,1.55));
#18274=CARTESIAN_POINT('Origin',(10.0145381748468,-7.44672376419115,1.55));
#18275=CARTESIAN_POINT('Origin',(10.0145381748468,-7.44672376419115,1.575));
#18276=CARTESIAN_POINT('',(9.2645381748468,-7.44672376419115,1.575));
#18277=CARTESIAN_POINT('Origin',(10.0145381748468,-7.44672376419115,0.8));
#18278=CARTESIAN_POINT('',(9.5145381748468,-7.44672376419115,0.8));
#18279=CARTESIAN_POINT('Origin',(4.93453817484682,-7.44672376419115,1.55));
#18280=CARTESIAN_POINT('',(4.18453817484682,-7.44672376419115,1.55));
#18281=CARTESIAN_POINT('Origin',(4.93453817484682,-7.44672376419115,1.55));
#18282=CARTESIAN_POINT('',(4.43453817484682,-7.44672376419115,1.55));
#18283=CARTESIAN_POINT('Origin',(4.93453817484682,-7.44672376419115,1.55));
#18284=CARTESIAN_POINT('Origin',(4.93453817484682,-7.44672376419115,1.575));
#18285=CARTESIAN_POINT('',(4.18453817484682,-7.44672376419115,1.575));
#18286=CARTESIAN_POINT('Origin',(4.93453817484682,-7.44672376419115,0.8));
#18287=CARTESIAN_POINT('',(4.43453817484682,-7.44672376419115,0.8));
#18288=CARTESIAN_POINT('Origin',(-0.145461825153181,-7.44672376419115,1.55));
#18289=CARTESIAN_POINT('',(-0.895461825153182,-7.44672376419115,1.55));
#18290=CARTESIAN_POINT('Origin',(-0.145461825153181,-7.44672376419115,1.55));
#18291=CARTESIAN_POINT('',(-0.645461825153181,-7.44672376419115,1.55));
#18292=CARTESIAN_POINT('Origin',(-0.145461825153181,-7.44672376419115,1.55));
#18293=CARTESIAN_POINT('Origin',(-0.145461825153181,-7.44672376419115,1.575));
#18294=CARTESIAN_POINT('',(-0.895461825153181,-7.44672376419115,1.575));
#18295=CARTESIAN_POINT('Origin',(-0.145461825153181,-7.44672376419115,0.8));
#18296=CARTESIAN_POINT('',(-0.645461825153181,-7.44672376419115,0.8));
#18297=CARTESIAN_POINT('Origin',(-5.22546182515318,-7.44672376419115,1.55));
#18298=CARTESIAN_POINT('',(-5.97546182515318,-7.44672376419115,1.55));
#18299=CARTESIAN_POINT('Origin',(-5.22546182515318,-7.44672376419115,1.55));
#18300=CARTESIAN_POINT('',(-5.72546182515318,-7.44672376419115,1.55));
#18301=CARTESIAN_POINT('Origin',(-5.22546182515318,-7.44672376419115,1.55));
#18302=CARTESIAN_POINT('Origin',(-5.22546182515318,-7.44672376419115,1.575));
#18303=CARTESIAN_POINT('',(-5.97546182515318,-7.44672376419115,1.575));
#18304=CARTESIAN_POINT('Origin',(-5.22546182515318,-7.44672376419115,0.8));
#18305=CARTESIAN_POINT('',(-5.72546182515318,-7.44672376419115,0.8));
#18306=CARTESIAN_POINT('Origin',(-10.3054618251532,-7.44672376419115,1.55));
#18307=CARTESIAN_POINT('',(-11.0554618251532,-7.44672376419115,1.55));
#18308=CARTESIAN_POINT('Origin',(-10.3054618251532,-7.44672376419115,1.55));
#18309=CARTESIAN_POINT('',(-10.8054618251532,-7.44672376419115,1.55));
#18310=CARTESIAN_POINT('Origin',(-10.3054618251532,-7.44672376419115,1.55));
#18311=CARTESIAN_POINT('Origin',(-10.3054618251532,-7.44672376419115,1.575));
#18312=CARTESIAN_POINT('',(-11.0554618251532,-7.44672376419115,1.575));
#18313=CARTESIAN_POINT('Origin',(-10.3054618251532,-7.44672376419115,0.8));
#18314=CARTESIAN_POINT('',(-10.8054618251532,-7.44672376419115,0.8));
#18315=CARTESIAN_POINT('Origin',(-16.6454618251532,9.25327623580886,0.));
#18316=CARTESIAN_POINT('',(-16.6454618251532,5.05327623580886,0.));
#18317=CARTESIAN_POINT('',(-16.6454618251532,9.25327623580886,0.));
#18318=CARTESIAN_POINT('',(-16.6454618251532,-8.44672376419114,0.));
#18319=CARTESIAN_POINT('',(-16.6454618251532,5.05327623580886,0.));
#18320=CARTESIAN_POINT('',(-16.6454618251532,9.25327623580886,0.));
#18321=CARTESIAN_POINT('Origin',(16.3545381748468,9.25327623580886,0.));
#18322=CARTESIAN_POINT('',(16.3545381748468,9.25327623580886,0.));
#18323=CARTESIAN_POINT('',(-16.6454618251532,9.25327623580886,0.));
#18324=CARTESIAN_POINT('',(16.3545381748468,9.25327623580886,0.));
#18325=CARTESIAN_POINT('Origin',(16.3545381748468,-8.44672376419114,0.));
#18326=CARTESIAN_POINT('',(16.3545381748468,-8.44672376419114,0.));
#18327=CARTESIAN_POINT('',(16.3545381748468,9.25327623580886,0.));
#18328=CARTESIAN_POINT('',(16.3545381748468,-8.44672376419114,0.));
#18329=CARTESIAN_POINT('Origin',(-16.6454618251532,-8.44672376419114,0.));
#18330=CARTESIAN_POINT('',(-16.6454618251532,-8.44672376419114,0.));
#18331=CARTESIAN_POINT('',(16.3545381748468,-8.44672376419114,0.));
#18332=CARTESIAN_POINT('',(-16.6454618251532,-8.44672376419114,0.));
#18333=CARTESIAN_POINT('Origin',(-16.6454618251532,-4.24672376419114,0.));
#18334=CARTESIAN_POINT('',(-16.6454618251532,-4.24672376419114,0.));
#18335=CARTESIAN_POINT('',(-16.6454618251532,-8.44672376419114,0.));
#18336=CARTESIAN_POINT('',(-16.6454618251532,-4.24672376419114,0.));
#18337=CARTESIAN_POINT('Origin',(-10.6454618251532,-4.24672376419114,0.));
#18338=CARTESIAN_POINT('',(-10.6454618251532,-4.24672376419114,0.));
#18339=CARTESIAN_POINT('',(-10.6454618251532,-4.24672376419114,0.));
#18340=CARTESIAN_POINT('',(-10.6454618251532,-4.24672376419114,1.6));
#18341=CARTESIAN_POINT('',(-10.6454618251532,-4.24672376419114,1.6));
#18342=CARTESIAN_POINT('',(-10.6454618251532,-4.24672376419114,0.));
#18343=CARTESIAN_POINT('Origin',(-10.6454618251532,5.05327623580886,0.));
#18344=CARTESIAN_POINT('',(-10.6454618251532,5.05327623580886,0.));
#18345=CARTESIAN_POINT('',(-10.6454618251532,5.05327623580886,0.));
#18346=CARTESIAN_POINT('',(-10.6454618251532,5.05327623580886,0.));
#18347=CARTESIAN_POINT('Origin',(-16.6454618251532,5.05327623580886,0.));
#18348=CARTESIAN_POINT('',(-16.6454618251532,5.05327623580886,0.));
#18349=CARTESIAN_POINT('Origin',(-0.145461825153179,0.403276235808856,0.));
#18350=CARTESIAN_POINT('Origin',(-14.7014349682209,-4.20679876419115,2.1334375));
#18351=CARTESIAN_POINT('',(-14.0574081112887,-4.20679876419114,2.44326820225003));
#18352=CARTESIAN_POINT('',(-14.0574081112887,-4.20679876419114,3.32565));
#18353=CARTESIAN_POINT('',(-15.3454618251532,-4.20679876419115,2.44326820225003));
#18354=CARTESIAN_POINT('',(-17.2454118251532,-4.20679876419115,2.44326820225003));
#18355=CARTESIAN_POINT('',(-15.3454618251532,-4.20679876419115,1.6));
#18356=CARTESIAN_POINT('Origin',(-14.0574081112887,-4.10679876419114,1.6));
#18357=CARTESIAN_POINT('Origin',(-14.0574081112887,-3.90679876419115,2.44326820225003));
#18358=CARTESIAN_POINT('',(-14.0574081112887,-4.10679876419114,1.6));
#18359=CARTESIAN_POINT('Origin',(-17.2454118251532,-3.90679876419115,2.44326820225003));
#18360=CARTESIAN_POINT('Origin',(-15.3454618251532,-3.90679876419115,2.44326820225003));
#18361=CARTESIAN_POINT('Origin',(-15.3454618251532,-4.10679876419115,2.666875));
#18362=CARTESIAN_POINT('',(-15.3454618251532,-4.10679876419115,1.6));
#18363=CARTESIAN_POINT('Origin',(-15.3454618251532,-4.10679876419115,1.6));
#18364=CARTESIAN_POINT('Origin',(-11.7133812543565,-4.20679876419114,2.1334375));
#18365=CARTESIAN_POINT('',(-11.0693543974242,-4.20679876419113,2.44326820225004));
#18366=CARTESIAN_POINT('',(-11.0693543974242,-4.20679876419113,3.32565));
#18367=CARTESIAN_POINT('',(-12.3574081112887,-4.20679876419114,2.44326820225004));
#18368=CARTESIAN_POINT('',(-17.2454118251532,-4.20679876419114,2.44326820225004));
#18369=CARTESIAN_POINT('',(-12.3574081112887,-4.20679876419114,1.6));
#18370=CARTESIAN_POINT('Origin',(-11.0693543974242,-4.10679876419113,1.6));
#18371=CARTESIAN_POINT('Origin',(-11.0693543974242,-3.90679876419114,2.44326820225004));
#18372=CARTESIAN_POINT('',(-11.0693543974242,-4.10679876419113,1.6));
#18373=CARTESIAN_POINT('Origin',(-17.2454118251532,-3.90679876419114,2.44326820225004));
#18374=CARTESIAN_POINT('Origin',(-12.3574081112887,-3.90679876419114,2.44326820225004));
#18375=CARTESIAN_POINT('Origin',(-12.3574081112887,-4.10679876419114,2.666875));
#18376=CARTESIAN_POINT('',(-12.3574081112887,-4.10679876419114,1.6));
#18377=CARTESIAN_POINT('Origin',(-12.3574081112887,-4.10679876419114,1.6));
#18378=UNCERTAINTY_MEASURE_WITH_UNIT(LENGTH_MEASURE(0.01),#18382,
'DISTANCE_ACCURACY_VALUE',
'Maximum model space distance between geometric entities at asserted c
onnectivities');
#18379=UNCERTAINTY_MEASURE_WITH_UNIT(LENGTH_MEASURE(0.01),#18382,
'DISTANCE_ACCURACY_VALUE',
'Maximum model space distance between geometric entities at asserted c
onnectivities');
#18380=(
GEOMETRIC_REPRESENTATION_CONTEXT(3)
GLOBAL_UNCERTAINTY_ASSIGNED_CONTEXT((#18378))
GLOBAL_UNIT_ASSIGNED_CONTEXT((#18382,#18384,#18385))
REPRESENTATION_CONTEXT('','3D')
);
#18381=(
GEOMETRIC_REPRESENTATION_CONTEXT(3)
GLOBAL_UNCERTAINTY_ASSIGNED_CONTEXT((#18379))
GLOBAL_UNIT_ASSIGNED_CONTEXT((#18382,#18384,#18385))
REPRESENTATION_CONTEXT('','3D')
);
#18382=(
LENGTH_UNIT()
NAMED_UNIT(*)
SI_UNIT(.MILLI.,.METRE.)
);
#18383=(
LENGTH_UNIT()
NAMED_UNIT(*)
SI_UNIT($,.METRE.)
);
#18384=(
NAMED_UNIT(*)
PLANE_ANGLE_UNIT()
SI_UNIT($,.RADIAN.)
);
#18385=(
NAMED_UNIT(*)
SI_UNIT($,.STERADIAN.)
SOLID_ANGLE_UNIT()
);
#18386=SHAPE_DEFINITION_REPRESENTATION(#18387,#18388);
#18387=PRODUCT_DEFINITION_SHAPE('',$,#18390);
#18388=SHAPE_REPRESENTATION('',(#11121),#18380);
#18389=PRODUCT_DEFINITION_CONTEXT('part definition',#18394,'design');
#18390=PRODUCT_DEFINITION('2026-07-28-11-20-27-161',
'ProMicro NRF52840 AUYXSSZ',#18391,#18389);
#18391=PRODUCT_DEFINITION_FORMATION('',$,#18396);
#18392=PRODUCT_RELATED_PRODUCT_CATEGORY('ProMicro NRF52840 AUYXSSZ',
'ProMicro NRF52840 AUYXSSZ',(#18396));
#18393=APPLICATION_PROTOCOL_DEFINITION('international standard',
'automotive_design',2009,#18394);
#18394=APPLICATION_CONTEXT(
'Core Data for Automotive Mechanical Design Process');
#18395=PRODUCT_CONTEXT('part definition',#18394,'mechanical');
#18396=PRODUCT('2026-07-28-11-20-27-161','ProMicro NRF52840 AUYXSSZ',$,
(#18395));
#18397=PRESENTATION_STYLE_ASSIGNMENT((#18405));
#18398=PRESENTATION_STYLE_ASSIGNMENT((#18406));
#18399=PRESENTATION_STYLE_ASSIGNMENT((#18407));
#18400=PRESENTATION_STYLE_ASSIGNMENT((#18408));
#18401=PRESENTATION_STYLE_ASSIGNMENT((#18409));
#18402=PRESENTATION_STYLE_ASSIGNMENT((#18410));
#18403=PRESENTATION_STYLE_ASSIGNMENT((#18411));
#18404=PRESENTATION_STYLE_ASSIGNMENT((#18412));
#18405=SURFACE_STYLE_USAGE(.BOTH.,#18413);
#18406=SURFACE_STYLE_USAGE(.BOTH.,#18414);
#18407=SURFACE_STYLE_USAGE(.BOTH.,#18415);
#18408=SURFACE_STYLE_USAGE(.BOTH.,#18416);
#18409=SURFACE_STYLE_USAGE(.BOTH.,#18417);
#18410=SURFACE_STYLE_USAGE(.BOTH.,#18418);
#18411=SURFACE_STYLE_USAGE(.BOTH.,#18419);
#18412=SURFACE_STYLE_USAGE(.BOTH.,#18420);
#18413=SURFACE_SIDE_STYLE('',(#18421));
#18414=SURFACE_SIDE_STYLE('',(#18422));
#18415=SURFACE_SIDE_STYLE('',(#18423));
#18416=SURFACE_SIDE_STYLE('',(#18424));
#18417=SURFACE_SIDE_STYLE('',(#18425));
#18418=SURFACE_SIDE_STYLE('',(#18426));
#18419=SURFACE_SIDE_STYLE('',(#18427));
#18420=SURFACE_SIDE_STYLE('',(#18428));
#18421=SURFACE_STYLE_FILL_AREA(#18429);
#18422=SURFACE_STYLE_FILL_AREA(#18430);
#18423=SURFACE_STYLE_FILL_AREA(#18431);
#18424=SURFACE_STYLE_FILL_AREA(#18432);
#18425=SURFACE_STYLE_FILL_AREA(#18433);
#18426=SURFACE_STYLE_FILL_AREA(#18434);
#18427=SURFACE_STYLE_FILL_AREA(#18435);
#18428=SURFACE_STYLE_FILL_AREA(#18436);
#18429=FILL_AREA_STYLE('Acier - Satin\X\E9',(#18437));
#18430=FILL_AREA_STYLE('Opaque(246,246,243)',(#18438));
#18431=FILL_AREA_STYLE('Opaque(232,234,235)',(#18439));
#18432=FILL_AREA_STYLE('Opaque(196,53,39)',(#18440));
#18433=FILL_AREA_STYLE('Opaque(10,10,10)',(#18441));
#18434=FILL_AREA_STYLE('Opaque(65,128,83)',(#18442));
#18435=FILL_AREA_STYLE('Opaque(30,30,30)',(#18443));
#18436=FILL_AREA_STYLE('Opaque(237,206,195)',(#18444));
#18437=FILL_AREA_STYLE_COLOUR('Acier - Satin\X\E9',#18445);
#18438=FILL_AREA_STYLE_COLOUR('Opaque(246,246,243)',#18446);
#18439=FILL_AREA_STYLE_COLOUR('Opaque(232,234,235)',#18447);
#18440=FILL_AREA_STYLE_COLOUR('Opaque(196,53,39)',#18448);
#18441=FILL_AREA_STYLE_COLOUR('Opaque(10,10,10)',#18449);
#18442=FILL_AREA_STYLE_COLOUR('Opaque(65,128,83)',#18450);
#18443=FILL_AREA_STYLE_COLOUR('Opaque(30,30,30)',#18451);
#18444=FILL_AREA_STYLE_COLOUR('Opaque(237,206,195)',#18452);
#18445=COLOUR_RGB('Acier - Satin\X\E9',0.627450980392157,0.627450980392157,
0.627450980392157);
#18446=COLOUR_RGB('Opaque(246,246,243)',0.964705882352941,0.964705882352941,
0.952941176470588);
#18447=COLOUR_RGB('Opaque(232,234,235)',0.909803921568627,0.917647058823529,
0.92156862745098);
#18448=COLOUR_RGB('Opaque(196,53,39)',0.768627450980392,0.207843137254902,
0.152941176470588);
#18449=COLOUR_RGB('Opaque(10,10,10)',0.0392156862745098,0.0392156862745098,
0.0392156862745098);
#18450=COLOUR_RGB('Opaque(65,128,83)',0.254901960784314,0.501960784313725,
0.325490196078431);
#18451=COLOUR_RGB('Opaque(30,30,30)',0.117647058823529,0.117647058823529,
0.117647058823529);
#18452=COLOUR_RGB('Opaque(237,206,195)',0.929411764705882,0.807843137254902,
0.764705882352941);
ENDSEC;
END-ISO-10303-21;
